Executing action: monitor
Serial port COM7
Connecting...
Detecting chip type... ESP32-S3
Running idf_monitor in directory C:\Users\pajsi\Codes\esp32s3-firmware-lab\Lab18
Executing "C:\Espressif\tools\python\v5.5.5\venv\Scripts\python.exe C:\esp\v5.5.5\esp-idf\tools/idf_monitor.py -p COM7 -b 115200 --toolchain-prefix xtensa-esp32s3-elf- --target esp32s3 --revision 0 C:\Users\pajsi\Codes\esp32s3-firmware-lab\Lab18\build\Lab18.elf C:\Users\pajsi\Codes\esp32s3-firmware-lab\Lab18\build\bootloader\bootloader.elf --force-color -m 'C:\Espressif\tools\python\v5.5.5\venv\Scripts\python.exe' 'C:\esp\v5.5.5\esp-idf\tools\idf.py'"...
ESP-ROM:esp32s3-20210327

Build:Mar 27 2021

rst:0x15 (USB_UART_CHIP_RESET),boot:0x8 (SPI_FAST_FLASH_BOOT)

Saved PC:0x40048ee5

SPIWP:0xee

mode:DIO, clock div:1

load:0x3fce2820,len:0x14f0

load:0x403c8700,len:0xd24

load:0x403cb700,len:0x2eec

entry 0x403c8924

I (24) boot: ESP-IDF v5.5.5 2nd stage bootloader

I (24) boot: compile time Sep  4 2026 10:16:21

I (25) boot: Multicore bootloader

I (25) boot: chip revision: v0.2

I (27) boot: efuse block revision: v1.3

I (31) boot.esp32s3: Boot SPI Speed : 80MHz

I (35) boot.esp32s3: SPI Mode       : DIO

I (39) boot.esp32s3: SPI Flash Size : 16MB

I (43) boot: Enabling RNG early entropy source...

I (47) boot: Partition Table:

I (50) boot: ## Label            Usage          Type ST Offset   Length

I (56) boot:  0 nvs              WiFi data        01 02 00009000 00006000

I (62) boot:  1 phy_init         RF data          01 01 0000f000 00001000

I (69) boot:  2 factory          factory app      00 00 00010000 00100000

I (76) boot: End of partition table

I (79) esp_image: segment 0: paddr=00010020 vaddr=3c020020 size=09ff8h ( 40952) map

I (94) esp_image: segment 1: paddr=0001a020 vaddr=3fc92500 size=02ef0h ( 12016) load

I (97) esp_image: segment 2: paddr=0001cf18 vaddr=40374000 size=03100h ( 12544) load

I (104) esp_image: segment 3: paddr=00020020 vaddr=42000020 size=139bch ( 80316) map

I (123) esp_image: segment 4: paddr=000339e4 vaddr=40377100 size=0b36ch ( 45932) load

I (134) esp_image: segment 5: paddr=0003ed58 vaddr=50000000 size=00020h (    32) load

I (140) boot: Loaded app from partition at offset 0x10000

I (140) boot: Disabling RNG early entropy source...

I (152) cpu_start: Multicore app

I (160) cpu_start: GPIO 44 and 43 are used as console UART I/O pins

I (161) cpu_start: Pro cpu start user code

I (161) cpu_start: cpu freq: 160000000 Hz

I (163) app_init: Application information:

I (166) app_init: Project name:     Lab18

I (170) app_init: App version:      402b59b-dirty

I (174) app_init: Compile time:     Oct  6 2026 17:13:24

I (180) app_init: ELF file SHA256:  af1bae4fb...

I (184) app_init: ESP-IDF:          v5.5.5

I (188) efuse_init: Min chip rev:     v0.0

I (192) efuse_init: Max chip rev:     v0.99 

I (196) efuse_init: Chip rev:         v0.2

I (199) heap_init: Initializing. RAM available for dynamic allocation:

I (206) heap_init: At 3FC95CD0 len 00053A40 (334 KiB): RAM

I (211) heap_init: At 3FCE9710 len 00005724 (21 KiB): RAM

I (216) heap_init: At 3FCF0000 len 00008000 (32 KiB): DRAM

I (221) heap_init: At 600FE000 len 00001FE8 (7 KiB): RTCRAM

I (228) spi_flash: detected chip: generic

I (230) spi_flash: flash io: dio

I (233) sleep_gpio: Configure to isolate all GPIO pins in sleep state

I (240) sleep_gpio: Enable automatic switching of GPIO sleep configuration

I (246) main_task: Started on CPU0

I (249) main_task: Calling app_main()

W (252) lab18: mode=P-only kp=1.50 ki=0.00 out_max=115

t,setpoint,pv,u

0.00, 100.00,0.38,115.00

I (261) main_task: Returned from app_main()

0.01, 100.00,0.77,115.00

0.02, 100.00,1.15,115.00

0.03, 100.00,1.53,115.00

0.04, 100.00,1.90,115.00

0.05, 100.00,2.28,115.00

0.06, 100.00,2.66,115.00

0.07, 100.00,3.03,115.00

0.08, 100.00,3.40,115.00

0.09, 100.00,3.78,115.00

0.10, 100.00,4.15,115.00

0.11, 100.00,4.52,115.00

0.12, 100.00,4.88,115.00

0.13, 100.00,5.25,115.00

0.14, 100.00,5.62,115.00

0.15, 100.00,5.98,115.00

0.16, 100.00,6.35,115.00

0.17, 100.00,6.71,115.00

0.18, 100.00,7.07,115.00

0.19, 100.00,7.43,115.00

0.20, 100.00,7.79,115.00

0.21, 100.00,8.14,115.00

0.22, 100.00,8.50,115.00

0.23, 100.00,8.86,115.00

0.24, 100.00,9.21,115.00

0.25, 100.00,9.56,115.00

0.26, 100.00,9.91,115.00

0.27, 100.00,10.26,115.00

0.28, 100.00,10.61,115.00

0.29, 100.00,10.96,115.00

0.30, 100.00,11.31,115.00

0.31, 100.00,11.65,115.00

0.32, 100.00,12.00,115.00

0.33, 100.00,12.34,115.00

0.34, 100.00,12.68,115.00

0.35, 100.00,13.02,115.00

0.36, 100.00,13.36,115.00

0.37, 100.00,13.70,115.00

0.38, 100.00,14.04,115.00

0.39, 100.00,14.38,115.00

0.40, 100.00,14.71,115.00

0.41, 100.00,15.05,115.00

0.42, 100.00,15.38,115.00

0.43, 100.00,15.71,115.00

0.44, 100.00,16.04,115.00

0.45, 100.00,16.37,115.00

0.46, 100.00,16.70,115.00

0.47, 100.00,17.03,115.00

0.48, 100.00,17.36,115.00

0.49, 100.00,17.68,115.00

0.50, 100.00,18.01,115.00

0.51, 100.00,18.33,115.00

0.52, 100.00,18.65,115.00

0.53, 100.00,18.97,115.00

0.54, 100.00,19.29,115.00

0.55, 100.00,19.61,115.00

0.56, 100.00,19.93,115.00

0.57, 100.00,20.25,115.00

0.58, 100.00,20.56,115.00

0.59, 100.00,20.88,115.00

0.60, 100.00,21.19,115.00

0.61, 100.00,21.50,115.00

0.62, 100.00,21.82,115.00

0.63, 100.00,22.13,115.00

0.64, 100.00,22.44,115.00

0.65, 100.00,22.74,115.00

0.66, 100.00,23.05,115.00

0.67, 100.00,23.36,115.00

0.68, 100.00,23.66,114.96

0.69, 100.00,23.97,114.50

0.70, 100.00,24.27,114.05

0.71, 100.00,24.56,113.60

0.72, 100.00,24.86,113.15

0.73, 100.00,25.15,112.71

0.74, 100.00,25.44,112.27

0.75, 100.00,25.73,111.84

0.76, 100.00,26.02,111.40

0.77, 100.00,26.30,110.98

0.78, 100.00,26.58,110.55

0.79, 100.00,26.86,110.13

0.80, 100.00,27.14,109.71

0.81, 100.00,27.41,109.30

0.82, 100.00,27.68,108.89

0.83, 100.00,27.95,108.48

0.84, 100.00,28.22,108.07

0.85, 100.00,28.48,107.67

0.86, 100.00,28.74,107.28

0.87, 100.00,29.01,106.88

0.88, 100.00,29.26,106.49

0.89, 100.00,29.52,106.10

0.90, 100.00,29.77,105.72

0.91, 100.00,30.03,105.34

0.92, 100.00,30.28,104.96

0.93, 100.00,30.52,104.59

0.94, 100.00,30.77,104.22

0.95, 100.00,31.01,103.85

0.96, 100.00,31.25,103.48

0.97, 100.00,31.49,103.12

0.98, 100.00,31.73,102.76

0.99, 100.00,31.97,102.40

1.00, 100.00,32.20,102.05

1.01, 100.00,32.43,101.70

1.02, 100.00,32.66,101.35

1.03, 100.00,32.89,101.01

1.04, 100.00,33.12,100.67

1.05, 100.00,33.34,100.33

1.06, 100.00,33.56,99.99

1.07, 100.00,33.78,99.66

1.08, 100.00,34.00,99.33

1.09, 100.00,34.22,99.00

1.10, 100.00,34.43,98.67

1.11, 100.00,34.64,98.35

1.12, 100.00,34.86,98.03

1.13, 100.00,35.07,97.72

1.14, 100.00,35.27,97.40

1.15, 100.00,35.48,97.09

1.16, 100.00,35.68,96.78

1.17, 100.00,35.89,96.47

1.18, 100.00,36.09,96.17

1.19, 100.00,36.29,95.87

1.20, 100.00,36.48,95.57

1.21, 100.00,36.68,95.27

1.22, 100.00,36.87,94.98

1.23, 100.00,37.07,94.69

1.24, 100.00,37.26,94.40

1.25, 100.00,37.45,94.11

1.26, 100.00,37.64,93.83

1.27, 100.00,37.82,93.55

1.28, 100.00,38.01,93.27

1.29, 100.00,38.19,92.99

1.30, 100.00,38.37,92.71

1.31, 100.00,38.55,92.44

1.32, 100.00,38.73,92.17

1.33, 100.00,38.91,91.90

1.34, 100.00,39.08,91.64

1.35, 100.00,39.26,91.37

1.36, 100.00,39.43,91.11

1.37, 100.00,39.60,90.85

1.38, 100.00,39.77,90.60

1.39, 100.00,39.94,90.34

1.40, 100.00,40.11,90.09

1.41, 100.00,40.27,89.84

1.42, 100.00,40.44,89.59

1.43, 100.00,40.60,89.34

1.44, 100.00,40.76,89.10

1.45, 100.00,40.92,88.86

1.46, 100.00,41.08,88.61

1.47, 100.00,41.24,88.38

1.48, 100.00,41.40,88.14

1.49, 100.00,41.55,87.91

1.50, 100.00,41.71,87.67

1.51, 100.00,41.86,87.44

1.52, 100.00,42.01,87.21

1.53, 100.00,42.16,86.99

1.54, 100.00,42.31,86.76

1.55, 100.00,42.45,86.54

1.56, 100.00,42.60,86.32

1.57, 100.00,42.75,86.10

1.58, 100.00,42.89,85.88

1.59, 100.00,43.03,85.67

1.60, 100.00,43.17,85.45

1.61, 100.00,43.31,85.24

1.62, 100.00,43.45,85.03

1.63, 100.00,43.59,84.82

1.64, 100.00,43.73,84.61

1.65, 100.00,43.86,84.41

1.66, 100.00,44.00,84.21

1.67, 100.00,44.13,84.00

1.68, 100.00,44.26,83.80

1.69, 100.00,44.39,83.61

1.70, 100.00,44.52,83.41

1.71, 100.00,44.65,83.21

1.72, 100.00,44.78,83.02

1.73, 100.00,44.91,82.83

1.74, 100.00,45.03,82.64

1.75, 100.00,45.16,82.45

1.76, 100.00,45.28,82.26

1.77, 100.00,45.40,82.08

1.78, 100.00,45.53,81.89

1.79, 100.00,45.65,81.71

1.80, 100.00,45.77,81.53

1.81, 100.00,45.89,81.35

1.82, 100.00,46.00,81.17

1.83, 100.00,46.12,81.00

1.84, 100.00,46.24,80.82

1.85, 100.00,46.35,80.65

1.86, 100.00,46.46,80.47

1.87, 100.00,46.58,80.30

1.88, 100.00,46.69,80.14

1.89, 100.00,46.80,79.97

1.90, 100.00,46.91,79.80

1.91, 100.00,47.02,79.64

1.92, 100.00,47.13,79.47

1.93, 100.00,47.23,79.31

1.94, 100.00,47.34,79.15

1.95, 100.00,47.45,78.99

1.96, 100.00,47.55,78.83

1.97, 100.00,47.65,78.67

1.98, 100.00,47.76,78.52

1.99, 100.00,47.86,78.36

2.00, 100.00,47.96,78.21

2.01, 100.00,48.06,78.06

2.02, 100.00,48.16,77.91

2.03, 100.00,48.26,77.76

2.04, 100.00,48.36,77.61

2.05, 100.00,48.45,77.47

2.06, 100.00,48.55,77.32

2.07, 100.00,48.65,77.18

2.08, 100.00,48.74,77.03

2.09, 100.00,48.83,76.89

2.10, 100.00,48.93,76.75

2.11, 100.00,49.02,76.61

2.12, 100.00,49.11,76.47

2.13, 100.00,49.20,76.33

2.14, 100.00,49.29,76.20

2.15, 100.00,49.38,76.06

2.16, 100.00,49.47,75.93

2.17, 100.00,49.56,75.80

2.18, 100.00,49.64,75.66

2.19, 100.00,49.73,75.53

2.20, 100.00,49.82,75.40

2.21, 100.00,49.90,75.28

2.22, 100.00,49.98,75.15

2.23, 100.00,50.07,75.02

2.24, 100.00,50.15,74.90

2.25, 100.00,50.23,74.77

2.26, 100.00,50.31,74.65

2.27, 100.00,50.40,74.53

2.28, 100.00,50.48,74.41

2.29, 100.00,50.55,74.29

2.30, 100.00,50.63,74.17

2.31, 100.00,50.71,74.05

2.32, 100.00,50.79,73.93

2.33, 100.00,50.87,73.82

2.34, 100.00,50.94,73.70

2.35, 100.00,51.02,73.59

2.36, 100.00,51.09,73.47

2.37, 100.00,51.17,73.36

2.38, 100.00,51.24,73.25

2.39, 100.00,51.31,73.14

2.40, 100.00,51.39,73.03

2.41, 100.00,51.46,72.92

2.42, 100.00,51.53,72.81

2.43, 100.00,51.60,72.71

2.44, 100.00,51.67,72.60

2.45, 100.00,51.74,72.50

2.46, 100.00,51.81,72.39

2.47, 100.00,51.88,72.29

2.48, 100.00,51.94,72.19

2.49, 100.00,52.01,72.09

2.50, 100.00,52.08,71.98

2.51, 100.00,52.14,71.88

2.52, 100.00,52.21,71.79

2.53, 100.00,52.27,71.69

2.54, 100.00,52.34,71.59

2.55, 100.00,52.40,71.49

2.56, 100.00,52.46,71.40

2.57, 100.00,52.53,71.30

2.58, 100.00,52.59,71.21

2.59, 100.00,52.65,71.12

2.60, 100.00,52.71,71.02

2.61, 100.00,52.77,70.93

2.62, 100.00,52.83,70.84

2.63, 100.00,52.89,70.75

2.64, 100.00,52.95,70.66

2.65, 100.00,53.01,70.57

2.66, 100.00,53.07,70.48

2.67, 100.00,53.13,70.40

2.68, 100.00,53.18,70.31

2.69, 100.00,53.24,70.22

2.70, 100.00,53.30,70.14

2.71, 100.00,53.35,70.05

2.72, 100.00,53.41,69.97

2.73, 100.00,53.46,69.89

2.74, 100.00,53.52,69.80

2.75, 100.00,53.57,69.72

2.76, 100.00,53.63,69.64

2.77, 100.00,53.68,69.56

2.78, 100.00,53.73,69.48

2.79, 100.00,53.78,69.40

2.80, 100.00,53.84,69.32

2.81, 100.00,53.89,69.25

2.82, 100.00,53.94,69.17

2.83, 100.00,53.99,69.09

2.84, 100.00,54.04,69.02

2.85, 100.00,54.09,68.94

2.86, 100.00,54.14,68.87

2.87, 100.00,54.19,68.79

2.88, 100.00,54.23,68.72

2.89, 100.00,54.28,68.65

2.90, 100.00,54.33,68.58

2.91, 100.00,54.38,68.50

2.92, 100.00,54.42,68.43

2.93, 100.00,54.47,68.36

2.94, 100.00,54.52,68.29

2.95, 100.00,54.56,68.22

2.96, 100.00,54.61,68.16

2.97, 100.00,54.65,68.09

2.98, 100.00,54.70,68.02

2.99, 100.00,54.74,67.95

3.00, 100.00,54.79,67.89

3.01, 100.00,54.83,67.82

3.02, 100.00,54.87,67.76

3.03, 100.00,54.92,67.69

3.04, 100.00,54.96,67.63

3.05, 100.00,55.00,67.56

3.06, 100.00,55.04,67.50

3.07, 100.00,55.08,67.44

3.08, 100.00,55.12,67.38

3.09, 100.00,55.16,67.31

3.10, 100.00,55.20,67.25

3.11, 100.00,55.24,67.19

3.12, 100.00,55.28,67.13

3.13, 100.00,55.32,67.07

3.14, 100.00,55.36,67.02

3.15, 100.00,55.40,66.96

3.16, 100.00,55.44,66.90

3.17, 100.00,55.48,66.84

3.18, 100.00,55.51,66.78

3.19, 100.00,55.55,66.73

3.20, 100.00,55.59,66.67

3.21, 100.00,55.63,66.62

3.22, 100.00,55.66,66.56

3.23, 100.00,55.70,66.51

3.24, 100.00,55.73,66.45

3.25, 100.00,55.77,66.40

3.26, 100.00,55.81,66.34

3.27, 100.00,55.84,66.29

3.28, 100.00,55.87,66.24

3.29, 100.00,55.91,66.19

3.30, 100.00,55.94,66.14

3.31, 100.00,55.98,66.08

3.32, 100.00,56.01,66.03

3.33, 100.00,56.04,65.98

3.34, 100.00,56.08,65.93

3.35, 100.00,56.11,65.88

3.36, 100.00,56.14,65.84

3.37, 100.00,56.17,65.79

3.38, 100.00,56.21,65.74

3.39, 100.00,56.24,65.69

3.40, 100.00,56.27,65.64

3.41, 100.00,56.30,65.60

3.42, 100.00,56.33,65.55

3.43, 100.00,56.36,65.50

3.44, 100.00,56.39,65.46

3.45, 100.00,56.42,65.41

3.46, 100.00,56.45,65.37

3.47, 100.00,56.48,65.32

3.48, 100.00,56.51,65.28

3.49, 100.00,56.54,65.23

3.50, 100.00,56.57,65.19

3.51, 100.00,56.60,65.15

3.52, 100.00,56.63,65.10

3.53, 100.00,56.65,65.06

3.54, 100.00,56.68,65.02

3.55, 100.00,56.71,64.98

3.56, 100.00,56.74,64.94

3.57, 100.00,56.76,64.90

3.58, 100.00,56.79,64.85

3.59, 100.00,56.82,64.81

3.60, 100.00,56.84,64.77

3.61, 100.00,56.87,64.73

3.62, 100.00,56.90,64.69

3.63, 100.00,56.92,64.66

3.64, 100.00,56.95,64.62

3.65, 100.00,56.97,64.58

3.66, 100.00,57.00,64.54

3.67, 100.00,57.02,64.50

3.68, 100.00,57.05,64.46

3.69, 100.00,57.07,64.43

3.70, 100.00,57.10,64.39

3.71, 100.00,57.12,64.35

3.72, 100.00,57.15,64.32

3.73, 100.00,57.17,64.28

3.74, 100.00,57.19,64.25

3.75, 100.00,57.22,64.21

3.76, 100.00,57.24,64.18

3.77, 100.00,57.26,64.14

3.78, 100.00,57.29,64.11

3.79, 100.00,57.31,64.07

3.80, 100.00,57.33,64.04

3.81, 100.00,57.35,64.00

3.82, 100.00,57.37,63.97

3.83, 100.00,57.40,63.94

3.84, 100.00,57.42,63.91

3.85, 100.00,57.44,63.87

3.86, 100.00,57.46,63.84

3.87, 100.00,57.48,63.81

3.88, 100.00,57.50,63.78

3.89, 100.00,57.52,63.75

3.90, 100.00,57.54,63.71

3.91, 100.00,57.57,63.68

3.92, 100.00,57.59,63.65

3.93, 100.00,57.61,63.62

3.94, 100.00,57.63,63.59

3.95, 100.00,57.65,63.56

3.96, 100.00,57.66,63.53

3.97, 100.00,57.68,63.50

3.98, 100.00,57.70,63.47

3.99, 100.00,57.72,63.44

4.00, 100.00,57.74,63.42

4.01, 100.00,57.76,63.39

4.02, 100.00,57.78,63.36

4.03, 100.00,57.80,63.33

4.04, 100.00,57.82,63.30

4.05, 100.00,57.83,63.28

4.06, 100.00,57.85,63.25

4.07, 100.00,57.87,63.22

4.08, 100.00,57.89,63.19

4.09, 100.00,57.91,63.17

4.10, 100.00,57.92,63.14

4.11, 100.00,57.94,63.12

4.12, 100.00,57.96,63.09

4.13, 100.00,57.97,63.06

4.14, 100.00,57.99,63.04

4.15, 100.00,58.01,63.01

4.16, 100.00,58.02,62.99

4.17, 100.00,58.04,62.96

4.18, 100.00,58.06,62.94

4.19, 100.00,58.07,62.91

4.20, 100.00,58.09,62.89

4.21, 100.00,58.11,62.87

4.22, 100.00,58.12,62.84

4.23, 100.00,58.14,62.82

4.24, 100.00,58.15,62.79

4.25, 100.00,58.17,62.77

4.26, 100.00,58.18,62.75

4.27, 100.00,58.20,62.72

4.28, 100.00,58.21,62.70

4.29, 100.00,58.23,62.68

4.30, 100.00,58.24,62.66

4.31, 100.00,58.26,62.64

4.32, 100.00,58.27,62.61

4.33, 100.00,58.29,62.59

4.34, 100.00,58.30,62.57

4.35, 100.00,58.32,62.55

4.36, 100.00,58.33,62.53

4.37, 100.00,58.34,62.51

4.38, 100.00,58.36,62.49

4.39, 100.00,58.37,62.46

4.40, 100.00,58.38,62.44

4.41, 100.00,58.40,62.42

4.42, 100.00,58.41,62.40

4.43, 100.00,58.42,62.38

4.44, 100.00,58.44,62.36

4.45, 100.00,58.45,62.34

4.46, 100.00,58.46,62.32

4.47, 100.00,58.48,62.31

4.48, 100.00,58.49,62.29

4.49, 100.00,58.50,62.27

4.50, 100.00,58.51,62.25

4.51, 100.00,58.53,62.23

4.52, 100.00,58.54,62.21

4.53, 100.00,58.55,62.19

4.54, 100.00,58.56,62.17

4.55, 100.00,58.57,62.16

4.56, 100.00,58.59,62.14

4.57, 100.00,58.60,62.12

4.58, 100.00,58.61,62.10

4.59, 100.00,58.62,62.08

4.60, 100.00,58.63,62.07

4.61, 100.00,58.64,62.05

4.62, 100.00,58.66,62.03

4.63, 100.00,58.67,62.02

4.64, 100.00,58.68,62.00

4.65, 100.00,58.69,61.98

4.66, 100.00,58.70,61.97

4.67, 100.00,58.71,61.95

4.68, 100.00,58.72,61.93

4.69, 100.00,58.73,61.92

4.70, 100.00,58.74,61.90

4.71, 100.00,58.75,61.89

4.72, 100.00,58.76,61.87

4.73, 100.00,58.77,61.85

4.74, 100.00,58.78,61.84

4.75, 100.00,58.79,61.82

4.76, 100.00,58.80,61.81

4.77, 100.00,58.81,61.79

4.78, 100.00,58.82,61.78

4.79, 100.00,58.83,61.76

4.80, 100.00,58.84,61.75

4.81, 100.00,58.85,61.73

4.82, 100.00,58.86,61.72

4.83, 100.00,58.87,61.71

4.84, 100.00,58.88,61.69

4.85, 100.00,58.89,61.68

4.86, 100.00,58.90,61.66

4.87, 100.00,58.91,61.65

4.88, 100.00,58.92,61.64

4.89, 100.00,58.93,61.62

4.90, 100.00,58.94,61.61

4.91, 100.00,58.95,61.60

4.92, 100.00,58.95,61.58

4.93, 100.00,58.96,61.57

4.94, 100.00,58.97,61.56

4.95, 100.00,58.98,61.54

4.96, 100.00,58.99,61.53

4.97, 100.00,59.00,61.52

4.98, 100.00,59.01,61.50

4.99, 100.00,59.01,61.49

5.00, 100.00,59.02,61.48

5.01, 100.00,59.03,61.47

5.02, 100.00,59.04,61.45

5.03, 100.00,59.05,61.44

5.04, 100.00,59.05,61.43

5.05, 100.00,59.06,61.42

5.06, 100.00,59.07,61.41

5.07, 100.00,59.08,61.40

5.08, 100.00,59.09,61.38

5.09, 100.00,59.09,61.37

5.10, 100.00,59.10,61.36

5.11, 100.00,59.11,61.35

5.12, 100.00,59.12,61.34

5.13, 100.00,59.12,61.33

5.14, 100.00,59.13,61.32

5.15, 100.00,59.14,61.30

5.16, 100.00,59.14,61.29

5.17, 100.00,59.15,61.28

5.18, 100.00,59.16,61.27

5.19, 100.00,59.17,61.26

5.20, 100.00,59.17,61.25

5.21, 100.00,59.18,61.24

5.22, 100.00,59.19,61.23

5.23, 100.00,59.19,61.22

5.24, 100.00,59.20,61.21

5.25, 100.00,59.21,61.20

5.26, 100.00,59.21,61.19

5.27, 100.00,59.22,61.18

5.28, 100.00,59.23,61.17

5.29, 100.00,59.23,61.16

5.30, 100.00,59.24,61.15

5.31, 100.00,59.25,61.14

5.32, 100.00,59.25,61.13

5.33, 100.00,59.26,61.12

5.34, 100.00,59.26,61.11

5.35, 100.00,59.27,61.10

5.36, 100.00,59.28,61.09

5.37, 100.00,59.28,61.09

5.38, 100.00,59.29,61.08

5.39, 100.00,59.29,61.07

5.40, 100.00,59.30,61.06

5.41, 100.00,59.31,61.05

5.42, 100.00,59.31,61.04

5.43, 100.00,59.32,61.03

5.44, 100.00,59.32,61.02

5.45, 100.00,59.33,61.02

5.46, 100.00,59.33,61.01

5.47, 100.00,59.34,61.00

5.48, 100.00,59.35,60.99

5.49, 100.00,59.35,60.98

5.50, 100.00,59.36,60.97

5.51, 100.00,59.36,60.97

5.52, 100.00,59.37,60.96

5.53, 100.00,59.37,60.95

5.54, 100.00,59.38,60.94

5.55, 100.00,59.38,60.93

5.56, 100.00,59.39,60.93

5.57, 100.00,59.39,60.92

5.58, 100.00,59.40,60.91

5.59, 100.00,59.40,60.90

5.60, 100.00,59.41,60.90

5.61, 100.00,59.41,60.89

5.62, 100.00,59.42,60.88

5.63, 100.00,59.42,60.87

5.64, 100.00,59.43,60.87

5.65, 100.00,59.43,60.86

5.66, 100.00,59.44,60.85

5.67, 100.00,59.44,60.84

5.68, 100.00,59.45,60.84

5.69, 100.00,59.45,60.83

5.70, 100.00,59.46,60.82

5.71, 100.00,59.46,60.82

5.72, 100.00,59.46,60.81

5.73, 100.00,59.47,60.80

5.74, 100.00,59.47,60.80

5.75, 100.00,59.48,60.79

5.76, 100.00,59.48,60.78

5.77, 100.00,59.49,60.78

5.78, 100.00,59.49,60.77

5.79, 100.00,59.50,60.76

5.80, 100.00,59.50,60.76

5.81, 100.00,59.50,60.75

5.82, 100.00,59.51,60.74

5.83, 100.00,59.51,60.74

5.84, 100.00,59.52,60.73

5.85, 100.00,59.52,60.73

5.86, 100.00,59.52,60.72

5.87, 100.00,59.53,60.71

5.88, 100.00,59.53,60.71

5.89, 100.00,59.54,60.70

5.90, 100.00,59.54,60.70

5.91, 100.00,59.54,60.69

5.92, 100.00,59.55,60.69

5.93, 100.00,59.55,60.68

5.94, 100.00,59.55,60.67

5.95, 100.00,59.56,60.67

5.96, 100.00,59.56,60.66

5.97, 100.00,59.57,60.66

5.98, 100.00,59.57,60.65

5.99, 100.00,59.57,60.65

6.00, 100.00,59.58,60.64

6.01, 100.00,59.58,60.64

6.02, 100.00,59.58,60.63

6.03, 100.00,59.59,60.62

6.04, 100.00,59.59,60.62

6.05, 100.00,59.59,60.61

6.06, 100.00,59.60,60.61

6.07, 100.00,59.60,60.60

6.08, 100.00,59.60,60.60

6.09, 100.00,59.61,60.59

6.10, 100.00,59.61,60.59

6.11, 100.00,59.61,60.58

6.12, 100.00,59.62,60.58

6.13, 100.00,59.62,60.57

6.14, 100.00,59.62,60.57

6.15, 100.00,59.63,60.57

6.16, 100.00,59.63,60.56

6.17, 100.00,59.63,60.56

6.18, 100.00,59.64,60.55

6.19, 100.00,59.64,60.55

6.20, 100.00,59.64,60.54

6.21, 100.00,59.64,60.54

6.22, 100.00,59.65,60.53

6.23, 100.00,59.65,60.53

6.24, 100.00,59.65,60.52

6.25, 100.00,59.66,60.52

6.26, 100.00,59.66,60.52

6.27, 100.00,59.66,60.51

6.28, 100.00,59.66,60.51

6.29, 100.00,59.67,60.50

6.30, 100.00,59.67,60.50

6.31, 100.00,59.67,60.49

6.32, 100.00,59.68,60.49

6.33, 100.00,59.68,60.49

6.34, 100.00,59.68,60.48

6.35, 100.00,59.68,60.48

6.36, 100.00,59.69,60.47

6.37, 100.00,59.69,60.47

6.38, 100.00,59.69,60.47

6.39, 100.00,59.69,60.46

6.40, 100.00,59.70,60.46

6.41, 100.00,59.70,60.45

6.42, 100.00,59.70,60.45

6.43, 100.00,59.70,60.45

6.44, 100.00,59.71,60.44

6.45, 100.00,59.71,60.44

6.46, 100.00,59.71,60.44

6.47, 100.00,59.71,60.43

6.48, 100.00,59.72,60.43

6.49, 100.00,59.72,60.43

6.50, 100.00,59.72,60.42

6.51, 100.00,59.72,60.42

6.52, 100.00,59.73,60.41

6.53, 100.00,59.73,60.41

6.54, 100.00,59.73,60.41

6.55, 100.00,59.73,60.40

6.56, 100.00,59.73,60.40

6.57, 100.00,59.74,60.40

6.58, 100.00,59.74,60.39

6.59, 100.00,59.74,60.39

6.60, 100.00,59.74,60.39

6.61, 100.00,59.75,60.38

6.62, 100.00,59.75,60.38

6.63, 100.00,59.75,60.38

6.64, 100.00,59.75,60.37

6.65, 100.00,59.75,60.37

6.66, 100.00,59.76,60.37

6.67, 100.00,59.76,60.37

6.68, 100.00,59.76,60.36

6.69, 100.00,59.76,60.36

6.70, 100.00,59.76,60.36

6.71, 100.00,59.77,60.35

6.72, 100.00,59.77,60.35

6.73, 100.00,59.77,60.35

6.74, 100.00,59.77,60.34

6.75, 100.00,59.77,60.34

6.76, 100.00,59.78,60.34

6.77, 100.00,59.78,60.34

6.78, 100.00,59.78,60.33

6.79, 100.00,59.78,60.33

6.80, 100.00,59.78,60.33

6.81, 100.00,59.78,60.33

6.82, 100.00,59.79,60.32

6.83, 100.00,59.79,60.32

6.84, 100.00,59.79,60.32

6.85, 100.00,59.79,60.31

6.86, 100.00,59.79,60.31

6.87, 100.00,59.80,60.31

6.88, 100.00,59.80,60.31

6.89, 100.00,59.80,60.30

6.90, 100.00,59.80,60.30

6.91, 100.00,59.80,60.30

6.92, 100.00,59.80,60.30

6.93, 100.00,59.81,60.29

6.94, 100.00,59.81,60.29

6.95, 100.00,59.81,60.29

6.96, 100.00,59.81,60.29

6.97, 100.00,59.81,60.28

6.98, 100.00,59.81,60.28

6.99, 100.00,59.82,60.28

7.00, 100.00,59.82,60.28

7.01, 100.00,59.82,60.28

7.02, 100.00,59.82,60.27

7.03, 100.00,59.82,60.27

7.04, 100.00,59.82,60.27

7.05, 100.00,59.82,60.27

7.06, 100.00,59.83,60.26

7.07, 100.00,59.83,60.26

7.08, 100.00,59.83,60.26

7.09, 100.00,59.83,60.26

7.10, 100.00,59.83,60.26

7.11, 100.00,59.83,60.25

7.12, 100.00,59.83,60.25

7.13, 100.00,59.84,60.25

7.14, 100.00,59.84,60.25

7.15, 100.00,59.84,60.24

7.16, 100.00,59.84,60.24

7.17, 100.00,59.84,60.24

7.18, 100.00,59.84,60.24

7.19, 100.00,59.84,60.24

7.20, 100.00,59.84,60.23

7.21, 100.00,59.85,60.23

7.22, 100.00,59.85,60.23

7.23, 100.00,59.85,60.23

7.24, 100.00,59.85,60.23

7.25, 100.00,59.85,60.23

7.26, 100.00,59.85,60.22

7.27, 100.00,59.85,60.22

7.28, 100.00,59.85,60.22

7.29, 100.00,59.86,60.22

7.30, 100.00,59.86,60.22

7.31, 100.00,59.86,60.21

7.32, 100.00,59.86,60.21

7.33, 100.00,59.86,60.21

7.34, 100.00,59.86,60.21

7.35, 100.00,59.86,60.21

7.36, 100.00,59.86,60.21

7.37, 100.00,59.87,60.20

7.38, 100.00,59.87,60.20

7.39, 100.00,59.87,60.20

7.40, 100.00,59.87,60.20

7.41, 100.00,59.87,60.20

7.42, 100.00,59.87,60.20

7.43, 100.00,59.87,60.19

7.44, 100.00,59.87,60.19

7.45, 100.00,59.87,60.19

7.46, 100.00,59.88,60.19

7.47, 100.00,59.88,60.19

7.48, 100.00,59.88,60.19

7.49, 100.00,59.88,60.18

7.50, 100.00,59.88,60.18

7.51, 100.00,59.88,60.18

7.52, 100.00,59.88,60.18

7.53, 100.00,59.88,60.18

7.54, 100.00,59.88,60.18

7.55, 100.00,59.88,60.18

7.56, 100.00,59.89,60.17

7.57, 100.00,59.89,60.17

7.58, 100.00,59.89,60.17

7.59, 100.00,59.89,60.17

7.60, 100.00,59.89,60.17

7.61, 100.00,59.89,60.17

7.62, 100.00,59.89,60.17

7.63, 100.00,59.89,60.16

7.64, 100.00,59.89,60.16

7.65, 100.00,59.89,60.16

7.66, 100.00,59.89,60.16

7.67, 100.00,59.90,60.16

7.68, 100.00,59.90,60.16

7.69, 100.00,59.90,60.16

7.70, 100.00,59.90,60.15

7.71, 100.00,59.90,60.15

7.72, 100.00,59.90,60.15

7.73, 100.00,59.90,60.15

7.74, 100.00,59.90,60.15

7.75, 100.00,59.90,60.15

7.76, 100.00,59.90,60.15

7.77, 100.00,59.90,60.15

7.78, 100.00,59.90,60.14

7.79, 100.00,59.91,60.14

7.80, 100.00,59.91,60.14

7.81, 100.00,59.91,60.14

7.82, 100.00,59.91,60.14

7.83, 100.00,59.91,60.14

7.84, 100.00,59.91,60.14

7.85, 100.00,59.91,60.14

7.86, 100.00,59.91,60.14

7.87, 100.00,59.91,60.13

7.88, 100.00,59.91,60.13

7.89, 100.00,59.91,60.13

7.90, 100.00,59.91,60.13

7.91, 100.00,59.91,60.13

7.92, 100.00,59.92,60.13

7.93, 100.00,59.92,60.13

7.94, 100.00,59.92,60.13

7.95, 100.00,59.92,60.13

7.96, 100.00,59.92,60.12

7.97, 100.00,59.92,60.12

7.98, 100.00,59.92,60.12

7.99, 100.00,59.92,60.12

8.00, 100.00,59.92,60.12

8.01, 100.00,59.92,60.12

8.02, 100.00,59.92,60.12

8.03, 100.00,59.92,60.12

8.04, 100.00,59.92,60.12

8.05, 100.00,59.92,60.12

8.06, 100.00,59.92,60.11

8.07, 100.00,59.93,60.11

8.08, 100.00,59.93,60.11

8.09, 100.00,59.93,60.11

8.10, 100.00,59.93,60.11

8.11, 100.00,59.93,60.11

8.12, 100.00,59.93,60.11

8.13, 100.00,59.93,60.11

8.14, 100.00,59.93,60.11

8.15, 100.00,59.93,60.11

8.16, 100.00,59.93,60.11

8.17, 100.00,59.93,60.10

8.18, 100.00,59.93,60.10

8.19, 100.00,59.93,60.10

8.20, 100.00,59.93,60.10

8.21, 100.00,59.93,60.10

8.22, 100.00,59.93,60.10

8.23, 100.00,59.93,60.10

8.24, 100.00,59.94,60.10

8.25, 100.00,59.94,60.10

8.26, 100.00,59.94,60.10

8.27, 100.00,59.94,60.10

8.28, 100.00,59.94,60.10

8.29, 100.00,59.94,60.09

8.30, 100.00,59.94,60.09

8.31, 100.00,59.94,60.09

8.32, 100.00,59.94,60.09

8.33, 100.00,59.94,60.09

8.34, 100.00,59.94,60.09

8.35, 100.00,59.94,60.09

8.36, 100.00,59.94,60.09

8.37, 100.00,59.94,60.09

8.38, 100.00,59.94,60.09

8.39, 100.00,59.94,60.09

8.40, 100.00,59.94,60.09

8.41, 100.00,59.94,60.09

8.42, 100.00,59.94,60.08

8.43, 100.00,59.94,60.08

8.44, 100.00,59.95,60.08

8.45, 100.00,59.95,60.08

8.46, 100.00,59.95,60.08

8.47, 100.00,59.95,60.08

8.48, 100.00,59.95,60.08

8.49, 100.00,59.95,60.08

8.50, 100.00,59.95,60.08

8.51, 100.00,59.95,60.08

8.52, 100.00,59.95,60.08

8.53, 100.00,59.95,60.08

8.54, 100.00,59.95,60.08

8.55, 100.00,59.95,60.08

8.56, 100.00,59.95,60.08

8.57, 100.00,59.95,60.07

8.58, 100.00,59.95,60.07

8.59, 100.00,59.95,60.07

8.60, 100.00,59.95,60.07

8.61, 100.00,59.95,60.07

8.62, 100.00,59.95,60.07

8.63, 100.00,59.95,60.07

8.64, 100.00,59.95,60.07

8.65, 100.00,59.95,60.07

8.66, 100.00,59.95,60.07

8.67, 100.00,59.95,60.07

8.68, 100.00,59.96,60.07

8.69, 100.00,59.96,60.07

8.70, 100.00,59.96,60.07

8.71, 100.00,59.96,60.07

8.72, 100.00,59.96,60.07

8.73, 100.00,59.96,60.07

8.74, 100.00,59.96,60.06

8.75, 100.00,59.96,60.06

8.76, 100.00,59.96,60.06

8.77, 100.00,59.96,60.06

8.78, 100.00,59.96,60.06

8.79, 100.00,59.96,60.06

8.80, 100.00,59.96,60.06

8.81, 100.00,59.96,60.06

8.82, 100.00,59.96,60.06

8.83, 100.00,59.96,60.06

8.84, 100.00,59.96,60.06

8.85, 100.00,59.96,60.06

8.86, 100.00,59.96,60.06

8.87, 100.00,59.96,60.06

8.88, 100.00,59.96,60.06

8.89, 100.00,59.96,60.06

8.90, 100.00,59.96,60.06

8.91, 100.00,59.96,60.06

8.92, 100.00,59.96,60.06

8.93, 100.00,59.96,60.06

8.94, 100.00,59.96,60.05

8.95, 100.00,59.96,60.05

8.96, 100.00,59.96,60.05

8.97, 100.00,59.96,60.05

8.98, 100.00,59.97,60.05

8.99, 100.00,59.97,60.05

9.00, 100.00,59.97,60.05

9.01, 100.00,59.97,60.05

9.02, 100.00,59.97,60.05

9.03, 100.00,59.97,60.05

9.04, 100.00,59.97,60.05

9.05, 100.00,59.97,60.05

9.06, 100.00,59.97,60.05

9.07, 100.00,59.97,60.05

9.08, 100.00,59.97,60.05

9.09, 100.00,59.97,60.05

9.10, 100.00,59.97,60.05

9.11, 100.00,59.97,60.05

9.12, 100.00,59.97,60.05

9.13, 100.00,59.97,60.05

9.14, 100.00,59.97,60.05

9.15, 100.00,59.97,60.05

9.16, 100.00,59.97,60.05

9.17, 100.00,59.97,60.05

9.18, 100.00,59.97,60.04

9.19, 100.00,59.97,60.04

9.20, 100.00,59.97,60.04

9.21, 100.00,59.97,60.04

9.22, 100.00,59.97,60.04

9.23, 100.00,59.97,60.04

9.24, 100.00,59.97,60.04

9.25, 100.00,59.97,60.04

9.26, 100.00,59.97,60.04

9.27, 100.00,59.97,60.04

9.28, 100.00,59.97,60.04

9.29, 100.00,59.97,60.04

9.30, 100.00,59.97,60.04

9.31, 100.00,59.97,60.04

9.32, 100.00,59.97,60.04

9.33, 100.00,59.97,60.04

9.34, 100.00,59.97,60.04

9.35, 100.00,59.97,60.04

9.36, 100.00,59.97,60.04

9.37, 100.00,59.97,60.04

9.38, 100.00,59.97,60.04

9.39, 100.00,59.98,60.04

9.40, 100.00,59.98,60.04

9.41, 100.00,59.98,60.04

9.42, 100.00,59.98,60.04

9.43, 100.00,59.98,60.04

9.44, 100.00,59.98,60.04

9.45, 100.00,59.98,60.04

9.46, 100.00,59.98,60.04

9.47, 100.00,59.98,60.04

9.48, 100.00,59.98,60.03

9.49, 100.00,59.98,60.03

9.50, 100.00,59.98,60.03

9.51, 100.00,59.98,60.03

9.52, 100.00,59.98,60.03

9.53, 100.00,59.98,60.03

9.54, 100.00,59.98,60.03

9.55, 100.00,59.98,60.03

9.56, 100.00,59.98,60.03

9.57, 100.00,59.98,60.03

9.58, 100.00,59.98,60.03

9.59, 100.00,59.98,60.03

9.60, 100.00,59.98,60.03

9.61, 100.00,59.98,60.03

9.62, 100.00,59.98,60.03

9.63, 100.00,59.98,60.03

9.64, 100.00,59.98,60.03

9.65, 100.00,59.98,60.03

9.66, 100.00,59.98,60.03

9.67, 100.00,59.98,60.03

9.68, 100.00,59.98,60.03

9.69, 100.00,59.98,60.03

9.70, 100.00,59.98,60.03

9.71, 100.00,59.98,60.03

9.72, 100.00,59.98,60.03

9.73, 100.00,59.98,60.03

9.74, 100.00,59.98,60.03

9.75, 100.00,59.98,60.03

9.76, 100.00,59.98,60.03

9.77, 100.00,59.98,60.03

9.78, 100.00,59.98,60.03

9.79, 100.00,59.98,60.03

9.80, 100.00,59.98,60.03

9.81, 100.00,59.98,60.03

9.82, 100.00,59.98,60.03

9.83, 100.00,59.98,60.03

9.84, 100.00,59.98,60.03

9.85, 100.00,59.98,60.03

9.86, 100.00,59.98,60.03

9.87, 100.00,59.98,60.03

9.88, 100.00,59.98,60.02

9.89, 100.00,59.98,60.02

9.90, 100.00,59.98,60.02

9.91, 100.00,59.98,60.02

9.92, 100.00,59.98,60.02

9.93, 100.00,59.98,60.02

9.94, 100.00,59.98,60.02

9.95, 100.00,59.98,60.02

9.96, 100.00,59.98,60.02

9.97, 100.00,59.98,60.02

9.98, 100.00,59.98,60.02

9.99, 100.00,59.98,60.02

10.00, 100.00,59.99,60.02

10.01, 100.00,59.99,60.02

10.02, 100.00,59.99,60.02

10.03, 100.00,59.99,60.02

10.04, 100.00,59.99,60.02

10.05, 100.00,59.99,60.02

10.06, 100.00,59.99,60.02

10.07, 100.00,59.99,60.02

10.08, 100.00,59.99,60.02

10.09, 100.00,59.99,60.02

10.10, 100.00,59.99,60.02

10.11, 100.00,59.99,60.02

10.12, 100.00,59.99,60.02

10.13, 100.00,59.99,60.02

10.14, 100.00,59.99,60.02

10.15, 100.00,59.99,60.02

10.16, 100.00,59.99,60.02

10.17, 100.00,59.99,60.02

10.18, 100.00,59.99,60.02

10.19, 100.00,59.99,60.02

10.20, 100.00,59.99,60.02

10.21, 100.00,59.99,60.02

10.22, 100.00,59.99,60.02

10.23, 100.00,59.99,60.02

10.24, 100.00,59.99,60.02

10.25, 100.00,59.99,60.02

10.26, 100.00,59.99,60.02

10.27, 100.00,59.99,60.02

10.28, 100.00,59.99,60.02

10.29, 100.00,59.99,60.02

10.30, 100.00,59.99,60.02

10.31, 100.00,59.99,60.02

10.32, 100.00,59.99,60.02

10.33, 100.00,59.99,60.02

10.34, 100.00,59.99,60.02

10.35, 100.00,59.99,60.02

10.36, 100.00,59.99,60.02

10.37, 100.00,59.99,60.02

10.38, 100.00,59.99,60.02

10.39, 100.00,59.99,60.02

10.40, 100.00,59.99,60.02

10.41, 100.00,59.99,60.02

10.42, 100.00,59.99,60.02

10.43, 100.00,59.99,60.02

10.44, 100.00,59.99,60.02

10.45, 100.00,59.99,60.02

10.46, 100.00,59.99,60.02

10.47, 100.00,59.99,60.02

10.48, 100.00,59.99,60.02

10.49, 100.00,59.99,60.01

10.50, 100.00,59.99,60.01

10.51, 100.00,59.99,60.01

10.52, 100.00,59.99,60.01

10.53, 100.00,59.99,60.01

10.54, 100.00,59.99,60.01

10.55, 100.00,59.99,60.01

10.56, 100.00,59.99,60.01

10.57, 100.00,59.99,60.01

10.58, 100.00,59.99,60.01

10.59, 100.00,59.99,60.01

10.60, 100.00,59.99,60.01

10.61, 100.00,59.99,60.01

10.62, 100.00,59.99,60.01

10.63, 100.00,59.99,60.01

10.64, 100.00,59.99,60.01

10.65, 100.00,59.99,60.01

10.66, 100.00,59.99,60.01

10.67, 100.00,59.99,60.01

10.68, 100.00,59.99,60.01

10.69, 100.00,59.99,60.01

10.70, 100.00,59.99,60.01

10.71, 100.00,59.99,60.01

10.72, 100.00,59.99,60.01

10.73, 100.00,59.99,60.01

10.74, 100.00,59.99,60.01

10.75, 100.00,59.99,60.01

10.76, 100.00,59.99,60.01

10.77, 100.00,59.99,60.01

10.78, 100.00,59.99,60.01

10.79, 100.00,59.99,60.01

10.80, 100.00,59.99,60.01

10.81, 100.00,59.99,60.01

10.82, 100.00,59.99,60.01

10.83, 100.00,59.99,60.01

10.84, 100.00,59.99,60.01

10.85, 100.00,59.99,60.01

10.86, 100.00,59.99,60.01

10.87, 100.00,59.99,60.01

10.88, 100.00,59.99,60.01

10.89, 100.00,59.99,60.01

10.90, 100.00,59.99,60.01

10.91, 100.00,59.99,60.01

10.92, 100.00,59.99,60.01

10.93, 100.00,59.99,60.01

10.94, 100.00,59.99,60.01

10.95, 100.00,59.99,60.01

10.96, 100.00,59.99,60.01

10.97, 100.00,59.99,60.01

10.98, 100.00,59.99,60.01

10.99, 100.00,59.99,60.01

11.00, 100.00,59.99,60.01

11.01, 100.00,59.99,60.01

11.02, 100.00,59.99,60.01

11.03, 100.00,59.99,60.01

11.04, 100.00,59.99,60.01

11.05, 100.00,59.99,60.01

11.06, 100.00,59.99,60.01

11.07, 100.00,59.99,60.01

11.08, 100.00,59.99,60.01

11.09, 100.00,59.99,60.01

11.10, 100.00,59.99,60.01

11.11, 100.00,59.99,60.01

11.12, 100.00,59.99,60.01

11.13, 100.00,59.99,60.01

11.14, 100.00,59.99,60.01

11.15, 100.00,59.99,60.01

11.16, 100.00,59.99,60.01

11.17, 100.00,59.99,60.01

11.18, 100.00,59.99,60.01

11.19, 100.00,59.99,60.01

11.20, 100.00,59.99,60.01

11.21, 100.00,59.99,60.01

11.22, 100.00,59.99,60.01

11.23, 100.00,59.99,60.01

11.24, 100.00,59.99,60.01

11.25, 100.00,59.99,60.01

11.26, 100.00,59.99,60.01

11.27, 100.00,59.99,60.01

11.28, 100.00,59.99,60.01

11.29, 100.00,59.99,60.01

11.30, 100.00,59.99,60.01

11.31, 100.00,60.00,60.01

11.32, 100.00,60.00,60.01

11.33, 100.00,60.00,60.01

11.34, 100.00,60.00,60.01

11.35, 100.00,60.00,60.01

11.36, 100.00,60.00,60.01

11.37, 100.00,60.00,60.01

11.38, 100.00,60.00,60.01

11.39, 100.00,60.00,60.01

11.40, 100.00,60.00,60.01

11.41, 100.00,60.00,60.01

11.42, 100.00,60.00,60.01

11.43, 100.00,60.00,60.01

11.44, 100.00,60.00,60.01

11.45, 100.00,60.00,60.01

11.46, 100.00,60.00,60.01

11.47, 100.00,60.00,60.01

11.48, 100.00,60.00,60.01

11.49, 100.00,60.00,60.01

11.50, 100.00,60.00,60.01

11.51, 100.00,60.00,60.01

11.52, 100.00,60.00,60.01

11.53, 100.00,60.00,60.01

11.54, 100.00,60.00,60.01

11.55, 100.00,60.00,60.01

11.56, 100.00,60.00,60.01

11.57, 100.00,60.00,60.01

11.58, 100.00,60.00,60.01

11.59, 100.00,60.00,60.01

11.60, 100.00,60.00,60.01

11.61, 100.00,60.00,60.01

11.62, 100.00,60.00,60.01

11.63, 100.00,60.00,60.01

11.64, 100.00,60.00,60.01

11.65, 100.00,60.00,60.01

11.66, 100.00,60.00,60.01

11.67, 100.00,60.00,60.01

11.68, 100.00,60.00,60.01

11.69, 100.00,60.00,60.01

11.70, 100.00,60.00,60.01

11.71, 100.00,60.00,60.01

11.72, 100.00,60.00,60.01

11.73, 100.00,60.00,60.01

11.74, 100.00,60.00,60.01

11.75, 100.00,60.00,60.01

11.76, 100.00,60.00,60.01

11.77, 100.00,60.00,60.01

11.78, 100.00,60.00,60.01

11.79, 100.00,60.00,60.01

11.80, 100.00,60.00,60.00

11.81, 100.00,60.00,60.00

11.82, 100.00,60.00,60.00

11.83, 100.00,60.00,60.00

11.84, 100.00,60.00,60.00

11.85, 100.00,60.00,60.00

11.86, 100.00,60.00,60.00

11.87, 100.00,60.00,60.00

11.88, 100.00,60.00,60.00

11.89, 100.00,60.00,60.00

11.90, 100.00,60.00,60.00

11.91, 100.00,60.00,60.00

11.92, 100.00,60.00,60.00

11.93, 100.00,60.00,60.00

11.94, 100.00,60.00,60.00

11.95, 100.00,60.00,60.00

11.96, 100.00,60.00,60.00

11.97, 100.00,60.00,60.00

11.98, 100.00,60.00,60.00

11.99, 100.00,60.00,60.00

12.00, 100.00,60.00,60.00

12.01, 100.00,60.00,60.00

12.02, 100.00,60.00,60.00

12.03, 100.00,60.00,60.00

12.04, 100.00,60.00,60.00

12.05, 100.00,60.00,60.00

12.06, 100.00,60.00,60.00

12.07, 100.00,60.00,60.00

12.08, 100.00,60.00,60.00

12.09, 100.00,60.00,60.00

12.10, 100.00,60.00,60.00

12.11, 100.00,60.00,60.00

12.12, 100.00,60.00,60.00

12.13, 100.00,60.00,60.00

12.14, 100.00,60.00,60.00

12.15, 100.00,60.00,60.00

12.16, 100.00,60.00,60.00

12.17, 100.00,60.00,60.00

12.18, 100.00,60.00,60.00

12.19, 100.00,60.00,60.00

12.20, 100.00,60.00,60.00

12.21, 100.00,60.00,60.00

12.22, 100.00,60.00,60.00

12.23, 100.00,60.00,60.00

12.24, 100.00,60.00,60.00

12.25, 100.00,60.00,60.00

12.26, 100.00,60.00,60.00

12.27, 100.00,60.00,60.00

12.28, 100.00,60.00,60.00

12.29, 100.00,60.00,60.00

12.30, 100.00,60.00,60.00

12.31, 100.00,60.00,60.00

12.32, 100.00,60.00,60.00

12.33, 100.00,60.00,60.00

12.34, 100.00,60.00,60.00

12.35, 100.00,60.00,60.00

12.36, 100.00,60.00,60.00

12.37, 100.00,60.00,60.00

12.38, 100.00,60.00,60.00

12.39, 100.00,60.00,60.00

12.40, 100.00,60.00,60.00

12.41, 100.00,60.00,60.00

12.42, 100.00,60.00,60.00

12.43, 100.00,60.00,60.00

12.44, 100.00,60.00,60.00

12.45, 100.00,60.00,60.00

12.46, 100.00,60.00,60.00

12.47, 100.00,60.00,60.00

12.48, 100.00,60.00,60.00

12.49, 100.00,60.00,60.00

12.50, 100.00,60.00,60.00

12.51, 100.00,60.00,60.00

12.52, 100.00,60.00,60.00

12.53, 100.00,60.00,60.00

12.54, 100.00,60.00,60.00

12.55, 100.00,60.00,60.00

12.56, 100.00,60.00,60.00

12.57, 100.00,60.00,60.00

12.58, 100.00,60.00,60.00

12.59, 100.00,60.00,60.00

12.60, 100.00,60.00,60.00

12.61, 100.00,60.00,60.00

12.62, 100.00,60.00,60.00

12.63, 100.00,60.00,60.00

12.64, 100.00,60.00,60.00

12.65, 100.00,60.00,60.00

12.66, 100.00,60.00,60.00

12.67, 100.00,60.00,60.00

12.68, 100.00,60.00,60.00

12.69, 100.00,60.00,60.00

12.70, 100.00,60.00,60.00

12.71, 100.00,60.00,60.00

12.72, 100.00,60.00,60.00

12.73, 100.00,60.00,60.00

12.74, 100.00,60.00,60.00

12.75, 100.00,60.00,60.00

12.76, 100.00,60.00,60.00

12.77, 100.00,60.00,60.00

12.78, 100.00,60.00,60.00

12.79, 100.00,60.00,60.00

12.80, 100.00,60.00,60.00

12.81, 100.00,60.00,60.00

12.82, 100.00,60.00,60.00

12.83, 100.00,60.00,60.00

12.84, 100.00,60.00,60.00

12.85, 100.00,60.00,60.00

12.86, 100.00,60.00,60.00

12.87, 100.00,60.00,60.00

12.88, 100.00,60.00,60.00

12.89, 100.00,60.00,60.00

12.90, 100.00,60.00,60.00

12.91, 100.00,60.00,60.00

12.92, 100.00,60.00,60.00

12.93, 100.00,60.00,60.00

12.94, 100.00,60.00,60.00

12.95, 100.00,60.00,60.00

12.96, 100.00,60.00,60.00

12.97, 100.00,60.00,60.00

12.98, 100.00,60.00,60.00

12.99, 100.00,60.00,60.00

13.00, 100.00,60.00,60.00

13.01, 100.00,60.00,60.00

13.02, 100.00,60.00,60.00

13.03, 100.00,60.00,60.00

13.04, 100.00,60.00,60.00

13.05, 100.00,60.00,60.00

13.06, 100.00,60.00,60.00

13.07, 100.00,60.00,60.00

13.08, 100.00,60.00,60.00

13.09, 100.00,60.00,60.00

13.10, 100.00,60.00,60.00

13.11, 100.00,60.00,60.00

13.12, 100.00,60.00,60.00

13.13, 100.00,60.00,60.00

13.14, 100.00,60.00,60.00

13.15, 100.00,60.00,60.00

13.16, 100.00,60.00,60.00

13.17, 100.00,60.00,60.00

13.18, 100.00,60.00,60.00

13.19, 100.00,60.00,60.00

13.20, 100.00,60.00,60.00

13.21, 100.00,60.00,60.00

13.22, 100.00,60.00,60.00

13.23, 100.00,60.00,60.00

13.24, 100.00,60.00,60.00

13.25, 100.00,60.00,60.00

13.26, 100.00,60.00,60.00

13.27, 100.00,60.00,60.00

13.28, 100.00,60.00,60.00

13.29, 100.00,60.00,60.00

13.30, 100.00,60.00,60.00

13.31, 100.00,60.00,60.00

13.32, 100.00,60.00,60.00

13.33, 100.00,60.00,60.00

13.34, 100.00,60.00,60.00

13.35, 100.00,60.00,60.00

13.36, 100.00,60.00,60.00

13.37, 100.00,60.00,60.00

13.38, 100.00,60.00,60.00

13.39, 100.00,60.00,60.00

13.40, 100.00,60.00,60.00

13.41, 100.00,60.00,60.00

13.42, 100.00,60.00,60.00

13.43, 100.00,60.00,60.00

13.44, 100.00,60.00,60.00

13.45, 100.00,60.00,60.00

13.46, 100.00,60.00,60.00

13.47, 100.00,60.00,60.00

13.48, 100.00,60.00,60.00

13.49, 100.00,60.00,60.00

13.50, 100.00,60.00,60.00

13.51, 100.00,60.00,60.00

13.52, 100.00,60.00,60.00

13.53, 100.00,60.00,60.00

13.54, 100.00,60.00,60.00

13.55, 100.00,60.00,60.00

13.56, 100.00,60.00,60.00

13.57, 100.00,60.00,60.00

13.58, 100.00,60.00,60.00

13.59, 100.00,60.00,60.00

13.60, 100.00,60.00,60.00

13.61, 100.00,60.00,60.00

13.62, 100.00,60.00,60.00

13.63, 100.00,60.00,60.00

13.64, 100.00,60.00,60.00

13.65, 100.00,60.00,60.00

13.66, 100.00,60.00,60.00

13.67, 100.00,60.00,60.00

13.68, 100.00,60.00,60.00

13.69, 100.00,60.00,60.00

13.70, 100.00,60.00,60.00

13.71, 100.00,60.00,60.00

13.72, 100.00,60.00,60.00

13.73, 100.00,60.00,60.00

13.74, 100.00,60.00,60.00

13.75, 100.00,60.00,60.00

13.76, 100.00,60.00,60.00

13.77, 100.00,60.00,60.00

13.78, 100.00,60.00,60.00

13.79, 100.00,60.00,60.00

13.80, 100.00,60.00,60.00

13.81, 100.00,60.00,60.00

13.82, 100.00,60.00,60.00

13.83, 100.00,60.00,60.00

13.84, 100.00,60.00,60.00

13.85, 100.00,60.00,60.00

13.86, 100.00,60.00,60.00

13.87, 100.00,60.00,60.00

13.88, 100.00,60.00,60.00

13.89, 100.00,60.00,60.00

13.90, 100.00,60.00,60.00

13.91, 100.00,60.00,60.00

13.92, 100.00,60.00,60.00

13.93, 100.00,60.00,60.00

13.94, 100.00,60.00,60.00

13.95, 100.00,60.00,60.00

13.96, 100.00,60.00,60.00

13.97, 100.00,60.00,60.00

13.98, 100.00,60.00,60.00

13.99, 100.00,60.00,60.00

14.00, 100.00,60.00,60.00

14.01, 100.00,60.00,60.00

14.02, 100.00,60.00,60.00

14.03, 100.00,60.00,60.00

14.04, 100.00,60.00,60.00

14.05, 100.00,60.00,60.00

14.06, 100.00,60.00,60.00

14.07, 100.00,60.00,60.00

14.08, 100.00,60.00,60.00

14.09, 100.00,60.00,60.00

14.10, 100.00,60.00,60.00

14.11, 100.00,60.00,60.00

14.12, 100.00,60.00,60.00

14.13, 100.00,60.00,60.00

14.14, 100.00,60.00,60.00

14.15, 100.00,60.00,60.00

14.16, 100.00,60.00,60.00

14.17, 100.00,60.00,60.00

14.18, 100.00,60.00,60.00

14.19, 100.00,60.00,60.00

14.20, 100.00,60.00,60.00

14.21, 100.00,60.00,60.00

14.22, 100.00,60.00,60.00

14.23, 100.00,60.00,60.00

14.24, 100.00,60.00,60.00

14.25, 100.00,60.00,60.00

14.26, 100.00,60.00,60.00

14.27, 100.00,60.00,60.00

14.28, 100.00,60.00,60.00

14.29, 100.00,60.00,60.00

14.30, 100.00,60.00,60.00

14.31, 100.00,60.00,60.00

14.32, 100.00,60.00,60.00

14.33, 100.00,60.00,60.00

14.34, 100.00,60.00,60.00

14.35, 100.00,60.00,60.00

14.36, 100.00,60.00,60.00

14.37, 100.00,60.00,60.00

14.38, 100.00,60.00,60.00

14.39, 100.00,60.00,60.00

14.40, 100.00,60.00,60.00

14.41, 100.00,60.00,60.00

14.42, 100.00,60.00,60.00

14.43, 100.00,60.00,60.00

14.44, 100.00,60.00,60.00

14.45, 100.00,60.00,60.00

14.46, 100.00,60.00,60.00

14.47, 100.00,60.00,60.00

14.48, 100.00,60.00,60.00

14.49, 100.00,60.00,60.00

14.50, 100.00,60.00,60.00

14.51, 100.00,60.00,60.00

14.52, 100.00,60.00,60.00

14.53, 100.00,60.00,60.00

14.54, 100.00,60.00,60.00

14.55, 100.00,60.00,60.00

14.56, 100.00,60.00,60.00

14.57, 100.00,60.00,60.00

14.58, 100.00,60.00,60.00

14.59, 100.00,60.00,60.00

14.60, 100.00,60.00,60.00

14.61, 100.00,60.00,60.00

14.62, 100.00,60.00,60.00

14.63, 100.00,60.00,60.00

14.64, 100.00,60.00,60.00

14.65, 100.00,60.00,60.00

14.66, 100.00,60.00,60.00

14.67, 100.00,60.00,60.00

14.68, 100.00,60.00,60.00

14.69, 100.00,60.00,60.00

14.70, 100.00,60.00,60.00

14.71, 100.00,60.00,60.00

14.72, 100.00,60.00,60.00

14.73, 100.00,60.00,60.00

14.74, 100.00,60.00,60.00

14.75, 100.00,60.00,60.00

14.76, 100.00,60.00,60.00

14.77, 100.00,60.00,60.00

14.78, 100.00,60.00,60.00

14.79, 100.00,60.00,60.00

14.80, 100.00,60.00,60.00

14.81, 100.00,60.00,60.00

14.82, 100.00,60.00,60.00

14.83, 100.00,60.00,60.00

14.84, 100.00,60.00,60.00

14.85, 100.00,60.00,60.00

14.86, 100.00,60.00,60.00

14.87, 100.00,60.00,60.00

14.88, 100.00,60.00,60.00

14.89, 100.00,60.00,60.00

14.90, 100.00,60.00,60.00

14.91, 100.00,60.00,60.00

14.92, 100.00,60.00,60.00

14.93, 100.00,60.00,60.00

14.94, 100.00,60.00,60.00

14.95, 100.00,60.00,60.00

14.96, 100.00,60.00,60.00

14.97, 100.00,60.00,60.00

14.98, 100.00,60.00,60.00

14.99, 100.00,60.00,60.00

15.00, 100.00,60.00,60.00

15.01, 100.00,60.00,60.00

15.02, 100.00,60.00,60.00

15.03, 100.00,60.00,60.00

15.04, 100.00,60.00,60.00

15.05, 100.00,60.00,60.00

15.06, 100.00,60.00,60.00

15.07, 100.00,60.00,60.00

15.08, 100.00,60.00,60.00

15.09, 100.00,60.00,60.00

15.10, 100.00,60.00,60.00

15.11, 100.00,60.00,60.00

15.12, 100.00,60.00,60.00

15.13, 100.00,60.00,60.00

15.14, 100.00,60.00,60.00

15.15, 100.00,60.00,60.00

15.16, 100.00,60.00,60.00

15.17, 100.00,60.00,60.00

15.18, 100.00,60.00,60.00

15.19, 100.00,60.00,60.00

15.20, 100.00,60.00,60.00

15.21, 100.00,60.00,60.00

15.22, 100.00,60.00,60.00

15.23, 100.00,60.00,60.00

15.24, 100.00,60.00,60.00

15.25, 100.00,60.00,60.00

15.26, 100.00,60.00,60.00

15.27, 100.00,60.00,60.00

15.28, 100.00,60.00,60.00

15.29, 100.00,60.00,60.00

15.30, 100.00,60.00,60.00

15.31, 100.00,60.00,60.00

15.32, 100.00,60.00,60.00

15.33, 100.00,60.00,60.00

15.34, 100.00,60.00,60.00

15.35, 100.00,60.00,60.00

15.36, 100.00,60.00,60.00

15.37, 100.00,60.00,60.00

15.38, 100.00,60.00,60.00

15.39, 100.00,60.00,60.00

15.40, 100.00,60.00,60.00

15.41, 100.00,60.00,60.00

15.42, 100.00,60.00,60.00

15.43, 100.00,60.00,60.00

15.44, 100.00,60.00,60.00

15.45, 100.00,60.00,60.00

15.46, 100.00,60.00,60.00

15.47, 100.00,60.00,60.00

15.48, 100.00,60.00,60.00

15.49, 100.00,60.00,60.00

15.50, 100.00,60.00,60.00

15.51, 100.00,60.00,60.00

15.52, 100.00,60.00,60.00

15.53, 100.00,60.00,60.00

15.54, 100.00,60.00,60.00

15.55, 100.00,60.00,60.00

15.56, 100.00,60.00,60.00

15.57, 100.00,60.00,60.00

15.58, 100.00,60.00,60.00

15.59, 100.00,60.00,60.00

15.60, 100.00,60.00,60.00

15.61, 100.00,60.00,60.00

15.62, 100.00,60.00,60.00

15.63, 100.00,60.00,60.00

15.64, 100.00,60.00,60.00

15.65, 100.00,60.00,60.00

15.66, 100.00,60.00,60.00

15.67, 100.00,60.00,60.00

15.68, 100.00,60.00,60.00

15.69, 100.00,60.00,60.00

15.70, 100.00,60.00,60.00

15.71, 100.00,60.00,60.00

15.72, 100.00,60.00,60.00

15.73, 100.00,60.00,60.00

15.74, 100.00,60.00,60.00

15.75, 100.00,60.00,60.00

15.76, 100.00,60.00,60.00

15.77, 100.00,60.00,60.00

15.78, 100.00,60.00,60.00

15.79, 100.00,60.00,60.00

15.80, 100.00,60.00,60.00

15.81, 100.00,60.00,60.00

15.82, 100.00,60.00,60.00

15.83, 100.00,60.00,60.00

15.84, 100.00,60.00,60.00

15.85, 100.00,60.00,60.00

15.86, 100.00,60.00,60.00

15.87, 100.00,60.00,60.00

15.88, 100.00,60.00,60.00

15.89, 100.00,60.00,60.00

15.90, 100.00,60.00,60.00

15.91, 100.00,60.00,60.00

15.92, 100.00,60.00,60.00

15.93, 100.00,60.00,60.00

15.94, 100.00,60.00,60.00

15.95, 100.00,60.00,60.00

15.96, 100.00,60.00,60.00

15.97, 100.00,60.00,60.00

15.98, 100.00,60.00,60.00

15.99, 100.00,60.00,60.00

16.00, 100.00,60.00,60.00

16.01, 100.00,60.00,60.00

16.02, 100.00,60.00,60.00

16.03, 100.00,60.00,60.00

16.04, 100.00,60.00,60.00

16.05, 100.00,60.00,60.00

16.06, 100.00,60.00,60.00

16.07, 100.00,60.00,60.00

16.08, 100.00,60.00,60.00

16.09, 100.00,60.00,60.00

16.10, 100.00,60.00,60.00

16.11, 100.00,60.00,60.00

16.12, 100.00,60.00,60.00

16.13, 100.00,60.00,60.00

16.14, 100.00,60.00,60.00

16.15, 100.00,60.00,60.00

16.16, 100.00,60.00,60.00

16.17, 100.00,60.00,60.00

16.18, 100.00,60.00,60.00

16.19, 100.00,60.00,60.00

16.20, 100.00,60.00,60.00

16.21, 100.00,60.00,60.00

16.22, 100.00,60.00,60.00

16.23, 100.00,60.00,60.00

16.24, 100.00,60.00,60.00

16.25, 100.00,60.00,60.00

16.26, 100.00,60.00,60.00

16.27, 100.00,60.00,60.00

16.28, 100.00,60.00,60.00

16.29, 100.00,60.00,60.00

16.30, 100.00,60.00,60.00

16.31, 100.00,60.00,60.00

16.32, 100.00,60.00,60.00

16.33, 100.00,60.00,60.00

16.34, 100.00,60.00,60.00

16.35, 100.00,60.00,60.00

16.36, 100.00,60.00,60.00

16.37, 100.00,60.00,60.00

16.38, 100.00,60.00,60.00

16.39, 100.00,60.00,60.00

16.40, 100.00,60.00,60.00

16.41, 100.00,60.00,60.00

16.42, 100.00,60.00,60.00

16.43, 100.00,60.00,60.00

16.44, 100.00,60.00,60.00

16.45, 100.00,60.00,60.00

16.46, 100.00,60.00,60.00

16.47, 100.00,60.00,60.00

16.48, 100.00,60.00,60.00

16.49, 100.00,60.00,60.00

16.50, 100.00,60.00,60.00

16.51, 100.00,60.00,60.00

16.52, 100.00,60.00,60.00

16.53, 100.00,60.00,60.00

16.54, 100.00,60.00,60.00

16.55, 100.00,60.00,60.00

16.56, 100.00,60.00,60.00

16.57, 100.00,60.00,60.00

16.58, 100.00,60.00,60.00

16.59, 100.00,60.00,60.00

16.60, 100.00,60.00,60.00

16.61, 100.00,60.00,60.00

16.62, 100.00,60.00,60.00

16.63, 100.00,60.00,60.00

16.64, 100.00,60.00,60.00

16.65, 100.00,60.00,60.00

16.66, 100.00,60.00,60.00

16.67, 100.00,60.00,60.00

16.68, 100.00,60.00,60.00

16.69, 100.00,60.00,60.00

16.70, 100.00,60.00,60.00

16.71, 100.00,60.00,60.00

16.72, 100.00,60.00,60.00

16.73, 100.00,60.00,60.00

16.74, 100.00,60.00,60.00

16.75, 100.00,60.00,60.00

16.76, 100.00,60.00,60.00

16.77, 100.00,60.00,60.00

16.78, 100.00,60.00,60.00

16.79, 100.00,60.00,60.00

16.80, 100.00,60.00,60.00

16.81, 100.00,60.00,60.00

16.82, 100.00,60.00,60.00

16.83, 100.00,60.00,60.00

16.84, 100.00,60.00,60.00

16.85, 100.00,60.00,60.00

16.86, 100.00,60.00,60.00

16.87, 100.00,60.00,60.00

16.88, 100.00,60.00,60.00

16.89, 100.00,60.00,60.00

16.90, 100.00,60.00,60.00

16.91, 100.00,60.00,60.00

16.92, 100.00,60.00,60.00

16.93, 100.00,60.00,60.00

16.94, 100.00,60.00,60.00

16.95, 100.00,60.00,60.00

16.96, 100.00,60.00,60.00

16.97, 100.00,60.00,60.00

16.98, 100.00,60.00,60.00

16.99, 100.00,60.00,60.00

17.00, 100.00,60.00,60.00

17.01, 100.00,60.00,60.00

17.02, 100.00,60.00,60.00

17.03, 100.00,60.00,60.00

17.04, 100.00,60.00,60.00

17.05, 100.00,60.00,60.00

17.06, 100.00,60.00,60.00

17.07, 100.00,60.00,60.00

17.08, 100.00,60.00,60.00

17.09, 100.00,60.00,60.00

17.10, 100.00,60.00,60.00

17.11, 100.00,60.00,60.00

17.12, 100.00,60.00,60.00

17.13, 100.00,60.00,60.00

17.14, 100.00,60.00,60.00

17.15, 100.00,60.00,60.00

17.16, 100.00,60.00,60.00

17.17, 100.00,60.00,60.00

17.18, 100.00,60.00,60.00

17.19, 100.00,60.00,60.00

17.20, 100.00,60.00,60.00

17.21, 100.00,60.00,60.00

17.22, 100.00,60.00,60.00

17.23, 100.00,60.00,60.00

17.24, 100.00,60.00,60.00

17.25, 100.00,60.00,60.00

17.26, 100.00,60.00,60.00

17.27, 100.00,60.00,60.00

17.28, 100.00,60.00,60.00

17.29, 100.00,60.00,60.00

17.30, 100.00,60.00,60.00

17.31, 100.00,60.00,60.00

17.32, 100.00,60.00,60.00

17.33, 100.00,60.00,60.00

17.34, 100.00,60.00,60.00

17.35, 100.00,60.00,60.00

17.36, 100.00,60.00,60.00

17.37, 100.00,60.00,60.00

17.38, 100.00,60.00,60.00

17.39, 100.00,60.00,60.00

17.40, 100.00,60.00,60.00

17.41, 100.00,60.00,60.00

17.42, 100.00,60.00,60.00

17.43, 100.00,60.00,60.00

17.44, 100.00,60.00,60.00

17.45, 100.00,60.00,60.00

17.46, 100.00,60.00,60.00

17.47, 100.00,60.00,60.00

17.48, 100.00,60.00,60.00

17.49, 100.00,60.00,60.00

17.50, 100.00,60.00,60.00

17.51, 100.00,60.00,60.00

17.52, 100.00,60.00,60.00

17.53, 100.00,60.00,60.00

17.54, 100.00,60.00,60.00

17.55, 100.00,60.00,60.00

17.56, 100.00,60.00,60.00

17.57, 100.00,60.00,60.00

17.58, 100.00,60.00,60.00

17.59, 100.00,60.00,60.00

17.60, 100.00,60.00,60.00

17.61, 100.00,60.00,60.00

17.62, 100.00,60.00,60.00

17.63, 100.00,60.00,60.00

17.64, 100.00,60.00,60.00

17.65, 100.00,60.00,60.00

17.66, 100.00,60.00,60.00

17.67, 100.00,60.00,60.00

17.68, 100.00,60.00,60.00

17.69, 100.00,60.00,60.00

17.70, 100.00,60.00,60.00

17.71, 100.00,60.00,60.00

17.72, 100.00,60.00,60.00

17.73, 100.00,60.00,60.00

17.74, 100.00,60.00,60.00

17.75, 100.00,60.00,60.00

17.76, 100.00,60.00,60.00

17.77, 100.00,60.00,60.00

17.78, 100.00,60.00,60.00

17.79, 100.00,60.00,60.00

17.80, 100.00,60.00,60.00

17.81, 100.00,60.00,60.00

17.82, 100.00,60.00,60.00

17.83, 100.00,60.00,60.00

17.84, 100.00,60.00,60.00

17.85, 100.00,60.00,60.00

17.86, 100.00,60.00,60.00

17.87, 100.00,60.00,60.00

17.88, 100.00,60.00,60.00

17.89, 100.00,60.00,60.00

17.90, 100.00,60.00,60.00

17.91, 100.00,60.00,60.00

17.92, 100.00,60.00,60.00

17.93, 100.00,60.00,60.00

17.94, 100.00,60.00,60.00

17.95, 100.00,60.00,60.00

17.96, 100.00,60.00,60.00

17.97, 100.00,60.00,60.00

17.98, 100.00,60.00,60.00

17.99, 100.00,60.00,60.00

18.00, 100.00,60.00,60.00

18.01, 100.00,60.00,60.00

18.02, 100.00,60.00,60.00

18.03, 100.00,60.00,60.00

18.04, 100.00,60.00,60.00

18.05, 100.00,60.00,60.00

18.06, 100.00,60.00,60.00

18.07, 100.00,60.00,60.00

18.08, 100.00,60.00,60.00

18.09, 100.00,60.00,60.00

18.10, 100.00,60.00,60.00

18.11, 100.00,60.00,60.00

18.12, 100.00,60.00,60.00

18.13, 100.00,60.00,60.00

18.14, 100.00,60.00,60.00

18.15, 100.00,60.00,60.00

18.16, 100.00,60.00,60.00

18.17, 100.00,60.00,60.00

18.18, 100.00,60.00,60.00

18.19, 100.00,60.00,60.00

18.20, 100.00,60.00,60.00

18.21, 100.00,60.00,60.00

18.22, 100.00,60.00,60.00

18.23, 100.00,60.00,60.00

18.24, 100.00,60.00,60.00

18.25, 100.00,60.00,60.00

18.26, 100.00,60.00,60.00

18.27, 100.00,60.00,60.00

18.28, 100.00,60.00,60.00

18.29, 100.00,60.00,60.00

18.30, 100.00,60.00,60.00

18.31, 100.00,60.00,60.00

18.32, 100.00,60.00,60.00

18.33, 100.00,60.00,60.00

18.34, 100.00,60.00,60.00

18.35, 100.00,60.00,60.00

18.36, 100.00,60.00,60.00

18.37, 100.00,60.00,60.00

18.38, 100.00,60.00,60.00

18.39, 100.00,60.00,60.00

18.40, 100.00,60.00,60.00

18.41, 100.00,60.00,60.00

18.42, 100.00,60.00,60.00

18.43, 100.00,60.00,60.00

18.44, 100.00,60.00,60.00

18.45, 100.00,60.00,60.00

18.46, 100.00,60.00,60.00

18.47, 100.00,60.00,60.00

18.48, 100.00,60.00,60.00

18.49, 100.00,60.00,60.00

18.50, 100.00,60.00,60.00

18.51, 100.00,60.00,60.00

18.52, 100.00,60.00,60.00

18.53, 100.00,60.00,60.00

18.54, 100.00,60.00,60.00

18.55, 100.00,60.00,60.00

18.56, 100.00,60.00,60.00

18.57, 100.00,60.00,60.00

18.58, 100.00,60.00,60.00

18.59, 100.00,60.00,60.00

18.60, 100.00,60.00,60.00

18.61, 100.00,60.00,60.00

18.62, 100.00,60.00,60.00

18.63, 100.00,60.00,60.00

18.64, 100.00,60.00,60.00

18.65, 100.00,60.00,60.00

18.66, 100.00,60.00,60.00

18.67, 100.00,60.00,60.00

18.68, 100.00,60.00,60.00

18.69, 100.00,60.00,60.00

18.70, 100.00,60.00,60.00

18.71, 100.00,60.00,60.00

18.72, 100.00,60.00,60.00

18.73, 100.00,60.00,60.00

18.74, 100.00,60.00,60.00

18.75, 100.00,60.00,60.00

18.76, 100.00,60.00,60.00

18.77, 100.00,60.00,60.00

18.78, 100.00,60.00,60.00

18.79, 100.00,60.00,60.00

18.80, 100.00,60.00,60.00

18.81, 100.00,60.00,60.00

18.82, 100.00,60.00,60.00

18.83, 100.00,60.00,60.00

18.84, 100.00,60.00,60.00

18.85, 100.00,60.00,60.00

18.86, 100.00,60.00,60.00

18.87, 100.00,60.00,60.00

18.88, 100.00,60.00,60.00

18.89, 100.00,60.00,60.00

18.90, 100.00,60.00,60.00

18.91, 100.00,60.00,60.00

18.92, 100.00,60.00,60.00

18.93, 100.00,60.00,60.00

18.94, 100.00,60.00,60.00

18.95, 100.00,60.00,60.00

18.96, 100.00,60.00,60.00

18.97, 100.00,60.00,60.00

18.98, 100.00,60.00,60.00

18.99, 100.00,60.00,60.00

19.00, 100.00,60.00,60.00

19.01, 100.00,60.00,60.00

19.02, 100.00,60.00,60.00

19.03, 100.00,60.00,60.00

19.04, 100.00,60.00,60.00

19.05, 100.00,60.00,60.00

19.06, 100.00,60.00,60.00

19.07, 100.00,60.00,60.00

19.08, 100.00,60.00,60.00

19.09, 100.00,60.00,60.00

19.10, 100.00,60.00,60.00

19.11, 100.00,60.00,60.00

19.12, 100.00,60.00,60.00

19.13, 100.00,60.00,60.00

19.14, 100.00,60.00,60.00

19.15, 100.00,60.00,60.00

19.16, 100.00,60.00,60.00

19.17, 100.00,60.00,60.00

19.18, 100.00,60.00,60.00

19.19, 100.00,60.00,60.00

19.20, 100.00,60.00,60.00

19.21, 100.00,60.00,60.00

19.22, 100.00,60.00,60.00

19.23, 100.00,60.00,60.00

19.24, 100.00,60.00,60.00

19.25, 100.00,60.00,60.00

19.26, 100.00,60.00,60.00

19.27, 100.00,60.00,60.00

19.28, 100.00,60.00,60.00

19.29, 100.00,60.00,60.00

19.30, 100.00,60.00,60.00

19.31, 100.00,60.00,60.00

19.32, 100.00,60.00,60.00

19.33, 100.00,60.00,60.00

19.34, 100.00,60.00,60.00

19.35, 100.00,60.00,60.00

19.36, 100.00,60.00,60.00

19.37, 100.00,60.00,60.00

19.38, 100.00,60.00,60.00

19.39, 100.00,60.00,60.00

19.40, 100.00,60.00,60.00

19.41, 100.00,60.00,60.00

19.42, 100.00,60.00,60.00

19.43, 100.00,60.00,60.00

19.44, 100.00,60.00,60.00

19.45, 100.00,60.00,60.00

19.46, 100.00,60.00,60.00

19.47, 100.00,60.00,60.00

19.48, 100.00,60.00,60.00

19.49, 100.00,60.00,60.00

19.50, 100.00,60.00,60.00

19.51, 100.00,60.00,60.00

19.52, 100.00,60.00,60.00

19.53, 100.00,60.00,60.00

19.54, 100.00,60.00,60.00

19.55, 100.00,60.00,60.00

19.56, 100.00,60.00,60.00

19.57, 100.00,60.00,60.00

19.58, 100.00,60.00,60.00

19.59, 100.00,60.00,60.00

19.60, 100.00,60.00,60.00

19.61, 100.00,60.00,60.00

19.62, 100.00,60.00,60.00

19.63, 100.00,60.00,60.00

19.64, 100.00,60.00,60.00

19.65, 100.00,60.00,60.00

19.66, 100.00,60.00,60.00

19.67, 100.00,60.00,60.00

19.68, 100.00,60.00,60.00

19.69, 100.00,60.00,60.00

19.70, 100.00,60.00,60.00

19.71, 100.00,60.00,60.00

19.72, 100.00,60.00,60.00

19.73, 100.00,60.00,60.00

19.74, 100.00,60.00,60.00

19.75, 100.00,60.00,60.00

19.76, 100.00,60.00,60.00

19.77, 100.00,60.00,60.00

19.78, 100.00,60.00,60.00

19.79, 100.00,60.00,60.00

19.80, 100.00,60.00,60.00

19.81, 100.00,60.00,60.00

19.82, 100.00,60.00,60.00

19.83, 100.00,60.00,60.00

19.84, 100.00,60.00,60.00

19.85, 100.00,60.00,60.00

19.86, 100.00,60.00,60.00

19.87, 100.00,60.00,60.00

19.88, 100.00,60.00,60.00

19.89, 100.00,60.00,60.00

19.90, 100.00,60.00,60.00

19.91, 100.00,60.00,60.00

19.92, 100.00,60.00,60.00

19.93, 100.00,60.00,60.00

19.94, 100.00,60.00,60.00

19.95, 100.00,60.00,60.00

19.96, 100.00,60.00,60.00

19.97, 100.00,60.00,60.00

19.98, 100.00,60.00,60.00

19.99, 100.00,60.00,60.00

20.00, 100.00,60.00,60.00

20.01, 100.00,60.00,60.00

20.02, 100.00,60.00,60.00

20.03, 100.00,60.00,60.00

20.04, 100.00,60.00,60.00

20.05, 100.00,60.00,60.00

20.06, 100.00,60.00,60.00

20.07, 100.00,60.00,60.00

20.08, 100.00,60.00,60.00

20.09, 100.00,60.00,60.00

20.10, 100.00,60.00,60.00

20.11, 100.00,60.00,60.00

20.12, 100.00,60.00,60.00

20.13, 100.00,60.00,60.00

20.14, 100.00,60.00,60.00

20.15, 100.00,60.00,60.00

20.16, 100.00,60.00,60.00

20.17, 100.00,60.00,60.00

20.18, 100.00,60.00,60.00

20.19, 100.00,60.00,60.00

20.20, 100.00,60.00,60.00

20.21, 100.00,60.00,60.00

20.22, 100.00,60.00,60.00

20.23, 100.00,60.00,60.00

20.24, 100.00,60.00,60.00

20.25, 100.00,60.00,60.00

20.26, 100.00,60.00,60.00

20.27, 100.00,60.00,60.00

20.28, 100.00,60.00,60.00

20.29, 100.00,60.00,60.00

20.30, 100.00,60.00,60.00

20.31, 100.00,60.00,60.00

20.32, 100.00,60.00,60.00

20.33, 100.00,60.00,60.00

20.34, 100.00,60.00,60.00

20.35, 100.00,60.00,60.00

20.36, 100.00,60.00,60.00

20.37, 100.00,60.00,60.00

20.38, 100.00,60.00,60.00

20.39, 100.00,60.00,60.00

20.40, 100.00,60.00,60.00

20.41, 100.00,60.00,60.00

20.42, 100.00,60.00,60.00

20.43, 100.00,60.00,60.00

20.44, 100.00,60.00,60.00

20.45, 100.00,60.00,60.00

20.46, 100.00,60.00,60.00

20.47, 100.00,60.00,60.00

20.48, 100.00,60.00,60.00

20.49, 100.00,60.00,60.00

20.50, 100.00,60.00,60.00

20.51, 100.00,60.00,60.00

20.52, 100.00,60.00,60.00

20.53, 100.00,60.00,60.00

20.54, 100.00,60.00,60.00

20.55, 100.00,60.00,60.00

20.56, 100.00,60.00,60.00

20.57, 100.00,60.00,60.00

20.58, 100.00,60.00,60.00

20.59, 100.00,60.00,60.00

20.60, 100.00,60.00,60.00

20.61, 100.00,60.00,60.00

20.62, 100.00,60.00,60.00

20.63, 100.00,60.00,60.00

20.64, 100.00,60.00,60.00

20.65, 100.00,60.00,60.00

20.66, 100.00,60.00,60.00

20.67, 100.00,60.00,60.00

20.68, 100.00,60.00,60.00

20.69, 100.00,60.00,60.00

20.70, 100.00,60.00,60.00

20.71, 100.00,60.00,60.00

20.72, 100.00,60.00,60.00

20.73, 100.00,60.00,60.00

20.74, 100.00,60.00,60.00

20.75, 100.00,60.00,60.00

20.76, 100.00,60.00,60.00

20.77, 100.00,60.00,60.00

20.78, 100.00,60.00,60.00

20.79, 100.00,60.00,60.00

20.80, 100.00,60.00,60.00

20.81, 100.00,60.00,60.00

20.82, 100.00,60.00,60.00

20.83, 100.00,60.00,60.00

20.84, 100.00,60.00,60.00

20.85, 100.00,60.00,60.00

20.86, 100.00,60.00,60.00

20.87, 100.00,60.00,60.00

20.88, 100.00,60.00,60.00

20.89, 100.00,60.00,60.00

20.90, 100.00,60.00,60.00

20.91, 100.00,60.00,60.00

20.92, 100.00,60.00,60.00

20.93, 100.00,60.00,60.00

20.94, 100.00,60.00,60.00

20.95, 100.00,60.00,60.00

20.96, 100.00,60.00,60.00

20.97, 100.00,60.00,60.00

20.98, 100.00,60.00,60.00

20.99, 100.00,60.00,60.00

21.00, 100.00,60.00,60.00

21.01, 100.00,60.00,60.00

21.02, 100.00,60.00,60.00

21.03, 100.00,60.00,60.00

21.04, 100.00,60.00,60.00

21.05, 100.00,60.00,60.00

21.06, 100.00,60.00,60.00

21.07, 100.00,60.00,60.00

21.08, 100.00,60.00,60.00

21.09, 100.00,60.00,60.00

21.10, 100.00,60.00,60.00

21.11, 100.00,60.00,60.00

21.12, 100.00,60.00,60.00

21.13, 100.00,60.00,60.00

21.14, 100.00,60.00,60.00

21.15, 100.00,60.00,60.00

21.16, 100.00,60.00,60.00

21.17, 100.00,60.00,60.00

21.18, 100.00,60.00,60.00

21.19, 100.00,60.00,60.00

21.20, 100.00,60.00,60.00

21.21, 100.00,60.00,60.00

21.22, 100.00,60.00,60.00

21.23, 100.00,60.00,60.00

21.24, 100.00,60.00,60.00

21.25, 100.00,60.00,60.00

21.26, 100.00,60.00,60.00

21.27, 100.00,60.00,60.00

21.28, 100.00,60.00,60.00

21.29, 100.00,60.00,60.00

21.30, 100.00,60.00,60.00

21.31, 100.00,60.00,60.00

21.32, 100.00,60.00,60.00

21.33, 100.00,60.00,60.00

21.34, 100.00,60.00,60.00

21.35, 100.00,60.00,60.00

21.36, 100.00,60.00,60.00

21.37, 100.00,60.00,60.00

21.38, 100.00,60.00,60.00

21.39, 100.00,60.00,60.00

21.40, 100.00,60.00,60.00

21.41, 100.00,60.00,60.00

21.42, 100.00,60.00,60.00

21.43, 100.00,60.00,60.00

21.44, 100.00,60.00,60.00

21.45, 100.00,60.00,60.00

21.46, 100.00,60.00,60.00

21.47, 100.00,60.00,60.00

21.48, 100.00,60.00,60.00

21.49, 100.00,60.00,60.00

21.50, 100.00,60.00,60.00

21.51, 100.00,60.00,60.00

21.52, 100.00,60.00,60.00

21.53, 100.00,60.00,60.00

21.54, 100.00,60.00,60.00

21.55, 100.00,60.00,60.00

21.56, 100.00,60.00,60.00

21.57, 100.00,60.00,60.00

21.58, 100.00,60.00,60.00

21.59, 100.00,60.00,60.00

21.60, 100.00,60.00,60.00

21.61, 100.00,60.00,60.00

21.62, 100.00,60.00,60.00

21.63, 100.00,60.00,60.00

21.64, 100.00,60.00,60.00

21.65, 100.00,60.00,60.00

21.66, 100.00,60.00,60.00

21.67, 100.00,60.00,60.00

21.68, 100.00,60.00,60.00

21.69, 100.00,60.00,60.00

21.70, 100.00,60.00,60.00

21.71, 100.00,60.00,60.00

21.72, 100.00,60.00,60.00

21.73, 100.00,60.00,60.00

21.74, 100.00,60.00,60.00

21.75, 100.00,60.00,60.00

21.76, 100.00,60.00,60.00

21.77, 100.00,60.00,60.00

21.78, 100.00,60.00,60.00

21.79, 100.00,60.00,60.00

21.80, 100.00,60.00,60.00

21.81, 100.00,60.00,60.00

21.82, 100.00,60.00,60.00

21.83, 100.00,60.00,60.00

21.84, 100.00,60.00,60.00

21.85, 100.00,60.00,60.00

21.86, 100.00,60.00,60.00

21.87, 100.00,60.00,60.00

21.88, 100.00,60.00,60.00

21.89, 100.00,60.00,60.00

21.90, 100.00,60.00,60.00

21.91, 100.00,60.00,60.00

21.92, 100.00,60.00,60.00

21.93, 100.00,60.00,60.00

21.94, 100.00,60.00,60.00

21.95, 100.00,60.00,60.00

21.96, 100.00,60.00,60.00

21.97, 100.00,60.00,60.00

21.98, 100.00,60.00,60.00

21.99, 100.00,60.00,60.00

22.00, 100.00,60.00,60.00

22.01, 100.00,60.00,60.00

22.02, 100.00,60.00,60.00

22.03, 100.00,60.00,60.00

22.04, 100.00,60.00,60.00

22.05, 100.00,60.00,60.00

22.06, 100.00,60.00,60.00

22.07, 100.00,60.00,60.00

22.08, 100.00,60.00,60.00

22.09, 100.00,60.00,60.00

22.10, 100.00,60.00,60.00

22.11, 100.00,60.00,60.00

22.12, 100.00,60.00,60.00

22.13, 100.00,60.00,60.00

22.14, 100.00,60.00,60.00

22.15, 100.00,60.00,60.00

22.16, 100.00,60.00,60.00

22.17, 100.00,60.00,60.00

22.18, 100.00,60.00,60.00

22.19, 100.00,60.00,60.00

22.20, 100.00,60.00,60.00

22.21, 100.00,60.00,60.00

22.22, 100.00,60.00,60.00

22.23, 100.00,60.00,60.00

22.24, 100.00,60.00,60.00

22.25, 100.00,60.00,60.00

22.26, 100.00,60.00,60.00

22.27, 100.00,60.00,60.00

22.28, 100.00,60.00,60.00

22.29, 100.00,60.00,60.00

22.30, 100.00,60.00,60.00

22.31, 100.00,60.00,60.00

22.32, 100.00,60.00,60.00

22.33, 100.00,60.00,60.00

22.34, 100.00,60.00,60.00

22.35, 100.00,60.00,60.00

22.36, 100.00,60.00,60.00

22.37, 100.00,60.00,60.00

22.38, 100.00,60.00,60.00

22.39, 100.00,60.00,60.00

22.40, 100.00,60.00,60.00

22.41, 100.00,60.00,60.00

22.42, 100.00,60.00,60.00

22.43, 100.00,60.00,60.00

22.44, 100.00,60.00,60.00

22.45, 100.00,60.00,60.00

22.46, 100.00,60.00,60.00

22.47, 100.00,60.00,60.00

22.48, 100.00,60.00,60.00

22.49, 100.00,60.00,60.00

22.50, 100.00,60.00,60.00

22.51, 100.00,60.00,60.00

22.52, 100.00,60.00,60.00

22.53, 100.00,60.00,60.00

22.54, 100.00,60.00,60.00

22.55, 100.00,60.00,60.00

22.56, 100.00,60.00,60.00

22.57, 100.00,60.00,60.00

22.58, 100.00,60.00,60.00

22.59, 100.00,60.00,60.00

22.60, 100.00,60.00,60.00

22.61, 100.00,60.00,60.00

22.62, 100.00,60.00,60.00

22.63, 100.00,60.00,60.00

22.64, 100.00,60.00,60.00

22.65, 100.00,60.00,60.00

22.66, 100.00,60.00,60.00

22.67, 100.00,60.00,60.00

22.68, 100.00,60.00,60.00

22.69, 100.00,60.00,60.00

22.70, 100.00,60.00,60.00

22.71, 100.00,60.00,60.00

22.72, 100.00,60.00,60.00

22.73, 100.00,60.00,60.00

22.74, 100.00,60.00,60.00

22.75, 100.00,60.00,60.00

22.76, 100.00,60.00,60.00

22.77, 100.00,60.00,60.00

22.78, 100.00,60.00,60.00

22.79, 100.00,60.00,60.00

22.80, 100.00,60.00,60.00

22.81, 100.00,60.00,60.00

22.82, 100.00,60.00,60.00

22.83, 100.00,60.00,60.00

22.84, 100.00,60.00,60.00

22.85, 100.00,60.00,60.00

22.86, 100.00,60.00,60.00

22.87, 100.00,60.00,60.00

22.88, 100.00,60.00,60.00

22.89, 100.00,60.00,60.00

22.90, 100.00,60.00,60.00

22.91, 100.00,60.00,60.00

22.92, 100.00,60.00,60.00

22.93, 100.00,60.00,60.00

22.94, 100.00,60.00,60.00

22.95, 100.00,60.00,60.00

22.96, 100.00,60.00,60.00

22.97, 100.00,60.00,60.00

22.98, 100.00,60.00,60.00

22.99, 100.00,60.00,60.00

23.00, 100.00,60.00,60.00

23.01, 100.00,60.00,60.00

23.02, 100.00,60.00,60.00

23.03, 100.00,60.00,60.00

23.04, 100.00,60.00,60.00

23.05, 100.00,60.00,60.00

23.06, 100.00,60.00,60.00

23.07, 100.00,60.00,60.00

23.08, 100.00,60.00,60.00

23.09, 100.00,60.00,60.00

23.10, 100.00,60.00,60.00

23.11, 100.00,60.00,60.00

23.12, 100.00,60.00,60.00

23.13, 100.00,60.00,60.00

23.14, 100.00,60.00,60.00

23.15, 100.00,60.00,60.00

23.16, 100.00,60.00,60.00

23.17, 100.00,60.00,60.00

23.18, 100.00,60.00,60.00

23.19, 100.00,60.00,60.00

23.20, 100.00,60.00,60.00

23.21, 100.00,60.00,60.00

23.22, 100.00,60.00,60.00

23.23, 100.00,60.00,60.00

23.24, 100.00,60.00,60.00

23.25, 100.00,60.00,60.00

23.26, 100.00,60.00,60.00

23.27, 100.00,60.00,60.00

23.28, 100.00,60.00,60.00

23.29, 100.00,60.00,60.00

23.30, 100.00,60.00,60.00

23.31, 100.00,60.00,60.00

23.32, 100.00,60.00,60.00

23.33, 100.00,60.00,60.00

23.34, 100.00,60.00,60.00

23.35, 100.00,60.00,60.00

23.36, 100.00,60.00,60.00

23.37, 100.00,60.00,60.00

23.38, 100.00,60.00,60.00

23.39, 100.00,60.00,60.00

23.40, 100.00,60.00,60.00

23.41, 100.00,60.00,60.00

23.42, 100.00,60.00,60.00

23.43, 100.00,60.00,60.00

23.44, 100.00,60.00,60.00

23.45, 100.00,60.00,60.00

23.46, 100.00,60.00,60.00

23.47, 100.00,60.00,60.00

23.48, 100.00,60.00,60.00

23.49, 100.00,60.00,60.00

23.50, 100.00,60.00,60.00

23.51, 100.00,60.00,60.00

23.52, 100.00,60.00,60.00

23.53, 100.00,60.00,60.00

23.54, 100.00,60.00,60.00

23.55, 100.00,60.00,60.00

23.56, 100.00,60.00,60.00

23.57, 100.00,60.00,60.00

23.58, 100.00,60.00,60.00

23.59, 100.00,60.00,60.00

23.60, 100.00,60.00,60.00

23.61, 100.00,60.00,60.00

23.62, 100.00,60.00,60.00

23.63, 100.00,60.00,60.00

23.64, 100.00,60.00,60.00

23.65, 100.00,60.00,60.00

23.66, 100.00,60.00,60.00

23.67, 100.00,60.00,60.00

23.68, 100.00,60.00,60.00

23.69, 100.00,60.00,60.00

23.70, 100.00,60.00,60.00

23.71, 100.00,60.00,60.00

23.72, 100.00,60.00,60.00

23.73, 100.00,60.00,60.00

23.74, 100.00,60.00,60.00

23.75, 100.00,60.00,60.00

23.76, 100.00,60.00,60.00

23.77, 100.00,60.00,60.00

23.78, 100.00,60.00,60.00

23.79, 100.00,60.00,60.00

23.80, 100.00,60.00,60.00

23.81, 100.00,60.00,60.00

23.82, 100.00,60.00,60.00

23.83, 100.00,60.00,60.00

23.84, 100.00,60.00,60.00

23.85, 100.00,60.00,60.00

23.86, 100.00,60.00,60.00

23.87, 100.00,60.00,60.00

23.88, 100.00,60.00,60.00

23.89, 100.00,60.00,60.00

23.90, 100.00,60.00,60.00

23.91, 100.00,60.00,60.00

23.92, 100.00,60.00,60.00

23.93, 100.00,60.00,60.00

23.94, 100.00,60.00,60.00

23.95, 100.00,60.00,60.00

23.96, 100.00,60.00,60.00

23.97, 100.00,60.00,60.00

23.98, 100.00,60.00,60.00

23.99, 100.00,60.00,60.00

24.00, 100.00,60.00,60.00

24.01, 100.00,60.00,60.00

24.02, 100.00,60.00,60.00

24.03, 100.00,60.00,60.00

24.04, 100.00,60.00,60.00

24.05, 100.00,60.00,60.00

24.06, 100.00,60.00,60.00

24.07, 100.00,60.00,60.00

24.08, 100.00,60.00,60.00

24.09, 100.00,60.00,60.00

24.10, 100.00,60.00,60.00

24.11, 100.00,60.00,60.00

24.12, 100.00,60.00,60.00

24.13, 100.00,60.00,60.00

24.14, 100.00,60.00,60.00

24.15, 100.00,60.00,60.00

24.16, 100.00,60.00,60.00

24.17, 100.00,60.00,60.00

24.18, 100.00,60.00,60.00

24.19, 100.00,60.00,60.00

24.20, 100.00,60.00,60.00

24.21, 100.00,60.00,60.00

24.22, 100.00,60.00,60.00

24.23, 100.00,60.00,60.00

24.24, 100.00,60.00,60.00

24.25, 100.00,60.00,60.00

24.26, 100.00,60.00,60.00

24.27, 100.00,60.00,60.00

24.28, 100.00,60.00,60.00

24.29, 100.00,60.00,60.00

24.30, 100.00,60.00,60.00

24.31, 100.00,60.00,60.00

24.32, 100.00,60.00,60.00

24.33, 100.00,60.00,60.00

24.34, 100.00,60.00,60.00

24.35, 100.00,60.00,60.00

24.36, 100.00,60.00,60.00

24.37, 100.00,60.00,60.00

24.38, 100.00,60.00,60.00

24.39, 100.00,60.00,60.00

24.40, 100.00,60.00,60.00

24.41, 100.00,60.00,60.00

24.42, 100.00,60.00,60.00

24.43, 100.00,60.00,60.00

24.44, 100.00,60.00,60.00

24.45, 100.00,60.00,60.00

24.46, 100.00,60.00,60.00

24.47, 100.00,60.00,60.00

24.48, 100.00,60.00,60.00

24.49, 100.00,60.00,60.00

24.50, 100.00,60.00,60.00

24.51, 100.00,60.00,60.00

24.52, 100.00,60.00,60.00

24.53, 100.00,60.00,60.00

24.54, 100.00,60.00,60.00

24.55, 100.00,60.00,60.00

24.56, 100.00,60.00,60.00

24.57, 100.00,60.00,60.00

24.58, 100.00,60.00,60.00

24.59, 100.00,60.00,60.00

24.60, 100.00,60.00,60.00

24.61, 100.00,60.00,60.00

24.62, 100.00,60.00,60.00

24.63, 100.00,60.00,60.00

24.64, 100.00,60.00,60.00

24.65, 100.00,60.00,60.00

24.66, 100.00,60.00,60.00

24.67, 100.00,60.00,60.00

24.68, 100.00,60.00,60.00

24.69, 100.00,60.00,60.00

24.70, 100.00,60.00,60.00

24.71, 100.00,60.00,60.00

24.72, 100.00,60.00,60.00

24.73, 100.00,60.00,60.00

24.74, 100.00,60.00,60.00

24.75, 100.00,60.00,60.00

24.76, 100.00,60.00,60.00

24.77, 100.00,60.00,60.00

24.78, 100.00,60.00,60.00

24.79, 100.00,60.00,60.00

24.80, 100.00,60.00,60.00

24.81, 100.00,60.00,60.00

24.82, 100.00,60.00,60.00

24.83, 100.00,60.00,60.00

24.84, 100.00,60.00,60.00

24.85, 100.00,60.00,60.00

24.86, 100.00,60.00,60.00

24.87, 100.00,60.00,60.00

24.88, 100.00,60.00,60.00

24.89, 100.00,60.00,60.00

24.90, 100.00,60.00,60.00

24.91, 100.00,60.00,60.00

24.92, 100.00,60.00,60.00

24.93, 100.00,60.00,60.00

24.94, 100.00,60.00,60.00

24.95, 100.00,60.00,60.00

24.96, 100.00,60.00,60.00

24.97, 100.00,60.00,60.00

24.98, 100.00,60.00,60.00

24.99, 100.00,60.00,60.00

25.00, 100.00,60.00,60.00

25.01, 100.00,60.00,60.00

25.02, 100.00,60.00,60.00

25.03, 100.00,60.00,60.00

25.04, 100.00,60.00,60.00

25.05, 100.00,60.00,60.00

25.06, 100.00,60.00,60.00

25.07, 100.00,60.00,60.00

25.08, 100.00,60.00,60.00

25.09, 100.00,60.00,60.00

25.10, 100.00,60.00,60.00

25.11, 100.00,60.00,60.00

25.12, 100.00,60.00,60.00

25.13, 100.00,60.00,60.00

25.14, 100.00,60.00,60.00

25.15, 100.00,60.00,60.00

25.16, 100.00,60.00,60.00

25.17, 100.00,60.00,60.00

25.18, 100.00,60.00,60.00

25.19, 100.00,60.00,60.00

25.20, 100.00,60.00,60.00

25.21, 100.00,60.00,60.00

25.22, 100.00,60.00,60.00

25.23, 100.00,60.00,60.00

25.24, 100.00,60.00,60.00

25.25, 100.00,60.00,60.00

25.26, 100.00,60.00,60.00

25.27, 100.00,60.00,60.00

25.28, 100.00,60.00,60.00

25.29, 100.00,60.00,60.00

25.30, 100.00,60.00,60.00

25.31, 100.00,60.00,60.00

25.32, 100.00,60.00,60.00

25.33, 100.00,60.00,60.00

25.34, 100.00,60.00,60.00

25.35, 100.00,60.00,60.00

25.36, 100.00,60.00,60.00

25.37, 100.00,60.00,60.00

25.38, 100.00,60.00,60.00

25.39, 100.00,60.00,60.00

25.40, 100.00,60.00,60.00

25.41, 100.00,60.00,60.00

25.42, 100.00,60.00,60.00

25.43, 100.00,60.00,60.00

25.44, 100.00,60.00,60.00

25.45, 100.00,60.00,60.00

25.46, 100.00,60.00,60.00

25.47, 100.00,60.00,60.00

25.48, 100.00,60.00,60.00

25.49, 100.00,60.00,60.00

25.50, 100.00,60.00,60.00

25.51, 100.00,60.00,60.00

25.52, 100.00,60.00,60.00

25.53, 100.00,60.00,60.00

25.54, 100.00,60.00,60.00

25.55, 100.00,60.00,60.00

25.56, 100.00,60.00,60.00

25.57, 100.00,60.00,60.00

25.58, 100.00,60.00,60.00

25.59, 100.00,60.00,60.00

25.60, 100.00,60.00,60.00

25.61, 100.00,60.00,60.00

25.62, 100.00,60.00,60.00

25.63, 100.00,60.00,60.00

25.64, 100.00,60.00,60.00

25.65, 100.00,60.00,60.00

25.66, 100.00,60.00,60.00

25.67, 100.00,60.00,60.00

25.68, 100.00,60.00,60.00

25.69, 100.00,60.00,60.00

25.70, 100.00,60.00,60.00

25.71, 100.00,60.00,60.00

25.72, 100.00,60.00,60.00

25.73, 100.00,60.00,60.00

25.74, 100.00,60.00,60.00

25.75, 100.00,60.00,60.00

25.76, 100.00,60.00,60.00

25.77, 100.00,60.00,60.00

25.78, 100.00,60.00,60.00

25.79, 100.00,60.00,60.00

25.80, 100.00,60.00,60.00

25.81, 100.00,60.00,60.00

25.82, 100.00,60.00,60.00

25.83, 100.00,60.00,60.00

25.84, 100.00,60.00,60.00

25.85, 100.00,60.00,60.00

25.86, 100.00,60.00,60.00

25.87, 100.00,60.00,60.00

25.88, 100.00,60.00,60.00

25.89, 100.00,60.00,60.00

25.90, 100.00,60.00,60.00

25.91, 100.00,60.00,60.00

25.92, 100.00,60.00,60.00

25.93, 100.00,60.00,60.00

25.94, 100.00,60.00,60.00

25.95, 100.00,60.00,60.00

25.96, 100.00,60.00,60.00

25.97, 100.00,60.00,60.00

25.98, 100.00,60.00,60.00

25.99, 100.00,60.00,60.00

26.00, 100.00,60.00,60.00

26.01, 100.00,60.00,60.00

26.02, 100.00,60.00,60.00

26.03, 100.00,60.00,60.00

26.04, 100.00,60.00,60.00

26.05, 100.00,60.00,60.00

26.06, 100.00,60.00,60.00

26.07, 100.00,60.00,60.00

26.08, 100.00,60.00,60.00

26.09, 100.00,60.00,60.00

26.10, 100.00,60.00,60.00

26.11, 100.00,60.00,60.00

26.12, 100.00,60.00,60.00

26.13, 100.00,60.00,60.00

26.14, 100.00,60.00,60.00

26.15, 100.00,60.00,60.00

26.16, 100.00,60.00,60.00

26.17, 100.00,60.00,60.00

26.18, 100.00,60.00,60.00

26.19, 100.00,60.00,60.00

26.20, 100.00,60.00,60.00

26.21, 100.00,60.00,60.00

26.22, 100.00,60.00,60.00

26.23, 100.00,60.00,60.00

26.24, 100.00,60.00,60.00

26.25, 100.00,60.00,60.00

26.26, 100.00,60.00,60.00

26.27, 100.00,60.00,60.00

26.28, 100.00,60.00,60.00

26.29, 100.00,60.00,60.00

26.30, 100.00,60.00,60.00

26.31, 100.00,60.00,60.00

26.32, 100.00,60.00,60.00

26.33, 100.00,60.00,60.00

26.34, 100.00,60.00,60.00

26.35, 100.00,60.00,60.00

26.36, 100.00,60.00,60.00

26.37, 100.00,60.00,60.00

26.38, 100.00,60.00,60.00

26.39, 100.00,60.00,60.00

26.40, 100.00,60.00,60.00

26.41, 100.00,60.00,60.00

26.42, 100.00,60.00,60.00

26.43, 100.00,60.00,60.00

26.44, 100.00,60.00,60.00

26.45, 100.00,60.00,60.00

26.46, 100.00,60.00,60.00

26.47, 100.00,60.00,60.00

26.48, 100.00,60.00,60.00

26.49, 100.00,60.00,60.00

26.50, 100.00,60.00,60.00

26.51, 100.00,60.00,60.00

26.52, 100.00,60.00,60.00

26.53, 100.00,60.00,60.00

26.54, 100.00,60.00,60.00

26.55, 100.00,60.00,60.00

26.56, 100.00,60.00,60.00

26.57, 100.00,60.00,60.00

26.58, 100.00,60.00,60.00

26.59, 100.00,60.00,60.00

26.60, 100.00,60.00,60.00

26.61, 100.00,60.00,60.00

26.62, 100.00,60.00,60.00

26.63, 100.00,60.00,60.00

26.64, 100.00,60.00,60.00

26.65, 100.00,60.00,60.00

26.66, 100.00,60.00,60.00

26.67, 100.00,60.00,60.00

26.68, 100.00,60.00,60.00

26.69, 100.00,60.00,60.00

26.70, 100.00,60.00,60.00

26.71, 100.00,60.00,60.00

26.72, 100.00,60.00,60.00

26.73, 100.00,60.00,60.00

26.74, 100.00,60.00,60.00

26.75, 100.00,60.00,60.00

26.76, 100.00,60.00,60.00

26.77, 100.00,60.00,60.00

26.78, 100.00,60.00,60.00

26.79, 100.00,60.00,60.00

26.80, 100.00,60.00,60.00

26.81, 100.00,60.00,60.00

26.82, 100.00,60.00,60.00

26.83, 100.00,60.00,60.00

26.84, 100.00,60.00,60.00

26.85, 100.00,60.00,60.00

26.86, 100.00,60.00,60.00

26.87, 100.00,60.00,60.00

26.88, 100.00,60.00,60.00

26.89, 100.00,60.00,60.00

26.90, 100.00,60.00,60.00

26.91, 100.00,60.00,60.00

26.92, 100.00,60.00,60.00

26.93, 100.00,60.00,60.00

26.94, 100.00,60.00,60.00

26.95, 100.00,60.00,60.00

26.96, 100.00,60.00,60.00

26.97, 100.00,60.00,60.00

26.98, 100.00,60.00,60.00

26.99, 100.00,60.00,60.00

27.00, 100.00,60.00,60.00

27.01, 100.00,60.00,60.00

27.02, 100.00,60.00,60.00

27.03, 100.00,60.00,60.00

27.04, 100.00,60.00,60.00

27.05, 100.00,60.00,60.00

27.06, 100.00,60.00,60.00

27.07, 100.00,60.00,60.00

27.08, 100.00,60.00,60.00

27.09, 100.00,60.00,60.00

27.10, 100.00,60.00,60.00

27.11, 100.00,60.00,60.00

27.12, 100.00,60.00,60.00

27.13, 100.00,60.00,60.00

27.14, 100.00,60.00,60.00

27.15, 100.00,60.00,60.00

27.16, 100.00,60.00,60.00

27.17, 100.00,60.00,60.00

27.18, 100.00,60.00,60.00

27.19, 100.00,60.00,60.00

27.20, 100.00,60.00,60.00

27.21, 100.00,60.00,60.00

27.22, 100.00,60.00,60.00

27.23, 100.00,60.00,60.00

27.24, 100.00,60.00,60.00

27.25, 100.00,60.00,60.00

27.26, 100.00,60.00,60.00

27.27, 100.00,60.00,60.00

27.28, 100.00,60.00,60.00

27.29, 100.00,60.00,60.00

27.30, 100.00,60.00,60.00

27.31, 100.00,60.00,60.00

27.32, 100.00,60.00,60.00

27.33, 100.00,60.00,60.00

27.34, 100.00,60.00,60.00

27.35, 100.00,60.00,60.00

27.36, 100.00,60.00,60.00

27.37, 100.00,60.00,60.00

27.38, 100.00,60.00,60.00

27.39, 100.00,60.00,60.00

27.40, 100.00,60.00,60.00

27.41, 100.00,60.00,60.00

27.42, 100.00,60.00,60.00

27.43, 100.00,60.00,60.00

27.44, 100.00,60.00,60.00

27.45, 100.00,60.00,60.00

27.46, 100.00,60.00,60.00

27.47, 100.00,60.00,60.00

27.48, 100.00,60.00,60.00

27.49, 100.00,60.00,60.00

27.50, 100.00,60.00,60.00

27.51, 100.00,60.00,60.00

27.52, 100.00,60.00,60.00

27.53, 100.00,60.00,60.00

27.54, 100.00,60.00,60.00

27.55, 100.00,60.00,60.00

27.56, 100.00,60.00,60.00

27.57, 100.00,60.00,60.00

27.58, 100.00,60.00,60.00

27.59, 100.00,60.00,60.00

27.60, 100.00,60.00,60.00

27.61, 100.00,60.00,60.00

27.62, 100.00,60.00,60.00

27.63, 100.00,60.00,60.00

27.64, 100.00,60.00,60.00

27.65, 100.00,60.00,60.00

27.66, 100.00,60.00,60.00

27.67, 100.00,60.00,60.00

27.68, 100.00,60.00,60.00

27.69, 100.00,60.00,60.00

27.70, 100.00,60.00,60.00

27.71, 100.00,60.00,60.00

27.72, 100.00,60.00,60.00

27.73, 100.00,60.00,60.00

27.74, 100.00,60.00,60.00

27.75, 100.00,60.00,60.00

27.76, 100.00,60.00,60.00

27.77, 100.00,60.00,60.00

27.78, 100.00,60.00,60.00

27.79, 100.00,60.00,60.00

27.80, 100.00,60.00,60.00

27.81, 100.00,60.00,60.00

27.82, 100.00,60.00,60.00

27.83, 100.00,60.00,60.00

27.84, 100.00,60.00,60.00

27.85, 100.00,60.00,60.00

27.86, 100.00,60.00,60.00

27.87, 100.00,60.00,60.00

27.88, 100.00,60.00,60.00

27.89, 100.00,60.00,60.00

27.90, 100.00,60.00,60.00

27.91, 100.00,60.00,60.00

27.92, 100.00,60.00,60.00

27.93, 100.00,60.00,60.00

27.94, 100.00,60.00,60.00

27.95, 100.00,60.00,60.00

27.96, 100.00,60.00,60.00

27.97, 100.00,60.00,60.00

27.98, 100.00,60.00,60.00

27.99, 100.00,60.00,60.00

28.00, 100.00,60.00,60.00

28.01, 100.00,60.00,60.00

28.02, 100.00,60.00,60.00

28.03, 100.00,60.00,60.00

28.04, 100.00,60.00,60.00

28.05, 100.00,60.00,60.00

28.06, 100.00,60.00,60.00

28.07, 100.00,60.00,60.00

28.08, 100.00,60.00,60.00

28.09, 100.00,60.00,60.00

28.10, 100.00,60.00,60.00

28.11, 100.00,60.00,60.00

28.12, 100.00,60.00,60.00

28.13, 100.00,60.00,60.00

28.14, 100.00,60.00,60.00

28.15, 100.00,60.00,60.00

28.16, 100.00,60.00,60.00

28.17, 100.00,60.00,60.00

28.18, 100.00,60.00,60.00

28.19, 100.00,60.00,60.00

28.20, 100.00,60.00,60.00

28.21, 100.00,60.00,60.00

28.22, 100.00,60.00,60.00

28.23, 100.00,60.00,60.00

28.24, 100.00,60.00,60.00

28.25, 100.00,60.00,60.00

28.26, 100.00,60.00,60.00

28.27, 100.00,60.00,60.00

28.28, 100.00,60.00,60.00

28.29, 100.00,60.00,60.00

28.30, 100.00,60.00,60.00

28.31, 100.00,60.00,60.00

28.32, 100.00,60.00,60.00

28.33, 100.00,60.00,60.00

28.34, 100.00,60.00,60.00

28.35, 100.00,60.00,60.00

28.36, 100.00,60.00,60.00

28.37, 100.00,60.00,60.00

28.38, 100.00,60.00,60.00

28.39, 100.00,60.00,60.00

28.40, 100.00,60.00,60.00

28.41, 100.00,60.00,60.00

28.42, 100.00,60.00,60.00

28.43, 100.00,60.00,60.00

28.44, 100.00,60.00,60.00

28.45, 100.00,60.00,60.00

28.46, 100.00,60.00,60.00

28.47, 100.00,60.00,60.00

28.48, 100.00,60.00,60.00

28.49, 100.00,60.00,60.00

28.50, 100.00,60.00,60.00

28.51, 100.00,60.00,60.00

28.52, 100.00,60.00,60.00

28.53, 100.00,60.00,60.00

28.54, 100.00,60.00,60.00

28.55, 100.00,60.00,60.00

28.56, 100.00,60.00,60.00

28.57, 100.00,60.00,60.00

28.58, 100.00,60.00,60.00

28.59, 100.00,60.00,60.00

28.60, 100.00,60.00,60.00

28.61, 100.00,60.00,60.00

28.62, 100.00,60.00,60.00

28.63, 100.00,60.00,60.00

28.64, 100.00,60.00,60.00

28.65, 100.00,60.00,60.00

28.66, 100.00,60.00,60.00

28.67, 100.00,60.00,60.00

28.68, 100.00,60.00,60.00

28.69, 100.00,60.00,60.00

28.70, 100.00,60.00,60.00

28.71, 100.00,60.00,60.00

28.72, 100.00,60.00,60.00

28.73, 100.00,60.00,60.00

28.74, 100.00,60.00,60.00

28.75, 100.00,60.00,60.00

28.76, 100.00,60.00,60.00

28.77, 100.00,60.00,60.00

28.78, 100.00,60.00,60.00

28.79, 100.00,60.00,60.00

28.80, 100.00,60.00,60.00

28.81, 100.00,60.00,60.00

28.82, 100.00,60.00,60.00

28.83, 100.00,60.00,60.00

28.84, 100.00,60.00,60.00

28.85, 100.00,60.00,60.00

28.86, 100.00,60.00,60.00

28.87, 100.00,60.00,60.00

28.88, 100.00,60.00,60.00

28.89, 100.00,60.00,60.00

28.90, 100.00,60.00,60.00

28.91, 100.00,60.00,60.00

28.92, 100.00,60.00,60.00

28.93, 100.00,60.00,60.00

28.94, 100.00,60.00,60.00

28.95, 100.00,60.00,60.00

28.96, 100.00,60.00,60.00

28.97, 100.00,60.00,60.00

28.98, 100.00,60.00,60.00

28.99, 100.00,60.00,60.00

29.00, 100.00,60.00,60.00

29.01, 100.00,60.00,60.00

29.02, 100.00,60.00,60.00

29.03, 100.00,60.00,60.00

29.04, 100.00,60.00,60.00

29.05, 100.00,60.00,60.00

29.06, 100.00,60.00,60.00

29.07, 100.00,60.00,60.00

29.08, 100.00,60.00,60.00

29.09, 100.00,60.00,60.00

29.10, 100.00,60.00,60.00

29.11, 100.00,60.00,60.00

29.12, 100.00,60.00,60.00

29.13, 100.00,60.00,60.00

29.14, 100.00,60.00,60.00

29.15, 100.00,60.00,60.00

29.16, 100.00,60.00,60.00

29.17, 100.00,60.00,60.00

29.18, 100.00,60.00,60.00

29.19, 100.00,60.00,60.00

29.20, 100.00,60.00,60.00

29.21, 100.00,60.00,60.00

29.22, 100.00,60.00,60.00

29.23, 100.00,60.00,60.00

29.24, 100.00,60.00,60.00

29.25, 100.00,60.00,60.00

29.26, 100.00,60.00,60.00

29.27, 100.00,60.00,60.00

29.28, 100.00,60.00,60.00

29.29, 100.00,60.00,60.00

29.30, 100.00,60.00,60.00

29.31, 100.00,60.00,60.00

29.32, 100.00,60.00,60.00

29.33, 100.00,60.00,60.00

29.34, 100.00,60.00,60.00

29.35, 100.00,60.00,60.00

29.36, 100.00,60.00,60.00

29.37, 100.00,60.00,60.00

29.38, 100.00,60.00,60.00

29.39, 100.00,60.00,60.00

29.40, 100.00,60.00,60.00

29.41, 100.00,60.00,60.00

29.42, 100.00,60.00,60.00

29.43, 100.00,60.00,60.00

29.44, 100.00,60.00,60.00

29.45, 100.00,60.00,60.00

29.46, 100.00,60.00,60.00

29.47, 100.00,60.00,60.00

29.48, 100.00,60.00,60.00

29.49, 100.00,60.00,60.00

29.50, 100.00,60.00,60.00

29.51, 100.00,60.00,60.00

29.52, 100.00,60.00,60.00

29.53, 100.00,60.00,60.00

29.54, 100.00,60.00,60.00

29.55, 100.00,60.00,60.00

29.56, 100.00,60.00,60.00

29.57, 100.00,60.00,60.00

29.58, 100.00,60.00,60.00

29.59, 100.00,60.00,60.00

29.60, 100.00,60.00,60.00

29.61, 100.00,60.00,60.00

29.62, 100.00,60.00,60.00

29.63, 100.00,60.00,60.00

29.64, 100.00,60.00,60.00

29.65, 100.00,60.00,60.00

29.66, 100.00,60.00,60.00

29.67, 100.00,60.00,60.00

29.68, 100.00,60.00,60.00

29.69, 100.00,60.00,60.00

29.70, 100.00,60.00,60.00

29.71, 100.00,60.00,60.00

29.72, 100.00,60.00,60.00

29.73, 100.00,60.00,60.00

29.74, 100.00,60.00,60.00

29.75, 100.00,60.00,60.00

29.76, 100.00,60.00,60.00

29.77, 100.00,60.00,60.00

29.78, 100.00,60.00,60.00

29.79, 100.00,60.00,60.00

29.80, 100.00,60.00,60.00

29.81, 100.00,60.00,60.00

29.82, 100.00,60.00,60.00

29.83, 100.00,60.00,60.00

29.84, 100.00,60.00,60.00

29.85, 100.00,60.00,60.00

29.86, 100.00,60.00,60.00

29.87, 100.00,60.00,60.00

29.88, 100.00,60.00,60.00

29.89, 100.00,60.00,60.00

29.90, 100.00,60.00,60.00

29.91, 100.00,60.00,60.00

29.92, 100.00,60.00,60.00

29.93, 100.00,60.00,60.00

29.94, 100.00,60.00,60.00

29.95, 100.00,60.00,60.00

29.96, 100.00,60.00,60.00

29.97, 100.00,60.00,60.00

29.98, 100.00,60.00,60.00

29.99, 100.00,60.00,60.00

30.00, 100.00,60.00,60.00

30.01, 100.00,60.00,60.00

30.02, 100.00,60.00,60.00

30.03, 100.00,60.00,60.00

30.04, 100.00,60.00,60.00

30.05, 100.00,60.00,60.00

30.06, 100.00,60.00,60.00

30.07, 100.00,60.00,60.00

30.08, 100.00,60.00,60.00

30.09, 100.00,60.00,60.00

30.10, 100.00,60.00,60.00

30.11, 100.00,60.00,60.00

30.12, 100.00,60.00,60.00

30.13, 100.00,60.00,60.00

30.14, 100.00,60.00,60.00

30.15, 100.00,60.00,60.00

30.16, 100.00,60.00,60.00

30.17, 100.00,60.00,60.00

30.18, 100.00,60.00,60.00

30.19, 100.00,60.00,60.00

30.20, 100.00,60.00,60.00

30.21, 100.00,60.00,60.00

30.22, 100.00,60.00,60.00

30.23, 100.00,60.00,60.00

30.24, 100.00,60.00,60.00

30.25, 100.00,60.00,60.00

30.26, 100.00,60.00,60.00

30.27, 100.00,60.00,60.00

30.28, 100.00,60.00,60.00

30.29, 100.00,60.00,60.00

30.30, 100.00,60.00,60.00

30.31, 100.00,60.00,60.00

30.32, 100.00,60.00,60.00

30.33, 100.00,60.00,60.00

30.34, 100.00,60.00,60.00

30.35, 100.00,60.00,60.00

30.36, 100.00,60.00,60.00

30.37, 100.00,60.00,60.00

30.38, 100.00,60.00,60.00

30.39, 100.00,60.00,60.00

30.40, 100.00,60.00,60.00

30.41, 100.00,60.00,60.00

30.42, 100.00,60.00,60.00

30.43, 100.00,60.00,60.00

30.44, 100.00,60.00,60.00

30.45, 100.00,60.00,60.00

30.46, 100.00,60.00,60.00

30.47, 100.00,60.00,60.00

30.48, 100.00,60.00,60.00

30.49, 100.00,60.00,60.00

30.50, 100.00,60.00,60.00

30.51, 100.00,60.00,60.00

30.52, 100.00,60.00,60.00

30.53, 100.00,60.00,60.00

30.54, 100.00,60.00,60.00

30.55, 100.00,60.00,60.00

30.56, 100.00,60.00,60.00

30.57, 100.00,60.00,60.00

30.58, 100.00,60.00,60.00

30.59, 100.00,60.00,60.00

30.60, 100.00,60.00,60.00

30.61, 100.00,60.00,60.00

30.62, 100.00,60.00,60.00

30.63, 100.00,60.00,60.00

30.64, 100.00,60.00,60.00

30.65, 100.00,60.00,60.00

30.66, 100.00,60.00,60.00

30.67, 100.00,60.00,60.00

30.68, 100.00,60.00,60.00

30.69, 100.00,60.00,60.00

30.70, 100.00,60.00,60.00

30.71, 100.00,60.00,60.00

30.72, 100.00,60.00,60.00

30.73, 100.00,60.00,60.00

30.74, 100.00,60.00,60.00

30.75, 100.00,60.00,60.00

30.76, 100.00,60.00,60.00

30.77, 100.00,60.00,60.00

30.78, 100.00,60.00,60.00

30.79, 100.00,60.00,60.00

30.80, 100.00,60.00,60.00

30.81, 100.00,60.00,60.00

30.82, 100.00,60.00,60.00

30.83, 100.00,60.00,60.00

30.84, 100.00,60.00,60.00

30.85, 100.00,60.00,60.00

30.86, 100.00,60.00,60.00

30.87, 100.00,60.00,60.00

30.88, 100.00,60.00,60.00

30.89, 100.00,60.00,60.00

30.90, 100.00,60.00,60.00

30.91, 100.00,60.00,60.00

30.92, 100.00,60.00,60.00

30.93, 100.00,60.00,60.00

30.94, 100.00,60.00,60.00

30.95, 100.00,60.00,60.00

30.96, 100.00,60.00,60.00

30.97, 100.00,60.00,60.00

30.98, 100.00,60.00,60.00

30.99, 100.00,60.00,60.00

31.00, 100.00,60.00,60.00

31.01, 100.00,60.00,60.00

31.02, 100.00,60.00,60.00

31.03, 100.00,60.00,60.00

31.04, 100.00,60.00,60.00

31.05, 100.00,60.00,60.00

31.06, 100.00,60.00,60.00

31.07, 100.00,60.00,60.00

31.08, 100.00,60.00,60.00

31.09, 100.00,60.00,60.00

31.10, 100.00,60.00,60.00

31.11, 100.00,60.00,60.00

31.12, 100.00,60.00,60.00

31.13, 100.00,60.00,60.00

31.14, 100.00,60.00,60.00

31.15, 100.00,60.00,60.00

31.16, 100.00,60.00,60.00

31.17, 100.00,60.00,60.00

31.18, 100.00,60.00,60.00

31.19, 100.00,60.00,60.00

31.20, 100.00,60.00,60.00

31.21, 100.00,60.00,60.00

31.22, 100.00,60.00,60.00

31.23, 100.00,60.00,60.00

31.24, 100.00,60.00,60.00

31.25, 100.00,60.00,60.00

31.26, 100.00,60.00,60.00

31.27, 100.00,60.00,60.00

31.28, 100.00,60.00,60.00

31.29, 100.00,60.00,60.00

31.30, 100.00,60.00,60.00

31.31, 100.00,60.00,60.00

31.32, 100.00,60.00,60.00

31.33, 100.00,60.00,60.00

31.34, 100.00,60.00,60.00

31.35, 100.00,60.00,60.00

31.36, 100.00,60.00,60.00

31.37, 100.00,60.00,60.00

31.38, 100.00,60.00,60.00

31.39, 100.00,60.00,60.00

31.40, 100.00,60.00,60.00

31.41, 100.00,60.00,60.00

31.42, 100.00,60.00,60.00

31.43, 100.00,60.00,60.00

31.44, 100.00,60.00,60.00

31.45, 100.00,60.00,60.00

31.46, 100.00,60.00,60.00

31.47, 100.00,60.00,60.00

31.48, 100.00,60.00,60.00

31.49, 100.00,60.00,60.00

31.50, 100.00,60.00,60.00

31.51, 100.00,60.00,60.00

31.52, 100.00,60.00,60.00

31.53, 100.00,60.00,60.00

31.54, 100.00,60.00,60.00

31.55, 100.00,60.00,60.00

31.56, 100.00,60.00,60.00

31.57, 100.00,60.00,60.00

31.58, 100.00,60.00,60.00

31.59, 100.00,60.00,60.00

31.60, 100.00,60.00,60.00

31.61, 100.00,60.00,60.00

31.62, 100.00,60.00,60.00

31.63, 100.00,60.00,60.00

31.64, 100.00,60.00,60.00

31.65, 100.00,60.00,60.00

31.66, 100.00,60.00,60.00

31.67, 100.00,60.00,60.00

31.68, 100.00,60.00,60.00

31.69, 100.00,60.00,60.00

31.70, 100.00,60.00,60.00

31.71, 100.00,60.00,60.00

31.72, 100.00,60.00,60.00

31.73, 100.00,60.00,60.00

31.74, 100.00,60.00,60.00

31.75, 100.00,60.00,60.00

31.76, 100.00,60.00,60.00

31.77, 100.00,60.00,60.00

31.78, 100.00,60.00,60.00

31.79, 100.00,60.00,60.00

31.80, 100.00,60.00,60.00

31.81, 100.00,60.00,60.00

31.82, 100.00,60.00,60.00

31.83, 100.00,60.00,60.00

31.84, 100.00,60.00,60.00

31.85, 100.00,60.00,60.00

31.86, 100.00,60.00,60.00

31.87, 100.00,60.00,60.00

31.88, 100.00,60.00,60.00

31.89, 100.00,60.00,60.00

31.90, 100.00,60.00,60.00

31.91, 100.00,60.00,60.00

31.92, 100.00,60.00,60.00

31.93, 100.00,60.00,60.00

31.94, 100.00,60.00,60.00

31.95, 100.00,60.00,60.00

31.96, 100.00,60.00,60.00

31.97, 100.00,60.00,60.00

31.98, 100.00,60.00,60.00

31.99, 100.00,60.00,60.00

32.00, 100.00,60.00,60.00

32.01, 100.00,60.00,60.00

32.02, 100.00,60.00,60.00

32.03, 100.00,60.00,60.00

32.04, 100.00,60.00,60.00

32.05, 100.00,60.00,60.00

32.06, 100.00,60.00,60.00

32.07, 100.00,60.00,60.00

32.08, 100.00,60.00,60.00

32.09, 100.00,60.00,60.00

32.10, 100.00,60.00,60.00

32.11, 100.00,60.00,60.00

32.12, 100.00,60.00,60.00

32.13, 100.00,60.00,60.00

32.14, 100.00,60.00,60.00

32.15, 100.00,60.00,60.00

32.16, 100.00,60.00,60.00

32.17, 100.00,60.00,60.00

32.18, 100.00,60.00,60.00

32.19, 100.00,60.00,60.00

32.20, 100.00,60.00,60.00

32.21, 100.00,60.00,60.00

32.22, 100.00,60.00,60.00

32.23, 100.00,60.00,60.00

32.24, 100.00,60.00,60.00

32.25, 100.00,60.00,60.00

32.26, 100.00,60.00,60.00

32.27, 100.00,60.00,60.00

32.28, 100.00,60.00,60.00

32.29, 100.00,60.00,60.00

32.30, 100.00,60.00,60.00

32.31, 100.00,60.00,60.00

32.32, 100.00,60.00,60.00

32.33, 100.00,60.00,60.00

32.34, 100.00,60.00,60.00

32.35, 100.00,60.00,60.00

32.36, 100.00,60.00,60.00

32.37, 100.00,60.00,60.00

32.38, 100.00,60.00,60.00

32.39, 100.00,60.00,60.00

32.40, 100.00,60.00,60.00

32.41, 100.00,60.00,60.00

32.42, 100.00,60.00,60.00

32.43, 100.00,60.00,60.00

32.44, 100.00,60.00,60.00

32.45, 100.00,60.00,60.00

32.46, 100.00,60.00,60.00

32.47, 100.00,60.00,60.00

32.48, 100.00,60.00,60.00

32.49, 100.00,60.00,60.00

32.50, 100.00,60.00,60.00

32.51, 100.00,60.00,60.00

32.52, 100.00,60.00,60.00

32.53, 100.00,60.00,60.00

32.54, 100.00,60.00,60.00

32.55, 100.00,60.00,60.00

32.56, 100.00,60.00,60.00

32.57, 100.00,60.00,60.00

32.58, 100.00,60.00,60.00

32.59, 100.00,60.00,60.00

32.60, 100.00,60.00,60.00

32.61, 100.00,60.00,60.00

32.62, 100.00,60.00,60.00

32.63, 100.00,60.00,60.00

32.64, 100.00,60.00,60.00

32.65, 100.00,60.00,60.00

32.66, 100.00,60.00,60.00

32.67, 100.00,60.00,60.00

32.68, 100.00,60.00,60.00

32.69, 100.00,60.00,60.00

32.70, 100.00,60.00,60.00

32.71, 100.00,60.00,60.00

32.72, 100.00,60.00,60.00

32.73, 100.00,60.00,60.00

32.74, 100.00,60.00,60.00

32.75, 100.00,60.00,60.00

32.76, 100.00,60.00,60.00

32.77, 100.00,60.00,60.00

32.78, 100.00,60.00,60.00

32.79, 100.00,60.00,60.00

32.80, 100.00,60.00,60.00

32.81, 100.00,60.00,60.00

32.82, 100.00,60.00,60.00

32.83, 100.00,60.00,60.00

32.84, 100.00,60.00,60.00

32.85, 100.00,60.00,60.00

32.86, 100.00,60.00,60.00

32.87, 100.00,60.00,60.00

32.88, 100.00,60.00,60.00

32.89, 100.00,60.00,60.00

32.90, 100.00,60.00,60.00

32.91, 100.00,60.00,60.00

32.92, 100.00,60.00,60.00

32.93, 100.00,60.00,60.00

32.94, 100.00,60.00,60.00

32.95, 100.00,60.00,60.00

32.96, 100.00,60.00,60.00

32.97, 100.00,60.00,60.00

32.98, 100.00,60.00,60.00

32.99, 100.00,60.00,60.00

33.00, 100.00,60.00,60.00

33.01, 100.00,60.00,60.00

33.02, 100.00,60.00,60.00

33.03, 100.00,60.00,60.00

33.04, 100.00,60.00,60.00

33.05, 100.00,60.00,60.00

33.06, 100.00,60.00,60.00

33.07, 100.00,60.00,60.00

33.08, 100.00,60.00,60.00

33.09, 100.00,60.00,60.00

33.10, 100.00,60.00,60.00

33.11, 100.00,60.00,60.00

33.12, 100.00,60.00,60.00

33.13, 100.00,60.00,60.00

33.14, 100.00,60.00,60.00

33.15, 100.00,60.00,60.00

33.16, 100.00,60.00,60.00

33.17, 100.00,60.00,60.00

33.18, 100.00,60.00,60.00

33.19, 100.00,60.00,60.00

33.20, 100.00,60.00,60.00

33.21, 100.00,60.00,60.00

33.22, 100.00,60.00,60.00

33.23, 100.00,60.00,60.00

33.24, 100.00,60.00,60.00

33.25, 100.00,60.00,60.00

33.26, 100.00,60.00,60.00

33.27, 100.00,60.00,60.00

33.28, 100.00,60.00,60.00

33.29, 100.00,60.00,60.00

33.30, 100.00,60.00,60.00

33.31, 100.00,60.00,60.00

33.32, 100.00,60.00,60.00

33.33, 100.00,60.00,60.00

33.34, 100.00,60.00,60.00

33.35, 100.00,60.00,60.00

33.36, 100.00,60.00,60.00

33.37, 100.00,60.00,60.00

33.38, 100.00,60.00,60.00

33.39, 100.00,60.00,60.00

33.40, 100.00,60.00,60.00

33.41, 100.00,60.00,60.00

33.42, 100.00,60.00,60.00

33.43, 100.00,60.00,60.00

33.44, 100.00,60.00,60.00

33.45, 100.00,60.00,60.00

33.46, 100.00,60.00,60.00

33.47, 100.00,60.00,60.00

33.48, 100.00,60.00,60.00

33.49, 100.00,60.00,60.00

33.50, 100.00,60.00,60.00

33.51, 100.00,60.00,60.00

33.52, 100.00,60.00,60.00

33.53, 100.00,60.00,60.00

33.54, 100.00,60.00,60.00

33.55, 100.00,60.00,60.00

33.56, 100.00,60.00,60.00

33.57, 100.00,60.00,60.00

33.58, 100.00,60.00,60.00

33.59, 100.00,60.00,60.00

33.60, 100.00,60.00,60.00

33.61, 100.00,60.00,60.00

33.62, 100.00,60.00,60.00

33.63, 100.00,60.00,60.00

33.64, 100.00,60.00,60.00

33.65, 100.00,60.00,60.00

33.66, 100.00,60.00,60.00

33.67, 100.00,60.00,60.00

33.68, 100.00,60.00,60.00

33.69, 100.00,60.00,60.00

33.70, 100.00,60.00,60.00

33.71, 100.00,60.00,60.00

33.72, 100.00,60.00,60.00

33.73, 100.00,60.00,60.00

33.74, 100.00,60.00,60.00

33.75, 100.00,60.00,60.00

33.76, 100.00,60.00,60.00

33.77, 100.00,60.00,60.00

33.78, 100.00,60.00,60.00

33.79, 100.00,60.00,60.00

33.80, 100.00,60.00,60.00

33.81, 100.00,60.00,60.00

33.82, 100.00,60.00,60.00

33.83, 100.00,60.00,60.00

33.84, 100.00,60.00,60.00

33.85, 100.00,60.00,60.00

33.86, 100.00,60.00,60.00

33.87, 100.00,60.00,60.00

33.88, 100.00,60.00,60.00

33.89, 100.00,60.00,60.00

33.90, 100.00,60.00,60.00

33.91, 100.00,60.00,60.00

33.92, 100.00,60.00,60.00

33.93, 100.00,60.00,60.00

33.94, 100.00,60.00,60.00

33.95, 100.00,60.00,60.00

33.96, 100.00,60.00,60.00

33.97, 100.00,60.00,60.00

33.98, 100.00,60.00,60.00

33.99, 100.00,60.00,60.00

34.00, 100.00,60.00,60.00

34.01, 100.00,60.00,60.00

34.02, 100.00,60.00,60.00

34.03, 100.00,60.00,60.00

34.04, 100.00,60.00,60.00

34.05, 100.00,60.00,60.00

34.06, 100.00,60.00,60.00

34.07, 100.00,60.00,60.00

34.08, 100.00,60.00,60.00

34.09, 100.00,60.00,60.00

34.10, 100.00,60.00,60.00

34.11, 100.00,60.00,60.00

34.12, 100.00,60.00,60.00

34.13, 100.00,60.00,60.00

34.14, 100.00,60.00,60.00

34.15, 100.00,60.00,60.00

34.16, 100.00,60.00,60.00

34.17, 100.00,60.00,60.00

34.18, 100.00,60.00,60.00

34.19, 100.00,60.00,60.00

34.20, 100.00,60.00,60.00

34.21, 100.00,60.00,60.00

34.22, 100.00,60.00,60.00

34.23, 100.00,60.00,60.00

34.24, 100.00,60.00,60.00

34.25, 100.00,60.00,60.00

34.26, 100.00,60.00,60.00

34.27, 100.00,60.00,60.00

34.28, 100.00,60.00,60.00

34.29, 100.00,60.00,60.00

34.30, 100.00,60.00,60.00

34.31, 100.00,60.00,60.00

34.32, 100.00,60.00,60.00

34.33, 100.00,60.00,60.00

34.34, 100.00,60.00,60.00

34.35, 100.00,60.00,60.00

34.36, 100.00,60.00,60.00

34.37, 100.00,60.00,60.00

34.38, 100.00,60.00,60.00

34.39, 100.00,60.00,60.00

34.40, 100.00,60.00,60.00

34.41, 100.00,60.00,60.00

34.42, 100.00,60.00,60.00

34.43, 100.00,60.00,60.00

34.44, 100.00,60.00,60.00

34.45, 100.00,60.00,60.00

34.46, 100.00,60.00,60.00

34.47, 100.00,60.00,60.00

34.48, 100.00,60.00,60.00

34.49, 100.00,60.00,60.00

34.50, 100.00,60.00,60.00

34.51, 100.00,60.00,60.00

34.52, 100.00,60.00,60.00

34.53, 100.00,60.00,60.00

34.54, 100.00,60.00,60.00

34.55, 100.00,60.00,60.00

34.56, 100.00,60.00,60.00

34.57, 100.00,60.00,60.00

34.58, 100.00,60.00,60.00

34.59, 100.00,60.00,60.00

34.60, 100.00,60.00,60.00

34.61, 100.00,60.00,60.00

34.62, 100.00,60.00,60.00

34.63, 100.00,60.00,60.00

34.64, 100.00,60.00,60.00

34.65, 100.00,60.00,60.00

34.66, 100.00,60.00,60.00

34.67, 100.00,60.00,60.00

34.68, 100.00,60.00,60.00

34.69, 100.00,60.00,60.00

34.70, 100.00,60.00,60.00

34.71, 100.00,60.00,60.00

34.72, 100.00,60.00,60.00

34.73, 100.00,60.00,60.00

34.74, 100.00,60.00,60.00

34.75, 100.00,60.00,60.00

34.76, 100.00,60.00,60.00

34.77, 100.00,60.00,60.00

34.78, 100.00,60.00,60.00

34.79, 100.00,60.00,60.00

34.80, 100.00,60.00,60.00

34.81, 100.00,60.00,60.00

34.82, 100.00,60.00,60.00

34.83, 100.00,60.00,60.00

34.84, 100.00,60.00,60.00

34.85, 100.00,60.00,60.00

34.86, 100.00,60.00,60.00

34.87, 100.00,60.00,60.00

34.88, 100.00,60.00,60.00

34.89, 100.00,60.00,60.00

34.90, 100.00,60.00,60.00

34.91, 100.00,60.00,60.00

34.92, 100.00,60.00,60.00

34.93, 100.00,60.00,60.00

34.94, 100.00,60.00,60.00

34.95, 100.00,60.00,60.00

34.96, 100.00,60.00,60.00

34.97, 100.00,60.00,60.00

34.98, 100.00,60.00,60.00

34.99, 100.00,60.00,60.00

35.00, 100.00,60.00,60.00

35.01, 100.00,60.00,60.00

35.02, 100.00,60.00,60.00

35.03, 100.00,60.00,60.00

35.04, 100.00,60.00,60.00

35.05, 100.00,60.00,60.00

35.06, 100.00,60.00,60.00

35.07, 100.00,60.00,60.00

35.08, 100.00,60.00,60.00

35.09, 100.00,60.00,60.00

35.10, 100.00,60.00,60.00

35.11, 100.00,60.00,60.00

35.12, 100.00,60.00,60.00

35.13, 100.00,60.00,60.00

35.14, 100.00,60.00,60.00

35.15, 100.00,60.00,60.00

35.16, 100.00,60.00,60.00

35.17, 100.00,60.00,60.00

35.18, 100.00,60.00,60.00

35.19, 100.00,60.00,60.00

35.20, 100.00,60.00,60.00

35.21, 100.00,60.00,60.00

35.22, 100.00,60.00,60.00

35.23, 100.00,60.00,60.00

35.24, 100.00,60.00,60.00

35.25, 100.00,60.00,60.00

35.26, 100.00,60.00,60.00

35.27, 100.00,60.00,60.00

35.28, 100.00,60.00,60.00

35.29, 100.00,60.00,60.00

35.30, 100.00,60.00,60.00

35.31, 100.00,60.00,60.00

35.32, 100.00,60.00,60.00

35.33, 100.00,60.00,60.00

35.34, 100.00,60.00,60.00

35.35, 100.00,60.00,60.00

35.36, 100.00,60.00,60.00

35.37, 100.00,60.00,60.00

35.38, 100.00,60.00,60.00

35.39, 100.00,60.00,60.00

35.40, 100.00,60.00,60.00

35.41, 100.00,60.00,60.00

35.42, 100.00,60.00,60.00

35.43, 100.00,60.00,60.00

35.44, 100.00,60.00,60.00

35.45, 100.00,60.00,60.00

35.46, 100.00,60.00,60.00

35.47, 100.00,60.00,60.00

35.48, 100.00,60.00,60.00

35.49, 100.00,60.00,60.00

35.50, 100.00,60.00,60.00

35.51, 100.00,60.00,60.00

35.52, 100.00,60.00,60.00

35.53, 100.00,60.00,60.00

35.54, 100.00,60.00,60.00

35.55, 100.00,60.00,60.00

35.56, 100.00,60.00,60.00

35.57, 100.00,60.00,60.00

35.58, 100.00,60.00,60.00

35.59, 100.00,60.00,60.00

35.60, 100.00,60.00,60.00

35.61, 100.00,60.00,60.00

35.62, 100.00,60.00,60.00

35.63, 100.00,60.00,60.00

35.64, 100.00,60.00,60.00

35.65, 100.00,60.00,60.00

35.66, 100.00,60.00,60.00

35.67, 100.00,60.00,60.00

35.68, 100.00,60.00,60.00

35.69, 100.00,60.00,60.00

35.70, 100.00,60.00,60.00

35.71, 100.00,60.00,60.00

35.72, 100.00,60.00,60.00

35.73, 100.00,60.00,60.00

35.74, 100.00,60.00,60.00

35.75, 100.00,60.00,60.00

35.76, 100.00,60.00,60.00

35.77, 100.00,60.00,60.00

35.78, 100.00,60.00,60.00

35.79, 100.00,60.00,60.00

35.80, 100.00,60.00,60.00

35.81, 100.00,60.00,60.00

35.82, 100.00,60.00,60.00

35.83, 100.00,60.00,60.00

35.84, 100.00,60.00,60.00

35.85, 100.00,60.00,60.00

35.86, 100.00,60.00,60.00

35.87, 100.00,60.00,60.00

35.88, 100.00,60.00,60.00

35.89, 100.00,60.00,60.00

35.90, 100.00,60.00,60.00

35.91, 100.00,60.00,60.00

35.92, 100.00,60.00,60.00

35.93, 100.00,60.00,60.00

35.94, 100.00,60.00,60.00

35.95, 100.00,60.00,60.00

35.96, 100.00,60.00,60.00

35.97, 100.00,60.00,60.00

35.98, 100.00,60.00,60.00

35.99, 100.00,60.00,60.00

36.00, 100.00,60.00,60.00

36.01, 100.00,60.00,60.00

36.02, 100.00,60.00,60.00

36.03, 100.00,60.00,60.00

36.04, 100.00,60.00,60.00

36.05, 100.00,60.00,60.00

36.06, 100.00,60.00,60.00

36.07, 100.00,60.00,60.00

36.08, 100.00,60.00,60.00

36.09, 100.00,60.00,60.00

36.10, 100.00,60.00,60.00

36.11, 100.00,60.00,60.00

36.12, 100.00,60.00,60.00

36.13, 100.00,60.00,60.00

36.14, 100.00,60.00,60.00

36.15, 100.00,60.00,60.00

36.16, 100.00,60.00,60.00

36.17, 100.00,60.00,60.00

36.18, 100.00,60.00,60.00

36.19, 100.00,60.00,60.00

36.20, 100.00,60.00,60.00

36.21, 100.00,60.00,60.00

36.22, 100.00,60.00,60.00

36.23, 100.00,60.00,60.00

36.24, 100.00,60.00,60.00

36.25, 100.00,60.00,60.00

36.26, 100.00,60.00,60.00

36.27, 100.00,60.00,60.00

36.28, 100.00,60.00,60.00

36.29, 100.00,60.00,60.00

36.30, 100.00,60.00,60.00

36.31, 100.00,60.00,60.00

36.32, 100.00,60.00,60.00

36.33, 100.00,60.00,60.00

36.34, 100.00,60.00,60.00

36.35, 100.00,60.00,60.00

36.36, 100.00,60.00,60.00

36.37, 100.00,60.00,60.00

36.38, 100.00,60.00,60.00

36.39, 100.00,60.00,60.00

36.40, 100.00,60.00,60.00

36.41, 100.00,60.00,60.00

36.42, 100.00,60.00,60.00

36.43, 100.00,60.00,60.00

36.44, 100.00,60.00,60.00

36.45, 100.00,60.00,60.00

36.46, 100.00,60.00,60.00

36.47, 100.00,60.00,60.00

36.48, 100.00,60.00,60.00

36.49, 100.00,60.00,60.00

36.50, 100.00,60.00,60.00

36.51, 100.00,60.00,60.00

36.52, 100.00,60.00,60.00

36.53, 100.00,60.00,60.00

36.54, 100.00,60.00,60.00

36.55, 100.00,60.00,60.00

36.56, 100.00,60.00,60.00

36.57, 100.00,60.00,60.00

36.58, 100.00,60.00,60.00

36.59, 100.00,60.00,60.00

36.60, 100.00,60.00,60.00

36.61, 100.00,60.00,60.00

36.62, 100.00,60.00,60.00

36.63, 100.00,60.00,60.00

36.64, 100.00,60.00,60.00

36.65, 100.00,60.00,60.00

36.66, 100.00,60.00,60.00

36.67, 100.00,60.00,60.00

36.68, 100.00,60.00,60.00

36.69, 100.00,60.00,60.00

36.70, 100.00,60.00,60.00

36.71, 100.00,60.00,60.00

36.72, 100.00,60.00,60.00

36.73, 100.00,60.00,60.00

36.74, 100.00,60.00,60.00

36.75, 100.00,60.00,60.00

36.76, 100.00,60.00,60.00

36.77, 100.00,60.00,60.00

36.78, 100.00,60.00,60.00

36.79, 100.00,60.00,60.00

36.80, 100.00,60.00,60.00

36.81, 100.00,60.00,60.00

36.82, 100.00,60.00,60.00

36.83, 100.00,60.00,60.00

36.84, 100.00,60.00,60.00

36.85, 100.00,60.00,60.00

36.86, 100.00,60.00,60.00

36.87, 100.00,60.00,60.00

36.88, 100.00,60.00,60.00

36.89, 100.00,60.00,60.00

36.90, 100.00,60.00,60.00

36.91, 100.00,60.00,60.00

36.92, 100.00,60.00,60.00

36.93, 100.00,60.00,60.00

36.94, 100.00,60.00,60.00

36.95, 100.00,60.00,60.00

36.96, 100.00,60.00,60.00

36.97, 100.00,60.00,60.00

36.98, 100.00,60.00,60.00

36.99, 100.00,60.00,60.00

37.00, 100.00,60.00,60.00

37.01, 100.00,60.00,60.00

37.02, 100.00,60.00,60.00

37.03, 100.00,60.00,60.00

37.04, 100.00,60.00,60.00

37.05, 100.00,60.00,60.00

37.06, 100.00,60.00,60.00

37.07, 100.00,60.00,60.00

37.08, 100.00,60.00,60.00

37.09, 100.00,60.00,60.00

37.10, 100.00,60.00,60.00

37.11, 100.00,60.00,60.00

37.12, 100.00,60.00,60.00

37.13, 100.00,60.00,60.00

37.14, 100.00,60.00,60.00

37.15, 100.00,60.00,60.00

37.16, 100.00,60.00,60.00

37.17, 100.00,60.00,60.00

37.18, 100.00,60.00,60.00

37.19, 100.00,60.00,60.00

37.20, 100.00,60.00,60.00

37.21, 100.00,60.00,60.00

37.22, 100.00,60.00,60.00

37.23, 100.00,60.00,60.00

37.24, 100.00,60.00,60.00

37.25, 100.00,60.00,60.00

37.26, 100.00,60.00,60.00

37.27, 100.00,60.00,60.00

37.28, 100.00,60.00,60.00

37.29, 100.00,60.00,60.00

37.30, 100.00,60.00,60.00

37.31, 100.00,60.00,60.00

37.32, 100.00,60.00,60.00

37.33, 100.00,60.00,60.00

37.34, 100.00,60.00,60.00

37.35, 100.00,60.00,60.00

37.36, 100.00,60.00,60.00

37.37, 100.00,60.00,60.00

37.38, 100.00,60.00,60.00

37.39, 100.00,60.00,60.00

37.40, 100.00,60.00,60.00

37.41, 100.00,60.00,60.00

37.42, 100.00,60.00,60.00

37.43, 100.00,60.00,60.00

37.44, 100.00,60.00,60.00

37.45, 100.00,60.00,60.00

37.46, 100.00,60.00,60.00

37.47, 100.00,60.00,60.00

37.48, 100.00,60.00,60.00

37.49, 100.00,60.00,60.00

37.50, 100.00,60.00,60.00

37.51, 100.00,60.00,60.00

37.52, 100.00,60.00,60.00

37.53, 100.00,60.00,60.00

37.54, 100.00,60.00,60.00

37.55, 100.00,60.00,60.00

37.56, 100.00,60.00,60.00

37.57, 100.00,60.00,60.00

37.58, 100.00,60.00,60.00

37.59, 100.00,60.00,60.00

37.60, 100.00,60.00,60.00

37.61, 100.00,60.00,60.00

37.62, 100.00,60.00,60.00

37.63, 100.00,60.00,60.00

37.64, 100.00,60.00,60.00

37.65, 100.00,60.00,60.00

37.66, 100.00,60.00,60.00

37.67, 100.00,60.00,60.00

37.68, 100.00,60.00,60.00

37.69, 100.00,60.00,60.00

37.70, 100.00,60.00,60.00

37.71, 100.00,60.00,60.00

37.72, 100.00,60.00,60.00

37.73, 100.00,60.00,60.00

37.74, 100.00,60.00,60.00

37.75, 100.00,60.00,60.00

37.76, 100.00,60.00,60.00

37.77, 100.00,60.00,60.00

37.78, 100.00,60.00,60.00

37.79, 100.00,60.00,60.00

37.80, 100.00,60.00,60.00

37.81, 100.00,60.00,60.00

37.82, 100.00,60.00,60.00

37.83, 100.00,60.00,60.00

37.84, 100.00,60.00,60.00

37.85, 100.00,60.00,60.00

37.86, 100.00,60.00,60.00

37.87, 100.00,60.00,60.00

37.88, 100.00,60.00,60.00

37.89, 100.00,60.00,60.00

37.90, 100.00,60.00,60.00

37.91, 100.00,60.00,60.00

37.92, 100.00,60.00,60.00

37.93, 100.00,60.00,60.00

37.94, 100.00,60.00,60.00

37.95, 100.00,60.00,60.00

37.96, 100.00,60.00,60.00

37.97, 100.00,60.00,60.00

37.98, 100.00,60.00,60.00

37.99, 100.00,60.00,60.00

38.00, 100.00,60.00,60.00

38.01, 100.00,60.00,60.00

38.02, 100.00,60.00,60.00

38.03, 100.00,60.00,60.00

38.04, 100.00,60.00,60.00

38.05, 100.00,60.00,60.00

38.06, 100.00,60.00,60.00

38.07, 100.00,60.00,60.00

38.08, 100.00,60.00,60.00

38.09, 100.00,60.00,60.00

38.10, 100.00,60.00,60.00

38.11, 100.00,60.00,60.00

38.12, 100.00,60.00,60.00

38.13, 100.00,60.00,60.00

38.14, 100.00,60.00,60.00

38.15, 100.00,60.00,60.00

38.16, 100.00,60.00,60.00

38.17, 100.00,60.00,60.00

38.18, 100.00,60.00,60.00

38.19, 100.00,60.00,60.00

38.20, 100.00,60.00,60.00

38.21, 100.00,60.00,60.00

38.22, 100.00,60.00,60.00

38.23, 100.00,60.00,60.00

38.24, 100.00,60.00,60.00

38.25, 100.00,60.00,60.00

38.26, 100.00,60.00,60.00

38.27, 100.00,60.00,60.00

38.28, 100.00,60.00,60.00

38.29, 100.00,60.00,60.00

38.30, 100.00,60.00,60.00

38.31, 100.00,60.00,60.00

38.32, 100.00,60.00,60.00

38.33, 100.00,60.00,60.00

38.34, 100.00,60.00,60.00

38.35, 100.00,60.00,60.00

38.36, 100.00,60.00,60.00

38.37, 100.00,60.00,60.00

38.38, 100.00,60.00,60.00

38.39, 100.00,60.00,60.00

38.40, 100.00,60.00,60.00

38.41, 100.00,60.00,60.00

38.42, 100.00,60.00,60.00

38.43, 100.00,60.00,60.00

38.44, 100.00,60.00,60.00

38.45, 100.00,60.00,60.00

38.46, 100.00,60.00,60.00

38.47, 100.00,60.00,60.00

38.48, 100.00,60.00,60.00

38.49, 100.00,60.00,60.00

38.50, 100.00,60.00,60.00

38.51, 100.00,60.00,60.00

38.52, 100.00,60.00,60.00

38.53, 100.00,60.00,60.00

38.54, 100.00,60.00,60.00

38.55, 100.00,60.00,60.00

38.56, 100.00,60.00,60.00

38.57, 100.00,60.00,60.00

38.58, 100.00,60.00,60.00

38.59, 100.00,60.00,60.00

38.60, 100.00,60.00,60.00

38.61, 100.00,60.00,60.00

38.62, 100.00,60.00,60.00

38.63, 100.00,60.00,60.00

38.64, 100.00,60.00,60.00

38.65, 100.00,60.00,60.00

38.66, 100.00,60.00,60.00

38.67, 100.00,60.00,60.00

38.68, 100.00,60.00,60.00

38.69, 100.00,60.00,60.00

38.70, 100.00,60.00,60.00

38.71, 100.00,60.00,60.00

38.72, 100.00,60.00,60.00

38.73, 100.00,60.00,60.00

38.74, 100.00,60.00,60.00

38.75, 100.00,60.00,60.00

38.76, 100.00,60.00,60.00

38.77, 100.00,60.00,60.00

38.78, 100.00,60.00,60.00

38.79, 100.00,60.00,60.00

38.80, 100.00,60.00,60.00

38.81, 100.00,60.00,60.00

38.82, 100.00,60.00,60.00

38.83, 100.00,60.00,60.00

38.84, 100.00,60.00,60.00

38.85, 100.00,60.00,60.00

38.86, 100.00,60.00,60.00

38.87, 100.00,60.00,60.00

38.88, 100.00,60.00,60.00

38.89, 100.00,60.00,60.00

38.90, 100.00,60.00,60.00

38.91, 100.00,60.00,60.00

38.92, 100.00,60.00,60.00

38.93, 100.00,60.00,60.00

38.94, 100.00,60.00,60.00

38.95, 100.00,60.00,60.00

38.96, 100.00,60.00,60.00

38.97, 100.00,60.00,60.00

38.98, 100.00,60.00,60.00

38.99, 100.00,60.00,60.00

39.00, 100.00,60.00,60.00

39.01, 100.00,60.00,60.00

39.02, 100.00,60.00,60.00

39.03, 100.00,60.00,60.00

39.04, 100.00,60.00,60.00

39.05, 100.00,60.00,60.00

39.06, 100.00,60.00,60.00

39.07, 100.00,60.00,60.00

39.08, 100.00,60.00,60.00

39.09, 100.00,60.00,60.00

39.10, 100.00,60.00,60.00

39.11, 100.00,60.00,60.00

39.12, 100.00,60.00,60.00

39.13, 100.00,60.00,60.00

39.14, 100.00,60.00,60.00

39.15, 100.00,60.00,60.00

39.16, 100.00,60.00,60.00

39.17, 100.00,60.00,60.00

39.18, 100.00,60.00,60.00

39.19, 100.00,60.00,60.00

39.20, 100.00,60.00,60.00

39.21, 100.00,60.00,60.00

39.22, 100.00,60.00,60.00

39.23, 100.00,60.00,60.00

39.24, 100.00,60.00,60.00

39.25, 100.00,60.00,60.00

39.26, 100.00,60.00,60.00

39.27, 100.00,60.00,60.00

39.28, 100.00,60.00,60.00

39.29, 100.00,60.00,60.00

39.30, 100.00,60.00,60.00

39.31, 100.00,60.00,60.00

39.32, 100.00,60.00,60.00

39.33, 100.00,60.00,60.00

39.34, 100.00,60.00,60.00

39.35, 100.00,60.00,60.00

39.36, 100.00,60.00,60.00

39.37, 100.00,60.00,60.00

39.38, 100.00,60.00,60.00

39.39, 100.00,60.00,60.00

39.40, 100.00,60.00,60.00

39.41, 100.00,60.00,60.00

39.42, 100.00,60.00,60.00

39.43, 100.00,60.00,60.00

39.44, 100.00,60.00,60.00

39.45, 100.00,60.00,60.00

39.46, 100.00,60.00,60.00

39.47, 100.00,60.00,60.00

39.48, 100.00,60.00,60.00

39.49, 100.00,60.00,60.00

39.50, 100.00,60.00,60.00

39.51, 100.00,60.00,60.00

39.52, 100.00,60.00,60.00

39.53, 100.00,60.00,60.00

39.54, 100.00,60.00,60.00

39.55, 100.00,60.00,60.00

39.56, 100.00,60.00,60.00

39.57, 100.00,60.00,60.00

39.58, 100.00,60.00,60.00

39.59, 100.00,60.00,60.00

39.60, 100.00,60.00,60.00

39.61, 100.00,60.00,60.00

39.62, 100.00,60.00,60.00

39.63, 100.00,60.00,60.00

39.64, 100.00,60.00,60.00

39.65, 100.00,60.00,60.00

39.66, 100.00,60.00,60.00

39.67, 100.00,60.00,60.00

39.68, 100.00,60.00,60.00

39.69, 100.00,60.00,60.00

39.70, 100.00,60.00,60.00

39.71, 100.00,60.00,60.00

39.72, 100.00,60.00,60.00

39.73, 100.00,60.00,60.00

39.74, 100.00,60.00,60.00

39.75, 100.00,60.00,60.00

39.76, 100.00,60.00,60.00

39.77, 100.00,60.00,60.00

39.78, 100.00,60.00,60.00

39.79, 100.00,60.00,60.00

39.80, 100.00,60.00,60.00

39.81, 100.00,60.00,60.00

39.82, 100.00,60.00,60.00

39.83, 100.00,60.00,60.00

39.84, 100.00,60.00,60.00

39.85, 100.00,60.00,60.00

39.86, 100.00,60.00,60.00

39.87, 100.00,60.00,60.00

39.88, 100.00,60.00,60.00

39.89, 100.00,60.00,60.00

39.90, 100.00,60.00,60.00

39.91, 100.00,60.00,60.00

39.92, 100.00,60.00,60.00

39.93, 100.00,60.00,60.00

39.94, 100.00,60.00,60.00

39.95, 100.00,60.00,60.00

39.96, 100.00,60.00,60.00

39.97, 100.00,60.00,60.00

39.98, 100.00,60.00,60.00

39.99, 100.00,60.00,60.00

W (40258) lab18: =========================================

W (40258) lab18:  mode       : P-only

W (40258) lab18:  final pv   : 60.00

W (40258) lab18:  offset     : 40.00

W (40262) lab18:  peak       : 60.00

W (40265) lab18:  overshoot  : 0.00

W (40268) lab18: =========================================

