Executing action: monitor
Serial port COM7
Connecting...
Detecting chip type... ESP32-S3
Running idf_monitor in directory C:\Users\pajsi\Codes\esp32s3-firmware-lab\Lab18
Executing "C:\Espressif\tools\python\v5.5.5\venv\Scripts\python.exe C:\esp\v5.5.5\esp-idf\tools/idf_monitor.py -p COM7 -b 115200 --toolchain-prefix xtensa-esp32s3-elf- --target esp32s3 --revision 0 C:\Users\pajsi\Codes\esp32s3-firmware-lab\Lab18\build\Lab18.elf C:\Users\pajsi\Codes\esp32s3-firmware-lab\Lab18\build\bootloader\bootloader.elf --force-color -m 'C:\Espressif\tools\python\v5.5.5\venv\Scripts\python.exe' 'C:\esp\v5.5.5\esp-idf\tools\idf.py'"...
ESP-ROM:esp32s3-20210327

Build:Mar 27 2021

rst:0x15 (USB_UART_CHIP_RESET),boot:0x8 (SPI_FAST_FLASH_BOOT)

Saved PC:0x400490cc

SPIWP:0xee

mode:DIO, clock div:1

load:0x3fce2820,len:0x14f0

load:0x403c8700,len:0xd24

load:0x403cb700,len:0x2eec

entry 0x403c8924

I (24) boot: ESP-IDF v5.5.5 2nd stage bootloader

I (24) boot: compile time Sep  4 2026 10:16:21

I (25) boot: Multicore bootloader

I (25) boot: chip revision: v0.2

I (27) boot: efuse block revision: v1.3

I (31) boot.esp32s3: Boot SPI Speed : 80MHz

I (35) boot.esp32s3: SPI Mode       : DIO

I (39) boot.esp32s3: SPI Flash Size : 16MB

I (43) boot: Enabling RNG early entropy source...

I (47) boot: Partition Table:

I (50) boot: ## Label            Usage          Type ST Offset   Length

I (56) boot:  0 nvs              WiFi data        01 02 00009000 00006000

I (62) boot:  1 phy_init         RF data          01 01 0000f000 00001000

I (69) boot:  2 factory          factory app      00 00 00010000 00100000

I (76) boot: End of partition table

I (79) esp_image: segment 0: paddr=00010020 vaddr=3c020020 size=0a008h ( 40968) map

I (94) esp_image: segment 1: paddr=0001a030 vaddr=3fc92500 size=02ef0h ( 12016) load

I (97) esp_image: segment 2: paddr=0001cf28 vaddr=40374000 size=030f0h ( 12528) load

I (104) esp_image: segment 3: paddr=00020020 vaddr=42000020 size=139c0h ( 80320) map

I (123) esp_image: segment 4: paddr=000339e8 vaddr=403770f0 size=0b37ch ( 45948) load

I (134) esp_image: segment 5: paddr=0003ed6c vaddr=50000000 size=00020h (    32) load

I (140) boot: Loaded app from partition at offset 0x10000

I (140) boot: Disabling RNG early entropy source...

I (152) cpu_start: Multicore app

I (160) cpu_start: GPIO 44 and 43 are used as console UART I/O pins

I (161) cpu_start: Pro cpu start user code

I (161) cpu_start: cpu freq: 160000000 Hz

I (163) app_init: Application information:

I (166) app_init: Project name:     Lab18

I (170) app_init: App version:      402b59b-dirty

I (175) app_init: Compile time:     Oct  6 2026 17:13:24

I (180) app_init: ELF file SHA256:  424475a46...

I (184) app_init: ESP-IDF:          v5.5.5

I (188) efuse_init: Min chip rev:     v0.0

I (192) efuse_init: Max chip rev:     v0.99 

I (196) efuse_init: Chip rev:         v0.2

I (199) heap_init: Initializing. RAM available for dynamic allocation:

I (206) heap_init: At 3FC95CD0 len 00053A40 (334 KiB): RAM

I (211) heap_init: At 3FCE9710 len 00005724 (21 KiB): RAM

I (216) heap_init: At 3FCF0000 len 00008000 (32 KiB): DRAM

I (221) heap_init: At 600FE000 len 00001FE8 (7 KiB): RTCRAM

I (228) spi_flash: detected chip: generic

I (230) spi_flash: flash io: dio

I (233) sleep_gpio: Configure to isolate all GPIO pins in sleep state

I (240) sleep_gpio: Enable automatic switching of GPIO sleep configuration

I (246) main_task: Started on CPU0

I (249) main_task: Calling app_main()

W (252) lab18: mode=PI, no anti-windup kp=1.50 ki=1.50 out_max=115

t,setpoint,pv,u

0.00, 100.00,0.38,115.00

I (262) main_task: Returned from app_main()

0.01, 100.00,0.77,115.00

0.02, 100.00,1.15,115.00

0.03, 100.00,1.53,115.00

0.04, 100.00,1.90,115.00

0.05, 100.00,2.28,115.00

0.06, 100.00,2.66,115.00

0.07, 100.00,3.03,115.00

0.08, 100.00,3.40,115.00

0.09, 100.00,3.78,115.00

0.10, 100.00,4.15,115.00

0.11, 100.00,4.52,115.00

0.12, 100.00,4.88,115.00

0.13, 100.00,5.25,115.00

0.14, 100.00,5.62,115.00

0.15, 100.00,5.98,115.00

0.16, 100.00,6.35,115.00

0.17, 100.00,6.71,115.00

0.18, 100.00,7.07,115.00

0.19, 100.00,7.43,115.00

0.20, 100.00,7.79,115.00

0.21, 100.00,8.14,115.00

0.22, 100.00,8.50,115.00

0.23, 100.00,8.86,115.00

0.24, 100.00,9.21,115.00

0.25, 100.00,9.56,115.00

0.26, 100.00,9.91,115.00

0.27, 100.00,10.26,115.00

0.28, 100.00,10.61,115.00

0.29, 100.00,10.96,115.00

0.30, 100.00,11.31,115.00

0.31, 100.00,11.65,115.00

0.32, 100.00,12.00,115.00

0.33, 100.00,12.34,115.00

0.34, 100.00,12.68,115.00

0.35, 100.00,13.02,115.00

0.36, 100.00,13.36,115.00

0.37, 100.00,13.70,115.00

0.38, 100.00,14.04,115.00

0.39, 100.00,14.38,115.00

0.40, 100.00,14.71,115.00

0.41, 100.00,15.05,115.00

0.42, 100.00,15.38,115.00

0.43, 100.00,15.71,115.00

0.44, 100.00,16.04,115.00

0.45, 100.00,16.37,115.00

0.46, 100.00,16.70,115.00

0.47, 100.00,17.03,115.00

0.48, 100.00,17.36,115.00

0.49, 100.00,17.68,115.00

0.50, 100.00,18.01,115.00

0.51, 100.00,18.33,115.00

0.52, 100.00,18.65,115.00

0.53, 100.00,18.97,115.00

0.54, 100.00,19.29,115.00

0.55, 100.00,19.61,115.00

0.56, 100.00,19.93,115.00

0.57, 100.00,20.25,115.00

0.58, 100.00,20.56,115.00

0.59, 100.00,20.88,115.00

0.60, 100.00,21.19,115.00

0.61, 100.00,21.50,115.00

0.62, 100.00,21.82,115.00

0.63, 100.00,22.13,115.00

0.64, 100.00,22.44,115.00

0.65, 100.00,22.74,115.00

0.66, 100.00,23.05,115.00

0.67, 100.00,23.36,115.00

0.68, 100.00,23.66,115.00

0.69, 100.00,23.97,115.00

0.70, 100.00,24.27,115.00

0.71, 100.00,24.57,115.00

0.72, 100.00,24.88,115.00

0.73, 100.00,25.18,115.00

0.74, 100.00,25.48,115.00

0.75, 100.00,25.77,115.00

0.76, 100.00,26.07,115.00

0.77, 100.00,26.37,115.00

0.78, 100.00,26.66,115.00

0.79, 100.00,26.96,115.00

0.80, 100.00,27.25,115.00

0.81, 100.00,27.54,115.00

0.82, 100.00,27.83,115.00

0.83, 100.00,28.13,115.00

0.84, 100.00,28.42,115.00

0.85, 100.00,28.70,115.00

0.86, 100.00,28.99,115.00

0.87, 100.00,29.28,115.00

0.88, 100.00,29.56,115.00

0.89, 100.00,29.85,115.00

0.90, 100.00,30.13,115.00

0.91, 100.00,30.42,115.00

0.92, 100.00,30.70,115.00

0.93, 100.00,30.98,115.00

0.94, 100.00,31.26,115.00

0.95, 100.00,31.54,115.00

0.96, 100.00,31.82,115.00

0.97, 100.00,32.09,115.00

0.98, 100.00,32.37,115.00

0.99, 100.00,32.64,115.00

1.00, 100.00,32.92,115.00

1.01, 100.00,33.19,115.00

1.02, 100.00,33.47,115.00

1.03, 100.00,33.74,115.00

1.04, 100.00,34.01,115.00

1.05, 100.00,34.28,115.00

1.06, 100.00,34.55,115.00

1.07, 100.00,34.82,115.00

1.08, 100.00,35.08,115.00

1.09, 100.00,35.35,115.00

1.10, 100.00,35.61,115.00

1.11, 100.00,35.88,115.00

1.12, 100.00,36.14,115.00

1.13, 100.00,36.41,115.00

1.14, 100.00,36.67,115.00

1.15, 100.00,36.93,115.00

1.16, 100.00,37.19,115.00

1.17, 100.00,37.45,115.00

1.18, 100.00,37.71,115.00

1.19, 100.00,37.96,115.00

1.20, 100.00,38.22,115.00

1.21, 100.00,38.48,115.00

1.22, 100.00,38.73,115.00

1.23, 100.00,38.99,115.00

1.24, 100.00,39.24,115.00

1.25, 100.00,39.49,115.00

1.26, 100.00,39.74,115.00

1.27, 100.00,40.00,115.00

1.28, 100.00,40.25,115.00

1.29, 100.00,40.49,115.00

1.30, 100.00,40.74,115.00

1.31, 100.00,40.99,115.00

1.32, 100.00,41.24,115.00

1.33, 100.00,41.48,115.00

1.34, 100.00,41.73,115.00

1.35, 100.00,41.97,115.00

1.36, 100.00,42.22,115.00

1.37, 100.00,42.46,115.00

1.38, 100.00,42.70,115.00

1.39, 100.00,42.94,115.00

1.40, 100.00,43.18,115.00

1.41, 100.00,43.42,115.00

1.42, 100.00,43.66,115.00

1.43, 100.00,43.90,115.00

1.44, 100.00,44.13,115.00

1.45, 100.00,44.37,115.00

1.46, 100.00,44.61,115.00

1.47, 100.00,44.84,115.00

1.48, 100.00,45.07,115.00

1.49, 100.00,45.31,115.00

1.50, 100.00,45.54,115.00

1.51, 100.00,45.77,115.00

1.52, 100.00,46.00,115.00

1.53, 100.00,46.23,115.00

1.54, 100.00,46.46,115.00

1.55, 100.00,46.69,115.00

1.56, 100.00,46.92,115.00

1.57, 100.00,47.14,115.00

1.58, 100.00,47.37,115.00

1.59, 100.00,47.60,115.00

1.60, 100.00,47.82,115.00

1.61, 100.00,48.04,115.00

1.62, 100.00,48.27,115.00

1.63, 100.00,48.49,115.00

1.64, 100.00,48.71,115.00

1.65, 100.00,48.93,115.00

1.66, 100.00,49.15,115.00

1.67, 100.00,49.37,115.00

1.68, 100.00,49.59,115.00

1.69, 100.00,49.81,115.00

1.70, 100.00,50.03,115.00

1.71, 100.00,50.24,115.00

1.72, 100.00,50.46,115.00

1.73, 100.00,50.67,115.00

1.74, 100.00,50.89,115.00

1.75, 100.00,51.10,115.00

1.76, 100.00,51.32,115.00

1.77, 100.00,51.53,115.00

1.78, 100.00,51.74,115.00

1.79, 100.00,51.95,115.00

1.80, 100.00,52.16,115.00

1.81, 100.00,52.37,115.00

1.82, 100.00,52.58,115.00

1.83, 100.00,52.79,115.00

1.84, 100.00,52.99,115.00

1.85, 100.00,53.20,115.00

1.86, 100.00,53.41,115.00

1.87, 100.00,53.61,115.00

1.88, 100.00,53.82,115.00

1.89, 100.00,54.02,115.00

1.90, 100.00,54.22,115.00

1.91, 100.00,54.43,115.00

1.92, 100.00,54.63,115.00

1.93, 100.00,54.83,115.00

1.94, 100.00,55.03,115.00

1.95, 100.00,55.23,115.00

1.96, 100.00,55.43,115.00

1.97, 100.00,55.63,115.00

1.98, 100.00,55.83,115.00

1.99, 100.00,56.02,115.00

2.00, 100.00,56.22,115.00

2.01, 100.00,56.42,115.00

2.02, 100.00,56.61,115.00

2.03, 100.00,56.81,115.00

2.04, 100.00,57.00,115.00

2.05, 100.00,57.19,115.00

2.06, 100.00,57.39,115.00

2.07, 100.00,57.58,115.00

2.08, 100.00,57.77,115.00

2.09, 100.00,57.96,115.00

2.10, 100.00,58.15,115.00

2.11, 100.00,58.34,115.00

2.12, 100.00,58.53,115.00

2.13, 100.00,58.72,115.00

2.14, 100.00,58.90,115.00

2.15, 100.00,59.09,115.00

2.16, 100.00,59.28,115.00

2.17, 100.00,59.46,115.00

2.18, 100.00,59.65,115.00

2.19, 100.00,59.83,115.00

2.20, 100.00,60.02,115.00

2.21, 100.00,60.20,115.00

2.22, 100.00,60.38,115.00

2.23, 100.00,60.56,115.00

2.24, 100.00,60.75,115.00

2.25, 100.00,60.93,115.00

2.26, 100.00,61.11,115.00

2.27, 100.00,61.29,115.00

2.28, 100.00,61.47,115.00

2.29, 100.00,61.64,115.00

2.30, 100.00,61.82,115.00

2.31, 100.00,62.00,115.00

2.32, 100.00,62.18,115.00

2.33, 100.00,62.35,115.00

2.34, 100.00,62.53,115.00

2.35, 100.00,62.70,115.00

2.36, 100.00,62.88,115.00

2.37, 100.00,63.05,115.00

2.38, 100.00,63.22,115.00

2.39, 100.00,63.40,115.00

2.40, 100.00,63.57,115.00

2.41, 100.00,63.74,115.00

2.42, 100.00,63.91,115.00

2.43, 100.00,64.08,115.00

2.44, 100.00,64.25,115.00

2.45, 100.00,64.42,115.00

2.46, 100.00,64.59,115.00

2.47, 100.00,64.76,115.00

2.48, 100.00,64.92,115.00

2.49, 100.00,65.09,115.00

2.50, 100.00,65.26,115.00

2.51, 100.00,65.42,115.00

2.52, 100.00,65.59,115.00

2.53, 100.00,65.75,115.00

2.54, 100.00,65.92,115.00

2.55, 100.00,66.08,115.00

2.56, 100.00,66.24,115.00

2.57, 100.00,66.41,115.00

2.58, 100.00,66.57,115.00

2.59, 100.00,66.73,115.00

2.60, 100.00,66.89,115.00

2.61, 100.00,67.05,115.00

2.62, 100.00,67.21,115.00

2.63, 100.00,67.37,115.00

2.64, 100.00,67.53,115.00

2.65, 100.00,67.69,115.00

2.66, 100.00,67.84,115.00

2.67, 100.00,68.00,115.00

2.68, 100.00,68.16,115.00

2.69, 100.00,68.31,115.00

2.70, 100.00,68.47,115.00

2.71, 100.00,68.63,115.00

2.72, 100.00,68.78,115.00

2.73, 100.00,68.93,115.00

2.74, 100.00,69.09,115.00

2.75, 100.00,69.24,115.00

2.76, 100.00,69.39,115.00

2.77, 100.00,69.55,115.00

2.78, 100.00,69.70,115.00

2.79, 100.00,69.85,115.00

2.80, 100.00,70.00,115.00

2.81, 100.00,70.15,115.00

2.82, 100.00,70.30,115.00

2.83, 100.00,70.45,115.00

2.84, 100.00,70.60,115.00

2.85, 100.00,70.74,115.00

2.86, 100.00,70.89,115.00

2.87, 100.00,71.04,115.00

2.88, 100.00,71.18,115.00

2.89, 100.00,71.33,115.00

2.90, 100.00,71.48,115.00

2.91, 100.00,71.62,115.00

2.92, 100.00,71.77,115.00

2.93, 100.00,71.91,115.00

2.94, 100.00,72.05,115.00

2.95, 100.00,72.20,115.00

2.96, 100.00,72.34,115.00

2.97, 100.00,72.48,115.00

2.98, 100.00,72.62,115.00

2.99, 100.00,72.76,115.00

3.00, 100.00,72.91,115.00

3.01, 100.00,73.05,115.00

3.02, 100.00,73.19,115.00

3.03, 100.00,73.32,115.00

3.04, 100.00,73.46,115.00

3.05, 100.00,73.60,115.00

3.06, 100.00,73.74,115.00

3.07, 100.00,73.88,115.00

3.08, 100.00,74.01,115.00

3.09, 100.00,74.15,115.00

3.10, 100.00,74.29,115.00

3.11, 100.00,74.42,115.00

3.12, 100.00,74.56,115.00

3.13, 100.00,74.69,115.00

3.14, 100.00,74.83,115.00

3.15, 100.00,74.96,115.00

3.16, 100.00,75.10,115.00

3.17, 100.00,75.23,115.00

3.18, 100.00,75.36,115.00

3.19, 100.00,75.49,115.00

3.20, 100.00,75.62,115.00

3.21, 100.00,75.76,115.00

3.22, 100.00,75.89,115.00

3.23, 100.00,76.02,115.00

3.24, 100.00,76.15,115.00

3.25, 100.00,76.28,115.00

3.26, 100.00,76.41,115.00

3.27, 100.00,76.53,115.00

3.28, 100.00,76.66,115.00

3.29, 100.00,76.79,115.00

3.30, 100.00,76.92,115.00

3.31, 100.00,77.04,115.00

3.32, 100.00,77.17,115.00

3.33, 100.00,77.30,115.00

3.34, 100.00,77.42,115.00

3.35, 100.00,77.55,115.00

3.36, 100.00,77.67,115.00

3.37, 100.00,77.80,115.00

3.38, 100.00,77.92,115.00

3.39, 100.00,78.04,115.00

3.40, 100.00,78.17,115.00

3.41, 100.00,78.29,115.00

3.42, 100.00,78.41,115.00

3.43, 100.00,78.54,115.00

3.44, 100.00,78.66,115.00

3.45, 100.00,78.78,115.00

3.46, 100.00,78.90,115.00

3.47, 100.00,79.02,115.00

3.48, 100.00,79.14,115.00

3.49, 100.00,79.26,115.00

3.50, 100.00,79.38,115.00

3.51, 100.00,79.50,115.00

3.52, 100.00,79.61,115.00

3.53, 100.00,79.73,115.00

3.54, 100.00,79.85,115.00

3.55, 100.00,79.97,115.00

3.56, 100.00,80.08,115.00

3.57, 100.00,80.20,115.00

3.58, 100.00,80.32,115.00

3.59, 100.00,80.43,115.00

3.60, 100.00,80.55,115.00

3.61, 100.00,80.66,115.00

3.62, 100.00,80.78,115.00

3.63, 100.00,80.89,115.00

3.64, 100.00,81.00,115.00

3.65, 100.00,81.12,115.00

3.66, 100.00,81.23,115.00

3.67, 100.00,81.34,115.00

3.68, 100.00,81.46,115.00

3.69, 100.00,81.57,115.00

3.70, 100.00,81.68,115.00

3.71, 100.00,81.79,115.00

3.72, 100.00,81.90,115.00

3.73, 100.00,82.01,115.00

3.74, 100.00,82.12,115.00

3.75, 100.00,82.23,115.00

3.76, 100.00,82.34,115.00

3.77, 100.00,82.45,115.00

3.78, 100.00,82.56,115.00

3.79, 100.00,82.67,115.00

3.80, 100.00,82.77,115.00

3.81, 100.00,82.88,115.00

3.82, 100.00,82.99,115.00

3.83, 100.00,83.09,115.00

3.84, 100.00,83.20,115.00

3.85, 100.00,83.31,115.00

3.86, 100.00,83.41,115.00

3.87, 100.00,83.52,115.00

3.88, 100.00,83.62,115.00

3.89, 100.00,83.73,115.00

3.90, 100.00,83.83,115.00

3.91, 100.00,83.93,115.00

3.92, 100.00,84.04,115.00

3.93, 100.00,84.14,115.00

3.94, 100.00,84.24,115.00

3.95, 100.00,84.35,115.00

3.96, 100.00,84.45,115.00

3.97, 100.00,84.55,115.00

3.98, 100.00,84.65,115.00

3.99, 100.00,84.75,115.00

4.00, 100.00,84.85,115.00

4.01, 100.00,84.96,115.00

4.02, 100.00,85.06,115.00

4.03, 100.00,85.16,115.00

4.04, 100.00,85.25,115.00

4.05, 100.00,85.35,115.00

4.06, 100.00,85.45,115.00

4.07, 100.00,85.55,115.00

4.08, 100.00,85.65,115.00

4.09, 100.00,85.75,115.00

4.10, 100.00,85.84,115.00

4.11, 100.00,85.94,115.00

4.12, 100.00,86.04,115.00

4.13, 100.00,86.14,115.00

4.14, 100.00,86.23,115.00

4.15, 100.00,86.33,115.00

4.16, 100.00,86.42,115.00

4.17, 100.00,86.52,115.00

4.18, 100.00,86.61,115.00

4.19, 100.00,86.71,115.00

4.20, 100.00,86.80,115.00

4.21, 100.00,86.90,115.00

4.22, 100.00,86.99,115.00

4.23, 100.00,87.08,115.00

4.24, 100.00,87.18,115.00

4.25, 100.00,87.27,115.00

4.26, 100.00,87.36,115.00

4.27, 100.00,87.45,115.00

4.28, 100.00,87.55,115.00

4.29, 100.00,87.64,115.00

4.30, 100.00,87.73,115.00

4.31, 100.00,87.82,115.00

4.32, 100.00,87.91,115.00

4.33, 100.00,88.00,115.00

4.34, 100.00,88.09,115.00

4.35, 100.00,88.18,115.00

4.36, 100.00,88.27,115.00

4.37, 100.00,88.36,115.00

4.38, 100.00,88.45,115.00

4.39, 100.00,88.54,115.00

4.40, 100.00,88.62,115.00

4.41, 100.00,88.71,115.00

4.42, 100.00,88.80,115.00

4.43, 100.00,88.89,115.00

4.44, 100.00,88.97,115.00

4.45, 100.00,89.06,115.00

4.46, 100.00,89.15,115.00

4.47, 100.00,89.23,115.00

4.48, 100.00,89.32,115.00

4.49, 100.00,89.40,115.00

4.50, 100.00,89.49,115.00

4.51, 100.00,89.57,115.00

4.52, 100.00,89.66,115.00

4.53, 100.00,89.74,115.00

4.54, 100.00,89.83,115.00

4.55, 100.00,89.91,115.00

4.56, 100.00,90.00,115.00

4.57, 100.00,90.08,115.00

4.58, 100.00,90.16,115.00

4.59, 100.00,90.24,115.00

4.60, 100.00,90.33,115.00

4.61, 100.00,90.41,115.00

4.62, 100.00,90.49,115.00

4.63, 100.00,90.57,115.00

4.64, 100.00,90.65,115.00

4.65, 100.00,90.74,115.00

4.66, 100.00,90.82,115.00

4.67, 100.00,90.90,115.00

4.68, 100.00,90.98,115.00

4.69, 100.00,91.06,115.00

4.70, 100.00,91.14,115.00

4.71, 100.00,91.22,115.00

4.72, 100.00,91.30,115.00

4.73, 100.00,91.38,115.00

4.74, 100.00,91.45,115.00

4.75, 100.00,91.53,115.00

4.76, 100.00,91.61,115.00

4.77, 100.00,91.69,115.00

4.78, 100.00,91.77,115.00

4.79, 100.00,91.84,115.00

4.80, 100.00,91.92,115.00

4.81, 100.00,92.00,115.00

4.82, 100.00,92.07,115.00

4.83, 100.00,92.15,115.00

4.84, 100.00,92.23,115.00

4.85, 100.00,92.30,115.00

4.86, 100.00,92.38,115.00

4.87, 100.00,92.45,115.00

4.88, 100.00,92.53,115.00

4.89, 100.00,92.60,115.00

4.90, 100.00,92.68,115.00

4.91, 100.00,92.75,115.00

4.92, 100.00,92.83,115.00

4.93, 100.00,92.90,115.00

4.94, 100.00,92.98,115.00

4.95, 100.00,93.05,115.00

4.96, 100.00,93.12,115.00

4.97, 100.00,93.19,115.00

4.98, 100.00,93.27,115.00

4.99, 100.00,93.34,115.00

5.00, 100.00,93.41,115.00

5.01, 100.00,93.48,115.00

5.02, 100.00,93.56,115.00

5.03, 100.00,93.63,115.00

5.04, 100.00,93.70,115.00

5.05, 100.00,93.77,115.00

5.06, 100.00,93.84,115.00

5.07, 100.00,93.91,115.00

5.08, 100.00,93.98,115.00

5.09, 100.00,94.05,115.00

5.10, 100.00,94.12,115.00

5.11, 100.00,94.19,115.00

5.12, 100.00,94.26,115.00

5.13, 100.00,94.33,115.00

5.14, 100.00,94.40,115.00

5.15, 100.00,94.47,115.00

5.16, 100.00,94.53,115.00

5.17, 100.00,94.60,115.00

5.18, 100.00,94.67,115.00

5.19, 100.00,94.74,115.00

5.20, 100.00,94.81,115.00

5.21, 100.00,94.87,115.00

5.22, 100.00,94.94,115.00

5.23, 100.00,95.01,115.00

5.24, 100.00,95.07,115.00

5.25, 100.00,95.14,115.00

5.26, 100.00,95.21,115.00

5.27, 100.00,95.27,115.00

5.28, 100.00,95.34,115.00

5.29, 100.00,95.40,115.00

5.30, 100.00,95.47,115.00

5.31, 100.00,95.53,115.00

5.32, 100.00,95.60,115.00

5.33, 100.00,95.66,115.00

5.34, 100.00,95.73,115.00

5.35, 100.00,95.79,115.00

5.36, 100.00,95.86,115.00

5.37, 100.00,95.92,115.00

5.38, 100.00,95.98,115.00

5.39, 100.00,96.05,115.00

5.40, 100.00,96.11,115.00

5.41, 100.00,96.17,115.00

5.42, 100.00,96.24,115.00

5.43, 100.00,96.30,115.00

5.44, 100.00,96.36,115.00

5.45, 100.00,96.42,115.00

5.46, 100.00,96.49,115.00

5.47, 100.00,96.55,115.00

5.48, 100.00,96.61,115.00

5.49, 100.00,96.67,115.00

5.50, 100.00,96.73,115.00

5.51, 100.00,96.79,115.00

5.52, 100.00,96.85,115.00

5.53, 100.00,96.91,115.00

5.54, 100.00,96.97,115.00

5.55, 100.00,97.03,115.00

5.56, 100.00,97.09,115.00

5.57, 100.00,97.15,115.00

5.58, 100.00,97.21,115.00

5.59, 100.00,97.27,115.00

5.60, 100.00,97.33,115.00

5.61, 100.00,97.39,115.00

5.62, 100.00,97.45,115.00

5.63, 100.00,97.51,115.00

5.64, 100.00,97.57,115.00

5.65, 100.00,97.62,115.00

5.66, 100.00,97.68,115.00

5.67, 100.00,97.74,115.00

5.68, 100.00,97.80,115.00

5.69, 100.00,97.85,115.00

5.70, 100.00,97.91,115.00

5.71, 100.00,97.97,115.00

5.72, 100.00,98.03,115.00

5.73, 100.00,98.08,115.00

5.74, 100.00,98.14,115.00

5.75, 100.00,98.19,115.00

5.76, 100.00,98.25,115.00

5.77, 100.00,98.31,115.00

5.78, 100.00,98.36,115.00

5.79, 100.00,98.42,115.00

5.80, 100.00,98.47,115.00

5.81, 100.00,98.53,115.00

5.82, 100.00,98.58,115.00

5.83, 100.00,98.64,115.00

5.84, 100.00,98.69,115.00

5.85, 100.00,98.75,115.00

5.86, 100.00,98.80,115.00

5.87, 100.00,98.85,115.00

5.88, 100.00,98.91,115.00

5.89, 100.00,98.96,115.00

5.90, 100.00,99.02,115.00

5.91, 100.00,99.07,115.00

5.92, 100.00,99.12,115.00

5.93, 100.00,99.17,115.00

5.94, 100.00,99.23,115.00

5.95, 100.00,99.28,115.00

5.96, 100.00,99.33,115.00

5.97, 100.00,99.38,115.00

5.98, 100.00,99.44,115.00

5.99, 100.00,99.49,115.00

6.00, 100.00,99.54,115.00

6.01, 100.00,99.59,115.00

6.02, 100.00,99.64,115.00

6.03, 100.00,99.69,115.00

6.04, 100.00,99.75,115.00

6.05, 100.00,99.80,115.00

6.06, 100.00,99.85,115.00

6.07, 100.00,99.90,115.00

6.08, 100.00,99.95,115.00

6.09, 100.00,100.00,115.00

6.10, 100.00,100.05,115.00

6.11, 100.00,100.10,115.00

6.12, 100.00,100.15,115.00

6.13, 100.00,100.20,115.00

6.14, 100.00,100.25,115.00

6.15, 100.00,100.30,115.00

6.16, 100.00,100.34,115.00

6.17, 100.00,100.39,115.00

6.18, 100.00,100.44,115.00

6.19, 100.00,100.49,115.00

6.20, 100.00,100.54,115.00

6.21, 100.00,100.59,115.00

6.22, 100.00,100.63,115.00

6.23, 100.00,100.68,115.00

6.24, 100.00,100.73,115.00

6.25, 100.00,100.78,115.00

6.26, 100.00,100.83,115.00

6.27, 100.00,100.87,115.00

6.28, 100.00,100.92,115.00

6.29, 100.00,100.97,115.00

6.30, 100.00,101.01,115.00

6.31, 100.00,101.06,115.00

6.32, 100.00,101.11,115.00

6.33, 100.00,101.15,115.00

6.34, 100.00,101.20,115.00

6.35, 100.00,101.25,115.00

6.36, 100.00,101.29,115.00

6.37, 100.00,101.34,115.00

6.38, 100.00,101.38,115.00

6.39, 100.00,101.43,115.00

6.40, 100.00,101.47,115.00

6.41, 100.00,101.52,115.00

6.42, 100.00,101.56,115.00

6.43, 100.00,101.61,115.00

6.44, 100.00,101.65,115.00

6.45, 100.00,101.70,115.00

6.46, 100.00,101.74,115.00

6.47, 100.00,101.79,115.00

6.48, 100.00,101.83,115.00

6.49, 100.00,101.87,115.00

6.50, 100.00,101.92,115.00

6.51, 100.00,101.96,115.00

6.52, 100.00,102.00,115.00

6.53, 100.00,102.05,115.00

6.54, 100.00,102.09,115.00

6.55, 100.00,102.13,115.00

6.56, 100.00,102.18,115.00

6.57, 100.00,102.22,115.00

6.58, 100.00,102.26,115.00

6.59, 100.00,102.30,115.00

6.60, 100.00,102.35,115.00

6.61, 100.00,102.39,115.00

6.62, 100.00,102.43,115.00

6.63, 100.00,102.47,115.00

6.64, 100.00,102.51,115.00

6.65, 100.00,102.56,115.00

6.66, 100.00,102.60,115.00

6.67, 100.00,102.64,115.00

6.68, 100.00,102.68,115.00

6.69, 100.00,102.72,115.00

6.70, 100.00,102.76,115.00

6.71, 100.00,102.80,115.00

6.72, 100.00,102.84,115.00

6.73, 100.00,102.88,115.00

6.74, 100.00,102.92,115.00

6.75, 100.00,102.96,115.00

6.76, 100.00,103.00,115.00

6.77, 100.00,103.04,115.00

6.78, 100.00,103.08,115.00

6.79, 100.00,103.12,115.00

6.80, 100.00,103.16,115.00

6.81, 100.00,103.20,115.00

6.82, 100.00,103.24,115.00

6.83, 100.00,103.28,115.00

6.84, 100.00,103.32,115.00

6.85, 100.00,103.36,115.00

6.86, 100.00,103.40,115.00

6.87, 100.00,103.44,115.00

6.88, 100.00,103.48,115.00

6.89, 100.00,103.51,115.00

6.90, 100.00,103.55,115.00

6.91, 100.00,103.59,115.00

6.92, 100.00,103.63,115.00

6.93, 100.00,103.67,115.00

6.94, 100.00,103.70,115.00

6.95, 100.00,103.74,115.00

6.96, 100.00,103.78,115.00

6.97, 100.00,103.82,115.00

6.98, 100.00,103.85,115.00

6.99, 100.00,103.89,115.00

7.00, 100.00,103.93,115.00

7.01, 100.00,103.97,115.00

7.02, 100.00,104.00,115.00

7.03, 100.00,104.04,115.00

7.04, 100.00,104.08,115.00

7.05, 100.00,104.11,115.00

7.06, 100.00,104.15,115.00

7.07, 100.00,104.18,115.00

7.08, 100.00,104.22,115.00

7.09, 100.00,104.26,115.00

7.10, 100.00,104.29,115.00

7.11, 100.00,104.33,115.00

7.12, 100.00,104.36,115.00

7.13, 100.00,104.40,115.00

7.14, 100.00,104.43,115.00

7.15, 100.00,104.47,115.00

7.16, 100.00,104.50,115.00

7.17, 100.00,104.54,115.00

7.18, 100.00,104.57,115.00

7.19, 100.00,104.61,115.00

7.20, 100.00,104.64,115.00

7.21, 100.00,104.68,115.00

7.22, 100.00,104.71,115.00

7.23, 100.00,104.75,115.00

7.24, 100.00,104.78,115.00

7.25, 100.00,104.82,115.00

7.26, 100.00,104.85,115.00

7.27, 100.00,104.88,115.00

7.28, 100.00,104.92,115.00

7.29, 100.00,104.95,115.00

7.30, 100.00,104.98,115.00

7.31, 100.00,105.02,115.00

7.32, 100.00,105.05,115.00

7.33, 100.00,105.08,115.00

7.34, 100.00,105.12,115.00

7.35, 100.00,105.15,115.00

7.36, 100.00,105.18,115.00

7.37, 100.00,105.22,115.00

7.38, 100.00,105.25,115.00

7.39, 100.00,105.28,115.00

7.40, 100.00,105.31,115.00

7.41, 100.00,105.35,115.00

7.42, 100.00,105.38,115.00

7.43, 100.00,105.41,115.00

7.44, 100.00,105.44,115.00

7.45, 100.00,105.47,115.00

7.46, 100.00,105.50,115.00

7.47, 100.00,105.54,115.00

7.48, 100.00,105.57,115.00

7.49, 100.00,105.60,115.00

7.50, 100.00,105.63,115.00

7.51, 100.00,105.66,115.00

7.52, 100.00,105.69,115.00

7.53, 100.00,105.72,115.00

7.54, 100.00,105.76,115.00

7.55, 100.00,105.79,115.00

7.56, 100.00,105.82,115.00

7.57, 100.00,105.85,115.00

7.58, 100.00,105.88,115.00

7.59, 100.00,105.91,115.00

7.60, 100.00,105.94,115.00

7.61, 100.00,105.97,115.00

7.62, 100.00,106.00,115.00

7.63, 100.00,106.03,115.00

7.64, 100.00,106.06,115.00

7.65, 100.00,106.09,115.00

7.66, 100.00,106.12,115.00

7.67, 100.00,106.15,115.00

7.68, 100.00,106.18,115.00

7.69, 100.00,106.21,115.00

7.70, 100.00,106.24,115.00

7.71, 100.00,106.27,115.00

7.72, 100.00,106.29,115.00

7.73, 100.00,106.32,115.00

7.74, 100.00,106.35,115.00

7.75, 100.00,106.38,115.00

7.76, 100.00,106.41,115.00

7.77, 100.00,106.44,115.00

7.78, 100.00,106.47,115.00

7.79, 100.00,106.50,115.00

7.80, 100.00,106.52,115.00

7.81, 100.00,106.55,115.00

7.82, 100.00,106.58,115.00

7.83, 100.00,106.61,115.00

7.84, 100.00,106.64,115.00

7.85, 100.00,106.66,115.00

7.86, 100.00,106.69,115.00

7.87, 100.00,106.72,115.00

7.88, 100.00,106.75,115.00

7.89, 100.00,106.77,115.00

7.90, 100.00,106.80,115.00

7.91, 100.00,106.83,115.00

7.92, 100.00,106.86,115.00

7.93, 100.00,106.88,115.00

7.94, 100.00,106.91,115.00

7.95, 100.00,106.94,115.00

7.96, 100.00,106.96,115.00

7.97, 100.00,106.99,115.00

7.98, 100.00,107.02,115.00

7.99, 100.00,107.04,115.00

8.00, 100.00,107.07,115.00

8.01, 100.00,107.10,115.00

8.02, 100.00,107.12,115.00

8.03, 100.00,107.15,115.00

8.04, 100.00,107.18,115.00

8.05, 100.00,107.20,115.00

8.06, 100.00,107.23,115.00

8.07, 100.00,107.25,115.00

8.08, 100.00,107.28,115.00

8.09, 100.00,107.31,115.00

8.10, 100.00,107.33,115.00

8.11, 100.00,107.36,115.00

8.12, 100.00,107.38,115.00

8.13, 100.00,107.41,115.00

8.14, 100.00,107.43,115.00

8.15, 100.00,107.46,115.00

8.16, 100.00,107.48,115.00

8.17, 100.00,107.51,115.00

8.18, 100.00,107.53,115.00

8.19, 100.00,107.56,115.00

8.20, 100.00,107.58,115.00

8.21, 100.00,107.61,115.00

8.22, 100.00,107.63,115.00

8.23, 100.00,107.66,115.00

8.24, 100.00,107.68,115.00

8.25, 100.00,107.71,115.00

8.26, 100.00,107.73,115.00

8.27, 100.00,107.75,115.00

8.28, 100.00,107.78,115.00

8.29, 100.00,107.80,115.00

8.30, 100.00,107.83,115.00

8.31, 100.00,107.85,115.00

8.32, 100.00,107.87,115.00

8.33, 100.00,107.90,115.00

8.34, 100.00,107.92,115.00

8.35, 100.00,107.95,115.00

8.36, 100.00,107.97,115.00

8.37, 100.00,107.99,115.00

8.38, 100.00,108.02,115.00

8.39, 100.00,108.04,115.00

8.40, 100.00,108.06,115.00

8.41, 100.00,108.09,115.00

8.42, 100.00,108.11,115.00

8.43, 100.00,108.13,115.00

8.44, 100.00,108.15,115.00

8.45, 100.00,108.18,115.00

8.46, 100.00,108.20,115.00

8.47, 100.00,108.22,115.00

8.48, 100.00,108.25,115.00

8.49, 100.00,108.27,115.00

8.50, 100.00,108.29,115.00

8.51, 100.00,108.31,115.00

8.52, 100.00,108.34,115.00

8.53, 100.00,108.36,115.00

8.54, 100.00,108.38,115.00

8.55, 100.00,108.40,115.00

8.56, 100.00,108.42,115.00

8.57, 100.00,108.45,115.00

8.58, 100.00,108.47,115.00

8.59, 100.00,108.49,115.00

8.60, 100.00,108.51,115.00

8.61, 100.00,108.53,115.00

8.62, 100.00,108.55,115.00

8.63, 100.00,108.58,115.00

8.64, 100.00,108.60,115.00

8.65, 100.00,108.62,115.00

8.66, 100.00,108.64,115.00

8.67, 100.00,108.66,115.00

8.68, 100.00,108.68,115.00

8.69, 100.00,108.70,115.00

8.70, 100.00,108.72,115.00

8.71, 100.00,108.74,115.00

8.72, 100.00,108.77,115.00

8.73, 100.00,108.79,115.00

8.74, 100.00,108.81,115.00

8.75, 100.00,108.83,115.00

8.76, 100.00,108.85,115.00

8.77, 100.00,108.87,115.00

8.78, 100.00,108.89,115.00

8.79, 100.00,108.91,115.00

8.80, 100.00,108.93,115.00

8.81, 100.00,108.95,115.00

8.82, 100.00,108.97,115.00

8.83, 100.00,108.99,115.00

8.84, 100.00,109.01,115.00

8.85, 100.00,109.03,115.00

8.86, 100.00,109.05,115.00

8.87, 100.00,109.07,115.00

8.88, 100.00,109.09,115.00

8.89, 100.00,109.11,115.00

8.90, 100.00,109.13,115.00

8.91, 100.00,109.15,115.00

8.92, 100.00,109.17,115.00

8.93, 100.00,109.19,115.00

8.94, 100.00,109.21,115.00

8.95, 100.00,109.23,115.00

8.96, 100.00,109.25,115.00

8.97, 100.00,109.26,115.00

8.98, 100.00,109.28,115.00

8.99, 100.00,109.30,115.00

9.00, 100.00,109.32,115.00

9.01, 100.00,109.34,115.00

9.02, 100.00,109.36,115.00

9.03, 100.00,109.38,115.00

9.04, 100.00,109.40,115.00

9.05, 100.00,109.42,115.00

9.06, 100.00,109.43,115.00

9.07, 100.00,109.45,115.00

9.08, 100.00,109.47,115.00

9.09, 100.00,109.49,115.00

9.10, 100.00,109.51,115.00

9.11, 100.00,109.53,115.00

9.12, 100.00,109.55,115.00

9.13, 100.00,109.56,115.00

9.14, 100.00,109.58,115.00

9.15, 100.00,109.60,115.00

9.16, 100.00,109.62,115.00

9.17, 100.00,109.64,115.00

9.18, 100.00,109.65,115.00

9.19, 100.00,109.67,115.00

9.20, 100.00,109.69,115.00

9.21, 100.00,109.71,115.00

9.22, 100.00,109.72,115.00

9.23, 100.00,109.74,115.00

9.24, 100.00,109.76,115.00

9.25, 100.00,109.78,115.00

9.26, 100.00,109.79,115.00

9.27, 100.00,109.81,115.00

9.28, 100.00,109.83,115.00

9.29, 100.00,109.85,115.00

9.30, 100.00,109.86,115.00

9.31, 100.00,109.88,115.00

9.32, 100.00,109.90,115.00

9.33, 100.00,109.91,115.00

9.34, 100.00,109.93,115.00

9.35, 100.00,109.95,115.00

9.36, 100.00,109.97,115.00

9.37, 100.00,109.98,115.00

9.38, 100.00,110.00,115.00

9.39, 100.00,110.02,115.00

9.40, 100.00,110.03,115.00

9.41, 100.00,110.05,115.00

9.42, 100.00,110.07,115.00

9.43, 100.00,110.08,115.00

9.44, 100.00,110.10,115.00

9.45, 100.00,110.11,115.00

9.46, 100.00,110.13,115.00

9.47, 100.00,110.15,115.00

9.48, 100.00,110.16,115.00

9.49, 100.00,110.18,115.00

9.50, 100.00,110.20,115.00

9.51, 100.00,110.21,115.00

9.52, 100.00,110.23,115.00

9.53, 100.00,110.24,115.00

9.54, 100.00,110.26,115.00

9.55, 100.00,110.27,115.00

9.56, 100.00,110.29,115.00

9.57, 100.00,110.31,115.00

9.58, 100.00,110.32,115.00

9.59, 100.00,110.34,115.00

9.60, 100.00,110.35,115.00

9.61, 100.00,110.37,115.00

9.62, 100.00,110.38,115.00

9.63, 100.00,110.40,115.00

9.64, 100.00,110.41,115.00

9.65, 100.00,110.43,115.00

9.66, 100.00,110.45,115.00

9.67, 100.00,110.46,115.00

9.68, 100.00,110.48,115.00

9.69, 100.00,110.49,115.00

9.70, 100.00,110.51,115.00

9.71, 100.00,110.52,115.00

9.72, 100.00,110.54,115.00

9.73, 100.00,110.55,115.00

9.74, 100.00,110.57,115.00

9.75, 100.00,110.58,115.00

9.76, 100.00,110.59,115.00

9.77, 100.00,110.61,115.00

9.78, 100.00,110.62,115.00

9.79, 100.00,110.64,115.00

9.80, 100.00,110.65,115.00

9.81, 100.00,110.67,115.00

9.82, 100.00,110.68,115.00

9.83, 100.00,110.70,115.00

9.84, 100.00,110.71,115.00

9.85, 100.00,110.73,115.00

9.86, 100.00,110.74,115.00

9.87, 100.00,110.75,115.00

9.88, 100.00,110.77,115.00

9.89, 100.00,110.78,115.00

9.90, 100.00,110.80,115.00

9.91, 100.00,110.81,115.00

9.92, 100.00,110.82,115.00

9.93, 100.00,110.84,115.00

9.94, 100.00,110.85,115.00

9.95, 100.00,110.87,115.00

9.96, 100.00,110.88,115.00

9.97, 100.00,110.89,115.00

9.98, 100.00,110.91,115.00

9.99, 100.00,110.92,115.00

10.00, 100.00,110.93,115.00

10.01, 100.00,110.95,115.00

10.02, 100.00,110.96,115.00

10.03, 100.00,110.97,115.00

10.04, 100.00,110.99,115.00

10.05, 100.00,111.00,115.00

10.06, 100.00,111.01,115.00

10.07, 100.00,111.03,115.00

10.08, 100.00,111.04,115.00

10.09, 100.00,111.05,115.00

10.10, 100.00,111.07,115.00

10.11, 100.00,111.08,115.00

10.12, 100.00,111.09,115.00

10.13, 100.00,111.11,115.00

10.14, 100.00,111.12,115.00

10.15, 100.00,111.13,115.00

10.16, 100.00,111.15,115.00

10.17, 100.00,111.16,115.00

10.18, 100.00,111.17,115.00

10.19, 100.00,111.18,115.00

10.20, 100.00,111.20,115.00

10.21, 100.00,111.21,115.00

10.22, 100.00,111.22,115.00

10.23, 100.00,111.23,115.00

10.24, 100.00,111.25,115.00

10.25, 100.00,111.26,115.00

10.26, 100.00,111.27,115.00

10.27, 100.00,111.28,115.00

10.28, 100.00,111.30,115.00

10.29, 100.00,111.31,115.00

10.30, 100.00,111.32,115.00

10.31, 100.00,111.33,115.00

10.32, 100.00,111.35,115.00

10.33, 100.00,111.36,115.00

10.34, 100.00,111.37,115.00

10.35, 100.00,111.38,115.00

10.36, 100.00,111.39,115.00

10.37, 100.00,111.41,115.00

10.38, 100.00,111.42,115.00

10.39, 100.00,111.43,115.00

10.40, 100.00,111.44,115.00

10.41, 100.00,111.45,115.00

10.42, 100.00,111.47,115.00

10.43, 100.00,111.48,115.00

10.44, 100.00,111.49,115.00

10.45, 100.00,111.50,115.00

10.46, 100.00,111.51,115.00

10.47, 100.00,111.52,115.00

10.48, 100.00,111.54,115.00

10.49, 100.00,111.55,115.00

10.50, 100.00,111.56,115.00

10.51, 100.00,111.57,115.00

10.52, 100.00,111.58,115.00

10.53, 100.00,111.59,115.00

10.54, 100.00,111.60,115.00

10.55, 100.00,111.62,115.00

10.56, 100.00,111.63,115.00

10.57, 100.00,111.64,115.00

10.58, 100.00,111.65,115.00

10.59, 100.00,111.66,115.00

10.60, 100.00,111.67,115.00

10.61, 100.00,111.68,115.00

10.62, 100.00,111.69,115.00

10.63, 100.00,111.71,115.00

10.64, 100.00,111.72,115.00

10.65, 100.00,111.73,115.00

10.66, 100.00,111.74,115.00

10.67, 100.00,111.75,115.00

10.68, 100.00,111.76,115.00

10.69, 100.00,111.77,115.00

10.70, 100.00,111.78,115.00

10.71, 100.00,111.79,115.00

10.72, 100.00,111.80,115.00

10.73, 100.00,111.81,115.00

10.74, 100.00,111.82,115.00

10.75, 100.00,111.83,115.00

10.76, 100.00,111.85,115.00

10.77, 100.00,111.86,115.00

10.78, 100.00,111.87,115.00

10.79, 100.00,111.88,115.00

10.80, 100.00,111.89,115.00

10.81, 100.00,111.90,115.00

10.82, 100.00,111.91,115.00

10.83, 100.00,111.92,115.00

10.84, 100.00,111.93,115.00

10.85, 100.00,111.94,115.00

10.86, 100.00,111.95,115.00

10.87, 100.00,111.96,115.00

10.88, 100.00,111.97,115.00

10.89, 100.00,111.98,115.00

10.90, 100.00,111.99,115.00

10.91, 100.00,112.00,115.00

10.92, 100.00,112.01,115.00

10.93, 100.00,112.02,115.00

10.94, 100.00,112.03,115.00

10.95, 100.00,112.04,115.00

10.96, 100.00,112.05,115.00

10.97, 100.00,112.06,115.00

10.98, 100.00,112.07,115.00

10.99, 100.00,112.08,115.00

11.00, 100.00,112.09,115.00

11.01, 100.00,112.10,115.00

11.02, 100.00,112.11,115.00

11.03, 100.00,112.12,115.00

11.04, 100.00,112.13,115.00

11.05, 100.00,112.14,115.00

11.06, 100.00,112.15,115.00

11.07, 100.00,112.16,115.00

11.08, 100.00,112.16,115.00

11.09, 100.00,112.17,115.00

11.10, 100.00,112.18,115.00

11.11, 100.00,112.19,115.00

11.12, 100.00,112.20,115.00

11.13, 100.00,112.21,115.00

11.14, 100.00,112.22,115.00

11.15, 100.00,112.23,115.00

11.16, 100.00,112.24,115.00

11.17, 100.00,112.25,115.00

11.18, 100.00,112.26,115.00

11.19, 100.00,112.27,115.00

11.20, 100.00,112.28,115.00

11.21, 100.00,112.29,115.00

11.22, 100.00,112.29,115.00

11.23, 100.00,112.30,115.00

11.24, 100.00,112.31,115.00

11.25, 100.00,112.32,115.00

11.26, 100.00,112.33,115.00

11.27, 100.00,112.34,115.00

11.28, 100.00,112.35,115.00

11.29, 100.00,112.36,115.00

11.30, 100.00,112.37,115.00

11.31, 100.00,112.37,115.00

11.32, 100.00,112.38,115.00

11.33, 100.00,112.39,115.00

11.34, 100.00,112.40,115.00

11.35, 100.00,112.41,115.00

11.36, 100.00,112.42,115.00

11.37, 100.00,112.43,115.00

11.38, 100.00,112.44,115.00

11.39, 100.00,112.44,115.00

11.40, 100.00,112.45,115.00

11.41, 100.00,112.46,115.00

11.42, 100.00,112.47,115.00

11.43, 100.00,112.48,115.00

11.44, 100.00,112.49,115.00

11.45, 100.00,112.49,115.00

11.46, 100.00,112.50,115.00

11.47, 100.00,112.51,115.00

11.48, 100.00,112.52,115.00

11.49, 100.00,112.53,115.00

11.50, 100.00,112.54,115.00

11.51, 100.00,112.54,115.00

11.52, 100.00,112.55,115.00

11.53, 100.00,112.56,115.00

11.54, 100.00,112.57,115.00

11.55, 100.00,112.58,115.00

11.56, 100.00,112.58,115.00

11.57, 100.00,112.59,115.00

11.58, 100.00,112.60,115.00

11.59, 100.00,112.61,115.00

11.60, 100.00,112.62,115.00

11.61, 100.00,112.62,115.00

11.62, 100.00,112.63,115.00

11.63, 100.00,112.64,115.00

11.64, 100.00,112.65,115.00

11.65, 100.00,112.66,115.00

11.66, 100.00,112.66,115.00

11.67, 100.00,112.67,115.00

11.68, 100.00,112.68,115.00

11.69, 100.00,112.69,115.00

11.70, 100.00,112.69,115.00

11.71, 100.00,112.70,115.00

11.72, 100.00,112.71,115.00

11.73, 100.00,112.72,115.00

11.74, 100.00,112.73,115.00

11.75, 100.00,112.73,115.00

11.76, 100.00,112.74,115.00

11.77, 100.00,112.75,115.00

11.78, 100.00,112.76,115.00

11.79, 100.00,112.76,115.00

11.80, 100.00,112.77,115.00

11.81, 100.00,112.78,115.00

11.82, 100.00,112.79,115.00

11.83, 100.00,112.79,115.00

11.84, 100.00,112.80,115.00

11.85, 100.00,112.81,115.00

11.86, 100.00,112.81,115.00

11.87, 100.00,112.82,115.00

11.88, 100.00,112.83,115.00

11.89, 100.00,112.84,115.00

11.90, 100.00,112.84,115.00

11.91, 100.00,112.85,115.00

11.92, 100.00,112.86,115.00

11.93, 100.00,112.87,115.00

11.94, 100.00,112.87,115.00

11.95, 100.00,112.88,115.00

11.96, 100.00,112.89,115.00

11.97, 100.00,112.89,115.00

11.98, 100.00,112.90,115.00

11.99, 100.00,112.91,115.00

12.00, 100.00,112.91,115.00

12.01, 100.00,112.92,115.00

12.02, 100.00,112.93,115.00

12.03, 100.00,112.94,115.00

12.04, 100.00,112.94,115.00

12.05, 100.00,112.95,115.00

12.06, 100.00,112.96,115.00

12.07, 100.00,112.96,115.00

12.08, 100.00,112.97,115.00

12.09, 100.00,112.98,115.00

12.10, 100.00,112.98,115.00

12.11, 100.00,112.99,115.00

12.12, 100.00,113.00,115.00

12.13, 100.00,113.00,115.00

12.14, 100.00,113.01,115.00

12.15, 100.00,113.02,115.00

12.16, 100.00,113.02,115.00

12.17, 100.00,113.03,115.00

12.18, 100.00,113.04,115.00

12.19, 100.00,113.04,115.00

12.20, 100.00,113.05,115.00

12.21, 100.00,113.06,115.00

12.22, 100.00,113.06,115.00

12.23, 100.00,113.07,115.00

12.24, 100.00,113.08,115.00

12.25, 100.00,113.08,115.00

12.26, 100.00,113.09,115.00

12.27, 100.00,113.09,115.00

12.28, 100.00,113.10,115.00

12.29, 100.00,113.11,115.00

12.30, 100.00,113.11,115.00

12.31, 100.00,113.12,115.00

12.32, 100.00,113.13,115.00

12.33, 100.00,113.13,115.00

12.34, 100.00,113.14,115.00

12.35, 100.00,113.14,115.00

12.36, 100.00,113.15,115.00

12.37, 100.00,113.16,115.00

12.38, 100.00,113.16,115.00

12.39, 100.00,113.17,115.00

12.40, 100.00,113.18,115.00

12.41, 100.00,113.18,115.00

12.42, 100.00,113.19,115.00

12.43, 100.00,113.19,115.00

12.44, 100.00,113.20,115.00

12.45, 100.00,113.21,115.00

12.46, 100.00,113.21,115.00

12.47, 100.00,113.22,115.00

12.48, 100.00,113.22,115.00

12.49, 100.00,113.23,115.00

12.50, 100.00,113.24,115.00

12.51, 100.00,113.24,115.00

12.52, 100.00,113.25,115.00

12.53, 100.00,113.25,115.00

12.54, 100.00,113.26,115.00

12.55, 100.00,113.26,115.00

12.56, 100.00,113.27,115.00

12.57, 100.00,113.28,115.00

12.58, 100.00,113.28,115.00

12.59, 100.00,113.29,115.00

12.60, 100.00,113.29,115.00

12.61, 100.00,113.30,115.00

12.62, 100.00,113.30,115.00

12.63, 100.00,113.31,115.00

12.64, 100.00,113.32,115.00

12.65, 100.00,113.32,115.00

12.66, 100.00,113.33,115.00

12.67, 100.00,113.33,115.00

12.68, 100.00,113.34,115.00

12.69, 100.00,113.34,115.00

12.70, 100.00,113.35,115.00

12.71, 100.00,113.35,115.00

12.72, 100.00,113.36,115.00

12.73, 100.00,113.37,115.00

12.74, 100.00,113.37,115.00

12.75, 100.00,113.38,115.00

12.76, 100.00,113.38,115.00

12.77, 100.00,113.39,115.00

12.78, 100.00,113.39,115.00

12.79, 100.00,113.40,115.00

12.80, 100.00,113.40,115.00

12.81, 100.00,113.41,115.00

12.82, 100.00,113.41,115.00

12.83, 100.00,113.42,115.00

12.84, 100.00,113.42,115.00

12.85, 100.00,113.43,115.00

12.86, 100.00,113.44,115.00

12.87, 100.00,113.44,115.00

12.88, 100.00,113.45,115.00

12.89, 100.00,113.45,115.00

12.90, 100.00,113.46,115.00

12.91, 100.00,113.46,115.00

12.92, 100.00,113.47,115.00

12.93, 100.00,113.47,115.00

12.94, 100.00,113.48,115.00

12.95, 100.00,113.48,115.00

12.96, 100.00,113.49,115.00

12.97, 100.00,113.49,115.00

12.98, 100.00,113.50,115.00

12.99, 100.00,113.50,115.00

13.00, 100.00,113.51,115.00

13.01, 100.00,113.51,115.00

13.02, 100.00,113.52,115.00

13.03, 100.00,113.52,115.00

13.04, 100.00,113.53,115.00

13.05, 100.00,113.53,115.00

13.06, 100.00,113.54,115.00

13.07, 100.00,113.54,115.00

13.08, 100.00,113.55,115.00

13.09, 100.00,113.55,115.00

13.10, 100.00,113.56,115.00

13.11, 100.00,113.56,115.00

13.12, 100.00,113.57,115.00

13.13, 100.00,113.57,115.00

13.14, 100.00,113.57,115.00

13.15, 100.00,113.58,115.00

13.16, 100.00,113.58,115.00

13.17, 100.00,113.59,115.00

13.18, 100.00,113.59,115.00

13.19, 100.00,113.60,115.00

13.20, 100.00,113.60,115.00

13.21, 100.00,113.61,115.00

13.22, 100.00,113.61,115.00

13.23, 100.00,113.62,115.00

13.24, 100.00,113.62,115.00

13.25, 100.00,113.63,115.00

13.26, 100.00,113.63,115.00

13.27, 100.00,113.64,115.00

13.28, 100.00,113.64,115.00

13.29, 100.00,113.64,115.00

13.30, 100.00,113.65,115.00

13.31, 100.00,113.65,115.00

13.32, 100.00,113.66,115.00

13.33, 100.00,113.66,115.00

13.34, 100.00,113.67,115.00

13.35, 100.00,113.67,115.00

13.36, 100.00,113.68,115.00

13.37, 100.00,113.68,115.00

13.38, 100.00,113.68,115.00

13.39, 100.00,113.69,115.00

13.40, 100.00,113.69,115.00

13.41, 100.00,113.70,115.00

13.42, 100.00,113.70,115.00

13.43, 100.00,113.71,115.00

13.44, 100.00,113.71,115.00

13.45, 100.00,113.71,115.00

13.46, 100.00,113.72,115.00

13.47, 100.00,113.72,115.00

13.48, 100.00,113.73,115.00

13.49, 100.00,113.73,115.00

13.50, 100.00,113.74,115.00

13.51, 100.00,113.74,115.00

13.52, 100.00,113.74,115.00

13.53, 100.00,113.75,115.00

13.54, 100.00,113.75,115.00

13.55, 100.00,113.76,115.00

13.56, 100.00,113.76,115.00

13.57, 100.00,113.77,115.00

13.58, 100.00,113.77,115.00

13.59, 100.00,113.77,115.00

13.60, 100.00,113.78,115.00

13.61, 100.00,113.78,115.00

13.62, 100.00,113.79,115.00

13.63, 100.00,113.79,115.00

13.64, 100.00,113.79,115.00

13.65, 100.00,113.80,115.00

13.66, 100.00,113.80,115.00

13.67, 100.00,113.81,115.00

13.68, 100.00,113.81,115.00

13.69, 100.00,113.81,115.00

13.70, 100.00,113.82,115.00

13.71, 100.00,113.82,115.00

13.72, 100.00,113.83,115.00

13.73, 100.00,113.83,115.00

13.74, 100.00,113.83,115.00

13.75, 100.00,113.84,115.00

13.76, 100.00,113.84,115.00

13.77, 100.00,113.85,115.00

13.78, 100.00,113.85,115.00

13.79, 100.00,113.85,115.00

13.80, 100.00,113.86,115.00

13.81, 100.00,113.86,115.00

13.82, 100.00,113.86,115.00

13.83, 100.00,113.87,115.00

13.84, 100.00,113.87,115.00

13.85, 100.00,113.88,115.00

13.86, 100.00,113.88,115.00

13.87, 100.00,113.88,115.00

13.88, 100.00,113.89,115.00

13.89, 100.00,113.89,115.00

13.90, 100.00,113.89,115.00

13.91, 100.00,113.90,115.00

13.92, 100.00,113.90,115.00

13.93, 100.00,113.91,115.00

13.94, 100.00,113.91,115.00

13.95, 100.00,113.91,115.00

13.96, 100.00,113.92,115.00

13.97, 100.00,113.92,115.00

13.98, 100.00,113.92,115.00

13.99, 100.00,113.93,115.00

14.00, 100.00,113.93,115.00

14.01, 100.00,113.93,115.00

14.02, 100.00,113.94,115.00

14.03, 100.00,113.94,115.00

14.04, 100.00,113.94,115.00

14.05, 100.00,113.95,115.00

14.06, 100.00,113.95,115.00

14.07, 100.00,113.96,115.00

14.08, 100.00,113.96,115.00

14.09, 100.00,113.96,115.00

14.10, 100.00,113.97,115.00

14.11, 100.00,113.97,115.00

14.12, 100.00,113.97,115.00

14.13, 100.00,113.98,115.00

14.14, 100.00,113.98,115.00

14.15, 100.00,113.98,115.00

14.16, 100.00,113.99,115.00

14.17, 100.00,113.99,115.00

14.18, 100.00,113.99,115.00

14.19, 100.00,114.00,115.00

14.20, 100.00,114.00,115.00

14.21, 100.00,114.00,115.00

14.22, 100.00,114.01,115.00

14.23, 100.00,114.01,115.00

14.24, 100.00,114.01,115.00

14.25, 100.00,114.02,115.00

14.26, 100.00,114.02,115.00

14.27, 100.00,114.02,115.00

14.28, 100.00,114.03,115.00

14.29, 100.00,114.03,115.00

14.30, 100.00,114.03,115.00

14.31, 100.00,114.04,115.00

14.32, 100.00,114.04,115.00

14.33, 100.00,114.04,115.00

14.34, 100.00,114.05,115.00

14.35, 100.00,114.05,115.00

14.36, 100.00,114.05,115.00

14.37, 100.00,114.05,115.00

14.38, 100.00,114.06,115.00

14.39, 100.00,114.06,115.00

14.40, 100.00,114.06,115.00

14.41, 100.00,114.07,115.00

14.42, 100.00,114.07,115.00

14.43, 100.00,114.07,115.00

14.44, 100.00,114.08,115.00

14.45, 100.00,114.08,115.00

14.46, 100.00,114.08,115.00

14.47, 100.00,114.09,115.00

14.48, 100.00,114.09,115.00

14.49, 100.00,114.09,115.00

14.50, 100.00,114.09,115.00

14.51, 100.00,114.10,115.00

14.52, 100.00,114.10,115.00

14.53, 100.00,114.10,115.00

14.54, 100.00,114.11,115.00

14.55, 100.00,114.11,115.00

14.56, 100.00,114.11,115.00

14.57, 100.00,114.12,115.00

14.58, 100.00,114.12,115.00

14.59, 100.00,114.12,115.00

14.60, 100.00,114.12,115.00

14.61, 100.00,114.13,115.00

14.62, 100.00,114.13,115.00

14.63, 100.00,114.13,115.00

14.64, 100.00,114.14,115.00

14.65, 100.00,114.14,115.00

14.66, 100.00,114.14,115.00

14.67, 100.00,114.14,115.00

14.68, 100.00,114.15,115.00

14.69, 100.00,114.15,115.00

14.70, 100.00,114.15,115.00

14.71, 100.00,114.16,115.00

14.72, 100.00,114.16,115.00

14.73, 100.00,114.16,115.00

14.74, 100.00,114.16,115.00

14.75, 100.00,114.17,115.00

14.76, 100.00,114.17,115.00

14.77, 100.00,114.17,115.00

14.78, 100.00,114.18,115.00

14.79, 100.00,114.18,115.00

14.80, 100.00,114.18,115.00

14.81, 100.00,114.18,115.00

14.82, 100.00,114.19,115.00

14.83, 100.00,114.19,115.00

14.84, 100.00,114.19,115.00

14.85, 100.00,114.19,115.00

14.86, 100.00,114.20,115.00

14.87, 100.00,114.20,115.00

14.88, 100.00,114.20,115.00

14.89, 100.00,114.21,115.00

14.90, 100.00,114.21,115.00

14.91, 100.00,114.21,115.00

14.92, 100.00,114.21,115.00

14.93, 100.00,114.22,115.00

14.94, 100.00,114.22,115.00

14.95, 100.00,114.22,115.00

14.96, 100.00,114.22,115.00

14.97, 100.00,114.23,115.00

14.98, 100.00,114.23,115.00

14.99, 100.00,114.23,115.00

15.00, 100.00,114.23,115.00

15.01, 100.00,114.24,115.00

15.02, 100.00,114.24,115.00

15.03, 100.00,114.24,115.00

15.04, 100.00,114.24,115.00

15.05, 100.00,114.25,115.00

15.06, 100.00,114.25,115.00

15.07, 100.00,114.25,115.00

15.08, 100.00,114.25,115.00

15.09, 100.00,114.26,115.00

15.10, 100.00,114.26,115.00

15.11, 100.00,114.26,115.00

15.12, 100.00,114.26,115.00

15.13, 100.00,114.27,115.00

15.14, 100.00,114.27,115.00

15.15, 100.00,114.27,115.00

15.16, 100.00,114.27,115.00

15.17, 100.00,114.28,115.00

15.18, 100.00,114.28,115.00

15.19, 100.00,114.28,115.00

15.20, 100.00,114.28,115.00

15.21, 100.00,114.29,115.00

15.22, 100.00,114.29,115.00

15.23, 100.00,114.29,115.00

15.24, 100.00,114.29,115.00

15.25, 100.00,114.30,115.00

15.26, 100.00,114.30,115.00

15.27, 100.00,114.30,115.00

15.28, 100.00,114.30,115.00

15.29, 100.00,114.30,115.00

15.30, 100.00,114.31,115.00

15.31, 100.00,114.31,115.00

15.32, 100.00,114.31,115.00

15.33, 100.00,114.31,115.00

15.34, 100.00,114.32,115.00

15.35, 100.00,114.32,115.00

15.36, 100.00,114.32,115.00

15.37, 100.00,114.32,115.00

15.38, 100.00,114.33,115.00

15.39, 100.00,114.33,115.00

15.40, 100.00,114.33,115.00

15.41, 100.00,114.33,115.00

15.42, 100.00,114.33,115.00

15.43, 100.00,114.34,115.00

15.44, 100.00,114.34,115.00

15.45, 100.00,114.34,115.00

15.46, 100.00,114.34,115.00

15.47, 100.00,114.35,115.00

15.48, 100.00,114.35,115.00

15.49, 100.00,114.35,115.00

15.50, 100.00,114.35,115.00

15.51, 100.00,114.35,115.00

15.52, 100.00,114.36,115.00

15.53, 100.00,114.36,115.00

15.54, 100.00,114.36,115.00

15.55, 100.00,114.36,115.00

15.56, 100.00,114.36,115.00

15.57, 100.00,114.37,115.00

15.58, 100.00,114.37,115.00

15.59, 100.00,114.37,115.00

15.60, 100.00,114.37,115.00

15.61, 100.00,114.38,115.00

15.62, 100.00,114.38,115.00

15.63, 100.00,114.38,115.00

15.64, 100.00,114.38,115.00

15.65, 100.00,114.38,115.00

15.66, 100.00,114.39,115.00

15.67, 100.00,114.39,115.00

15.68, 100.00,114.39,115.00

15.69, 100.00,114.39,115.00

15.70, 100.00,114.39,115.00

15.71, 100.00,114.40,115.00

15.72, 100.00,114.40,115.00

15.73, 100.00,114.40,115.00

15.74, 100.00,114.40,115.00

15.75, 100.00,114.40,115.00

15.76, 100.00,114.41,115.00

15.77, 100.00,114.41,115.00

15.78, 100.00,114.41,115.00

15.79, 100.00,114.41,115.00

15.80, 100.00,114.41,115.00

15.81, 100.00,114.42,115.00

15.82, 100.00,114.42,115.00

15.83, 100.00,114.42,115.00

15.84, 100.00,114.42,115.00

15.85, 100.00,114.42,115.00

15.86, 100.00,114.43,115.00

15.87, 100.00,114.43,115.00

15.88, 100.00,114.43,115.00

15.89, 100.00,114.43,115.00

15.90, 100.00,114.43,115.00

15.91, 100.00,114.43,115.00

15.92, 100.00,114.44,115.00

15.93, 100.00,114.44,115.00

15.94, 100.00,114.44,115.00

15.95, 100.00,114.44,115.00

15.96, 100.00,114.44,115.00

15.97, 100.00,114.45,115.00

15.98, 100.00,114.45,115.00

15.99, 100.00,114.45,115.00

16.00, 100.00,114.45,115.00

16.01, 100.00,114.45,115.00

16.02, 100.00,114.46,115.00

16.03, 100.00,114.46,115.00

16.04, 100.00,114.46,115.00

16.05, 100.00,114.46,115.00

16.06, 100.00,114.46,115.00

16.07, 100.00,114.46,115.00

16.08, 100.00,114.47,115.00

16.09, 100.00,114.47,115.00

16.10, 100.00,114.47,115.00

16.11, 100.00,114.47,115.00

16.12, 100.00,114.47,115.00

16.13, 100.00,114.47,115.00

16.14, 100.00,114.48,115.00

16.15, 100.00,114.48,115.00

16.16, 100.00,114.48,115.00

16.17, 100.00,114.48,115.00

16.18, 100.00,114.48,115.00

16.19, 100.00,114.49,115.00

16.20, 100.00,114.49,115.00

16.21, 100.00,114.49,115.00

16.22, 100.00,114.49,115.00

16.23, 100.00,114.49,115.00

16.24, 100.00,114.49,115.00

16.25, 100.00,114.50,115.00

16.26, 100.00,114.50,115.00

16.27, 100.00,114.50,115.00

16.28, 100.00,114.50,115.00

16.29, 100.00,114.50,115.00

16.30, 100.00,114.50,115.00

16.31, 100.00,114.51,115.00

16.32, 100.00,114.51,115.00

16.33, 100.00,114.51,115.00

16.34, 100.00,114.51,115.00

16.35, 100.00,114.51,115.00

16.36, 100.00,114.51,115.00

16.37, 100.00,114.52,115.00

16.38, 100.00,114.52,115.00

16.39, 100.00,114.52,115.00

16.40, 100.00,114.52,115.00

16.41, 100.00,114.52,115.00

16.42, 100.00,114.52,115.00

16.43, 100.00,114.52,115.00

16.44, 100.00,114.53,115.00

16.45, 100.00,114.53,115.00

16.46, 100.00,114.53,115.00

16.47, 100.00,114.53,115.00

16.48, 100.00,114.53,115.00

16.49, 100.00,114.53,115.00

16.50, 100.00,114.54,115.00

16.51, 100.00,114.54,115.00

16.52, 100.00,114.54,115.00

16.53, 100.00,114.54,115.00

16.54, 100.00,114.54,115.00

16.55, 100.00,114.54,115.00

16.56, 100.00,114.55,115.00

16.57, 100.00,114.55,115.00

16.58, 100.00,114.55,115.00

16.59, 100.00,114.55,115.00

16.60, 100.00,114.55,115.00

16.61, 100.00,114.55,115.00

16.62, 100.00,114.55,115.00

16.63, 100.00,114.56,115.00

16.64, 100.00,114.56,115.00

16.65, 100.00,114.56,115.00

16.66, 100.00,114.56,115.00

16.67, 100.00,114.56,115.00

16.68, 100.00,114.56,115.00

16.69, 100.00,114.56,115.00

16.70, 100.00,114.57,115.00

16.71, 100.00,114.57,115.00

16.72, 100.00,114.57,115.00

16.73, 100.00,114.57,115.00

16.74, 100.00,114.57,115.00

16.75, 100.00,114.57,115.00

16.76, 100.00,114.57,115.00

16.77, 100.00,114.58,115.00

16.78, 100.00,114.58,115.00

16.79, 100.00,114.58,115.00

16.80, 100.00,114.58,115.00

16.81, 100.00,114.58,115.00

16.82, 100.00,114.58,115.00

16.83, 100.00,114.58,114.85

16.84, 100.00,114.58,114.63

16.85, 100.00,114.58,114.42

16.86, 100.00,114.58,114.20

16.87, 100.00,114.58,113.98

16.88, 100.00,114.58,113.77

16.89, 100.00,114.57,113.55

16.90, 100.00,114.57,113.34

16.91, 100.00,114.57,113.12

16.92, 100.00,114.56,112.91

16.93, 100.00,114.55,112.70

16.94, 100.00,114.55,112.49

16.95, 100.00,114.54,112.29

16.96, 100.00,114.53,112.08

16.97, 100.00,114.52,111.87

16.98, 100.00,114.51,111.67

16.99, 100.00,114.50,111.47

17.00, 100.00,114.49,111.26

17.01, 100.00,114.48,111.06

17.02, 100.00,114.47,110.86

17.03, 100.00,114.46,110.66

17.04, 100.00,114.44,110.47

17.05, 100.00,114.43,110.27

17.06, 100.00,114.41,110.07

17.07, 100.00,114.40,109.88

17.08, 100.00,114.38,109.69

17.09, 100.00,114.37,109.49

17.10, 100.00,114.35,109.30

17.11, 100.00,114.33,109.11

17.12, 100.00,114.31,108.92

17.13, 100.00,114.30,108.74

17.14, 100.00,114.28,108.55

17.15, 100.00,114.26,108.36

17.16, 100.00,114.24,108.18

17.17, 100.00,114.22,108.00

17.18, 100.00,114.19,107.81

17.19, 100.00,114.17,107.63

17.20, 100.00,114.15,107.45

17.21, 100.00,114.13,107.28

17.22, 100.00,114.10,107.10

17.23, 100.00,114.08,106.92

17.24, 100.00,114.06,106.75

17.25, 100.00,114.03,106.57

17.26, 100.00,114.00,106.40

17.27, 100.00,113.98,106.23

17.28, 100.00,113.95,106.06

17.29, 100.00,113.93,105.89

17.30, 100.00,113.90,105.72

17.31, 100.00,113.87,105.55

17.32, 100.00,113.84,105.38

17.33, 100.00,113.81,105.22

17.34, 100.00,113.78,105.06

17.35, 100.00,113.75,104.89

17.36, 100.00,113.72,104.73

17.37, 100.00,113.69,104.57

17.38, 100.00,113.66,104.41

17.39, 100.00,113.63,104.25

17.40, 100.00,113.60,104.09

17.41, 100.00,113.57,103.94

17.42, 100.00,113.54,103.78

17.43, 100.00,113.50,103.63

17.44, 100.00,113.47,103.48

17.45, 100.00,113.43,103.32

17.46, 100.00,113.40,103.17

17.47, 100.00,113.37,103.02

17.48, 100.00,113.33,102.87

17.49, 100.00,113.30,102.73

17.50, 100.00,113.26,102.58

17.51, 100.00,113.22,102.44

17.52, 100.00,113.19,102.29

17.53, 100.00,113.15,102.15

17.54, 100.00,113.11,102.01

17.55, 100.00,113.08,101.86

17.56, 100.00,113.04,101.72

17.57, 100.00,113.00,101.59

17.58, 100.00,112.96,101.45

17.59, 100.00,112.92,101.31

17.60, 100.00,112.88,101.18

17.61, 100.00,112.84,101.04

17.62, 100.00,112.80,100.91

17.63, 100.00,112.76,100.78

17.64, 100.00,112.72,100.64

17.65, 100.00,112.68,100.51

17.66, 100.00,112.64,100.38

17.67, 100.00,112.60,100.26

17.68, 100.00,112.56,100.13

17.69, 100.00,112.52,100.00

17.70, 100.00,112.48,99.88

17.71, 100.00,112.43,99.75

17.72, 100.00,112.39,99.63

17.73, 100.00,112.35,99.51

17.74, 100.00,112.30,99.39

17.75, 100.00,112.26,99.27

17.76, 100.00,112.22,99.15

17.77, 100.00,112.17,99.03

17.78, 100.00,112.13,98.92

17.79, 100.00,112.08,98.80

17.80, 100.00,112.04,98.69

17.81, 100.00,111.99,98.57

17.82, 100.00,111.95,98.46

17.83, 100.00,111.90,98.35

17.84, 100.00,111.86,98.24

17.85, 100.00,111.81,98.13

17.86, 100.00,111.77,98.02

17.87, 100.00,111.72,97.91

17.88, 100.00,111.67,97.81

17.89, 100.00,111.63,97.70

17.90, 100.00,111.58,97.60

17.91, 100.00,111.53,97.49

17.92, 100.00,111.49,97.39

17.93, 100.00,111.44,97.29

17.94, 100.00,111.39,97.19

17.95, 100.00,111.34,97.09

17.96, 100.00,111.30,96.99

17.97, 100.00,111.25,96.89

17.98, 100.00,111.20,96.79

17.99, 100.00,111.15,96.70

18.00, 100.00,111.10,96.60

18.01, 100.00,111.05,96.51

18.02, 100.00,111.01,96.42

18.03, 100.00,110.96,96.33

18.04, 100.00,110.91,96.23

18.05, 100.00,110.86,96.14

18.06, 100.00,110.81,96.06

18.07, 100.00,110.76,95.97

18.08, 100.00,110.71,95.88

18.09, 100.00,110.66,95.79

18.10, 100.00,110.61,95.71

18.11, 100.00,110.56,95.62

18.12, 100.00,110.51,95.54

18.13, 100.00,110.46,95.46

18.14, 100.00,110.41,95.38

18.15, 100.00,110.36,95.30

18.16, 100.00,110.31,95.22

18.17, 100.00,110.26,95.14

18.18, 100.00,110.21,95.06

18.19, 100.00,110.16,94.98

18.20, 100.00,110.11,94.91

18.21, 100.00,110.06,94.83

18.22, 100.00,110.00,94.76

18.23, 100.00,109.95,94.68

18.24, 100.00,109.90,94.61

18.25, 100.00,109.85,94.54

18.26, 100.00,109.80,94.47

18.27, 100.00,109.75,94.40

18.28, 100.00,109.70,94.33

18.29, 100.00,109.65,94.26

18.30, 100.00,109.59,94.19

18.31, 100.00,109.54,94.12

18.32, 100.00,109.49,94.06

18.33, 100.00,109.44,93.99

18.34, 100.00,109.39,93.93

18.35, 100.00,109.34,93.87

18.36, 100.00,109.28,93.80

18.37, 100.00,109.23,93.74

18.38, 100.00,109.18,93.68

18.39, 100.00,109.13,93.62

18.40, 100.00,109.08,93.56

18.41, 100.00,109.03,93.50

18.42, 100.00,108.97,93.45

18.43, 100.00,108.92,93.39

18.44, 100.00,108.87,93.33

18.45, 100.00,108.82,93.28

18.46, 100.00,108.77,93.23

18.47, 100.00,108.71,93.17

18.48, 100.00,108.66,93.12

18.49, 100.00,108.61,93.07

18.50, 100.00,108.56,93.02

18.51, 100.00,108.51,92.97

18.52, 100.00,108.45,92.92

18.53, 100.00,108.40,92.87

18.54, 100.00,108.35,92.82

18.55, 100.00,108.30,92.77

18.56, 100.00,108.25,92.72

18.57, 100.00,108.19,92.68

18.58, 100.00,108.14,92.63

18.59, 100.00,108.09,92.59

18.60, 100.00,108.04,92.55

18.61, 100.00,107.99,92.50

18.62, 100.00,107.93,92.46

18.63, 100.00,107.88,92.42

18.64, 100.00,107.83,92.38

18.65, 100.00,107.78,92.34

18.66, 100.00,107.73,92.30

18.67, 100.00,107.68,92.26

18.68, 100.00,107.63,92.22

18.69, 100.00,107.57,92.19

18.70, 100.00,107.52,92.15

18.71, 100.00,107.47,92.11

18.72, 100.00,107.42,92.08

18.73, 100.00,107.37,92.04

18.74, 100.00,107.32,92.01

18.75, 100.00,107.27,91.98

18.76, 100.00,107.21,91.95

18.77, 100.00,107.16,91.91

18.78, 100.00,107.11,91.88

18.79, 100.00,107.06,91.85

18.80, 100.00,107.01,91.82

18.81, 100.00,106.96,91.79

18.82, 100.00,106.91,91.77

18.83, 100.00,106.86,91.74

18.84, 100.00,106.81,91.71

18.85, 100.00,106.76,91.69

18.86, 100.00,106.71,91.66

18.87, 100.00,106.66,91.63

18.88, 100.00,106.61,91.61

18.89, 100.00,106.56,91.59

18.90, 100.00,106.51,91.56

18.91, 100.00,106.46,91.54

18.92, 100.00,106.41,91.52

18.93, 100.00,106.36,91.50

18.94, 100.00,106.31,91.48

18.95, 100.00,106.26,91.46

18.96, 100.00,106.21,91.44

18.97, 100.00,106.16,91.42

18.98, 100.00,106.11,91.40

18.99, 100.00,106.06,91.38

19.00, 100.00,106.01,91.36

19.01, 100.00,105.96,91.35

19.02, 100.00,105.92,91.33

19.03, 100.00,105.87,91.31

19.04, 100.00,105.82,91.30

19.05, 100.00,105.77,91.29

19.06, 100.00,105.72,91.27

19.07, 100.00,105.67,91.26

19.08, 100.00,105.63,91.25

19.09, 100.00,105.58,91.23

19.10, 100.00,105.53,91.22

19.11, 100.00,105.48,91.21

19.12, 100.00,105.43,91.20

19.13, 100.00,105.39,91.19

19.14, 100.00,105.34,91.18

19.15, 100.00,105.29,91.17

19.16, 100.00,105.24,91.16

19.17, 100.00,105.20,91.15

19.18, 100.00,105.15,91.15

19.19, 100.00,105.10,91.14

19.20, 100.00,105.06,91.13

19.21, 100.00,105.01,91.13

19.22, 100.00,104.96,91.12

19.23, 100.00,104.92,91.12

19.24, 100.00,104.87,91.11

19.25, 100.00,104.83,91.11

19.26, 100.00,104.78,91.10

19.27, 100.00,104.74,91.10

19.28, 100.00,104.69,91.10

19.29, 100.00,104.64,91.10

19.30, 100.00,104.60,91.09

19.31, 100.00,104.55,91.09

19.32, 100.00,104.51,91.09

19.33, 100.00,104.47,91.09

19.34, 100.00,104.42,91.09

19.35, 100.00,104.38,91.09

19.36, 100.00,104.33,91.09

19.37, 100.00,104.29,91.10

19.38, 100.00,104.24,91.10

19.39, 100.00,104.20,91.10

19.40, 100.00,104.16,91.10

19.41, 100.00,104.11,91.11

19.42, 100.00,104.07,91.11

19.43, 100.00,104.03,91.11

19.44, 100.00,103.98,91.12

19.45, 100.00,103.94,91.12

19.46, 100.00,103.90,91.13

19.47, 100.00,103.86,91.13

19.48, 100.00,103.81,91.14

19.49, 100.00,103.77,91.15

19.50, 100.00,103.73,91.15

19.51, 100.00,103.69,91.16

19.52, 100.00,103.64,91.17

19.53, 100.00,103.60,91.18

19.54, 100.00,103.56,91.18

19.55, 100.00,103.52,91.19

19.56, 100.00,103.48,91.20

19.57, 100.00,103.44,91.21

19.58, 100.00,103.40,91.22

19.59, 100.00,103.36,91.23

19.60, 100.00,103.32,91.24

19.61, 100.00,103.28,91.25

19.62, 100.00,103.24,91.26

19.63, 100.00,103.20,91.27

19.64, 100.00,103.16,91.29

19.65, 100.00,103.12,91.30

19.66, 100.00,103.08,91.31

19.67, 100.00,103.04,91.32

19.68, 100.00,103.00,91.34

19.69, 100.00,102.96,91.35

19.70, 100.00,102.92,91.36

19.71, 100.00,102.88,91.38

19.72, 100.00,102.85,91.39

19.73, 100.00,102.81,91.41

19.74, 100.00,102.77,91.42

19.75, 100.00,102.73,91.44

19.76, 100.00,102.69,91.45

19.77, 100.00,102.66,91.47

19.78, 100.00,102.62,91.49

19.79, 100.00,102.58,91.50

19.80, 100.00,102.55,91.52

19.81, 100.00,102.51,91.54

19.82, 100.00,102.47,91.55

19.83, 100.00,102.44,91.57

19.84, 100.00,102.40,91.59

19.85, 100.00,102.36,91.61

19.86, 100.00,102.33,91.63

19.87, 100.00,102.29,91.65

19.88, 100.00,102.26,91.66

19.89, 100.00,102.22,91.68

19.90, 100.00,102.19,91.70

19.91, 100.00,102.15,91.72

19.92, 100.00,102.12,91.74

19.93, 100.00,102.08,91.76

19.94, 100.00,102.05,91.78

19.95, 100.00,102.01,91.80

19.96, 100.00,101.98,91.83

19.97, 100.00,101.95,91.85

19.98, 100.00,101.91,91.87

19.99, 100.00,101.88,91.89

20.00, 100.00,101.85,91.91

20.01, 100.00,101.81,91.93

20.02, 100.00,101.78,91.96

20.03, 100.00,101.75,91.98

20.04, 100.00,101.72,92.00

20.05, 100.00,101.68,92.02

20.06, 100.00,101.65,92.05

20.07, 100.00,101.62,92.07

20.08, 100.00,101.59,92.09

20.09, 100.00,101.56,92.12

20.10, 100.00,101.52,92.14

20.11, 100.00,101.49,92.17

20.12, 100.00,101.46,92.19

20.13, 100.00,101.43,92.22

20.14, 100.00,101.40,92.24

20.15, 100.00,101.37,92.27

20.16, 100.00,101.34,92.29

20.17, 100.00,101.31,92.32

20.18, 100.00,101.28,92.34

20.19, 100.00,101.25,92.37

20.20, 100.00,101.22,92.39

20.21, 100.00,101.19,92.42

20.22, 100.00,101.16,92.45

20.23, 100.00,101.13,92.47

20.24, 100.00,101.10,92.50

20.25, 100.00,101.08,92.52

20.26, 100.00,101.05,92.55

20.27, 100.00,101.02,92.58

20.28, 100.00,100.99,92.61

20.29, 100.00,100.96,92.63

20.30, 100.00,100.94,92.66

20.31, 100.00,100.91,92.69

20.32, 100.00,100.88,92.71

20.33, 100.00,100.85,92.74

20.34, 100.00,100.83,92.77

20.35, 100.00,100.80,92.80

20.36, 100.00,100.77,92.83

20.37, 100.00,100.75,92.85

20.38, 100.00,100.72,92.88

20.39, 100.00,100.69,92.91

20.40, 100.00,100.67,92.94

20.41, 100.00,100.64,92.97

20.42, 100.00,100.62,93.00

20.43, 100.00,100.59,93.03

20.44, 100.00,100.57,93.06

20.45, 100.00,100.54,93.09

20.46, 100.00,100.52,93.11

20.47, 100.00,100.49,93.14

20.48, 100.00,100.47,93.17

20.49, 100.00,100.44,93.20

20.50, 100.00,100.42,93.23

20.51, 100.00,100.40,93.26

20.52, 100.00,100.37,93.29

20.53, 100.00,100.35,93.32

20.54, 100.00,100.33,93.35

20.55, 100.00,100.30,93.38

20.56, 100.00,100.28,93.41

20.57, 100.00,100.26,93.44

20.58, 100.00,100.23,93.47

20.59, 100.00,100.21,93.50

20.60, 100.00,100.19,93.53

20.61, 100.00,100.17,93.56

20.62, 100.00,100.15,93.60

20.63, 100.00,100.12,93.63

20.64, 100.00,100.10,93.66

20.65, 100.00,100.08,93.69

20.66, 100.00,100.06,93.72

20.67, 100.00,100.04,93.75

20.68, 100.00,100.02,93.78

20.69, 100.00,100.00,93.81

20.70, 100.00,99.98,93.84

20.71, 100.00,99.96,93.87

20.72, 100.00,99.94,93.90

20.73, 100.00,99.92,93.94

20.74, 100.00,99.90,93.97

20.75, 100.00,99.88,94.00

20.76, 100.00,99.86,94.03

20.77, 100.00,99.84,94.06

20.78, 100.00,99.82,94.09

20.79, 100.00,99.80,94.12

20.80, 100.00,99.78,94.16

20.81, 100.00,99.76,94.19

20.82, 100.00,99.74,94.22

20.83, 100.00,99.73,94.25

20.84, 100.00,99.71,94.28

20.85, 100.00,99.69,94.31

20.86, 100.00,99.67,94.34

20.87, 100.00,99.65,94.38

20.88, 100.00,99.64,94.41

20.89, 100.00,99.62,94.44

20.90, 100.00,99.60,94.47

20.91, 100.00,99.58,94.50

20.92, 100.00,99.57,94.53

20.93, 100.00,99.55,94.57

20.94, 100.00,99.53,94.60

20.95, 100.00,99.52,94.63

20.96, 100.00,99.50,94.66

20.97, 100.00,99.49,94.69

20.98, 100.00,99.47,94.73

20.99, 100.00,99.45,94.76

21.00, 100.00,99.44,94.79

21.01, 100.00,99.42,94.82

21.02, 100.00,99.41,94.85

21.03, 100.00,99.39,94.88

21.04, 100.00,99.38,94.92

21.05, 100.00,99.36,94.95

21.06, 100.00,99.35,94.98

21.07, 100.00,99.33,95.01

21.08, 100.00,99.32,95.04

21.09, 100.00,99.31,95.07

21.10, 100.00,99.29,95.11

21.11, 100.00,99.28,95.14

21.12, 100.00,99.26,95.17

21.13, 100.00,99.25,95.20

21.14, 100.00,99.24,95.23

21.15, 100.00,99.22,95.26

21.16, 100.00,99.21,95.30

21.17, 100.00,99.20,95.33

21.18, 100.00,99.19,95.36

21.19, 100.00,99.17,95.39

21.20, 100.00,99.16,95.42

21.21, 100.00,99.15,95.45

21.22, 100.00,99.14,95.48

21.23, 100.00,99.12,95.51

21.24, 100.00,99.11,95.55

21.25, 100.00,99.10,95.58

21.26, 100.00,99.09,95.61

21.27, 100.00,99.08,95.64

21.28, 100.00,99.07,95.67

21.29, 100.00,99.05,95.70

21.30, 100.00,99.04,95.73

21.31, 100.00,99.03,95.76

21.32, 100.00,99.02,95.79

21.33, 100.00,99.01,95.83

21.34, 100.00,99.00,95.86

21.35, 100.00,98.99,95.89

21.36, 100.00,98.98,95.92

21.37, 100.00,98.97,95.95

21.38, 100.00,98.96,95.98

21.39, 100.00,98.95,96.01

21.40, 100.00,98.94,96.04

21.41, 100.00,98.93,96.07

21.42, 100.00,98.92,96.10

21.43, 100.00,98.91,96.13

21.44, 100.00,98.90,96.16

21.45, 100.00,98.89,96.19

21.46, 100.00,98.88,96.22

21.47, 100.00,98.88,96.25

21.48, 100.00,98.87,96.28

21.49, 100.00,98.86,96.31

21.50, 100.00,98.85,96.34

21.51, 100.00,98.84,96.37

21.52, 100.00,98.83,96.40

21.53, 100.00,98.83,96.43

21.54, 100.00,98.82,96.46

21.55, 100.00,98.81,96.49

21.56, 100.00,98.80,96.52

21.57, 100.00,98.80,96.55

21.58, 100.00,98.79,96.58

21.59, 100.00,98.78,96.61

21.60, 100.00,98.77,96.64

21.61, 100.00,98.77,96.67

21.62, 100.00,98.76,96.70

21.63, 100.00,98.75,96.72

21.64, 100.00,98.75,96.75

21.65, 100.00,98.74,96.78

21.66, 100.00,98.73,96.81

21.67, 100.00,98.73,96.84

21.68, 100.00,98.72,96.87

21.69, 100.00,98.71,96.90

21.70, 100.00,98.71,96.92

21.71, 100.00,98.70,96.95

21.72, 100.00,98.70,96.98

21.73, 100.00,98.69,97.01

21.74, 100.00,98.69,97.04

21.75, 100.00,98.68,97.07

21.76, 100.00,98.68,97.09

21.77, 100.00,98.67,97.12

21.78, 100.00,98.66,97.15

21.79, 100.00,98.66,97.18

21.80, 100.00,98.66,97.20

21.81, 100.00,98.65,97.23

21.82, 100.00,98.65,97.26

21.83, 100.00,98.64,97.29

21.84, 100.00,98.64,97.31

21.85, 100.00,98.63,97.34

21.86, 100.00,98.63,97.37

21.87, 100.00,98.62,97.39

21.88, 100.00,98.62,97.42

21.89, 100.00,98.62,97.45

21.90, 100.00,98.61,97.47

21.91, 100.00,98.61,97.50

21.92, 100.00,98.61,97.53

21.93, 100.00,98.60,97.55

21.94, 100.00,98.60,97.58

21.95, 100.00,98.59,97.61

21.96, 100.00,98.59,97.63

21.97, 100.00,98.59,97.66

21.98, 100.00,98.59,97.68

21.99, 100.00,98.58,97.71

22.00, 100.00,98.58,97.74

22.01, 100.00,98.58,97.76

22.02, 100.00,98.57,97.79

22.03, 100.00,98.57,97.81

22.04, 100.00,98.57,97.84

22.05, 100.00,98.57,97.86

22.06, 100.00,98.56,97.89

22.07, 100.00,98.56,97.91

22.08, 100.00,98.56,97.94

22.09, 100.00,98.56,97.96

22.10, 100.00,98.56,97.99

22.11, 100.00,98.55,98.01

22.12, 100.00,98.55,98.03

22.13, 100.00,98.55,98.06

22.14, 100.00,98.55,98.08

22.15, 100.00,98.55,98.11

22.16, 100.00,98.55,98.13

22.17, 100.00,98.55,98.16

22.18, 100.00,98.54,98.18

22.19, 100.00,98.54,98.20

22.20, 100.00,98.54,98.23

22.21, 100.00,98.54,98.25

22.22, 100.00,98.54,98.27

22.23, 100.00,98.54,98.30

22.24, 100.00,98.54,98.32

22.25, 100.00,98.54,98.34

22.26, 100.00,98.54,98.37

22.27, 100.00,98.54,98.39

22.28, 100.00,98.54,98.41

22.29, 100.00,98.54,98.43

22.30, 100.00,98.54,98.46

22.31, 100.00,98.54,98.48

22.32, 100.00,98.54,98.50

22.33, 100.00,98.54,98.52

22.34, 100.00,98.54,98.54

22.35, 100.00,98.54,98.57

22.36, 100.00,98.54,98.59

22.37, 100.00,98.54,98.61

22.38, 100.00,98.54,98.63

22.39, 100.00,98.54,98.65

22.40, 100.00,98.54,98.67

22.41, 100.00,98.54,98.70

22.42, 100.00,98.54,98.72

22.43, 100.00,98.54,98.74

22.44, 100.00,98.54,98.76

22.45, 100.00,98.54,98.78

22.46, 100.00,98.54,98.80

22.47, 100.00,98.54,98.82

22.48, 100.00,98.54,98.84

22.49, 100.00,98.54,98.86

22.50, 100.00,98.55,98.88

22.51, 100.00,98.55,98.90

22.52, 100.00,98.55,98.92

22.53, 100.00,98.55,98.94

22.54, 100.00,98.55,98.96

22.55, 100.00,98.55,98.98

22.56, 100.00,98.55,99.00

22.57, 100.00,98.56,99.02

22.58, 100.00,98.56,99.04

22.59, 100.00,98.56,99.06

22.60, 100.00,98.56,99.08

22.61, 100.00,98.56,99.10

22.62, 100.00,98.56,99.12

22.63, 100.00,98.57,99.13

22.64, 100.00,98.57,99.15

22.65, 100.00,98.57,99.17

22.66, 100.00,98.57,99.19

22.67, 100.00,98.57,99.21

22.68, 100.00,98.58,99.23

22.69, 100.00,98.58,99.25

22.70, 100.00,98.58,99.26

22.71, 100.00,98.58,99.28

22.72, 100.00,98.59,99.30

22.73, 100.00,98.59,99.32

22.74, 100.00,98.59,99.33

22.75, 100.00,98.59,99.35

22.76, 100.00,98.60,99.37

22.77, 100.00,98.60,99.39

22.78, 100.00,98.60,99.40

22.79, 100.00,98.60,99.42

22.80, 100.00,98.61,99.44

22.81, 100.00,98.61,99.45

22.82, 100.00,98.61,99.47

22.83, 100.00,98.61,99.49

22.84, 100.00,98.62,99.50

22.85, 100.00,98.62,99.52

22.86, 100.00,98.62,99.54

22.87, 100.00,98.63,99.55

22.88, 100.00,98.63,99.57

22.89, 100.00,98.63,99.58

22.90, 100.00,98.64,99.60

22.91, 100.00,98.64,99.61

22.92, 100.00,98.64,99.63

22.93, 100.00,98.65,99.65

22.94, 100.00,98.65,99.66

22.95, 100.00,98.65,99.68

22.96, 100.00,98.66,99.69

22.97, 100.00,98.66,99.71

22.98, 100.00,98.66,99.72

22.99, 100.00,98.67,99.74

23.00, 100.00,98.67,99.75

23.01, 100.00,98.67,99.76

23.02, 100.00,98.68,99.78

23.03, 100.00,98.68,99.79

23.04, 100.00,98.69,99.81

23.05, 100.00,98.69,99.82

23.06, 100.00,98.69,99.84

23.07, 100.00,98.70,99.85

23.08, 100.00,98.70,99.86

23.09, 100.00,98.71,99.88

23.10, 100.00,98.71,99.89

23.11, 100.00,98.71,99.90

23.12, 100.00,98.72,99.92

23.13, 100.00,98.72,99.93

23.14, 100.00,98.73,99.94

23.15, 100.00,98.73,99.96

23.16, 100.00,98.73,99.97

23.17, 100.00,98.74,99.98

23.18, 100.00,98.74,100.00

23.19, 100.00,98.75,100.01

23.20, 100.00,98.75,100.02

23.21, 100.00,98.75,100.03

23.22, 100.00,98.76,100.04

23.23, 100.00,98.76,100.06

23.24, 100.00,98.77,100.07

23.25, 100.00,98.77,100.08

23.26, 100.00,98.78,100.09

23.27, 100.00,98.78,100.10

23.28, 100.00,98.79,100.12

23.29, 100.00,98.79,100.13

23.30, 100.00,98.79,100.14

23.31, 100.00,98.80,100.15

23.32, 100.00,98.80,100.16

23.33, 100.00,98.81,100.17

23.34, 100.00,98.81,100.18

23.35, 100.00,98.82,100.19

23.36, 100.00,98.82,100.21

23.37, 100.00,98.83,100.22

23.38, 100.00,98.83,100.23

23.39, 100.00,98.84,100.24

23.40, 100.00,98.84,100.25

23.41, 100.00,98.84,100.26

23.42, 100.00,98.85,100.27

23.43, 100.00,98.85,100.28

23.44, 100.00,98.86,100.29

23.45, 100.00,98.86,100.30

23.46, 100.00,98.87,100.31

23.47, 100.00,98.87,100.32

23.48, 100.00,98.88,100.33

23.49, 100.00,98.88,100.34

23.50, 100.00,98.89,100.35

23.51, 100.00,98.89,100.36

23.52, 100.00,98.90,100.37

23.53, 100.00,98.90,100.37

23.54, 100.00,98.91,100.38

23.55, 100.00,98.91,100.39

23.56, 100.00,98.92,100.40

23.57, 100.00,98.92,100.41

23.58, 100.00,98.93,100.42

23.59, 100.00,98.93,100.43

23.60, 100.00,98.94,100.44

23.61, 100.00,98.94,100.44

23.62, 100.00,98.95,100.45

23.63, 100.00,98.95,100.46

23.64, 100.00,98.96,100.47

23.65, 100.00,98.96,100.48

23.66, 100.00,98.97,100.49

23.67, 100.00,98.97,100.49

23.68, 100.00,98.98,100.50

23.69, 100.00,98.98,100.51

23.70, 100.00,98.99,100.52

23.71, 100.00,98.99,100.52

23.72, 100.00,99.00,100.53

23.73, 100.00,99.00,100.54

23.74, 100.00,99.01,100.55

23.75, 100.00,99.01,100.55

23.76, 100.00,99.02,100.56

23.77, 100.00,99.02,100.57

23.78, 100.00,99.03,100.57

23.79, 100.00,99.03,100.58

23.80, 100.00,99.04,100.59

23.81, 100.00,99.05,100.59

23.82, 100.00,99.05,100.60

23.83, 100.00,99.06,100.61

23.84, 100.00,99.06,100.61

23.85, 100.00,99.07,100.62

23.86, 100.00,99.07,100.63

23.87, 100.00,99.08,100.63

23.88, 100.00,99.08,100.64

23.89, 100.00,99.09,100.64

23.90, 100.00,99.09,100.65

23.91, 100.00,99.10,100.66

23.92, 100.00,99.10,100.66

23.93, 100.00,99.11,100.67

23.94, 100.00,99.11,100.67

23.95, 100.00,99.12,100.68

23.96, 100.00,99.12,100.68

23.97, 100.00,99.13,100.69

23.98, 100.00,99.13,100.69

23.99, 100.00,99.14,100.70

24.00, 100.00,99.14,100.70

24.01, 100.00,99.15,100.71

24.02, 100.00,99.15,100.71

24.03, 100.00,99.16,100.72

24.04, 100.00,99.17,100.72

24.05, 100.00,99.17,100.73

24.06, 100.00,99.18,100.73

24.07, 100.00,99.18,100.74

24.08, 100.00,99.19,100.74

24.09, 100.00,99.19,100.75

24.10, 100.00,99.20,100.75

24.11, 100.00,99.20,100.76

24.12, 100.00,99.21,100.76

24.13, 100.00,99.21,100.76

24.14, 100.00,99.22,100.77

24.15, 100.00,99.22,100.77

24.16, 100.00,99.23,100.78

24.17, 100.00,99.23,100.78

24.18, 100.00,99.24,100.78

24.19, 100.00,99.24,100.79

24.20, 100.00,99.25,100.79

24.21, 100.00,99.25,100.79

24.22, 100.00,99.26,100.80

24.23, 100.00,99.26,100.80

24.24, 100.00,99.27,100.80

24.25, 100.00,99.27,100.81

24.26, 100.00,99.28,100.81

24.27, 100.00,99.28,100.81

24.28, 100.00,99.29,100.82

24.29, 100.00,99.29,100.82

24.30, 100.00,99.30,100.82

24.31, 100.00,99.30,100.83

24.32, 100.00,99.31,100.83

24.33, 100.00,99.31,100.83

24.34, 100.00,99.32,100.83

24.35, 100.00,99.32,100.84

24.36, 100.00,99.33,100.84

24.37, 100.00,99.33,100.84

24.38, 100.00,99.34,100.84

24.39, 100.00,99.34,100.85

24.40, 100.00,99.35,100.85

24.41, 100.00,99.35,100.85

24.42, 100.00,99.36,100.85

24.43, 100.00,99.36,100.86

24.44, 100.00,99.37,100.86

24.45, 100.00,99.37,100.86

24.46, 100.00,99.38,100.86

24.47, 100.00,99.38,100.86

24.48, 100.00,99.39,100.86

24.49, 100.00,99.39,100.87

24.50, 100.00,99.40,100.87

24.51, 100.00,99.40,100.87

24.52, 100.00,99.41,100.87

24.53, 100.00,99.41,100.87

24.54, 100.00,99.42,100.87

24.55, 100.00,99.42,100.88

24.56, 100.00,99.43,100.88

24.57, 100.00,99.43,100.88

24.58, 100.00,99.44,100.88

24.59, 100.00,99.44,100.88

24.60, 100.00,99.45,100.88

24.61, 100.00,99.45,100.88

24.62, 100.00,99.46,100.88

24.63, 100.00,99.46,100.89

24.64, 100.00,99.47,100.89

24.65, 100.00,99.47,100.89

24.66, 100.00,99.48,100.89

24.67, 100.00,99.48,100.89

24.68, 100.00,99.49,100.89

24.69, 100.00,99.49,100.89

24.70, 100.00,99.50,100.89

24.71, 100.00,99.50,100.89

24.72, 100.00,99.50,100.89

24.73, 100.00,99.51,100.89

24.74, 100.00,99.51,100.89

24.75, 100.00,99.52,100.89

24.76, 100.00,99.52,100.89

24.77, 100.00,99.53,100.89

24.78, 100.00,99.53,100.89

24.79, 100.00,99.54,100.89

24.80, 100.00,99.54,100.89

24.81, 100.00,99.55,100.89

24.82, 100.00,99.55,100.89

24.83, 100.00,99.55,100.89

24.84, 100.00,99.56,100.89

24.85, 100.00,99.56,100.89

24.86, 100.00,99.57,100.89

24.87, 100.00,99.57,100.89

24.88, 100.00,99.58,100.89

24.89, 100.00,99.58,100.89

24.90, 100.00,99.59,100.89

24.91, 100.00,99.59,100.89

24.92, 100.00,99.59,100.89

24.93, 100.00,99.60,100.89

24.94, 100.00,99.60,100.89

24.95, 100.00,99.61,100.89

24.96, 100.00,99.61,100.89

24.97, 100.00,99.62,100.89

24.98, 100.00,99.62,100.89

24.99, 100.00,99.62,100.89

25.00, 100.00,99.63,100.89

25.01, 100.00,99.63,100.89

25.02, 100.00,99.64,100.89

25.03, 100.00,99.64,100.89

25.04, 100.00,99.65,100.88

25.05, 100.00,99.65,100.88

25.06, 100.00,99.65,100.88

25.07, 100.00,99.66,100.88

25.08, 100.00,99.66,100.88

25.09, 100.00,99.67,100.88

25.10, 100.00,99.67,100.88

25.11, 100.00,99.67,100.88

25.12, 100.00,99.68,100.88

25.13, 100.00,99.68,100.88

25.14, 100.00,99.69,100.87

25.15, 100.00,99.69,100.87

25.16, 100.00,99.69,100.87

25.17, 100.00,99.70,100.87

25.18, 100.00,99.70,100.87

25.19, 100.00,99.71,100.87

25.20, 100.00,99.71,100.87

25.21, 100.00,99.71,100.86

25.22, 100.00,99.72,100.86

25.23, 100.00,99.72,100.86

25.24, 100.00,99.72,100.86

25.25, 100.00,99.73,100.86

25.26, 100.00,99.73,100.86

25.27, 100.00,99.74,100.86

25.28, 100.00,99.74,100.85

25.29, 100.00,99.74,100.85

25.30, 100.00,99.75,100.85

25.31, 100.00,99.75,100.85

25.32, 100.00,99.75,100.85

25.33, 100.00,99.76,100.85

25.34, 100.00,99.76,100.84

25.35, 100.00,99.76,100.84

25.36, 100.00,99.77,100.84

25.37, 100.00,99.77,100.84

25.38, 100.00,99.78,100.84

25.39, 100.00,99.78,100.83

25.40, 100.00,99.78,100.83

25.41, 100.00,99.79,100.83

25.42, 100.00,99.79,100.83

25.43, 100.00,99.79,100.83

25.44, 100.00,99.80,100.82

25.45, 100.00,99.80,100.82

25.46, 100.00,99.80,100.82

25.47, 100.00,99.81,100.82

25.48, 100.00,99.81,100.82

25.49, 100.00,99.81,100.81

25.50, 100.00,99.82,100.81

25.51, 100.00,99.82,100.81

25.52, 100.00,99.82,100.81

25.53, 100.00,99.83,100.80

25.54, 100.00,99.83,100.80

25.55, 100.00,99.83,100.80

25.56, 100.00,99.84,100.80

25.57, 100.00,99.84,100.79

25.58, 100.00,99.84,100.79

25.59, 100.00,99.85,100.79

25.60, 100.00,99.85,100.79

25.61, 100.00,99.85,100.78

25.62, 100.00,99.86,100.78

25.63, 100.00,99.86,100.78

25.64, 100.00,99.86,100.78

25.65, 100.00,99.86,100.77

25.66, 100.00,99.87,100.77

25.67, 100.00,99.87,100.77

25.68, 100.00,99.87,100.77

25.69, 100.00,99.88,100.76

25.70, 100.00,99.88,100.76

25.71, 100.00,99.88,100.76

25.72, 100.00,99.89,100.76

25.73, 100.00,99.89,100.75

25.74, 100.00,99.89,100.75

25.75, 100.00,99.89,100.75

25.76, 100.00,99.90,100.75

25.77, 100.00,99.90,100.74

25.78, 100.00,99.90,100.74

25.79, 100.00,99.91,100.74

25.80, 100.00,99.91,100.74

25.81, 100.00,99.91,100.73

25.82, 100.00,99.91,100.73

25.83, 100.00,99.92,100.73

25.84, 100.00,99.92,100.72

25.85, 100.00,99.92,100.72

25.86, 100.00,99.92,100.72

25.87, 100.00,99.93,100.72

25.88, 100.00,99.93,100.71

25.89, 100.00,99.93,100.71

25.90, 100.00,99.93,100.71

25.91, 100.00,99.94,100.70

25.92, 100.00,99.94,100.70

25.93, 100.00,99.94,100.70

25.94, 100.00,99.94,100.70

25.95, 100.00,99.95,100.69

25.96, 100.00,99.95,100.69

25.97, 100.00,99.95,100.69

25.98, 100.00,99.95,100.68

25.99, 100.00,99.96,100.68

26.00, 100.00,99.96,100.68

26.01, 100.00,99.96,100.67

26.02, 100.00,99.96,100.67

26.03, 100.00,99.97,100.67

26.04, 100.00,99.97,100.67

26.05, 100.00,99.97,100.66

26.06, 100.00,99.97,100.66

26.07, 100.00,99.98,100.66

26.08, 100.00,99.98,100.65

26.09, 100.00,99.98,100.65

26.10, 100.00,99.98,100.65

26.11, 100.00,99.98,100.64

26.12, 100.00,99.99,100.64

26.13, 100.00,99.99,100.64

26.14, 100.00,99.99,100.63

26.15, 100.00,99.99,100.63

26.16, 100.00,100.00,100.63

26.17, 100.00,100.00,100.63

26.18, 100.00,100.00,100.62

26.19, 100.00,100.00,100.62

26.20, 100.00,100.00,100.62

26.21, 100.00,100.01,100.61

26.22, 100.00,100.01,100.61

26.23, 100.00,100.01,100.61

26.24, 100.00,100.01,100.60

26.25, 100.00,100.01,100.60

26.26, 100.00,100.02,100.60

26.27, 100.00,100.02,100.59

26.28, 100.00,100.02,100.59

26.29, 100.00,100.02,100.59

26.30, 100.00,100.02,100.58

26.31, 100.00,100.03,100.58

26.32, 100.00,100.03,100.58

26.33, 100.00,100.03,100.58

26.34, 100.00,100.03,100.57

26.35, 100.00,100.03,100.57

26.36, 100.00,100.03,100.57

26.37, 100.00,100.04,100.56

26.38, 100.00,100.04,100.56

26.39, 100.00,100.04,100.56

26.40, 100.00,100.04,100.55

26.41, 100.00,100.04,100.55

26.42, 100.00,100.04,100.55

26.43, 100.00,100.05,100.54

26.44, 100.00,100.05,100.54

26.45, 100.00,100.05,100.54

26.46, 100.00,100.05,100.53

26.47, 100.00,100.05,100.53

26.48, 100.00,100.05,100.53

26.49, 100.00,100.06,100.52

26.50, 100.00,100.06,100.52

26.51, 100.00,100.06,100.52

26.52, 100.00,100.06,100.51

26.53, 100.00,100.06,100.51

26.54, 100.00,100.06,100.51

26.55, 100.00,100.06,100.51

26.56, 100.00,100.07,100.50

26.57, 100.00,100.07,100.50

26.58, 100.00,100.07,100.50

26.59, 100.00,100.07,100.49

26.60, 100.00,100.07,100.49

26.61, 100.00,100.07,100.49

26.62, 100.00,100.07,100.48

26.63, 100.00,100.08,100.48

26.64, 100.00,100.08,100.48

26.65, 100.00,100.08,100.47

26.66, 100.00,100.08,100.47

26.67, 100.00,100.08,100.47

26.68, 100.00,100.08,100.46

26.69, 100.00,100.08,100.46

26.70, 100.00,100.09,100.46

26.71, 100.00,100.09,100.45

26.72, 100.00,100.09,100.45

26.73, 100.00,100.09,100.45

26.74, 100.00,100.09,100.45

26.75, 100.00,100.09,100.44

26.76, 100.00,100.09,100.44

26.77, 100.00,100.09,100.44

26.78, 100.00,100.09,100.43

26.79, 100.00,100.10,100.43

26.80, 100.00,100.10,100.43

26.81, 100.00,100.10,100.42

26.82, 100.00,100.10,100.42

26.83, 100.00,100.10,100.42

26.84, 100.00,100.10,100.41

26.85, 100.00,100.10,100.41

26.86, 100.00,100.10,100.41

26.87, 100.00,100.10,100.40

26.88, 100.00,100.11,100.40

26.89, 100.00,100.11,100.40

26.90, 100.00,100.11,100.40

26.91, 100.00,100.11,100.39

26.92, 100.00,100.11,100.39

26.93, 100.00,100.11,100.39

26.94, 100.00,100.11,100.38

26.95, 100.00,100.11,100.38

26.96, 100.00,100.11,100.38

26.97, 100.00,100.11,100.37

26.98, 100.00,100.11,100.37

26.99, 100.00,100.12,100.37

27.00, 100.00,100.12,100.37

27.01, 100.00,100.12,100.36

27.02, 100.00,100.12,100.36

27.03, 100.00,100.12,100.36

27.04, 100.00,100.12,100.35

27.05, 100.00,100.12,100.35

27.06, 100.00,100.12,100.35

27.07, 100.00,100.12,100.34

27.08, 100.00,100.12,100.34

27.09, 100.00,100.12,100.34

27.10, 100.00,100.12,100.34

27.11, 100.00,100.12,100.33

27.12, 100.00,100.12,100.33

27.13, 100.00,100.13,100.33

27.14, 100.00,100.13,100.32

27.15, 100.00,100.13,100.32

27.16, 100.00,100.13,100.32

27.17, 100.00,100.13,100.32

27.18, 100.00,100.13,100.31

27.19, 100.00,100.13,100.31

27.20, 100.00,100.13,100.31

27.21, 100.00,100.13,100.30

27.22, 100.00,100.13,100.30

27.23, 100.00,100.13,100.30

27.24, 100.00,100.13,100.30

27.25, 100.00,100.13,100.29

27.26, 100.00,100.13,100.29

27.27, 100.00,100.13,100.29

27.28, 100.00,100.13,100.28

27.29, 100.00,100.13,100.28

27.30, 100.00,100.14,100.28

27.31, 100.00,100.14,100.28

27.32, 100.00,100.14,100.27

27.33, 100.00,100.14,100.27

27.34, 100.00,100.14,100.27

27.35, 100.00,100.14,100.27

27.36, 100.00,100.14,100.26

27.37, 100.00,100.14,100.26

27.38, 100.00,100.14,100.26

27.39, 100.00,100.14,100.25

27.40, 100.00,100.14,100.25

27.41, 100.00,100.14,100.25

27.42, 100.00,100.14,100.25

27.43, 100.00,100.14,100.24

27.44, 100.00,100.14,100.24

27.45, 100.00,100.14,100.24

27.46, 100.00,100.14,100.24

27.47, 100.00,100.14,100.23

27.48, 100.00,100.14,100.23

27.49, 100.00,100.14,100.23

27.50, 100.00,100.14,100.23

27.51, 100.00,100.14,100.22

27.52, 100.00,100.14,100.22

27.53, 100.00,100.14,100.22

27.54, 100.00,100.14,100.22

27.55, 100.00,100.14,100.21

27.56, 100.00,100.14,100.21

27.57, 100.00,100.14,100.21

27.58, 100.00,100.14,100.21

27.59, 100.00,100.14,100.20

27.60, 100.00,100.15,100.20

27.61, 100.00,100.15,100.20

27.62, 100.00,100.15,100.20

27.63, 100.00,100.15,100.19

27.64, 100.00,100.15,100.19

27.65, 100.00,100.15,100.19

27.66, 100.00,100.15,100.19

27.67, 100.00,100.15,100.18

27.68, 100.00,100.15,100.18

27.69, 100.00,100.15,100.18

27.70, 100.00,100.15,100.18

27.71, 100.00,100.15,100.17

27.72, 100.00,100.15,100.17

27.73, 100.00,100.15,100.17

27.74, 100.00,100.15,100.17

27.75, 100.00,100.15,100.17

27.76, 100.00,100.15,100.16

27.77, 100.00,100.15,100.16

27.78, 100.00,100.15,100.16

27.79, 100.00,100.15,100.16

27.80, 100.00,100.15,100.15

27.81, 100.00,100.15,100.15

27.82, 100.00,100.15,100.15

27.83, 100.00,100.15,100.15

27.84, 100.00,100.15,100.14

27.85, 100.00,100.15,100.14

27.86, 100.00,100.15,100.14

27.87, 100.00,100.15,100.14

27.88, 100.00,100.15,100.14

27.89, 100.00,100.15,100.13

27.90, 100.00,100.15,100.13

27.91, 100.00,100.15,100.13

27.92, 100.00,100.15,100.13

27.93, 100.00,100.15,100.13

27.94, 100.00,100.15,100.12

27.95, 100.00,100.15,100.12

27.96, 100.00,100.15,100.12

27.97, 100.00,100.15,100.12

27.98, 100.00,100.15,100.12

27.99, 100.00,100.15,100.11

28.00, 100.00,100.15,100.11

28.01, 100.00,100.15,100.11

28.02, 100.00,100.15,100.11

28.03, 100.00,100.15,100.10

28.04, 100.00,100.15,100.10

28.05, 100.00,100.15,100.10

28.06, 100.00,100.15,100.10

28.07, 100.00,100.14,100.10

28.08, 100.00,100.14,100.10

28.09, 100.00,100.14,100.09

28.10, 100.00,100.14,100.09

28.11, 100.00,100.14,100.09

28.12, 100.00,100.14,100.09

28.13, 100.00,100.14,100.09

28.14, 100.00,100.14,100.08

28.15, 100.00,100.14,100.08

28.16, 100.00,100.14,100.08

28.17, 100.00,100.14,100.08

28.18, 100.00,100.14,100.08

28.19, 100.00,100.14,100.07

28.20, 100.00,100.14,100.07

28.21, 100.00,100.14,100.07

28.22, 100.00,100.14,100.07

28.23, 100.00,100.14,100.07

28.24, 100.00,100.14,100.07

28.25, 100.00,100.14,100.06

28.26, 100.00,100.14,100.06

28.27, 100.00,100.14,100.06

28.28, 100.00,100.14,100.06

28.29, 100.00,100.14,100.06

28.30, 100.00,100.14,100.06

28.31, 100.00,100.14,100.05

28.32, 100.00,100.14,100.05

28.33, 100.00,100.14,100.05

28.34, 100.00,100.14,100.05

28.35, 100.00,100.14,100.05

28.36, 100.00,100.14,100.05

28.37, 100.00,100.14,100.04

28.38, 100.00,100.14,100.04

28.39, 100.00,100.14,100.04

28.40, 100.00,100.14,100.04

28.41, 100.00,100.14,100.04

28.42, 100.00,100.14,100.04

28.43, 100.00,100.14,100.03

28.44, 100.00,100.14,100.03

28.45, 100.00,100.14,100.03

28.46, 100.00,100.13,100.03

28.47, 100.00,100.13,100.03

28.48, 100.00,100.13,100.03

28.49, 100.00,100.13,100.03

28.50, 100.00,100.13,100.02

28.51, 100.00,100.13,100.02

28.52, 100.00,100.13,100.02

28.53, 100.00,100.13,100.02

28.54, 100.00,100.13,100.02

28.55, 100.00,100.13,100.02

28.56, 100.00,100.13,100.02

28.57, 100.00,100.13,100.01

28.58, 100.00,100.13,100.01

28.59, 100.00,100.13,100.01

28.60, 100.00,100.13,100.01

28.61, 100.00,100.13,100.01

28.62, 100.00,100.13,100.01

28.63, 100.00,100.13,100.01

28.64, 100.00,100.13,100.00

28.65, 100.00,100.13,100.00

28.66, 100.00,100.13,100.00

28.67, 100.00,100.13,100.00

28.68, 100.00,100.13,100.00

28.69, 100.00,100.13,100.00

28.70, 100.00,100.13,100.00

28.71, 100.00,100.12,100.00

28.72, 100.00,100.12,99.99

28.73, 100.00,100.12,99.99

28.74, 100.00,100.12,99.99

28.75, 100.00,100.12,99.99

28.76, 100.00,100.12,99.99

28.77, 100.00,100.12,99.99

28.78, 100.00,100.12,99.99

28.79, 100.00,100.12,99.99

28.80, 100.00,100.12,99.99

28.81, 100.00,100.12,99.98

28.82, 100.00,100.12,99.98

28.83, 100.00,100.12,99.98

28.84, 100.00,100.12,99.98

28.85, 100.00,100.12,99.98

28.86, 100.00,100.12,99.98

28.87, 100.00,100.12,99.98

28.88, 100.00,100.12,99.98

28.89, 100.00,100.12,99.98

28.90, 100.00,100.12,99.97

28.91, 100.00,100.12,99.97

28.92, 100.00,100.12,99.97

28.93, 100.00,100.11,99.97

28.94, 100.00,100.11,99.97

28.95, 100.00,100.11,99.97

28.96, 100.00,100.11,99.97

28.97, 100.00,100.11,99.97

28.98, 100.00,100.11,99.97

28.99, 100.00,100.11,99.97

29.00, 100.00,100.11,99.96

29.01, 100.00,100.11,99.96

29.02, 100.00,100.11,99.96

29.03, 100.00,100.11,99.96

29.04, 100.00,100.11,99.96

29.05, 100.00,100.11,99.96

29.06, 100.00,100.11,99.96

29.07, 100.00,100.11,99.96

29.08, 100.00,100.11,99.96

29.09, 100.00,100.11,99.96

29.10, 100.00,100.11,99.96

29.11, 100.00,100.11,99.95

29.12, 100.00,100.11,99.95

29.13, 100.00,100.10,99.95

29.14, 100.00,100.10,99.95

29.15, 100.00,100.10,99.95

29.16, 100.00,100.10,99.95

29.17, 100.00,100.10,99.95

29.18, 100.00,100.10,99.95

29.19, 100.00,100.10,99.95

29.20, 100.00,100.10,99.95

29.21, 100.00,100.10,99.95

29.22, 100.00,100.10,99.95

29.23, 100.00,100.10,99.95

29.24, 100.00,100.10,99.94

29.25, 100.00,100.10,99.94

29.26, 100.00,100.10,99.94

29.27, 100.00,100.10,99.94

29.28, 100.00,100.10,99.94

29.29, 100.00,100.10,99.94

29.30, 100.00,100.10,99.94

29.31, 100.00,100.10,99.94

29.32, 100.00,100.10,99.94

29.33, 100.00,100.09,99.94

29.34, 100.00,100.09,99.94

29.35, 100.00,100.09,99.94

29.36, 100.00,100.09,99.94

29.37, 100.00,100.09,99.94

29.38, 100.00,100.09,99.94

29.39, 100.00,100.09,99.93

29.40, 100.00,100.09,99.93

29.41, 100.00,100.09,99.93

29.42, 100.00,100.09,99.93

29.43, 100.00,100.09,99.93

29.44, 100.00,100.09,99.93

29.45, 100.00,100.09,99.93

29.46, 100.00,100.09,99.93

29.47, 100.00,100.09,99.93

29.48, 100.00,100.09,99.93

29.49, 100.00,100.09,99.93

29.50, 100.00,100.09,99.93

29.51, 100.00,100.09,99.93

29.52, 100.00,100.08,99.93

29.53, 100.00,100.08,99.93

29.54, 100.00,100.08,99.93

29.55, 100.00,100.08,99.93

29.56, 100.00,100.08,99.93

29.57, 100.00,100.08,99.93

29.58, 100.00,100.08,99.93

29.59, 100.00,100.08,99.92

29.60, 100.00,100.08,99.92

29.61, 100.00,100.08,99.92

29.62, 100.00,100.08,99.92

29.63, 100.00,100.08,99.92

29.64, 100.00,100.08,99.92

29.65, 100.00,100.08,99.92

29.66, 100.00,100.08,99.92

29.67, 100.00,100.08,99.92

29.68, 100.00,100.08,99.92

29.69, 100.00,100.08,99.92

29.70, 100.00,100.08,99.92

29.71, 100.00,100.07,99.92

29.72, 100.00,100.07,99.92

29.73, 100.00,100.07,99.92

29.74, 100.00,100.07,99.92

29.75, 100.00,100.07,99.92

29.76, 100.00,100.07,99.92

29.77, 100.00,100.07,99.92

29.78, 100.00,100.07,99.92

29.79, 100.00,100.07,99.92

29.80, 100.00,100.07,99.92

29.81, 100.00,100.07,99.92

29.82, 100.00,100.07,99.92

29.83, 100.00,100.07,99.92

29.84, 100.00,100.07,99.92

29.85, 100.00,100.07,99.92

29.86, 100.00,100.07,99.92

29.87, 100.00,100.07,99.92

29.88, 100.00,100.07,99.92

29.89, 100.00,100.07,99.91

29.90, 100.00,100.06,99.91

29.91, 100.00,100.06,99.91

29.92, 100.00,100.06,99.91

29.93, 100.00,100.06,99.91

29.94, 100.00,100.06,99.91

29.95, 100.00,100.06,99.91

29.96, 100.00,100.06,99.91

29.97, 100.00,100.06,99.91

29.98, 100.00,100.06,99.91

29.99, 100.00,100.06,99.91

30.00, 100.00,100.06,99.91

30.01, 100.00,100.06,99.91

30.02, 100.00,100.06,99.91

30.03, 100.00,100.06,99.91

30.04, 100.00,100.06,99.91

30.05, 100.00,100.06,99.91

30.06, 100.00,100.06,99.91

30.07, 100.00,100.06,99.91

30.08, 100.00,100.06,99.91

30.09, 100.00,100.06,99.91

30.10, 100.00,100.06,99.91

30.11, 100.00,100.05,99.91

30.12, 100.00,100.05,99.91

30.13, 100.00,100.05,99.91

30.14, 100.00,100.05,99.91

30.15, 100.00,100.05,99.91

30.16, 100.00,100.05,99.91

30.17, 100.00,100.05,99.91

30.18, 100.00,100.05,99.91

30.19, 100.00,100.05,99.91

30.20, 100.00,100.05,99.91

30.21, 100.00,100.05,99.91

30.22, 100.00,100.05,99.91

30.23, 100.00,100.05,99.91

30.24, 100.00,100.05,99.91

30.25, 100.00,100.05,99.91

30.26, 100.00,100.05,99.91

30.27, 100.00,100.05,99.91

30.28, 100.00,100.05,99.91

30.29, 100.00,100.05,99.91

30.30, 100.00,100.05,99.91

30.31, 100.00,100.05,99.91

30.32, 100.00,100.04,99.91

30.33, 100.00,100.04,99.91

30.34, 100.00,100.04,99.91

30.35, 100.00,100.04,99.91

30.36, 100.00,100.04,99.91

30.37, 100.00,100.04,99.91

30.38, 100.00,100.04,99.91

30.39, 100.00,100.04,99.91

30.40, 100.00,100.04,99.91

30.41, 100.00,100.04,99.91

30.42, 100.00,100.04,99.91

30.43, 100.00,100.04,99.91

30.44, 100.00,100.04,99.91

30.45, 100.00,100.04,99.91

30.46, 100.00,100.04,99.91

30.47, 100.00,100.04,99.91

30.48, 100.00,100.04,99.91

30.49, 100.00,100.04,99.91

30.50, 100.00,100.04,99.91

30.51, 100.00,100.04,99.91

30.52, 100.00,100.04,99.91

30.53, 100.00,100.04,99.91

30.54, 100.00,100.04,99.91

30.55, 100.00,100.03,99.91

30.56, 100.00,100.03,99.91

30.57, 100.00,100.03,99.91

30.58, 100.00,100.03,99.91

30.59, 100.00,100.03,99.91

30.60, 100.00,100.03,99.91

30.61, 100.00,100.03,99.91

30.62, 100.00,100.03,99.91

30.63, 100.00,100.03,99.91

30.64, 100.00,100.03,99.91

30.65, 100.00,100.03,99.91

30.66, 100.00,100.03,99.91

30.67, 100.00,100.03,99.91

30.68, 100.00,100.03,99.91

30.69, 100.00,100.03,99.91

30.70, 100.00,100.03,99.91

30.71, 100.00,100.03,99.91

30.72, 100.00,100.03,99.91

30.73, 100.00,100.03,99.91

30.74, 100.00,100.03,99.91

30.75, 100.00,100.03,99.91

30.76, 100.00,100.03,99.91

30.77, 100.00,100.03,99.91

30.78, 100.00,100.03,99.91

30.79, 100.00,100.03,99.91

30.80, 100.00,100.03,99.91

30.81, 100.00,100.02,99.91

30.82, 100.00,100.02,99.92

30.83, 100.00,100.02,99.92

30.84, 100.00,100.02,99.92

30.85, 100.00,100.02,99.92

30.86, 100.00,100.02,99.92

30.87, 100.00,100.02,99.92

30.88, 100.00,100.02,99.92

30.89, 100.00,100.02,99.92

30.90, 100.00,100.02,99.92

30.91, 100.00,100.02,99.92

30.92, 100.00,100.02,99.92

30.93, 100.00,100.02,99.92

30.94, 100.00,100.02,99.92

30.95, 100.00,100.02,99.92

30.96, 100.00,100.02,99.92

30.97, 100.00,100.02,99.92

30.98, 100.00,100.02,99.92

30.99, 100.00,100.02,99.92

31.00, 100.00,100.02,99.92

31.01, 100.00,100.02,99.92

31.02, 100.00,100.02,99.92

31.03, 100.00,100.02,99.92

31.04, 100.00,100.02,99.92

31.05, 100.00,100.02,99.92

31.06, 100.00,100.02,99.92

31.07, 100.00,100.02,99.92

31.08, 100.00,100.02,99.92

31.09, 100.00,100.02,99.92

31.10, 100.00,100.01,99.92

31.11, 100.00,100.01,99.92

31.12, 100.00,100.01,99.92

31.13, 100.00,100.01,99.92

31.14, 100.00,100.01,99.92

31.15, 100.00,100.01,99.92

31.16, 100.00,100.01,99.92

31.17, 100.00,100.01,99.92

31.18, 100.00,100.01,99.92

31.19, 100.00,100.01,99.92

31.20, 100.00,100.01,99.92

31.21, 100.00,100.01,99.92

31.22, 100.00,100.01,99.92

31.23, 100.00,100.01,99.92

31.24, 100.00,100.01,99.92

31.25, 100.00,100.01,99.93

31.26, 100.00,100.01,99.93

31.27, 100.00,100.01,99.93

31.28, 100.00,100.01,99.93

31.29, 100.00,100.01,99.93

31.30, 100.00,100.01,99.93

31.31, 100.00,100.01,99.93

31.32, 100.00,100.01,99.93

31.33, 100.00,100.01,99.93

31.34, 100.00,100.01,99.93

31.35, 100.00,100.01,99.93

31.36, 100.00,100.01,99.93

31.37, 100.00,100.01,99.93

31.38, 100.00,100.01,99.93

31.39, 100.00,100.01,99.93

31.40, 100.00,100.01,99.93

31.41, 100.00,100.01,99.93

31.42, 100.00,100.01,99.93

31.43, 100.00,100.01,99.93

31.44, 100.00,100.01,99.93

31.45, 100.00,100.01,99.93

31.46, 100.00,100.00,99.93

31.47, 100.00,100.00,99.93

31.48, 100.00,100.00,99.93

31.49, 100.00,100.00,99.93

31.50, 100.00,100.00,99.93

31.51, 100.00,100.00,99.93

31.52, 100.00,100.00,99.93

31.53, 100.00,100.00,99.93

31.54, 100.00,100.00,99.93

31.55, 100.00,100.00,99.93

31.56, 100.00,100.00,99.93

31.57, 100.00,100.00,99.93

31.58, 100.00,100.00,99.93

31.59, 100.00,100.00,99.93

31.60, 100.00,100.00,99.94

31.61, 100.00,100.00,99.94

31.62, 100.00,100.00,99.94

31.63, 100.00,100.00,99.94

31.64, 100.00,100.00,99.94

31.65, 100.00,100.00,99.94

31.66, 100.00,100.00,99.94

31.67, 100.00,100.00,99.94

31.68, 100.00,100.00,99.94

31.69, 100.00,100.00,99.94

31.70, 100.00,100.00,99.94

31.71, 100.00,100.00,99.94

31.72, 100.00,100.00,99.94

31.73, 100.00,100.00,99.94

31.74, 100.00,100.00,99.94

31.75, 100.00,100.00,99.94

31.76, 100.00,100.00,99.94

31.77, 100.00,100.00,99.94

31.78, 100.00,100.00,99.94

31.79, 100.00,100.00,99.94

31.80, 100.00,100.00,99.94

31.81, 100.00,100.00,99.94

31.82, 100.00,100.00,99.94

31.83, 100.00,100.00,99.94

31.84, 100.00,100.00,99.94

31.85, 100.00,100.00,99.94

31.86, 100.00,100.00,99.94

31.87, 100.00,100.00,99.94

31.88, 100.00,100.00,99.94

31.89, 100.00,100.00,99.94

31.90, 100.00,100.00,99.94

31.91, 100.00,100.00,99.95

31.92, 100.00,100.00,99.95

31.93, 100.00,100.00,99.95

31.94, 100.00,100.00,99.95

31.95, 100.00,99.99,99.95

31.96, 100.00,99.99,99.95

31.97, 100.00,99.99,99.95

31.98, 100.00,99.99,99.95

31.99, 100.00,99.99,99.95

32.00, 100.00,99.99,99.95

32.01, 100.00,99.99,99.95

32.02, 100.00,99.99,99.95

32.03, 100.00,99.99,99.95

32.04, 100.00,99.99,99.95

32.05, 100.00,99.99,99.95

32.06, 100.00,99.99,99.95

32.07, 100.00,99.99,99.95

32.08, 100.00,99.99,99.95

32.09, 100.00,99.99,99.95

32.10, 100.00,99.99,99.95

32.11, 100.00,99.99,99.95

32.12, 100.00,99.99,99.95

32.13, 100.00,99.99,99.95

32.14, 100.00,99.99,99.95

32.15, 100.00,99.99,99.95

32.16, 100.00,99.99,99.95

32.17, 100.00,99.99,99.95

32.18, 100.00,99.99,99.95

32.19, 100.00,99.99,99.95

32.20, 100.00,99.99,99.95

32.21, 100.00,99.99,99.95

32.22, 100.00,99.99,99.95

32.23, 100.00,99.99,99.96

32.24, 100.00,99.99,99.96

32.25, 100.00,99.99,99.96

32.26, 100.00,99.99,99.96

32.27, 100.00,99.99,99.96

32.28, 100.00,99.99,99.96

32.29, 100.00,99.99,99.96

32.30, 100.00,99.99,99.96

32.31, 100.00,99.99,99.96

32.32, 100.00,99.99,99.96

32.33, 100.00,99.99,99.96

32.34, 100.00,99.99,99.96

32.35, 100.00,99.99,99.96

32.36, 100.00,99.99,99.96

32.37, 100.00,99.99,99.96

32.38, 100.00,99.99,99.96

32.39, 100.00,99.99,99.96

32.40, 100.00,99.99,99.96

32.41, 100.00,99.99,99.96

32.42, 100.00,99.99,99.96

32.43, 100.00,99.99,99.96

32.44, 100.00,99.99,99.96

32.45, 100.00,99.99,99.96

32.46, 100.00,99.99,99.96

32.47, 100.00,99.99,99.96

32.48, 100.00,99.99,99.96

32.49, 100.00,99.99,99.96

32.50, 100.00,99.99,99.96

32.51, 100.00,99.99,99.96

32.52, 100.00,99.99,99.96

32.53, 100.00,99.99,99.96

32.54, 100.00,99.99,99.96

32.55, 100.00,99.99,99.96

32.56, 100.00,99.99,99.97

32.57, 100.00,99.99,99.97

32.58, 100.00,99.99,99.97

32.59, 100.00,99.99,99.97

32.60, 100.00,99.99,99.97

32.61, 100.00,99.99,99.97

32.62, 100.00,99.99,99.97

32.63, 100.00,99.99,99.97

32.64, 100.00,99.99,99.97

32.65, 100.00,99.99,99.97

32.66, 100.00,99.99,99.97

32.67, 100.00,99.99,99.97

32.68, 100.00,99.99,99.97

32.69, 100.00,99.99,99.97

32.70, 100.00,99.99,99.97

32.71, 100.00,99.99,99.97

32.72, 100.00,99.99,99.97

32.73, 100.00,99.99,99.97

32.74, 100.00,99.99,99.97

32.75, 100.00,99.99,99.97

32.76, 100.00,99.99,99.97

32.77, 100.00,99.99,99.97

32.78, 100.00,99.99,99.97

32.79, 100.00,99.99,99.97

32.80, 100.00,99.99,99.97

32.81, 100.00,99.99,99.97

32.82, 100.00,99.99,99.97

32.83, 100.00,99.99,99.97

32.84, 100.00,99.99,99.97

32.85, 100.00,99.99,99.97

32.86, 100.00,99.99,99.97

32.87, 100.00,99.99,99.97

32.88, 100.00,99.99,99.97

32.89, 100.00,99.99,99.97

32.90, 100.00,99.99,99.97

32.91, 100.00,99.99,99.98

32.92, 100.00,99.99,99.98

32.93, 100.00,99.99,99.98

32.94, 100.00,99.99,99.98

32.95, 100.00,99.99,99.98

32.96, 100.00,99.99,99.98

32.97, 100.00,99.99,99.98

32.98, 100.00,99.99,99.98

32.99, 100.00,99.99,99.98

33.00, 100.00,99.99,99.98

33.01, 100.00,99.99,99.98

33.02, 100.00,99.99,99.98

33.03, 100.00,99.99,99.98

33.04, 100.00,99.99,99.98

33.05, 100.00,99.99,99.98

33.06, 100.00,99.99,99.98

33.07, 100.00,99.99,99.98

33.08, 100.00,99.99,99.98

33.09, 100.00,99.99,99.98

33.10, 100.00,99.99,99.98

33.11, 100.00,99.99,99.98

33.12, 100.00,99.99,99.98

33.13, 100.00,99.99,99.98

33.14, 100.00,99.99,99.98

33.15, 100.00,99.99,99.98

33.16, 100.00,99.99,99.98

33.17, 100.00,99.99,99.98

33.18, 100.00,99.99,99.98

33.19, 100.00,99.99,99.98

33.20, 100.00,99.99,99.98

33.21, 100.00,99.99,99.98

33.22, 100.00,99.99,99.98

33.23, 100.00,99.99,99.98

33.24, 100.00,99.99,99.98

33.25, 100.00,99.99,99.98

33.26, 100.00,99.99,99.98

33.27, 100.00,99.99,99.98

33.28, 100.00,99.99,99.98

33.29, 100.00,99.99,99.98

33.30, 100.00,99.99,99.98

33.31, 100.00,99.99,99.98

33.32, 100.00,99.99,99.99

33.33, 100.00,99.99,99.99

33.34, 100.00,99.99,99.99

33.35, 100.00,99.99,99.99

33.36, 100.00,99.99,99.99

33.37, 100.00,99.99,99.99

33.38, 100.00,99.99,99.99

33.39, 100.00,99.99,99.99

33.40, 100.00,99.99,99.99

33.41, 100.00,99.99,99.99

33.42, 100.00,99.99,99.99

33.43, 100.00,99.99,99.99

33.44, 100.00,99.99,99.99

33.45, 100.00,99.99,99.99

33.46, 100.00,99.99,99.99

33.47, 100.00,99.99,99.99

33.48, 100.00,99.99,99.99

33.49, 100.00,99.99,99.99

33.50, 100.00,99.99,99.99

33.51, 100.00,99.99,99.99

33.52, 100.00,99.99,99.99

33.53, 100.00,99.99,99.99

33.54, 100.00,99.99,99.99

33.55, 100.00,99.99,99.99

33.56, 100.00,99.99,99.99

33.57, 100.00,99.99,99.99

33.58, 100.00,99.99,99.99

33.59, 100.00,99.99,99.99

33.60, 100.00,99.99,99.99

33.61, 100.00,99.99,99.99

33.62, 100.00,99.99,99.99

33.63, 100.00,99.99,99.99

33.64, 100.00,99.99,99.99

33.65, 100.00,99.99,99.99

33.66, 100.00,99.99,99.99

33.67, 100.00,99.99,99.99

33.68, 100.00,99.99,99.99

33.69, 100.00,99.99,99.99

33.70, 100.00,99.99,99.99

33.71, 100.00,99.99,99.99

33.72, 100.00,99.99,99.99

33.73, 100.00,99.99,99.99

33.74, 100.00,99.99,99.99

33.75, 100.00,99.99,99.99

33.76, 100.00,99.99,99.99

33.77, 100.00,99.99,99.99

33.78, 100.00,99.99,99.99

33.79, 100.00,99.99,99.99

33.80, 100.00,99.99,99.99

33.81, 100.00,99.99,99.99

33.82, 100.00,99.99,99.99

33.83, 100.00,99.99,99.99

33.84, 100.00,99.99,100.00

33.85, 100.00,99.99,100.00

33.86, 100.00,99.99,100.00

33.87, 100.00,99.99,100.00

33.88, 100.00,99.99,100.00

33.89, 100.00,99.99,100.00

33.90, 100.00,99.99,100.00

33.91, 100.00,99.99,100.00

33.92, 100.00,99.99,100.00

33.93, 100.00,99.99,100.00

33.94, 100.00,99.99,100.00

33.95, 100.00,99.99,100.00

33.96, 100.00,99.99,100.00

33.97, 100.00,99.99,100.00

33.98, 100.00,99.99,100.00

33.99, 100.00,99.99,100.00

34.00, 100.00,99.99,100.00

34.01, 100.00,99.99,100.00

34.02, 100.00,99.99,100.00

34.03, 100.00,99.99,100.00

34.04, 100.00,99.99,100.00

34.05, 100.00,99.99,100.00

34.06, 100.00,99.99,100.00

34.07, 100.00,99.99,100.00

34.08, 100.00,99.99,100.00

34.09, 100.00,99.99,100.00

34.10, 100.00,99.99,100.00

34.11, 100.00,99.99,100.00

34.12, 100.00,99.99,100.00

34.13, 100.00,99.99,100.00

34.14, 100.00,99.99,100.00

34.15, 100.00,99.99,100.00

34.16, 100.00,99.99,100.00

34.17, 100.00,99.99,100.00

34.18, 100.00,99.99,100.00

34.19, 100.00,99.99,100.00

34.20, 100.00,99.99,100.00

34.21, 100.00,99.99,100.00

34.22, 100.00,99.99,100.00

34.23, 100.00,99.99,100.00

34.24, 100.00,99.99,100.00

34.25, 100.00,99.99,100.00

34.26, 100.00,99.99,100.00

34.27, 100.00,99.99,100.00

34.28, 100.00,99.99,100.00

34.29, 100.00,99.99,100.00

34.30, 100.00,99.99,100.00

34.31, 100.00,99.99,100.00

34.32, 100.00,99.99,100.00

34.33, 100.00,99.99,100.00

34.34, 100.00,99.99,100.00

34.35, 100.00,99.99,100.00

34.36, 100.00,99.99,100.00

34.37, 100.00,99.99,100.00

34.38, 100.00,99.99,100.00

34.39, 100.00,99.99,100.00

34.40, 100.00,99.99,100.00

34.41, 100.00,99.99,100.00

34.42, 100.00,99.99,100.00

34.43, 100.00,99.99,100.00

34.44, 100.00,99.99,100.00

34.45, 100.00,99.99,100.00

34.46, 100.00,99.99,100.00

34.47, 100.00,99.99,100.00

34.48, 100.00,99.99,100.00

34.49, 100.00,99.99,100.00

34.50, 100.00,99.99,100.00

34.51, 100.00,99.99,100.00

34.52, 100.00,99.99,100.00

34.53, 100.00,99.99,100.00

34.54, 100.00,99.99,100.00

34.55, 100.00,99.99,100.00

34.56, 100.00,99.99,100.00

34.57, 100.00,99.99,100.00

34.58, 100.00,99.99,100.00

34.59, 100.00,99.99,100.00

34.60, 100.00,99.99,100.00

34.61, 100.00,99.99,100.00

34.62, 100.00,99.99,100.00

34.63, 100.00,99.99,100.00

34.64, 100.00,99.99,100.00

34.65, 100.00,99.99,100.00

34.66, 100.00,99.99,100.00

34.67, 100.00,99.99,100.01

34.68, 100.00,99.99,100.01

34.69, 100.00,99.99,100.01

34.70, 100.00,99.99,100.01

34.71, 100.00,99.99,100.01

34.72, 100.00,99.99,100.01

34.73, 100.00,99.99,100.01

34.74, 100.00,99.99,100.01

34.75, 100.00,99.99,100.01

34.76, 100.00,99.99,100.01

34.77, 100.00,99.99,100.01

34.78, 100.00,99.99,100.01

34.79, 100.00,99.99,100.01

34.80, 100.00,99.99,100.01

34.81, 100.00,99.99,100.01

34.82, 100.00,99.99,100.01

34.83, 100.00,99.99,100.01

34.84, 100.00,99.99,100.01

34.85, 100.00,99.99,100.01

34.86, 100.00,99.99,100.01

34.87, 100.00,99.99,100.01

34.88, 100.00,99.99,100.01

34.89, 100.00,99.99,100.01

34.90, 100.00,99.99,100.01

34.91, 100.00,99.99,100.01

34.92, 100.00,99.99,100.01

34.93, 100.00,99.99,100.01

34.94, 100.00,99.99,100.01

34.95, 100.00,99.99,100.01

34.96, 100.00,99.99,100.01

34.97, 100.00,99.99,100.01

34.98, 100.00,99.99,100.01

34.99, 100.00,99.99,100.01

35.00, 100.00,99.99,100.01

35.01, 100.00,99.99,100.01

35.02, 100.00,99.99,100.01

35.03, 100.00,99.99,100.01

35.04, 100.00,99.99,100.01

35.05, 100.00,99.99,100.01

35.06, 100.00,99.99,100.01

35.07, 100.00,99.99,100.01

35.08, 100.00,99.99,100.01

35.09, 100.00,99.99,100.01

35.10, 100.00,99.99,100.01

35.11, 100.00,99.99,100.01

35.12, 100.00,99.99,100.01

35.13, 100.00,99.99,100.01

35.14, 100.00,99.99,100.01

35.15, 100.00,99.99,100.01

35.16, 100.00,99.99,100.01

35.17, 100.00,99.99,100.01

35.18, 100.00,99.99,100.01

35.19, 100.00,99.99,100.01

35.20, 100.00,99.99,100.01

35.21, 100.00,99.99,100.01

35.22, 100.00,99.99,100.01

35.23, 100.00,99.99,100.01

35.24, 100.00,99.99,100.01

35.25, 100.00,99.99,100.01

35.26, 100.00,99.99,100.01

35.27, 100.00,99.99,100.01

35.28, 100.00,99.99,100.01

35.29, 100.00,99.99,100.01

35.30, 100.00,99.99,100.01

35.31, 100.00,99.99,100.01

35.32, 100.00,99.99,100.01

35.33, 100.00,99.99,100.01

35.34, 100.00,99.99,100.01

35.35, 100.00,99.99,100.01

35.36, 100.00,99.99,100.01

35.37, 100.00,99.99,100.01

35.38, 100.00,99.99,100.01

35.39, 100.00,99.99,100.01

35.40, 100.00,99.99,100.01

35.41, 100.00,99.99,100.01

35.42, 100.00,99.99,100.01

35.43, 100.00,99.99,100.01

35.44, 100.00,99.99,100.01

35.45, 100.00,99.99,100.01

35.46, 100.00,99.99,100.01

35.47, 100.00,99.99,100.01

35.48, 100.00,99.99,100.01

35.49, 100.00,99.99,100.01

35.50, 100.00,99.99,100.01

35.51, 100.00,99.99,100.01

35.52, 100.00,99.99,100.01

35.53, 100.00,99.99,100.01

35.54, 100.00,99.99,100.01

35.55, 100.00,99.99,100.01

35.56, 100.00,99.99,100.01

35.57, 100.00,99.99,100.01

35.58, 100.00,99.99,100.01

35.59, 100.00,99.99,100.01

35.60, 100.00,99.99,100.01

35.61, 100.00,99.99,100.01

35.62, 100.00,99.99,100.01

35.63, 100.00,99.99,100.01

35.64, 100.00,99.99,100.01

35.65, 100.00,99.99,100.01

35.66, 100.00,99.99,100.01

35.67, 100.00,99.99,100.01

35.68, 100.00,99.99,100.01

35.69, 100.00,99.99,100.01

35.70, 100.00,99.99,100.01

35.71, 100.00,99.99,100.01

35.72, 100.00,100.00,100.01

35.73, 100.00,100.00,100.01

35.74, 100.00,100.00,100.01

35.75, 100.00,100.00,100.01

35.76, 100.00,100.00,100.01

35.77, 100.00,100.00,100.01

35.78, 100.00,100.00,100.01

35.79, 100.00,100.00,100.01

35.80, 100.00,100.00,100.01

35.81, 100.00,100.00,100.01

35.82, 100.00,100.00,100.01

35.83, 100.00,100.00,100.01

35.84, 100.00,100.00,100.01

35.85, 100.00,100.00,100.01

35.86, 100.00,100.00,100.01

35.87, 100.00,100.00,100.01

35.88, 100.00,100.00,100.01

35.89, 100.00,100.00,100.01

35.90, 100.00,100.00,100.01

35.91, 100.00,100.00,100.01

35.92, 100.00,100.00,100.01

35.93, 100.00,100.00,100.01

35.94, 100.00,100.00,100.01

35.95, 100.00,100.00,100.01

35.96, 100.00,100.00,100.01

35.97, 100.00,100.00,100.01

35.98, 100.00,100.00,100.01

35.99, 100.00,100.00,100.01

36.00, 100.00,100.00,100.01

36.01, 100.00,100.00,100.01

36.02, 100.00,100.00,100.01

36.03, 100.00,100.00,100.01

36.04, 100.00,100.00,100.01

36.05, 100.00,100.00,100.01

36.06, 100.00,100.00,100.01

36.07, 100.00,100.00,100.01

36.08, 100.00,100.00,100.01

36.09, 100.00,100.00,100.01

36.10, 100.00,100.00,100.01

36.11, 100.00,100.00,100.01

36.12, 100.00,100.00,100.01

36.13, 100.00,100.00,100.01

36.14, 100.00,100.00,100.01

36.15, 100.00,100.00,100.01

36.16, 100.00,100.00,100.01

36.17, 100.00,100.00,100.01

36.18, 100.00,100.00,100.01

36.19, 100.00,100.00,100.01

36.20, 100.00,100.00,100.01

36.21, 100.00,100.00,100.01

36.22, 100.00,100.00,100.01

36.23, 100.00,100.00,100.01

36.24, 100.00,100.00,100.01

36.25, 100.00,100.00,100.01

36.26, 100.00,100.00,100.01

36.27, 100.00,100.00,100.01

36.28, 100.00,100.00,100.01

36.29, 100.00,100.00,100.01

36.30, 100.00,100.00,100.01

36.31, 100.00,100.00,100.01

36.32, 100.00,100.00,100.01

36.33, 100.00,100.00,100.01

36.34, 100.00,100.00,100.01

36.35, 100.00,100.00,100.01

36.36, 100.00,100.00,100.01

36.37, 100.00,100.00,100.01

36.38, 100.00,100.00,100.01

36.39, 100.00,100.00,100.01

36.40, 100.00,100.00,100.01

36.41, 100.00,100.00,100.01

36.42, 100.00,100.00,100.01

36.43, 100.00,100.00,100.01

36.44, 100.00,100.00,100.01

36.45, 100.00,100.00,100.01

36.46, 100.00,100.00,100.01

36.47, 100.00,100.00,100.01

36.48, 100.00,100.00,100.01

36.49, 100.00,100.00,100.01

36.50, 100.00,100.00,100.01

36.51, 100.00,100.00,100.01

36.52, 100.00,100.00,100.01

36.53, 100.00,100.00,100.01

36.54, 100.00,100.00,100.01

36.55, 100.00,100.00,100.01

36.56, 100.00,100.00,100.01

36.57, 100.00,100.00,100.01

36.58, 100.00,100.00,100.01

36.59, 100.00,100.00,100.01

36.60, 100.00,100.00,100.01

36.61, 100.00,100.00,100.01

36.62, 100.00,100.00,100.01

36.63, 100.00,100.00,100.01

36.64, 100.00,100.00,100.01

36.65, 100.00,100.00,100.01

36.66, 100.00,100.00,100.01

36.67, 100.00,100.00,100.01

36.68, 100.00,100.00,100.01

36.69, 100.00,100.00,100.01

36.70, 100.00,100.00,100.01

36.71, 100.00,100.00,100.01

36.72, 100.00,100.00,100.01

36.73, 100.00,100.00,100.01

36.74, 100.00,100.00,100.01

36.75, 100.00,100.00,100.01

36.76, 100.00,100.00,100.01

36.77, 100.00,100.00,100.01

36.78, 100.00,100.00,100.01

36.79, 100.00,100.00,100.01

36.80, 100.00,100.00,100.01

36.81, 100.00,100.00,100.01

36.82, 100.00,100.00,100.01

36.83, 100.00,100.00,100.01

36.84, 100.00,100.00,100.01

36.85, 100.00,100.00,100.01

36.86, 100.00,100.00,100.01

36.87, 100.00,100.00,100.01

36.88, 100.00,100.00,100.01

36.89, 100.00,100.00,100.01

36.90, 100.00,100.00,100.01

36.91, 100.00,100.00,100.01

36.92, 100.00,100.00,100.01

36.93, 100.00,100.00,100.01

36.94, 100.00,100.00,100.01

36.95, 100.00,100.00,100.01

36.96, 100.00,100.00,100.01

36.97, 100.00,100.00,100.01

36.98, 100.00,100.00,100.01

36.99, 100.00,100.00,100.01

37.00, 100.00,100.00,100.01

37.01, 100.00,100.00,100.01

37.02, 100.00,100.00,100.01

37.03, 100.00,100.00,100.01

37.04, 100.00,100.00,100.01

37.05, 100.00,100.00,100.01

37.06, 100.00,100.00,100.01

37.07, 100.00,100.00,100.01

37.08, 100.00,100.00,100.01

37.09, 100.00,100.00,100.01

37.10, 100.00,100.00,100.01

37.11, 100.00,100.00,100.01

37.12, 100.00,100.00,100.01

37.13, 100.00,100.00,100.01

37.14, 100.00,100.00,100.01

37.15, 100.00,100.00,100.01

37.16, 100.00,100.00,100.01

37.17, 100.00,100.00,100.01

37.18, 100.00,100.00,100.01

37.19, 100.00,100.00,100.01

37.20, 100.00,100.00,100.01

37.21, 100.00,100.00,100.01

37.22, 100.00,100.00,100.01

37.23, 100.00,100.00,100.01

37.24, 100.00,100.00,100.01

37.25, 100.00,100.00,100.01

37.26, 100.00,100.00,100.01

37.27, 100.00,100.00,100.01

37.28, 100.00,100.00,100.01

37.29, 100.00,100.00,100.01

37.30, 100.00,100.00,100.01

37.31, 100.00,100.00,100.01

37.32, 100.00,100.00,100.01

37.33, 100.00,100.00,100.01

37.34, 100.00,100.00,100.01

37.35, 100.00,100.00,100.01

37.36, 100.00,100.00,100.01

37.37, 100.00,100.00,100.01

37.38, 100.00,100.00,100.01

37.39, 100.00,100.00,100.01

37.40, 100.00,100.00,100.01

37.41, 100.00,100.00,100.01

37.42, 100.00,100.00,100.01

37.43, 100.00,100.00,100.01

37.44, 100.00,100.00,100.01

37.45, 100.00,100.00,100.01

37.46, 100.00,100.00,100.01

37.47, 100.00,100.00,100.01

37.48, 100.00,100.00,100.01

37.49, 100.00,100.00,100.01

37.50, 100.00,100.00,100.01

37.51, 100.00,100.00,100.01

37.52, 100.00,100.00,100.01

37.53, 100.00,100.00,100.01

37.54, 100.00,100.00,100.01

37.55, 100.00,100.00,100.01

37.56, 100.00,100.00,100.01

37.57, 100.00,100.00,100.01

37.58, 100.00,100.00,100.01

37.59, 100.00,100.00,100.00

37.60, 100.00,100.00,100.00

37.61, 100.00,100.00,100.00

37.62, 100.00,100.00,100.00

37.63, 100.00,100.00,100.00

37.64, 100.00,100.00,100.00

37.65, 100.00,100.00,100.00

37.66, 100.00,100.00,100.00

37.67, 100.00,100.00,100.00

37.68, 100.00,100.00,100.00

37.69, 100.00,100.00,100.00

37.70, 100.00,100.00,100.00

37.71, 100.00,100.00,100.00

37.72, 100.00,100.00,100.00

37.73, 100.00,100.00,100.00

37.74, 100.00,100.00,100.00

37.75, 100.00,100.00,100.00

37.76, 100.00,100.00,100.00

37.77, 100.00,100.00,100.00

37.78, 100.00,100.00,100.00

37.79, 100.00,100.00,100.00

37.80, 100.00,100.00,100.00

37.81, 100.00,100.00,100.00

37.82, 100.00,100.00,100.00

37.83, 100.00,100.00,100.00

37.84, 100.00,100.00,100.00

37.85, 100.00,100.00,100.00

37.86, 100.00,100.00,100.00

37.87, 100.00,100.00,100.00

37.88, 100.00,100.00,100.00

37.89, 100.00,100.00,100.00

37.90, 100.00,100.00,100.00

37.91, 100.00,100.00,100.00

37.92, 100.00,100.00,100.00

37.93, 100.00,100.00,100.00

37.94, 100.00,100.00,100.00

37.95, 100.00,100.00,100.00

37.96, 100.00,100.00,100.00

37.97, 100.00,100.00,100.00

37.98, 100.00,100.00,100.00

37.99, 100.00,100.00,100.00

38.00, 100.00,100.00,100.00

38.01, 100.00,100.00,100.00

38.02, 100.00,100.00,100.00

38.03, 100.00,100.00,100.00

38.04, 100.00,100.00,100.00

38.05, 100.00,100.00,100.00

38.06, 100.00,100.00,100.00

38.07, 100.00,100.00,100.00

38.08, 100.00,100.00,100.00

38.09, 100.00,100.00,100.00

38.10, 100.00,100.00,100.00

38.11, 100.00,100.00,100.00

38.12, 100.00,100.00,100.00

38.13, 100.00,100.00,100.00

38.14, 100.00,100.00,100.00

38.15, 100.00,100.00,100.00

38.16, 100.00,100.00,100.00

38.17, 100.00,100.00,100.00

38.18, 100.00,100.00,100.00

38.19, 100.00,100.00,100.00

38.20, 100.00,100.00,100.00

38.21, 100.00,100.00,100.00

38.22, 100.00,100.00,100.00

38.23, 100.00,100.00,100.00

38.24, 100.00,100.00,100.00

38.25, 100.00,100.00,100.00

38.26, 100.00,100.00,100.00

38.27, 100.00,100.00,100.00

38.28, 100.00,100.00,100.00

38.29, 100.00,100.00,100.00

38.30, 100.00,100.00,100.00

38.31, 100.00,100.00,100.00

38.32, 100.00,100.00,100.00

38.33, 100.00,100.00,100.00

38.34, 100.00,100.00,100.00

38.35, 100.00,100.00,100.00

38.36, 100.00,100.00,100.00

38.37, 100.00,100.00,100.00

38.38, 100.00,100.00,100.00

38.39, 100.00,100.00,100.00

38.40, 100.00,100.00,100.00

38.41, 100.00,100.00,100.00

38.42, 100.00,100.00,100.00

38.43, 100.00,100.00,100.00

38.44, 100.00,100.00,100.00

38.45, 100.00,100.00,100.00

38.46, 100.00,100.00,100.00

38.47, 100.00,100.00,100.00

38.48, 100.00,100.00,100.00

38.49, 100.00,100.00,100.00

38.50, 100.00,100.00,100.00

38.51, 100.00,100.00,100.00

38.52, 100.00,100.00,100.00

38.53, 100.00,100.00,100.00

38.54, 100.00,100.00,100.00

38.55, 100.00,100.00,100.00

38.56, 100.00,100.00,100.00

38.57, 100.00,100.00,100.00

38.58, 100.00,100.00,100.00

38.59, 100.00,100.00,100.00

38.60, 100.00,100.00,100.00

38.61, 100.00,100.00,100.00

38.62, 100.00,100.00,100.00

38.63, 100.00,100.00,100.00

38.64, 100.00,100.00,100.00

38.65, 100.00,100.00,100.00

38.66, 100.00,100.00,100.00

38.67, 100.00,100.00,100.00

38.68, 100.00,100.00,100.00

38.69, 100.00,100.00,100.00

38.70, 100.00,100.00,100.00

38.71, 100.00,100.00,100.00

38.72, 100.00,100.00,100.00

38.73, 100.00,100.00,100.00

38.74, 100.00,100.00,100.00

38.75, 100.00,100.00,100.00

38.76, 100.00,100.00,100.00

38.77, 100.00,100.00,100.00

38.78, 100.00,100.00,100.00

38.79, 100.00,100.00,100.00

38.80, 100.00,100.00,100.00

38.81, 100.00,100.00,100.00

38.82, 100.00,100.00,100.00

38.83, 100.00,100.00,100.00

38.84, 100.00,100.00,100.00

38.85, 100.00,100.00,100.00

38.86, 100.00,100.00,100.00

38.87, 100.00,100.00,100.00

38.88, 100.00,100.00,100.00

38.89, 100.00,100.00,100.00

38.90, 100.00,100.00,100.00

38.91, 100.00,100.00,100.00

38.92, 100.00,100.00,100.00

38.93, 100.00,100.00,100.00

38.94, 100.00,100.00,100.00

38.95, 100.00,100.00,100.00

38.96, 100.00,100.00,100.00

38.97, 100.00,100.00,100.00

38.98, 100.00,100.00,100.00

38.99, 100.00,100.00,100.00

39.00, 100.00,100.00,100.00

39.01, 100.00,100.00,100.00

39.02, 100.00,100.00,100.00

39.03, 100.00,100.00,100.00

39.04, 100.00,100.00,100.00

39.05, 100.00,100.00,100.00

39.06, 100.00,100.00,100.00

39.07, 100.00,100.00,100.00

39.08, 100.00,100.00,100.00

39.09, 100.00,100.00,100.00

39.10, 100.00,100.00,100.00

39.11, 100.00,100.00,100.00

39.12, 100.00,100.00,100.00

39.13, 100.00,100.00,100.00

39.14, 100.00,100.00,100.00

39.15, 100.00,100.00,100.00

39.16, 100.00,100.00,100.00

39.17, 100.00,100.00,100.00

39.18, 100.00,100.00,100.00

39.19, 100.00,100.00,100.00

39.20, 100.00,100.00,100.00

39.21, 100.00,100.00,100.00

39.22, 100.00,100.00,100.00

39.23, 100.00,100.00,100.00

39.24, 100.00,100.00,100.00

39.25, 100.00,100.00,100.00

39.26, 100.00,100.00,100.00

39.27, 100.00,100.00,100.00

39.28, 100.00,100.00,100.00

39.29, 100.00,100.00,100.00

39.30, 100.00,100.00,100.00

39.31, 100.00,100.00,100.00

39.32, 100.00,100.00,100.00

39.33, 100.00,100.00,100.00

39.34, 100.00,100.00,100.00

39.35, 100.00,100.00,100.00

39.36, 100.00,100.00,100.00

39.37, 100.00,100.00,100.00

39.38, 100.00,100.00,100.00

39.39, 100.00,100.00,100.00

39.40, 100.00,100.00,100.00

39.41, 100.00,100.00,100.00

39.42, 100.00,100.00,100.00

39.43, 100.00,100.00,100.00

39.44, 100.00,100.00,100.00

39.45, 100.00,100.00,100.00

39.46, 100.00,100.00,100.00

39.47, 100.00,100.00,100.00

39.48, 100.00,100.00,100.00

39.49, 100.00,100.00,100.00

39.50, 100.00,100.00,100.00

39.51, 100.00,100.00,100.00

39.52, 100.00,100.00,100.00

39.53, 100.00,100.00,100.00

39.54, 100.00,100.00,100.00

39.55, 100.00,100.00,100.00

39.56, 100.00,100.00,100.00

39.57, 100.00,100.00,100.00

39.58, 100.00,100.00,100.00

39.59, 100.00,100.00,100.00

39.60, 100.00,100.00,100.00

39.61, 100.00,100.00,100.00

39.62, 100.00,100.00,100.00

39.63, 100.00,100.00,100.00

39.64, 100.00,100.00,100.00

39.65, 100.00,100.00,100.00

39.66, 100.00,100.00,100.00

39.67, 100.00,100.00,100.00

39.68, 100.00,100.00,100.00

39.69, 100.00,100.00,100.00

39.70, 100.00,100.00,100.00

39.71, 100.00,100.00,100.00

39.72, 100.00,100.00,100.00

39.73, 100.00,100.00,100.00

39.74, 100.00,100.00,100.00

39.75, 100.00,100.00,100.00

39.76, 100.00,100.00,100.00

39.77, 100.00,100.00,100.00

39.78, 100.00,100.00,100.00

39.79, 100.00,100.00,100.00

39.80, 100.00,100.00,100.00

39.81, 100.00,100.00,100.00

39.82, 100.00,100.00,100.00

39.83, 100.00,100.00,100.00

39.84, 100.00,100.00,100.00

39.85, 100.00,100.00,100.00

39.86, 100.00,100.00,100.00

39.87, 100.00,100.00,100.00

39.88, 100.00,100.00,100.00

39.89, 100.00,100.00,100.00

39.90, 100.00,100.00,100.00

39.91, 100.00,100.00,100.00

39.92, 100.00,100.00,100.00

39.93, 100.00,100.00,100.00

39.94, 100.00,100.00,100.00

39.95, 100.00,100.00,100.00

39.96, 100.00,100.00,100.00

39.97, 100.00,100.00,100.00

39.98, 100.00,100.00,100.00

39.99, 100.00,100.00,100.00

W (40259) lab18: =========================================

W (40259) lab18:  mode       : PI, no anti-windup

W (40259) lab18:  final pv   : 100.00

W (40261) lab18:  offset     : -0.00

W (40264) lab18:  peak       : 114.58

W (40267) lab18:  overshoot  : 14.58

W (40271) lab18: =========================================

