Executing action: monitor
Serial port COM7
Connecting...
Detecting chip type... ESP32-S3
Running idf_monitor in directory C:\Users\pajsi\Codes\esp32s3-firmware-lab\Lab18
Executing "C:\Espressif\tools\python\v5.5.5\venv\Scripts\python.exe C:\esp\v5.5.5\esp-idf\tools/idf_monitor.py -p COM7 -b 115200 --toolchain-prefix xtensa-esp32s3-elf- --target esp32s3 --revision 0 C:\Users\pajsi\Codes\esp32s3-firmware-lab\Lab18\build\Lab18.elf C:\Users\pajsi\Codes\esp32s3-firmware-lab\Lab18\build\bootloader\bootloader.elf --force-color -m 'C:\Espressif\tools\python\v5.5.5\venv\Scripts\python.exe' 'C:\esp\v5.5.5\esp-idf\tools\idf.py'"...
ESP-ROM:esp32s3-20210327

Build:Mar 27 2021

rst:0x15 (USB_UART_CHIP_RESET),boot:0x8 (SPI_FAST_FLASH_BOOT)

Saved PC:0x40048e22

SPIWP:0xee

mode:DIO, clock div:1

load:0x3fce2820,len:0x14f0

load:0x403c8700,len:0xd24

load:0x403cb700,len:0x2eec

entry 0x403c8924

I (24) boot: ESP-IDF v5.5.5 2nd stage bootloader

I (24) boot: compile time Sep  4 2026 10:16:21

I (25) boot: Multicore bootloader

I (25) boot: chip revision: v0.2

I (27) boot: efuse block revision: v1.3

I (31) boot.esp32s3: Boot SPI Speed : 80MHz

I (35) boot.esp32s3: SPI Mode       : DIO

I (39) boot.esp32s3: SPI Flash Size : 16MB

I (43) boot: Enabling RNG early entropy source...

I (47) boot: Partition Table:

I (50) boot: ## Label            Usage          Type ST Offset   Length

I (56) boot:  0 nvs              WiFi data        01 02 00009000 00006000

I (62) boot:  1 phy_init         RF data          01 01 0000f000 00001000

I (69) boot:  2 factory          factory app      00 00 00010000 00100000

I (76) boot: End of partition table

I (79) esp_image: segment 0: paddr=00010020 vaddr=3c020020 size=0a008h ( 40968) map

I (94) esp_image: segment 1: paddr=0001a030 vaddr=3fc92500 size=02ef0h ( 12016) load

I (97) esp_image: segment 2: paddr=0001cf28 vaddr=40374000 size=030f0h ( 12528) load

I (104) esp_image: segment 3: paddr=00020020 vaddr=42000020 size=139b8h ( 80312) map

I (123) esp_image: segment 4: paddr=000339e0 vaddr=403770f0 size=0b37ch ( 45948) load

I (134) esp_image: segment 5: paddr=0003ed64 vaddr=50000000 size=00020h (    32) load

I (140) boot: Loaded app from partition at offset 0x10000

I (140) boot: Disabling RNG early entropy source...

I (152) cpu_start: Multicore app

I (160) cpu_start: GPIO 44 and 43 are used as console UART I/O pins

I (161) cpu_start: Pro cpu start user code

I (161) cpu_start: cpu freq: 160000000 Hz

I (163) app_init: Application information:

I (166) app_init: Project name:     Lab18

I (170) app_init: App version:      402b59b-dirty

I (175) app_init: Compile time:     Oct  6 2026 17:13:24

I (180) app_init: ELF file SHA256:  83db39f7d...

I (184) app_init: ESP-IDF:          v5.5.5

I (188) efuse_init: Min chip rev:     v0.0

I (192) efuse_init: Max chip rev:     v0.99 

I (196) efuse_init: Chip rev:         v0.2

I (199) heap_init: Initializing. RAM available for dynamic allocation:

I (206) heap_init: At 3FC95CD0 len 00053A40 (334 KiB): RAM

I (211) heap_init: At 3FCE9710 len 00005724 (21 KiB): RAM

I (216) heap_init: At 3FCF0000 len 00008000 (32 KiB): DRAM

I (221) heap_init: At 600FE000 len 00001FE8 (7 KiB): RTCRAM

I (228) spi_flash: detected chip: generic

I (230) spi_flash: flash io: dio

I (233) sleep_gpio: Configure to isolate all GPIO pins in sleep state

I (240) sleep_gpio: Enable automatic switching of GPIO sleep configuration

I (246) main_task: Started on CPU0

I (249) main_task: Calling app_main()

W (252) lab18: mode=PID, anti-windup kp=1.50 ki=1.50 out_max=115

t,setpoint,pv,u

0.00, 100.00,0.38,115.00

I (262) main_task: Returned from app_main()

0.01, 100.00,0.77,115.00

0.02, 100.00,1.15,115.00

0.03, 100.00,1.53,115.00

0.04, 100.00,1.90,115.00

0.05, 100.00,2.28,115.00

0.06, 100.00,2.66,115.00

0.07, 100.00,3.03,115.00

0.08, 100.00,3.40,115.00

0.09, 100.00,3.78,115.00

0.10, 100.00,4.15,115.00

0.11, 100.00,4.52,115.00

0.12, 100.00,4.88,115.00

0.13, 100.00,5.25,115.00

0.14, 100.00,5.62,115.00

0.15, 100.00,5.98,115.00

0.16, 100.00,6.35,115.00

0.17, 100.00,6.71,115.00

0.18, 100.00,7.07,115.00

0.19, 100.00,7.43,115.00

0.20, 100.00,7.79,115.00

0.21, 100.00,8.14,115.00

0.22, 100.00,8.50,115.00

0.23, 100.00,8.86,115.00

0.24, 100.00,9.21,115.00

0.25, 100.00,9.56,115.00

0.26, 100.00,9.91,115.00

0.27, 100.00,10.26,115.00

0.28, 100.00,10.61,115.00

0.29, 100.00,10.96,115.00

0.30, 100.00,11.31,115.00

0.31, 100.00,11.65,115.00

0.32, 100.00,12.00,115.00

0.33, 100.00,12.34,115.00

0.34, 100.00,12.68,115.00

0.35, 100.00,13.02,115.00

0.36, 100.00,13.36,115.00

0.37, 100.00,13.70,115.00

0.38, 100.00,14.04,115.00

0.39, 100.00,14.38,115.00

0.40, 100.00,14.71,115.00

0.41, 100.00,15.05,115.00

0.42, 100.00,15.38,115.00

0.43, 100.00,15.71,115.00

0.44, 100.00,16.04,115.00

0.45, 100.00,16.37,115.00

0.46, 100.00,16.70,115.00

0.47, 100.00,17.03,115.00

0.48, 100.00,17.36,115.00

0.49, 100.00,17.68,115.00

0.50, 100.00,18.01,115.00

0.51, 100.00,18.33,115.00

0.52, 100.00,18.65,115.00

0.53, 100.00,18.97,115.00

0.54, 100.00,19.29,115.00

0.55, 100.00,19.61,115.00

0.56, 100.00,19.93,115.00

0.57, 100.00,20.25,115.00

0.58, 100.00,20.56,115.00

0.59, 100.00,20.88,115.00

0.60, 100.00,21.19,115.00

0.61, 100.00,21.50,115.00

0.62, 100.00,21.82,115.00

0.63, 100.00,22.13,115.00

0.64, 100.00,22.44,115.00

0.65, 100.00,22.74,115.00

0.66, 100.00,23.05,115.00

0.67, 100.00,23.36,115.00

0.68, 100.00,23.66,115.00

0.69, 100.00,23.97,115.00

0.70, 100.00,24.27,115.00

0.71, 100.00,24.57,114.73

0.72, 100.00,24.87,115.00

0.73, 100.00,25.17,114.95

0.74, 100.00,25.47,115.00

0.75, 100.00,25.77,115.00

0.76, 100.00,26.07,114.72

0.77, 100.00,26.37,115.00

0.78, 100.00,26.66,114.93

0.79, 100.00,26.96,115.00

0.80, 100.00,27.25,115.00

0.81, 100.00,27.54,114.70

0.82, 100.00,27.83,115.00

0.83, 100.00,28.12,114.91

0.84, 100.00,28.41,115.00

0.85, 100.00,28.70,115.00

0.86, 100.00,28.99,114.67

0.87, 100.00,29.27,115.00

0.88, 100.00,29.56,114.87

0.89, 100.00,29.84,115.00

0.90, 100.00,30.13,115.00

0.91, 100.00,30.41,114.64

0.92, 100.00,30.69,115.00

0.93, 100.00,30.97,114.84

0.94, 100.00,31.25,115.00

0.95, 100.00,31.53,115.00

0.96, 100.00,31.81,114.60

0.97, 100.00,32.09,115.00

0.98, 100.00,32.36,114.79

0.99, 100.00,32.64,115.00

1.00, 100.00,32.91,114.97

1.01, 100.00,33.18,115.00

1.02, 100.00,33.46,115.00

1.03, 100.00,33.73,114.74

1.04, 100.00,34.00,115.00

1.05, 100.00,34.27,114.92

1.06, 100.00,34.54,115.00

1.07, 100.00,34.81,115.00

1.08, 100.00,35.07,114.69

1.09, 100.00,35.34,115.00

1.10, 100.00,35.60,114.86

1.11, 100.00,35.87,115.00

1.12, 100.00,36.13,115.00

1.13, 100.00,36.39,114.62

1.14, 100.00,36.66,115.00

1.15, 100.00,36.92,114.79

1.16, 100.00,37.18,115.00

1.17, 100.00,37.44,114.95

1.18, 100.00,37.69,115.00

1.19, 100.00,37.95,115.00

1.20, 100.00,38.21,114.72

1.21, 100.00,38.46,115.00

1.22, 100.00,38.72,114.87

1.23, 100.00,38.97,115.00

1.24, 100.00,39.23,115.00

1.25, 100.00,39.48,114.64

1.26, 100.00,39.73,115.00

1.27, 100.00,39.98,114.79

1.28, 100.00,40.23,115.00

1.29, 100.00,40.48,114.94

1.30, 100.00,40.73,115.00

1.31, 100.00,40.97,115.00

1.32, 100.00,41.22,114.70

1.33, 100.00,41.47,115.00

1.34, 100.00,41.71,114.85

1.35, 100.00,41.96,115.00

1.36, 100.00,42.20,114.98

1.37, 100.00,42.44,115.00

1.38, 100.00,42.68,115.00

1.39, 100.00,42.92,114.75

1.40, 100.00,43.16,115.00

1.41, 100.00,43.40,114.88

1.42, 100.00,43.64,115.00

1.43, 100.00,43.88,115.00

1.44, 100.00,44.12,114.65

1.45, 100.00,44.35,115.00

1.46, 100.00,44.59,114.78

1.47, 100.00,44.82,115.00

1.48, 100.00,45.05,114.90

1.49, 100.00,45.29,115.00

1.50, 100.00,45.52,115.00

1.51, 100.00,45.75,114.67

1.52, 100.00,45.98,115.00

1.53, 100.00,46.21,114.79

1.54, 100.00,46.44,115.00

1.55, 100.00,46.67,114.90

1.56, 100.00,46.90,115.00

1.57, 100.00,47.12,115.00

1.58, 100.00,47.35,114.67

1.59, 100.00,47.57,115.00

1.60, 100.00,47.80,114.78

1.61, 100.00,48.02,115.00

1.62, 100.00,48.24,114.89

1.63, 100.00,48.47,115.00

1.64, 100.00,48.69,114.99

1.65, 100.00,48.91,115.00

1.66, 100.00,49.13,115.00

1.67, 100.00,49.35,114.76

1.68, 100.00,49.57,115.00

1.69, 100.00,49.79,114.86

1.70, 100.00,50.00,115.00

1.71, 100.00,50.22,114.96

1.72, 100.00,50.44,115.00

1.73, 100.00,50.65,115.00

1.74, 100.00,50.86,114.73

1.75, 100.00,51.08,115.00

1.76, 100.00,51.29,114.82

1.77, 100.00,51.50,115.00

1.78, 100.00,51.71,114.91

1.79, 100.00,51.93,115.00

1.80, 100.00,52.14,115.00

1.81, 100.00,52.34,115.00

1.82, 100.00,52.55,115.00

1.83, 100.00,52.76,114.77

1.84, 100.00,52.97,115.00

1.85, 100.00,53.17,114.85

1.86, 100.00,53.38,115.00

1.87, 100.00,53.59,114.93

1.88, 100.00,53.79,115.00

1.89, 100.00,53.99,115.00

1.90, 100.00,54.20,114.70

1.91, 100.00,54.40,115.00

1.92, 100.00,54.60,114.78

1.93, 100.00,54.80,115.00

1.94, 100.00,55.00,114.85

1.95, 100.00,55.20,115.00

1.96, 100.00,55.40,114.92

1.97, 100.00,55.60,115.00

1.98, 100.00,55.80,114.99

1.99, 100.00,56.00,115.00

2.00, 100.00,56.19,115.00

2.01, 100.00,56.39,114.76

2.02, 100.00,56.58,115.00

2.03, 100.00,56.78,114.83

2.04, 100.00,56.97,115.00

2.05, 100.00,57.16,114.89

2.06, 100.00,57.36,115.00

2.07, 100.00,57.55,114.95

2.08, 100.00,57.74,115.00

2.09, 100.00,57.93,115.00

2.10, 100.00,58.12,114.72

2.11, 100.00,58.31,115.00

2.12, 100.00,58.50,114.78

2.13, 100.00,58.69,115.00

2.14, 100.00,58.87,114.83

2.15, 100.00,59.06,115.00

2.16, 100.00,59.25,114.89

2.17, 100.00,59.43,115.00

2.18, 100.00,59.62,114.94

2.19, 100.00,59.80,115.00

2.20, 100.00,59.99,114.98

2.21, 100.00,60.17,115.00

2.22, 100.00,60.35,115.00

2.23, 100.00,60.53,114.75

2.24, 100.00,60.72,115.00

2.25, 100.00,60.90,114.80

2.26, 100.00,61.08,115.00

2.27, 100.00,61.26,114.84

2.28, 100.00,61.43,115.00

2.29, 100.00,61.61,114.88

2.30, 100.00,61.79,115.00

2.31, 100.00,61.97,114.92

2.32, 100.00,62.14,115.00

2.33, 100.00,62.32,114.96

2.34, 100.00,62.50,115.00

2.35, 100.00,62.67,114.99

2.36, 100.00,62.85,115.00

2.37, 100.00,63.02,115.00

2.38, 100.00,63.19,114.76

2.39, 100.00,63.36,115.00

2.40, 100.00,63.54,114.80

2.41, 100.00,63.71,115.00

2.42, 100.00,63.88,114.83

2.43, 100.00,64.05,115.00

2.44, 100.00,64.22,114.85

2.45, 100.00,64.39,115.00

2.46, 100.00,64.56,114.88

2.47, 100.00,64.72,115.00

2.48, 100.00,64.89,114.90

2.49, 100.00,65.06,115.00

2.50, 100.00,65.22,114.93

2.51, 100.00,65.39,115.00

2.52, 100.00,65.56,114.95

2.53, 100.00,65.72,115.00

2.54, 100.00,65.88,114.97

2.55, 100.00,66.05,115.00

2.56, 100.00,66.21,114.98

2.57, 100.00,66.37,115.00

2.58, 100.00,66.54,115.00

2.59, 100.00,66.70,114.75

2.60, 100.00,66.86,115.00

2.61, 100.00,67.02,114.77

2.62, 100.00,67.18,115.00

2.63, 100.00,67.34,114.78

2.64, 100.00,67.49,115.00

2.65, 100.00,67.65,114.79

2.66, 100.00,67.81,115.00

2.67, 100.00,67.97,114.80

2.68, 100.00,68.12,115.00

2.69, 100.00,68.28,114.81

2.70, 100.00,68.43,115.00

2.71, 100.00,68.59,114.82

2.72, 100.00,68.74,115.00

2.73, 100.00,68.90,114.82

2.74, 100.00,69.05,115.00

2.75, 100.00,69.20,114.83

2.76, 100.00,69.36,115.00

2.77, 100.00,69.51,114.83

2.78, 100.00,69.66,115.00

2.79, 100.00,69.81,114.83

2.80, 100.00,69.96,115.00

2.81, 100.00,70.11,114.83

2.82, 100.00,70.26,115.00

2.83, 100.00,70.41,114.82

2.84, 100.00,70.56,115.00

2.85, 100.00,70.71,114.82

2.86, 100.00,70.85,115.00

2.87, 100.00,71.00,114.81

2.88, 100.00,71.15,115.00

2.89, 100.00,71.29,114.81

2.90, 100.00,71.44,115.00

2.91, 100.00,71.58,114.80

2.92, 100.00,71.73,115.00

2.93, 100.00,71.87,114.79

2.94, 100.00,72.01,115.00

2.95, 100.00,72.16,115.00

2.96, 100.00,72.30,114.98

2.97, 100.00,72.44,115.00

2.98, 100.00,72.58,114.97

2.99, 100.00,72.73,115.00

3.00, 100.00,72.87,114.95

3.01, 100.00,73.01,115.00

3.02, 100.00,73.15,114.94

3.03, 100.00,73.29,115.00

3.04, 100.00,73.42,114.92

3.05, 100.00,73.56,115.00

3.06, 100.00,73.70,114.90

3.07, 100.00,73.84,115.00

3.08, 100.00,73.98,114.88

3.09, 100.00,74.11,115.00

3.10, 100.00,74.25,114.86

3.11, 100.00,74.38,115.00

3.12, 100.00,74.52,114.83

3.13, 100.00,74.65,115.00

3.14, 100.00,74.79,114.81

3.15, 100.00,74.92,114.99

3.16, 100.00,75.05,115.00

3.17, 100.00,75.19,114.96

3.18, 100.00,75.32,115.00

3.19, 100.00,75.45,114.93

3.20, 100.00,75.58,115.00

3.21, 100.00,75.72,114.90

3.22, 100.00,75.85,115.00

3.23, 100.00,75.98,114.87

3.24, 100.00,76.11,115.00

3.25, 100.00,76.24,114.84

3.26, 100.00,76.36,115.00

3.27, 100.00,76.49,114.80

3.28, 100.00,76.62,114.97

3.29, 100.00,76.75,115.00

3.30, 100.00,76.88,114.93

3.31, 100.00,77.00,115.00

3.32, 100.00,77.13,114.89

3.33, 100.00,77.26,115.00

3.34, 100.00,77.38,114.86

3.35, 100.00,77.51,115.00

3.36, 100.00,77.63,114.82

3.37, 100.00,77.76,114.97

3.38, 100.00,77.88,115.00

3.39, 100.00,78.00,114.92

3.40, 100.00,78.13,115.00

3.41, 100.00,78.25,114.88

3.42, 100.00,78.37,115.00

3.43, 100.00,78.49,114.84

3.44, 100.00,78.61,114.98

3.45, 100.00,78.74,115.00

3.46, 100.00,78.86,114.93

3.47, 100.00,78.98,115.00

3.48, 100.00,79.10,114.89

3.49, 100.00,79.22,115.00

3.50, 100.00,79.34,114.84

3.51, 100.00,79.45,114.97

3.52, 100.00,79.57,115.00

3.53, 100.00,79.69,114.92

3.54, 100.00,79.81,115.00

3.55, 100.00,79.93,114.87

3.56, 100.00,80.04,115.00

3.57, 100.00,80.16,115.00

3.58, 100.00,80.27,114.95

3.59, 100.00,80.39,115.00

3.60, 100.00,80.51,114.89

3.61, 100.00,80.62,115.00

3.62, 100.00,80.73,114.84

3.63, 100.00,80.85,114.96

3.64, 100.00,80.96,115.00

3.65, 100.00,81.08,114.90

3.66, 100.00,81.19,115.00

3.67, 100.00,81.30,114.84

3.68, 100.00,81.41,114.95

3.69, 100.00,81.52,115.00

3.70, 100.00,81.64,114.90

3.71, 100.00,81.75,115.00

3.72, 100.00,81.86,114.84

3.73, 100.00,81.97,114.94

3.74, 100.00,82.08,115.00

3.75, 100.00,82.19,114.88

3.76, 100.00,82.30,114.98

3.77, 100.00,82.41,115.00

3.78, 100.00,82.51,114.92

3.79, 100.00,82.62,115.00

3.80, 100.00,82.73,114.86

3.81, 100.00,82.84,114.95

3.82, 100.00,82.94,115.00

3.83, 100.00,83.05,114.89

3.84, 100.00,83.16,114.98

3.85, 100.00,83.26,115.00

3.86, 100.00,83.37,114.91

3.87, 100.00,83.47,115.00

3.88, 100.00,83.58,114.85

3.89, 100.00,83.68,114.94

3.90, 100.00,83.79,115.00

3.91, 100.00,83.89,114.87

3.92, 100.00,83.99,114.95

3.93, 100.00,84.10,115.00

3.94, 100.00,84.20,114.88

3.95, 100.00,84.30,114.96

3.96, 100.00,84.41,115.00

3.97, 100.00,84.51,114.89

3.98, 100.00,84.61,114.97

3.99, 100.00,84.71,115.00

4.00, 100.00,84.81,114.89

4.01, 100.00,84.91,114.97

4.02, 100.00,85.01,115.00

4.03, 100.00,85.11,114.89

4.04, 100.00,85.21,114.97

4.05, 100.00,85.31,115.00

4.06, 100.00,85.41,114.89

4.07, 100.00,85.51,114.96

4.08, 100.00,85.61,115.00

4.09, 100.00,85.70,114.88

4.10, 100.00,85.80,114.95

4.11, 100.00,85.90,115.00

4.12, 100.00,85.99,114.87

4.13, 100.00,86.09,114.94

4.14, 100.00,86.19,115.00

4.15, 100.00,86.28,115.00

4.16, 100.00,86.38,114.92

4.17, 100.00,86.47,114.98

4.18, 100.00,86.57,115.00

4.19, 100.00,86.66,114.89

4.20, 100.00,86.76,114.95

4.21, 100.00,86.85,115.00

4.22, 100.00,86.95,114.87

4.23, 100.00,87.04,114.92

4.24, 100.00,87.13,114.98

4.25, 100.00,87.22,115.00

4.26, 100.00,87.32,114.89

4.27, 100.00,87.41,114.94

4.28, 100.00,87.50,114.99

4.29, 100.00,87.59,115.00

4.30, 100.00,87.68,114.90

4.31, 100.00,87.77,114.95

4.32, 100.00,87.87,115.00

4.33, 100.00,87.96,115.00

4.34, 100.00,88.05,114.91

4.35, 100.00,88.14,114.95

4.36, 100.00,88.22,114.99

4.37, 100.00,88.31,115.00

4.38, 100.00,88.40,114.90

4.39, 100.00,88.49,114.94

4.40, 100.00,88.58,114.98

4.41, 100.00,88.67,115.00

4.42, 100.00,88.75,114.89

4.43, 100.00,88.84,114.93

4.44, 100.00,88.93,114.96

4.45, 100.00,89.02,115.00

4.46, 100.00,89.10,115.00

4.47, 100.00,89.19,114.90

4.48, 100.00,89.27,114.93

4.49, 100.00,89.36,114.97

4.50, 100.00,89.45,115.00

4.51, 100.00,89.53,115.00

4.52, 100.00,89.62,114.90

4.53, 100.00,89.70,114.93

4.54, 100.00,89.78,114.96

4.55, 100.00,89.87,114.98

4.56, 100.00,89.95,115.00

4.57, 100.00,90.03,114.88

4.58, 100.00,90.12,114.91

4.59, 100.00,90.20,114.93

4.60, 100.00,90.28,114.95

4.61, 100.00,90.37,114.97

4.62, 100.00,90.45,115.00

4.63, 100.00,90.53,115.00

4.64, 100.00,90.61,114.89

4.65, 100.00,90.69,114.91

4.66, 100.00,90.77,114.93

4.67, 100.00,90.85,114.95

4.68, 100.00,90.93,114.96

4.69, 100.00,91.01,114.98

4.70, 100.00,91.09,114.99

4.71, 100.00,91.17,115.00

4.72, 100.00,91.25,114.89

4.73, 100.00,91.33,114.90

4.74, 100.00,91.41,114.91

4.75, 100.00,91.49,114.92

4.76, 100.00,91.57,114.93

4.77, 100.00,91.64,114.94

4.78, 100.00,91.72,114.95

4.79, 100.00,91.80,114.96

4.80, 100.00,91.88,114.96

4.81, 100.00,91.95,114.97

4.82, 100.00,92.03,114.97

4.83, 100.00,92.11,114.98

4.84, 100.00,92.18,114.98

4.85, 100.00,92.26,114.99

4.86, 100.00,92.33,114.99

4.87, 100.00,92.41,114.99

4.88, 100.00,92.49,114.99

4.89, 100.00,92.56,114.99

4.90, 100.00,92.63,114.99

4.91, 100.00,92.71,114.99

4.92, 100.00,92.78,114.98

4.93, 100.00,92.86,114.98

4.94, 100.00,92.93,114.98

4.95, 100.00,93.00,114.97

4.96, 100.00,93.08,114.97

4.97, 100.00,93.15,114.96

4.98, 100.00,93.22,114.96

4.99, 100.00,93.30,114.95

5.00, 100.00,93.37,114.94

5.01, 100.00,93.44,114.93

5.02, 100.00,93.51,114.92

5.03, 100.00,93.58,114.91

5.04, 100.00,93.65,114.90

5.05, 100.00,93.72,114.89

5.06, 100.00,93.80,114.88

5.07, 100.00,93.87,114.86

5.08, 100.00,93.94,114.85

5.09, 100.00,94.01,114.84

5.10, 100.00,94.07,114.82

5.11, 100.00,94.14,114.81

5.12, 100.00,94.21,114.79

5.13, 100.00,94.28,114.78

5.14, 100.00,94.35,114.76

5.15, 100.00,94.42,114.74

5.16, 100.00,94.49,114.72

5.17, 100.00,94.55,114.70

5.18, 100.00,94.62,114.68

5.19, 100.00,94.69,114.66

5.20, 100.00,94.75,114.64

5.21, 100.00,94.82,114.62

5.22, 100.00,94.89,114.60

5.23, 100.00,94.95,114.58

5.24, 100.00,95.02,114.56

5.25, 100.00,95.08,114.53

5.26, 100.00,95.15,114.51

5.27, 100.00,95.21,114.48

5.28, 100.00,95.27,114.46

5.29, 100.00,95.34,114.43

5.30, 100.00,95.40,114.41

5.31, 100.00,95.47,114.38

5.32, 100.00,95.53,114.36

5.33, 100.00,95.59,114.33

5.34, 100.00,95.65,114.30

5.35, 100.00,95.72,114.27

5.36, 100.00,95.78,114.24

5.37, 100.00,95.84,114.21

5.38, 100.00,95.90,114.18

5.39, 100.00,95.96,114.15

5.40, 100.00,96.02,114.12

5.41, 100.00,96.08,114.09

5.42, 100.00,96.14,114.06

5.43, 100.00,96.20,114.03

5.44, 100.00,96.26,114.00

5.45, 100.00,96.32,113.96

5.46, 100.00,96.38,113.93

5.47, 100.00,96.44,113.90

5.48, 100.00,96.49,113.86

5.49, 100.00,96.55,113.83

5.50, 100.00,96.61,113.79

5.51, 100.00,96.67,113.76

5.52, 100.00,96.72,113.72

5.53, 100.00,96.78,113.69

5.54, 100.00,96.84,113.65

5.55, 100.00,96.89,113.61

5.56, 100.00,96.95,113.57

5.57, 100.00,97.00,113.54

5.58, 100.00,97.06,113.50

5.59, 100.00,97.11,113.46

5.60, 100.00,97.17,113.42

5.61, 100.00,97.22,113.38

5.62, 100.00,97.27,113.34

5.63, 100.00,97.33,113.30

5.64, 100.00,97.38,113.26

5.65, 100.00,97.43,113.22

5.66, 100.00,97.49,113.18

5.67, 100.00,97.54,113.14

5.68, 100.00,97.59,113.10

5.69, 100.00,97.64,113.06

5.70, 100.00,97.69,113.02

5.71, 100.00,97.74,112.97

5.72, 100.00,97.80,112.93

5.73, 100.00,97.85,112.89

5.74, 100.00,97.90,112.85

5.75, 100.00,97.95,112.80

5.76, 100.00,97.99,112.76

5.77, 100.00,98.04,112.71

5.78, 100.00,98.09,112.67

5.79, 100.00,98.14,112.63

5.80, 100.00,98.19,112.58

5.81, 100.00,98.24,112.54

5.82, 100.00,98.28,112.49

5.83, 100.00,98.33,112.45

5.84, 100.00,98.38,112.40

5.85, 100.00,98.43,112.35

5.86, 100.00,98.47,112.31

5.87, 100.00,98.52,112.26

5.88, 100.00,98.56,112.21

5.89, 100.00,98.61,112.17

5.90, 100.00,98.65,112.12

5.91, 100.00,98.70,112.07

5.92, 100.00,98.74,112.02

5.93, 100.00,98.79,111.98

5.94, 100.00,98.83,111.93

5.95, 100.00,98.87,111.88

5.96, 100.00,98.92,111.83

5.97, 100.00,98.96,111.78

5.98, 100.00,99.00,111.74

5.99, 100.00,99.04,111.69

6.00, 100.00,99.09,111.64

6.01, 100.00,99.13,111.59

6.02, 100.00,99.17,111.54

6.03, 100.00,99.21,111.49

6.04, 100.00,99.25,111.44

6.05, 100.00,99.29,111.39

6.06, 100.00,99.33,111.34

6.07, 100.00,99.37,111.29

6.08, 100.00,99.41,111.24

6.09, 100.00,99.45,111.19

6.10, 100.00,99.49,111.14

6.11, 100.00,99.53,111.09

6.12, 100.00,99.57,111.04

6.13, 100.00,99.60,110.98

6.14, 100.00,99.64,110.93

6.15, 100.00,99.68,110.88

6.16, 100.00,99.72,110.83

6.17, 100.00,99.75,110.78

6.18, 100.00,99.79,110.73

6.19, 100.00,99.83,110.68

6.20, 100.00,99.86,110.62

6.21, 100.00,99.90,110.57

6.22, 100.00,99.93,110.52

6.23, 100.00,99.97,110.47

6.24, 100.00,100.00,110.42

6.25, 100.00,100.04,110.36

6.26, 100.00,100.07,110.31

6.27, 100.00,100.11,110.26

6.28, 100.00,100.14,110.21

6.29, 100.00,100.17,110.15

6.30, 100.00,100.21,110.10

6.31, 100.00,100.24,110.05

6.32, 100.00,100.27,110.00

6.33, 100.00,100.30,109.94

6.34, 100.00,100.34,109.89

6.35, 100.00,100.37,109.84

6.36, 100.00,100.40,109.78

6.37, 100.00,100.43,109.73

6.38, 100.00,100.46,109.68

6.39, 100.00,100.49,109.62

6.40, 100.00,100.52,109.57

6.41, 100.00,100.55,109.52

6.42, 100.00,100.58,109.46

6.43, 100.00,100.61,109.41

6.44, 100.00,100.64,109.36

6.45, 100.00,100.67,109.30

6.46, 100.00,100.70,109.25

6.47, 100.00,100.73,109.20

6.48, 100.00,100.75,109.14

6.49, 100.00,100.78,109.09

6.50, 100.00,100.81,109.04

6.51, 100.00,100.84,108.98

6.52, 100.00,100.86,108.93

6.53, 100.00,100.89,108.88

6.54, 100.00,100.92,108.82

6.55, 100.00,100.94,108.77

6.56, 100.00,100.97,108.72

6.57, 100.00,100.99,108.66

6.58, 100.00,101.02,108.61

6.59, 100.00,101.05,108.56

6.60, 100.00,101.07,108.50

6.61, 100.00,101.09,108.45

6.62, 100.00,101.12,108.40

6.63, 100.00,101.14,108.34

6.64, 100.00,101.17,108.29

6.65, 100.00,101.19,108.24

6.66, 100.00,101.21,108.18

6.67, 100.00,101.24,108.13

6.68, 100.00,101.26,108.08

6.69, 100.00,101.28,108.02

6.70, 100.00,101.30,107.97

6.71, 100.00,101.33,107.92

6.72, 100.00,101.35,107.87

6.73, 100.00,101.37,107.81

6.74, 100.00,101.39,107.76

6.75, 100.00,101.41,107.71

6.76, 100.00,101.43,107.65

6.77, 100.00,101.45,107.60

6.78, 100.00,101.47,107.55

6.79, 100.00,101.49,107.50

6.80, 100.00,101.51,107.44

6.81, 100.00,101.53,107.39

6.82, 100.00,101.55,107.34

6.83, 100.00,101.57,107.29

6.84, 100.00,101.59,107.23

6.85, 100.00,101.61,107.18

6.86, 100.00,101.63,107.13

6.87, 100.00,101.65,107.08

6.88, 100.00,101.66,107.03

6.89, 100.00,101.68,106.97

6.90, 100.00,101.70,106.92

6.91, 100.00,101.72,106.87

6.92, 100.00,101.73,106.82

6.93, 100.00,101.75,106.77

6.94, 100.00,101.77,106.72

6.95, 100.00,101.78,106.66

6.96, 100.00,101.80,106.61

6.97, 100.00,101.82,106.56

6.98, 100.00,101.83,106.51

6.99, 100.00,101.85,106.46

7.00, 100.00,101.86,106.41

7.01, 100.00,101.88,106.36

7.02, 100.00,101.89,106.31

7.03, 100.00,101.91,106.26

7.04, 100.00,101.92,106.21

7.05, 100.00,101.93,106.16

7.06, 100.00,101.95,106.11

7.07, 100.00,101.96,106.06

7.08, 100.00,101.98,106.01

7.09, 100.00,101.99,105.96

7.10, 100.00,102.00,105.91

7.11, 100.00,102.01,105.86

7.12, 100.00,102.03,105.81

7.13, 100.00,102.04,105.76

7.14, 100.00,102.05,105.71

7.15, 100.00,102.06,105.66

7.16, 100.00,102.08,105.61

7.17, 100.00,102.09,105.56

7.18, 100.00,102.10,105.51

7.19, 100.00,102.11,105.47

7.20, 100.00,102.12,105.42

7.21, 100.00,102.13,105.37

7.22, 100.00,102.14,105.32

7.23, 100.00,102.15,105.27

7.24, 100.00,102.16,105.22

7.25, 100.00,102.17,105.18

7.26, 100.00,102.18,105.13

7.27, 100.00,102.19,105.08

7.28, 100.00,102.20,105.03

7.29, 100.00,102.21,104.99

7.30, 100.00,102.22,104.94

7.31, 100.00,102.23,104.89

7.32, 100.00,102.24,104.85

7.33, 100.00,102.25,104.80

7.34, 100.00,102.25,104.75

7.35, 100.00,102.26,104.71

7.36, 100.00,102.27,104.66

7.37, 100.00,102.28,104.61

7.38, 100.00,102.29,104.57

7.39, 100.00,102.29,104.52

7.40, 100.00,102.30,104.48

7.41, 100.00,102.31,104.43

7.42, 100.00,102.32,104.39

7.43, 100.00,102.32,104.34

7.44, 100.00,102.33,104.30

7.45, 100.00,102.34,104.25

7.46, 100.00,102.34,104.21

7.47, 100.00,102.35,104.16

7.48, 100.00,102.35,104.12

7.49, 100.00,102.36,104.07

7.50, 100.00,102.36,104.03

7.51, 100.00,102.37,103.99

7.52, 100.00,102.38,103.94

7.53, 100.00,102.38,103.90

7.54, 100.00,102.39,103.86

7.55, 100.00,102.39,103.81

7.56, 100.00,102.39,103.77

7.57, 100.00,102.40,103.73

7.58, 100.00,102.40,103.68

7.59, 100.00,102.41,103.64

7.60, 100.00,102.41,103.60

7.61, 100.00,102.42,103.56

7.62, 100.00,102.42,103.51

7.63, 100.00,102.42,103.47

7.64, 100.00,102.43,103.43

7.65, 100.00,102.43,103.39

7.66, 100.00,102.43,103.35

7.67, 100.00,102.43,103.31

7.68, 100.00,102.44,103.27

7.69, 100.00,102.44,103.23

7.70, 100.00,102.44,103.19

7.71, 100.00,102.45,103.14

7.72, 100.00,102.45,103.10

7.73, 100.00,102.45,103.06

7.74, 100.00,102.45,103.02

7.75, 100.00,102.45,102.99

7.76, 100.00,102.45,102.95

7.77, 100.00,102.46,102.91

7.78, 100.00,102.46,102.87

7.79, 100.00,102.46,102.83

7.80, 100.00,102.46,102.79

7.81, 100.00,102.46,102.75

7.82, 100.00,102.46,102.71

7.83, 100.00,102.46,102.67

7.84, 100.00,102.46,102.64

7.85, 100.00,102.46,102.60

7.86, 100.00,102.46,102.56

7.87, 100.00,102.46,102.52

7.88, 100.00,102.46,102.49

7.89, 100.00,102.46,102.45

7.90, 100.00,102.46,102.41

7.91, 100.00,102.46,102.38

7.92, 100.00,102.46,102.34

7.93, 100.00,102.46,102.30

7.94, 100.00,102.46,102.27

7.95, 100.00,102.46,102.23

7.96, 100.00,102.46,102.20

7.97, 100.00,102.46,102.16

7.98, 100.00,102.46,102.12

7.99, 100.00,102.46,102.09

8.00, 100.00,102.46,102.05

8.01, 100.00,102.45,102.02

8.02, 100.00,102.45,101.98

8.03, 100.00,102.45,101.95

8.04, 100.00,102.45,101.92

8.05, 100.00,102.45,101.88

8.06, 100.00,102.45,101.85

8.07, 100.00,102.44,101.81

8.08, 100.00,102.44,101.78

8.09, 100.00,102.44,101.75

8.10, 100.00,102.44,101.71

8.11, 100.00,102.43,101.68

8.12, 100.00,102.43,101.65

8.13, 100.00,102.43,101.62

8.14, 100.00,102.43,101.58

8.15, 100.00,102.42,101.55

8.16, 100.00,102.42,101.52

8.17, 100.00,102.42,101.49

8.18, 100.00,102.41,101.46

8.19, 100.00,102.41,101.42

8.20, 100.00,102.41,101.39

8.21, 100.00,102.40,101.36

8.22, 100.00,102.40,101.33

8.23, 100.00,102.40,101.30

8.24, 100.00,102.39,101.27

8.25, 100.00,102.39,101.24

8.26, 100.00,102.38,101.21

8.27, 100.00,102.38,101.18

8.28, 100.00,102.38,101.15

8.29, 100.00,102.37,101.12

8.30, 100.00,102.37,101.09

8.31, 100.00,102.36,101.06

8.32, 100.00,102.36,101.03

8.33, 100.00,102.35,101.01

8.34, 100.00,102.35,100.98

8.35, 100.00,102.35,100.95

8.36, 100.00,102.34,100.92

8.37, 100.00,102.34,100.89

8.38, 100.00,102.33,100.86

8.39, 100.00,102.33,100.84

8.40, 100.00,102.32,100.81

8.41, 100.00,102.32,100.78

8.42, 100.00,102.31,100.76

8.43, 100.00,102.31,100.73

8.44, 100.00,102.30,100.70

8.45, 100.00,102.29,100.68

8.46, 100.00,102.29,100.65

8.47, 100.00,102.28,100.62

8.48, 100.00,102.28,100.60

8.49, 100.00,102.27,100.57

8.50, 100.00,102.27,100.55

8.51, 100.00,102.26,100.52

8.52, 100.00,102.25,100.50

8.53, 100.00,102.25,100.47

8.54, 100.00,102.24,100.45

8.55, 100.00,102.24,100.42

8.56, 100.00,102.23,100.40

8.57, 100.00,102.22,100.37

8.58, 100.00,102.22,100.35

8.59, 100.00,102.21,100.32

8.60, 100.00,102.21,100.30

8.61, 100.00,102.20,100.28

8.62, 100.00,102.19,100.25

8.63, 100.00,102.19,100.23

8.64, 100.00,102.18,100.21

8.65, 100.00,102.17,100.18

8.66, 100.00,102.17,100.16

8.67, 100.00,102.16,100.14

8.68, 100.00,102.15,100.12

8.69, 100.00,102.15,100.10

8.70, 100.00,102.14,100.07

8.71, 100.00,102.13,100.05

8.72, 100.00,102.12,100.03

8.73, 100.00,102.12,100.01

8.74, 100.00,102.11,99.99

8.75, 100.00,102.10,99.97

8.76, 100.00,102.10,99.95

8.77, 100.00,102.09,99.92

8.78, 100.00,102.08,99.90

8.79, 100.00,102.07,99.88

8.80, 100.00,102.07,99.86

8.81, 100.00,102.06,99.84

8.82, 100.00,102.05,99.82

8.83, 100.00,102.04,99.80

8.84, 100.00,102.04,99.79

8.85, 100.00,102.03,99.77

8.86, 100.00,102.02,99.75

8.87, 100.00,102.01,99.73

8.88, 100.00,102.01,99.71

8.89, 100.00,102.00,99.69

8.90, 100.00,101.99,99.67

8.91, 100.00,101.98,99.65

8.92, 100.00,101.98,99.64

8.93, 100.00,101.97,99.62

8.94, 100.00,101.96,99.60

8.95, 100.00,101.95,99.58

8.96, 100.00,101.94,99.57

8.97, 100.00,101.94,99.55

8.98, 100.00,101.93,99.53

8.99, 100.00,101.92,99.51

9.00, 100.00,101.91,99.50

9.01, 100.00,101.90,99.48

9.02, 100.00,101.90,99.46

9.03, 100.00,101.89,99.45

9.04, 100.00,101.88,99.43

9.05, 100.00,101.87,99.42

9.06, 100.00,101.86,99.40

9.07, 100.00,101.85,99.38

9.08, 100.00,101.85,99.37

9.09, 100.00,101.84,99.35

9.10, 100.00,101.83,99.34

9.11, 100.00,101.82,99.32

9.12, 100.00,101.81,99.31

9.13, 100.00,101.80,99.29

9.14, 100.00,101.80,99.28

9.15, 100.00,101.79,99.27

9.16, 100.00,101.78,99.25

9.17, 100.00,101.77,99.24

9.18, 100.00,101.76,99.22

9.19, 100.00,101.75,99.21

9.20, 100.00,101.75,99.20

9.21, 100.00,101.74,99.18

9.22, 100.00,101.73,99.17

9.23, 100.00,101.72,99.16

9.24, 100.00,101.71,99.14

9.25, 100.00,101.70,99.13

9.26, 100.00,101.69,99.12

9.27, 100.00,101.68,99.11

9.28, 100.00,101.68,99.09

9.29, 100.00,101.67,99.08

9.30, 100.00,101.66,99.07

9.31, 100.00,101.65,99.06

9.32, 100.00,101.64,99.05

9.33, 100.00,101.63,99.03

9.34, 100.00,101.62,99.02

9.35, 100.00,101.62,99.01

9.36, 100.00,101.61,99.00

9.37, 100.00,101.60,98.99

9.38, 100.00,101.59,98.98

9.39, 100.00,101.58,98.97

9.40, 100.00,101.57,98.96

9.41, 100.00,101.56,98.95

9.42, 100.00,101.55,98.94

9.43, 100.00,101.55,98.93

9.44, 100.00,101.54,98.92

9.45, 100.00,101.53,98.91

9.46, 100.00,101.52,98.90

9.47, 100.00,101.51,98.89

9.48, 100.00,101.50,98.88

9.49, 100.00,101.49,98.87

9.50, 100.00,101.48,98.86

9.51, 100.00,101.48,98.85

9.52, 100.00,101.47,98.84

9.53, 100.00,101.46,98.83

9.54, 100.00,101.45,98.82

9.55, 100.00,101.44,98.81

9.56, 100.00,101.43,98.81

9.57, 100.00,101.42,98.80

9.58, 100.00,101.41,98.79

9.59, 100.00,101.41,98.78

9.60, 100.00,101.40,98.77

9.61, 100.00,101.39,98.77

9.62, 100.00,101.38,98.76

9.63, 100.00,101.37,98.75

9.64, 100.00,101.36,98.74

9.65, 100.00,101.35,98.74

9.66, 100.00,101.34,98.73

9.67, 100.00,101.34,98.72

9.68, 100.00,101.33,98.71

9.69, 100.00,101.32,98.71

9.70, 100.00,101.31,98.70

9.71, 100.00,101.30,98.69

9.72, 100.00,101.29,98.69

9.73, 100.00,101.28,98.68

9.74, 100.00,101.27,98.68

9.75, 100.00,101.27,98.67

9.76, 100.00,101.26,98.66

9.77, 100.00,101.25,98.66

9.78, 100.00,101.24,98.65

9.79, 100.00,101.23,98.65

9.80, 100.00,101.22,98.64

9.81, 100.00,101.21,98.64

9.82, 100.00,101.21,98.63

9.83, 100.00,101.20,98.63

9.84, 100.00,101.19,98.62

9.85, 100.00,101.18,98.62

9.86, 100.00,101.17,98.61

9.87, 100.00,101.16,98.61

9.88, 100.00,101.15,98.60

9.89, 100.00,101.15,98.60

9.90, 100.00,101.14,98.59

9.91, 100.00,101.13,98.59

9.92, 100.00,101.12,98.58

9.93, 100.00,101.11,98.58

9.94, 100.00,101.10,98.58

9.95, 100.00,101.09,98.57

9.96, 100.00,101.09,98.57

9.97, 100.00,101.08,98.56

9.98, 100.00,101.07,98.56

9.99, 100.00,101.06,98.56

10.00, 100.00,101.05,98.55

10.01, 100.00,101.04,98.55

10.02, 100.00,101.04,98.55

10.03, 100.00,101.03,98.54

10.04, 100.00,101.02,98.54

10.05, 100.00,101.01,98.54

10.06, 100.00,101.00,98.54

10.07, 100.00,100.99,98.53

10.08, 100.00,100.99,98.53

10.09, 100.00,100.98,98.53

10.10, 100.00,100.97,98.53

10.11, 100.00,100.96,98.52

10.12, 100.00,100.95,98.52

10.13, 100.00,100.95,98.52

10.14, 100.00,100.94,98.52

10.15, 100.00,100.93,98.52

10.16, 100.00,100.92,98.51

10.17, 100.00,100.91,98.51

10.18, 100.00,100.91,98.51

10.19, 100.00,100.90,98.51

10.20, 100.00,100.89,98.51

10.21, 100.00,100.88,98.51

10.22, 100.00,100.87,98.50

10.23, 100.00,100.87,98.50

10.24, 100.00,100.86,98.50

10.25, 100.00,100.85,98.50

10.26, 100.00,100.84,98.50

10.27, 100.00,100.83,98.50

10.28, 100.00,100.83,98.50

10.29, 100.00,100.82,98.50

10.30, 100.00,100.81,98.50

10.31, 100.00,100.80,98.50

10.32, 100.00,100.80,98.50

10.33, 100.00,100.79,98.50

10.34, 100.00,100.78,98.50

10.35, 100.00,100.77,98.50

10.36, 100.00,100.76,98.50

10.37, 100.00,100.76,98.50

10.38, 100.00,100.75,98.50

10.39, 100.00,100.74,98.50

10.40, 100.00,100.73,98.50

10.41, 100.00,100.73,98.50

10.42, 100.00,100.72,98.50

10.43, 100.00,100.71,98.50

10.44, 100.00,100.70,98.50

10.45, 100.00,100.70,98.50

10.46, 100.00,100.69,98.50

10.47, 100.00,100.68,98.50

10.48, 100.00,100.68,98.50

10.49, 100.00,100.67,98.50

10.50, 100.00,100.66,98.50

10.51, 100.00,100.65,98.50

10.52, 100.00,100.65,98.50

10.53, 100.00,100.64,98.50

10.54, 100.00,100.63,98.50

10.55, 100.00,100.63,98.51

10.56, 100.00,100.62,98.51

10.57, 100.00,100.61,98.51

10.58, 100.00,100.60,98.51

10.59, 100.00,100.60,98.51

10.60, 100.00,100.59,98.51

10.61, 100.00,100.58,98.51

10.62, 100.00,100.58,98.52

10.63, 100.00,100.57,98.52

10.64, 100.00,100.56,98.52

10.65, 100.00,100.56,98.52

10.66, 100.00,100.55,98.52

10.67, 100.00,100.54,98.53

10.68, 100.00,100.54,98.53

10.69, 100.00,100.53,98.53

10.70, 100.00,100.52,98.53

10.71, 100.00,100.52,98.53

10.72, 100.00,100.51,98.54

10.73, 100.00,100.50,98.54

10.74, 100.00,100.50,98.54

10.75, 100.00,100.49,98.54

10.76, 100.00,100.48,98.54

10.77, 100.00,100.48,98.55

10.78, 100.00,100.47,98.55

10.79, 100.00,100.46,98.55

10.80, 100.00,100.46,98.56

10.81, 100.00,100.45,98.56

10.82, 100.00,100.44,98.56

10.83, 100.00,100.44,98.56

10.84, 100.00,100.43,98.57

10.85, 100.00,100.43,98.57

10.86, 100.00,100.42,98.57

10.87, 100.00,100.41,98.57

10.88, 100.00,100.41,98.58

10.89, 100.00,100.40,98.58

10.90, 100.00,100.40,98.58

10.91, 100.00,100.39,98.59

10.92, 100.00,100.38,98.59

10.93, 100.00,100.38,98.59

10.94, 100.00,100.37,98.60

10.95, 100.00,100.37,98.60

10.96, 100.00,100.36,98.60

10.97, 100.00,100.35,98.61

10.98, 100.00,100.35,98.61

10.99, 100.00,100.34,98.61

11.00, 100.00,100.34,98.62

11.01, 100.00,100.33,98.62

11.02, 100.00,100.33,98.62

11.03, 100.00,100.32,98.63

11.04, 100.00,100.31,98.63

11.05, 100.00,100.31,98.64

11.06, 100.00,100.30,98.64

11.07, 100.00,100.30,98.64

11.08, 100.00,100.29,98.65

11.09, 100.00,100.29,98.65

11.10, 100.00,100.28,98.65

11.11, 100.00,100.28,98.66

11.12, 100.00,100.27,98.66

11.13, 100.00,100.26,98.67

11.14, 100.00,100.26,98.67

11.15, 100.00,100.25,98.68

11.16, 100.00,100.25,98.68

11.17, 100.00,100.24,98.68

11.18, 100.00,100.24,98.69

11.19, 100.00,100.23,98.69

11.20, 100.00,100.23,98.70

11.21, 100.00,100.22,98.70

11.22, 100.00,100.22,98.70

11.23, 100.00,100.21,98.71

11.24, 100.00,100.21,98.71

11.25, 100.00,100.20,98.72

11.26, 100.00,100.20,98.72

11.27, 100.00,100.19,98.73

11.28, 100.00,100.19,98.73

11.29, 100.00,100.18,98.74

11.30, 100.00,100.18,98.74

11.31, 100.00,100.17,98.74

11.32, 100.00,100.17,98.75

11.33, 100.00,100.16,98.75

11.34, 100.00,100.16,98.76

11.35, 100.00,100.16,98.76

11.36, 100.00,100.15,98.77

11.37, 100.00,100.15,98.77

11.38, 100.00,100.14,98.78

11.39, 100.00,100.14,98.78

11.40, 100.00,100.13,98.79

11.41, 100.00,100.13,98.79

11.42, 100.00,100.12,98.80

11.43, 100.00,100.12,98.80

11.44, 100.00,100.11,98.81

11.45, 100.00,100.11,98.81

11.46, 100.00,100.11,98.82

11.47, 100.00,100.10,98.82

11.48, 100.00,100.10,98.82

11.49, 100.00,100.09,98.83

11.50, 100.00,100.09,98.83

11.51, 100.00,100.08,98.84

11.52, 100.00,100.08,98.84

11.53, 100.00,100.08,98.85

11.54, 100.00,100.07,98.85

11.55, 100.00,100.07,98.86

11.56, 100.00,100.06,98.86

11.57, 100.00,100.06,98.87

11.58, 100.00,100.06,98.87

11.59, 100.00,100.05,98.88

11.60, 100.00,100.05,98.89

11.61, 100.00,100.04,98.89

11.62, 100.00,100.04,98.90

11.63, 100.00,100.04,98.90

11.64, 100.00,100.03,98.91

11.65, 100.00,100.03,98.91

11.66, 100.00,100.03,98.92

11.67, 100.00,100.02,98.92

11.68, 100.00,100.02,98.93

11.69, 100.00,100.02,98.93

11.70, 100.00,100.01,98.94

11.71, 100.00,100.01,98.94

11.72, 100.00,100.00,98.95

11.73, 100.00,100.00,98.95

11.74, 100.00,100.00,98.96

11.75, 100.00,99.99,98.96

11.76, 100.00,99.99,98.97

11.77, 100.00,99.99,98.97

11.78, 100.00,99.98,98.98

11.79, 100.00,99.98,98.98

11.80, 100.00,99.98,98.99

11.81, 100.00,99.97,98.99

11.82, 100.00,99.97,99.00

11.83, 100.00,99.97,99.01

11.84, 100.00,99.96,99.01

11.85, 100.00,99.96,99.02

11.86, 100.00,99.96,99.02

11.87, 100.00,99.95,99.03

11.88, 100.00,99.95,99.03

11.89, 100.00,99.95,99.04

11.90, 100.00,99.95,99.04

11.91, 100.00,99.94,99.05

11.92, 100.00,99.94,99.05

11.93, 100.00,99.94,99.06

11.94, 100.00,99.93,99.06

11.95, 100.00,99.93,99.07

11.96, 100.00,99.93,99.07

11.97, 100.00,99.93,99.08

11.98, 100.00,99.92,99.09

11.99, 100.00,99.92,99.09

12.00, 100.00,99.92,99.10

12.01, 100.00,99.91,99.10

12.02, 100.00,99.91,99.11

12.03, 100.00,99.91,99.11

12.04, 100.00,99.91,99.12

12.05, 100.00,99.90,99.12

12.06, 100.00,99.90,99.13

12.07, 100.00,99.90,99.13

12.08, 100.00,99.90,99.14

12.09, 100.00,99.89,99.14

12.10, 100.00,99.89,99.15

12.11, 100.00,99.89,99.16

12.12, 100.00,99.89,99.16

12.13, 100.00,99.88,99.17

12.14, 100.00,99.88,99.17

12.15, 100.00,99.88,99.18

12.16, 100.00,99.88,99.18

12.17, 100.00,99.87,99.19

12.18, 100.00,99.87,99.19

12.19, 100.00,99.87,99.20

12.20, 100.00,99.87,99.20

12.21, 100.00,99.87,99.21

12.22, 100.00,99.86,99.21

12.23, 100.00,99.86,99.22

12.24, 100.00,99.86,99.22

12.25, 100.00,99.86,99.23

12.26, 100.00,99.85,99.23

12.27, 100.00,99.85,99.24

12.28, 100.00,99.85,99.25

12.29, 100.00,99.85,99.25

12.30, 100.00,99.85,99.26

12.31, 100.00,99.84,99.26

12.32, 100.00,99.84,99.27

12.33, 100.00,99.84,99.27

12.34, 100.00,99.84,99.28

12.35, 100.00,99.84,99.28

12.36, 100.00,99.84,99.29

12.37, 100.00,99.83,99.29

12.38, 100.00,99.83,99.30

12.39, 100.00,99.83,99.30

12.40, 100.00,99.83,99.31

12.41, 100.00,99.83,99.31

12.42, 100.00,99.82,99.32

12.43, 100.00,99.82,99.32

12.44, 100.00,99.82,99.33

12.45, 100.00,99.82,99.33

12.46, 100.00,99.82,99.34

12.47, 100.00,99.82,99.34

12.48, 100.00,99.82,99.35

12.49, 100.00,99.81,99.35

12.50, 100.00,99.81,99.36

12.51, 100.00,99.81,99.36

12.52, 100.00,99.81,99.37

12.53, 100.00,99.81,99.37

12.54, 100.00,99.81,99.38

12.55, 100.00,99.80,99.39

12.56, 100.00,99.80,99.39

12.57, 100.00,99.80,99.40

12.58, 100.00,99.80,99.40

12.59, 100.00,99.80,99.41

12.60, 100.00,99.80,99.41

12.61, 100.00,99.80,99.42

12.62, 100.00,99.80,99.42

12.63, 100.00,99.79,99.42

12.64, 100.00,99.79,99.43

12.65, 100.00,99.79,99.43

12.66, 100.00,99.79,99.44

12.67, 100.00,99.79,99.44

12.68, 100.00,99.79,99.45

12.69, 100.00,99.79,99.45

12.70, 100.00,99.79,99.46

12.71, 100.00,99.79,99.46

12.72, 100.00,99.78,99.47

12.73, 100.00,99.78,99.47

12.74, 100.00,99.78,99.48

12.75, 100.00,99.78,99.48

12.76, 100.00,99.78,99.49

12.77, 100.00,99.78,99.49

12.78, 100.00,99.78,99.50

12.79, 100.00,99.78,99.50

12.80, 100.00,99.78,99.51

12.81, 100.00,99.78,99.51

12.82, 100.00,99.77,99.52

12.83, 100.00,99.77,99.52

12.84, 100.00,99.77,99.53

12.85, 100.00,99.77,99.53

12.86, 100.00,99.77,99.54

12.87, 100.00,99.77,99.54

12.88, 100.00,99.77,99.54

12.89, 100.00,99.77,99.55

12.90, 100.00,99.77,99.55

12.91, 100.00,99.77,99.56

12.92, 100.00,99.77,99.56

12.93, 100.00,99.77,99.57

12.94, 100.00,99.77,99.57

12.95, 100.00,99.77,99.58

12.96, 100.00,99.76,99.58

12.97, 100.00,99.76,99.58

12.98, 100.00,99.76,99.59

12.99, 100.00,99.76,99.59

13.00, 100.00,99.76,99.60

13.01, 100.00,99.76,99.60

13.02, 100.00,99.76,99.61

13.03, 100.00,99.76,99.61

13.04, 100.00,99.76,99.62

13.05, 100.00,99.76,99.62

13.06, 100.00,99.76,99.62

13.07, 100.00,99.76,99.63

13.08, 100.00,99.76,99.63

13.09, 100.00,99.76,99.64

13.10, 100.00,99.76,99.64

13.11, 100.00,99.76,99.65

13.12, 100.00,99.76,99.65

13.13, 100.00,99.76,99.65

13.14, 100.00,99.76,99.66

13.15, 100.00,99.76,99.66

13.16, 100.00,99.76,99.67

13.17, 100.00,99.76,99.67

13.18, 100.00,99.76,99.67

13.19, 100.00,99.75,99.68

13.20, 100.00,99.75,99.68

13.21, 100.00,99.75,99.69

13.22, 100.00,99.75,99.69

13.23, 100.00,99.75,99.69

13.24, 100.00,99.75,99.70

13.25, 100.00,99.75,99.70

13.26, 100.00,99.75,99.71

13.27, 100.00,99.75,99.71

13.28, 100.00,99.75,99.71

13.29, 100.00,99.75,99.72

13.30, 100.00,99.75,99.72

13.31, 100.00,99.75,99.73

13.32, 100.00,99.75,99.73

13.33, 100.00,99.75,99.73

13.34, 100.00,99.75,99.74

13.35, 100.00,99.75,99.74

13.36, 100.00,99.75,99.75

13.37, 100.00,99.75,99.75

13.38, 100.00,99.75,99.75

13.39, 100.00,99.75,99.76

13.40, 100.00,99.75,99.76

13.41, 100.00,99.75,99.76

13.42, 100.00,99.75,99.77

13.43, 100.00,99.75,99.77

13.44, 100.00,99.75,99.77

13.45, 100.00,99.75,99.78

13.46, 100.00,99.75,99.78

13.47, 100.00,99.75,99.79

13.48, 100.00,99.75,99.79

13.49, 100.00,99.75,99.79

13.50, 100.00,99.75,99.80

13.51, 100.00,99.75,99.80

13.52, 100.00,99.75,99.80

13.53, 100.00,99.75,99.81

13.54, 100.00,99.75,99.81

13.55, 100.00,99.75,99.81

13.56, 100.00,99.75,99.82

13.57, 100.00,99.75,99.82

13.58, 100.00,99.76,99.82

13.59, 100.00,99.76,99.83

13.60, 100.00,99.76,99.83

13.61, 100.00,99.76,99.83

13.62, 100.00,99.76,99.84

13.63, 100.00,99.76,99.84

13.64, 100.00,99.76,99.84

13.65, 100.00,99.76,99.85

13.66, 100.00,99.76,99.85

13.67, 100.00,99.76,99.85

13.68, 100.00,99.76,99.86

13.69, 100.00,99.76,99.86

13.70, 100.00,99.76,99.86

13.71, 100.00,99.76,99.87

13.72, 100.00,99.76,99.87

13.73, 100.00,99.76,99.87

13.74, 100.00,99.76,99.87

13.75, 100.00,99.76,99.88

13.76, 100.00,99.76,99.88

13.77, 100.00,99.76,99.88

13.78, 100.00,99.76,99.89

13.79, 100.00,99.76,99.89

13.80, 100.00,99.76,99.89

13.81, 100.00,99.76,99.90

13.82, 100.00,99.76,99.90

13.83, 100.00,99.76,99.90

13.84, 100.00,99.76,99.90

13.85, 100.00,99.76,99.91

13.86, 100.00,99.77,99.91

13.87, 100.00,99.77,99.91

13.88, 100.00,99.77,99.91

13.89, 100.00,99.77,99.92

13.90, 100.00,99.77,99.92

13.91, 100.00,99.77,99.92

13.92, 100.00,99.77,99.93

13.93, 100.00,99.77,99.93

13.94, 100.00,99.77,99.93

13.95, 100.00,99.77,99.93

13.96, 100.00,99.77,99.94

13.97, 100.00,99.77,99.94

13.98, 100.00,99.77,99.94

13.99, 100.00,99.77,99.94

14.00, 100.00,99.77,99.95

14.01, 100.00,99.77,99.95

14.02, 100.00,99.77,99.95

14.03, 100.00,99.77,99.95

14.04, 100.00,99.78,99.96

14.05, 100.00,99.78,99.96

14.06, 100.00,99.78,99.96

14.07, 100.00,99.78,99.96

14.08, 100.00,99.78,99.97

14.09, 100.00,99.78,99.97

14.10, 100.00,99.78,99.97

14.11, 100.00,99.78,99.97

14.12, 100.00,99.78,99.98

14.13, 100.00,99.78,99.98

14.14, 100.00,99.78,99.98

14.15, 100.00,99.78,99.98

14.16, 100.00,99.78,99.99

14.17, 100.00,99.78,99.99

14.18, 100.00,99.78,99.99

14.19, 100.00,99.79,99.99

14.20, 100.00,99.79,99.99

14.21, 100.00,99.79,100.00

14.22, 100.00,99.79,100.00

14.23, 100.00,99.79,100.00

14.24, 100.00,99.79,100.00

14.25, 100.00,99.79,100.00

14.26, 100.00,99.79,100.01

14.27, 100.00,99.79,100.01

14.28, 100.00,99.79,100.01

14.29, 100.00,99.79,100.01

14.30, 100.00,99.79,100.01

14.31, 100.00,99.79,100.02

14.32, 100.00,99.79,100.02

14.33, 100.00,99.80,100.02

14.34, 100.00,99.80,100.02

14.35, 100.00,99.80,100.02

14.36, 100.00,99.80,100.03

14.37, 100.00,99.80,100.03

14.38, 100.00,99.80,100.03

14.39, 100.00,99.80,100.03

14.40, 100.00,99.80,100.03

14.41, 100.00,99.80,100.04

14.42, 100.00,99.80,100.04

14.43, 100.00,99.80,100.04

14.44, 100.00,99.80,100.04

14.45, 100.00,99.80,100.04

14.46, 100.00,99.81,100.04

14.47, 100.00,99.81,100.05

14.48, 100.00,99.81,100.05

14.49, 100.00,99.81,100.05

14.50, 100.00,99.81,100.05

14.51, 100.00,99.81,100.05

14.52, 100.00,99.81,100.05

14.53, 100.00,99.81,100.06

14.54, 100.00,99.81,100.06

14.55, 100.00,99.81,100.06

14.56, 100.00,99.81,100.06

14.57, 100.00,99.81,100.06

14.58, 100.00,99.82,100.06

14.59, 100.00,99.82,100.07

14.60, 100.00,99.82,100.07

14.61, 100.00,99.82,100.07

14.62, 100.00,99.82,100.07

14.63, 100.00,99.82,100.07

14.64, 100.00,99.82,100.07

14.65, 100.00,99.82,100.07

14.66, 100.00,99.82,100.08

14.67, 100.00,99.82,100.08

14.68, 100.00,99.82,100.08

14.69, 100.00,99.82,100.08

14.70, 100.00,99.83,100.08

14.71, 100.00,99.83,100.08

14.72, 100.00,99.83,100.08

14.73, 100.00,99.83,100.09

14.74, 100.00,99.83,100.09

14.75, 100.00,99.83,100.09

14.76, 100.00,99.83,100.09

14.77, 100.00,99.83,100.09

14.78, 100.00,99.83,100.09

14.79, 100.00,99.83,100.09

14.80, 100.00,99.83,100.09

14.81, 100.00,99.83,100.10

14.82, 100.00,99.84,100.10

14.83, 100.00,99.84,100.10

14.84, 100.00,99.84,100.10

14.85, 100.00,99.84,100.10

14.86, 100.00,99.84,100.10

14.87, 100.00,99.84,100.10

14.88, 100.00,99.84,100.10

14.89, 100.00,99.84,100.10

14.90, 100.00,99.84,100.11

14.91, 100.00,99.84,100.11

14.92, 100.00,99.84,100.11

14.93, 100.00,99.85,100.11

14.94, 100.00,99.85,100.11

14.95, 100.00,99.85,100.11

14.96, 100.00,99.85,100.11

14.97, 100.00,99.85,100.11

14.98, 100.00,99.85,100.11

14.99, 100.00,99.85,100.11

15.00, 100.00,99.85,100.12

15.01, 100.00,99.85,100.12

15.02, 100.00,99.85,100.12

15.03, 100.00,99.85,100.12

15.04, 100.00,99.86,100.12

15.05, 100.00,99.86,100.12

15.06, 100.00,99.86,100.12

15.07, 100.00,99.86,100.12

15.08, 100.00,99.86,100.12

15.09, 100.00,99.86,100.12

15.10, 100.00,99.86,100.12

15.11, 100.00,99.86,100.12

15.12, 100.00,99.86,100.13

15.13, 100.00,99.86,100.13

15.14, 100.00,99.86,100.13

15.15, 100.00,99.86,100.13

15.16, 100.00,99.87,100.13

15.17, 100.00,99.87,100.13

15.18, 100.00,99.87,100.13

15.19, 100.00,99.87,100.13

15.20, 100.00,99.87,100.13

15.21, 100.00,99.87,100.13

15.22, 100.00,99.87,100.13

15.23, 100.00,99.87,100.13

15.24, 100.00,99.87,100.13

15.25, 100.00,99.87,100.13

15.26, 100.00,99.87,100.13

15.27, 100.00,99.88,100.14

15.28, 100.00,99.88,100.14

15.29, 100.00,99.88,100.14

15.30, 100.00,99.88,100.14

15.31, 100.00,99.88,100.14

15.32, 100.00,99.88,100.14

15.33, 100.00,99.88,100.14

15.34, 100.00,99.88,100.14

15.35, 100.00,99.88,100.14

15.36, 100.00,99.88,100.14

15.37, 100.00,99.88,100.14

15.38, 100.00,99.88,100.14

15.39, 100.00,99.89,100.14

15.40, 100.00,99.89,100.14

15.41, 100.00,99.89,100.14

15.42, 100.00,99.89,100.14

15.43, 100.00,99.89,100.14

15.44, 100.00,99.89,100.14

15.45, 100.00,99.89,100.14

15.46, 100.00,99.89,100.14

15.47, 100.00,99.89,100.14

15.48, 100.00,99.89,100.14

15.49, 100.00,99.89,100.15

15.50, 100.00,99.89,100.15

15.51, 100.00,99.90,100.15

15.52, 100.00,99.90,100.15

15.53, 100.00,99.90,100.15

15.54, 100.00,99.90,100.15

15.55, 100.00,99.90,100.15

15.56, 100.00,99.90,100.15

15.57, 100.00,99.90,100.15

15.58, 100.00,99.90,100.15

15.59, 100.00,99.90,100.15

15.60, 100.00,99.90,100.15

15.61, 100.00,99.90,100.15

15.62, 100.00,99.90,100.15

15.63, 100.00,99.91,100.15

15.64, 100.00,99.91,100.15

15.65, 100.00,99.91,100.15

15.66, 100.00,99.91,100.15

15.67, 100.00,99.91,100.15

15.68, 100.00,99.91,100.15

15.69, 100.00,99.91,100.15

15.70, 100.00,99.91,100.15

15.71, 100.00,99.91,100.15

15.72, 100.00,99.91,100.15

15.73, 100.00,99.91,100.15

15.74, 100.00,99.91,100.15

15.75, 100.00,99.92,100.15

15.76, 100.00,99.92,100.15

15.77, 100.00,99.92,100.15

15.78, 100.00,99.92,100.15

15.79, 100.00,99.92,100.15

15.80, 100.00,99.92,100.15

15.81, 100.00,99.92,100.15

15.82, 100.00,99.92,100.15

15.83, 100.00,99.92,100.15

15.84, 100.00,99.92,100.15

15.85, 100.00,99.92,100.15

15.86, 100.00,99.92,100.15

15.87, 100.00,99.92,100.15

15.88, 100.00,99.93,100.15

15.89, 100.00,99.93,100.15

15.90, 100.00,99.93,100.15

15.91, 100.00,99.93,100.15

15.92, 100.00,99.93,100.15

15.93, 100.00,99.93,100.15

15.94, 100.00,99.93,100.15

15.95, 100.00,99.93,100.15

15.96, 100.00,99.93,100.15

15.97, 100.00,99.93,100.15

15.98, 100.00,99.93,100.15

15.99, 100.00,99.93,100.15

16.00, 100.00,99.93,100.15

16.01, 100.00,99.93,100.15

16.02, 100.00,99.94,100.15

16.03, 100.00,99.94,100.15

16.04, 100.00,99.94,100.15

16.05, 100.00,99.94,100.15

16.06, 100.00,99.94,100.15

16.07, 100.00,99.94,100.15

16.08, 100.00,99.94,100.15

16.09, 100.00,99.94,100.15

16.10, 100.00,99.94,100.15

16.11, 100.00,99.94,100.15

16.12, 100.00,99.94,100.15

16.13, 100.00,99.94,100.15

16.14, 100.00,99.94,100.15

16.15, 100.00,99.94,100.15

16.16, 100.00,99.95,100.15

16.17, 100.00,99.95,100.15

16.18, 100.00,99.95,100.15

16.19, 100.00,99.95,100.15

16.20, 100.00,99.95,100.15

16.21, 100.00,99.95,100.15

16.22, 100.00,99.95,100.15

16.23, 100.00,99.95,100.15

16.24, 100.00,99.95,100.15

16.25, 100.00,99.95,100.15

16.26, 100.00,99.95,100.15

16.27, 100.00,99.95,100.15

16.28, 100.00,99.95,100.15

16.29, 100.00,99.95,100.15

16.30, 100.00,99.95,100.14

16.31, 100.00,99.96,100.14

16.32, 100.00,99.96,100.14

16.33, 100.00,99.96,100.14

16.34, 100.00,99.96,100.14

16.35, 100.00,99.96,100.14

16.36, 100.00,99.96,100.14

16.37, 100.00,99.96,100.14

16.38, 100.00,99.96,100.14

16.39, 100.00,99.96,100.14

16.40, 100.00,99.96,100.14

16.41, 100.00,99.96,100.14

16.42, 100.00,99.96,100.14

16.43, 100.00,99.96,100.14

16.44, 100.00,99.96,100.14

16.45, 100.00,99.96,100.14

16.46, 100.00,99.96,100.14

16.47, 100.00,99.96,100.14

16.48, 100.00,99.97,100.14

16.49, 100.00,99.97,100.14

16.50, 100.00,99.97,100.14

16.51, 100.00,99.97,100.14

16.52, 100.00,99.97,100.14

16.53, 100.00,99.97,100.14

16.54, 100.00,99.97,100.14

16.55, 100.00,99.97,100.14

16.56, 100.00,99.97,100.14

16.57, 100.00,99.97,100.14

16.58, 100.00,99.97,100.14

16.59, 100.00,99.97,100.14

16.60, 100.00,99.97,100.13

16.61, 100.00,99.97,100.13

16.62, 100.00,99.97,100.13

16.63, 100.00,99.97,100.13

16.64, 100.00,99.97,100.13

16.65, 100.00,99.97,100.13

16.66, 100.00,99.98,100.13

16.67, 100.00,99.98,100.13

16.68, 100.00,99.98,100.13

16.69, 100.00,99.98,100.13

16.70, 100.00,99.98,100.13

16.71, 100.00,99.98,100.13

16.72, 100.00,99.98,100.13

16.73, 100.00,99.98,100.13

16.74, 100.00,99.98,100.13

16.75, 100.00,99.98,100.13

16.76, 100.00,99.98,100.13

16.77, 100.00,99.98,100.13

16.78, 100.00,99.98,100.13

16.79, 100.00,99.98,100.13

16.80, 100.00,99.98,100.13

16.81, 100.00,99.98,100.13

16.82, 100.00,99.98,100.13

16.83, 100.00,99.98,100.12

16.84, 100.00,99.98,100.12

16.85, 100.00,99.98,100.12

16.86, 100.00,99.99,100.12

16.87, 100.00,99.99,100.12

16.88, 100.00,99.99,100.12

16.89, 100.00,99.99,100.12

16.90, 100.00,99.99,100.12

16.91, 100.00,99.99,100.12

16.92, 100.00,99.99,100.12

16.93, 100.00,99.99,100.12

16.94, 100.00,99.99,100.12

16.95, 100.00,99.99,100.12

16.96, 100.00,99.99,100.12

16.97, 100.00,99.99,100.12

16.98, 100.00,99.99,100.12

16.99, 100.00,99.99,100.12

17.00, 100.00,99.99,100.12

17.01, 100.00,99.99,100.12

17.02, 100.00,99.99,100.12

17.03, 100.00,99.99,100.12

17.04, 100.00,99.99,100.11

17.05, 100.00,99.99,100.11

17.06, 100.00,99.99,100.11

17.07, 100.00,99.99,100.11

17.08, 100.00,99.99,100.11

17.09, 100.00,99.99,100.11

17.10, 100.00,100.00,100.11

17.11, 100.00,100.00,100.11

17.12, 100.00,100.00,100.11

17.13, 100.00,100.00,100.11

17.14, 100.00,100.00,100.11

17.15, 100.00,100.00,100.11

17.16, 100.00,100.00,100.11

17.17, 100.00,100.00,100.11

17.18, 100.00,100.00,100.11

17.19, 100.00,100.00,100.11

17.20, 100.00,100.00,100.11

17.21, 100.00,100.00,100.11

17.22, 100.00,100.00,100.11

17.23, 100.00,100.00,100.10

17.24, 100.00,100.00,100.10

17.25, 100.00,100.00,100.10

17.26, 100.00,100.00,100.10

17.27, 100.00,100.00,100.10

17.28, 100.00,100.00,100.10

17.29, 100.00,100.00,100.10

17.30, 100.00,100.00,100.10

17.31, 100.00,100.00,100.10

17.32, 100.00,100.00,100.10

17.33, 100.00,100.00,100.10

17.34, 100.00,100.00,100.10

17.35, 100.00,100.00,100.10

17.36, 100.00,100.00,100.10

17.37, 100.00,100.00,100.10

17.38, 100.00,100.01,100.10

17.39, 100.00,100.01,100.10

17.40, 100.00,100.01,100.10

17.41, 100.00,100.01,100.10

17.42, 100.00,100.01,100.09

17.43, 100.00,100.01,100.09

17.44, 100.00,100.01,100.09

17.45, 100.00,100.01,100.09

17.46, 100.00,100.01,100.09

17.47, 100.00,100.01,100.09

17.48, 100.00,100.01,100.09

17.49, 100.00,100.01,100.09

17.50, 100.00,100.01,100.09

17.51, 100.00,100.01,100.09

17.52, 100.00,100.01,100.09

17.53, 100.00,100.01,100.09

17.54, 100.00,100.01,100.09

17.55, 100.00,100.01,100.09

17.56, 100.00,100.01,100.09

17.57, 100.00,100.01,100.09

17.58, 100.00,100.01,100.09

17.59, 100.00,100.01,100.09

17.60, 100.00,100.01,100.09

17.61, 100.00,100.01,100.08

17.62, 100.00,100.01,100.08

17.63, 100.00,100.01,100.08

17.64, 100.00,100.01,100.08

17.65, 100.00,100.01,100.08

17.66, 100.00,100.01,100.08

17.67, 100.00,100.01,100.08

17.68, 100.00,100.01,100.08

17.69, 100.00,100.01,100.08

17.70, 100.00,100.01,100.08

17.71, 100.00,100.01,100.08

17.72, 100.00,100.01,100.08

17.73, 100.00,100.01,100.08

17.74, 100.00,100.01,100.08

17.75, 100.00,100.01,100.08

17.76, 100.00,100.01,100.08

17.77, 100.00,100.01,100.08

17.78, 100.00,100.02,100.08

17.79, 100.00,100.02,100.07

17.80, 100.00,100.02,100.07

17.81, 100.00,100.02,100.07

17.82, 100.00,100.02,100.07

17.83, 100.00,100.02,100.07

17.84, 100.00,100.02,100.07

17.85, 100.00,100.02,100.07

17.86, 100.00,100.02,100.07

17.87, 100.00,100.02,100.07

17.88, 100.00,100.02,100.07

17.89, 100.00,100.02,100.07

17.90, 100.00,100.02,100.07

17.91, 100.00,100.02,100.07

17.92, 100.00,100.02,100.07

17.93, 100.00,100.02,100.07

17.94, 100.00,100.02,100.07

17.95, 100.00,100.02,100.07

17.96, 100.00,100.02,100.07

17.97, 100.00,100.02,100.07

17.98, 100.00,100.02,100.06

17.99, 100.00,100.02,100.06

18.00, 100.00,100.02,100.06

18.01, 100.00,100.02,100.06

18.02, 100.00,100.02,100.06

18.03, 100.00,100.02,100.06

18.04, 100.00,100.02,100.06

18.05, 100.00,100.02,100.06

18.06, 100.00,100.02,100.06

18.07, 100.00,100.02,100.06

18.08, 100.00,100.02,100.06

18.09, 100.00,100.02,100.06

18.10, 100.00,100.02,100.06

18.11, 100.00,100.02,100.06

18.12, 100.00,100.02,100.06

18.13, 100.00,100.02,100.06

18.14, 100.00,100.02,100.06

18.15, 100.00,100.02,100.06

18.16, 100.00,100.02,100.06

18.17, 100.00,100.02,100.06

18.18, 100.00,100.02,100.05

18.19, 100.00,100.02,100.05

18.20, 100.00,100.02,100.05

18.21, 100.00,100.02,100.05

18.22, 100.00,100.02,100.05

18.23, 100.00,100.02,100.05

18.24, 100.00,100.02,100.05

18.25, 100.00,100.02,100.05

18.26, 100.00,100.02,100.05

18.27, 100.00,100.02,100.05

18.28, 100.00,100.02,100.05

18.29, 100.00,100.02,100.05

18.30, 100.00,100.02,100.05

18.31, 100.00,100.02,100.05

18.32, 100.00,100.02,100.05

18.33, 100.00,100.02,100.05

18.34, 100.00,100.02,100.05

18.35, 100.00,100.02,100.05

18.36, 100.00,100.02,100.05

18.37, 100.00,100.02,100.05

18.38, 100.00,100.02,100.05

18.39, 100.00,100.02,100.05

18.40, 100.00,100.02,100.04

18.41, 100.00,100.02,100.04

18.42, 100.00,100.02,100.04

18.43, 100.00,100.02,100.04

18.44, 100.00,100.02,100.04

18.45, 100.00,100.02,100.04

18.46, 100.00,100.02,100.04

18.47, 100.00,100.02,100.04

18.48, 100.00,100.02,100.04

18.49, 100.00,100.02,100.04

18.50, 100.00,100.02,100.04

18.51, 100.00,100.02,100.04

18.52, 100.00,100.02,100.04

18.53, 100.00,100.02,100.04

18.54, 100.00,100.02,100.04

18.55, 100.00,100.02,100.04

18.56, 100.00,100.02,100.04

18.57, 100.00,100.02,100.04

18.58, 100.00,100.02,100.04

18.59, 100.00,100.02,100.04

18.60, 100.00,100.02,100.04

18.61, 100.00,100.02,100.04

18.62, 100.00,100.02,100.03

18.63, 100.00,100.02,100.03

18.64, 100.00,100.02,100.03

18.65, 100.00,100.02,100.03

18.66, 100.00,100.02,100.03

18.67, 100.00,100.02,100.03

18.68, 100.00,100.02,100.03

18.69, 100.00,100.02,100.03

18.70, 100.00,100.02,100.03

18.71, 100.00,100.02,100.03

18.72, 100.00,100.02,100.03

18.73, 100.00,100.02,100.03

18.74, 100.00,100.02,100.03

18.75, 100.00,100.02,100.03

18.76, 100.00,100.02,100.03

18.77, 100.00,100.02,100.03

18.78, 100.00,100.02,100.03

18.79, 100.00,100.02,100.03

18.80, 100.00,100.02,100.03

18.81, 100.00,100.02,100.03

18.82, 100.00,100.02,100.03

18.83, 100.00,100.02,100.03

18.84, 100.00,100.02,100.03

18.85, 100.00,100.02,100.03

18.86, 100.00,100.02,100.03

18.87, 100.00,100.02,100.03

18.88, 100.00,100.02,100.02

18.89, 100.00,100.02,100.02

18.90, 100.00,100.02,100.02

18.91, 100.00,100.02,100.02

18.92, 100.00,100.02,100.02

18.93, 100.00,100.02,100.02

18.94, 100.00,100.02,100.02

18.95, 100.00,100.02,100.02

18.96, 100.00,100.02,100.02

18.97, 100.00,100.02,100.02

18.98, 100.00,100.02,100.02

18.99, 100.00,100.02,100.02

19.00, 100.00,100.02,100.02

19.01, 100.00,100.02,100.02

19.02, 100.00,100.02,100.02

19.03, 100.00,100.02,100.02

19.04, 100.00,100.02,100.02

19.05, 100.00,100.02,100.02

19.06, 100.00,100.02,100.02

19.07, 100.00,100.02,100.02

19.08, 100.00,100.02,100.02

19.09, 100.00,100.02,100.02

19.10, 100.00,100.02,100.02

19.11, 100.00,100.02,100.02

19.12, 100.00,100.02,100.02

19.13, 100.00,100.02,100.02

19.14, 100.00,100.02,100.02

19.15, 100.00,100.02,100.02

19.16, 100.00,100.02,100.01

19.17, 100.00,100.02,100.01

19.18, 100.00,100.02,100.01

19.19, 100.00,100.02,100.01

19.20, 100.00,100.02,100.01

19.21, 100.00,100.02,100.01

19.22, 100.00,100.02,100.01

19.23, 100.00,100.02,100.01

19.24, 100.00,100.02,100.01

19.25, 100.00,100.02,100.01

19.26, 100.00,100.02,100.01

19.27, 100.00,100.02,100.01

19.28, 100.00,100.02,100.01

19.29, 100.00,100.02,100.01

19.30, 100.00,100.02,100.01

19.31, 100.00,100.02,100.01

19.32, 100.00,100.02,100.01

19.33, 100.00,100.02,100.01

19.34, 100.00,100.02,100.01

19.35, 100.00,100.02,100.01

19.36, 100.00,100.02,100.01

19.37, 100.00,100.02,100.01

19.38, 100.00,100.02,100.01

19.39, 100.00,100.02,100.01

19.40, 100.00,100.02,100.01

19.41, 100.00,100.02,100.01

19.42, 100.00,100.02,100.01

19.43, 100.00,100.02,100.01

19.44, 100.00,100.02,100.01

19.45, 100.00,100.02,100.01

19.46, 100.00,100.02,100.01

19.47, 100.00,100.02,100.01

19.48, 100.00,100.02,100.01

19.49, 100.00,100.02,100.01

19.50, 100.00,100.02,100.01

19.51, 100.00,100.02,100.00

19.52, 100.00,100.02,100.00

19.53, 100.00,100.02,100.00

19.54, 100.00,100.02,100.00

19.55, 100.00,100.02,100.00

19.56, 100.00,100.02,100.00

19.57, 100.00,100.02,100.00

19.58, 100.00,100.02,100.00

19.59, 100.00,100.02,100.00

19.60, 100.00,100.02,100.00

19.61, 100.00,100.02,100.00

19.62, 100.00,100.02,100.00

19.63, 100.00,100.02,100.00

19.64, 100.00,100.02,100.00

19.65, 100.00,100.02,100.00

19.66, 100.00,100.02,100.00

19.67, 100.00,100.02,100.00

19.68, 100.00,100.02,100.00

19.69, 100.00,100.02,100.00

19.70, 100.00,100.02,100.00

19.71, 100.00,100.02,100.00

19.72, 100.00,100.02,100.00

19.73, 100.00,100.02,100.00

19.74, 100.00,100.02,100.00

19.75, 100.00,100.02,100.00

19.76, 100.00,100.02,100.00

19.77, 100.00,100.02,100.00

19.78, 100.00,100.02,100.00

19.79, 100.00,100.02,100.00

19.80, 100.00,100.02,100.00

19.81, 100.00,100.02,100.00

19.82, 100.00,100.02,100.00

19.83, 100.00,100.02,100.00

19.84, 100.00,100.02,100.00

19.85, 100.00,100.02,100.00

19.86, 100.00,100.02,100.00

19.87, 100.00,100.02,100.00

19.88, 100.00,100.02,100.00

19.89, 100.00,100.02,100.00

19.90, 100.00,100.02,100.00

19.91, 100.00,100.02,100.00

19.92, 100.00,100.02,100.00

19.93, 100.00,100.02,100.00

19.94, 100.00,100.02,100.00

19.95, 100.00,100.02,100.00

19.96, 100.00,100.02,100.00

19.97, 100.00,100.02,100.00

19.98, 100.00,100.02,100.00

19.99, 100.00,100.02,99.99

20.00, 100.00,100.02,99.99

20.01, 100.00,100.02,99.99

20.02, 100.00,100.02,99.99

20.03, 100.00,100.02,99.99

20.04, 100.00,100.02,99.99

20.05, 100.00,100.02,99.99

20.06, 100.00,100.02,99.99

20.07, 100.00,100.02,99.99

20.08, 100.00,100.02,99.99

20.09, 100.00,100.02,99.99

20.10, 100.00,100.02,99.99

20.11, 100.00,100.02,99.99

20.12, 100.00,100.02,99.99

20.13, 100.00,100.02,99.99

20.14, 100.00,100.02,99.99

20.15, 100.00,100.02,99.99

20.16, 100.00,100.02,99.99

20.17, 100.00,100.02,99.99

20.18, 100.00,100.02,99.99

20.19, 100.00,100.02,99.99

20.20, 100.00,100.02,99.99

20.21, 100.00,100.02,99.99

20.22, 100.00,100.02,99.99

20.23, 100.00,100.02,99.99

20.24, 100.00,100.02,99.99

20.25, 100.00,100.02,99.99

20.26, 100.00,100.02,99.99

20.27, 100.00,100.02,99.99

20.28, 100.00,100.02,99.99

20.29, 100.00,100.02,99.99

20.30, 100.00,100.02,99.99

20.31, 100.00,100.02,99.99

20.32, 100.00,100.02,99.99

20.33, 100.00,100.02,99.99

20.34, 100.00,100.02,99.99

20.35, 100.00,100.02,99.99

20.36, 100.00,100.02,99.99

20.37, 100.00,100.02,99.99

20.38, 100.00,100.02,99.99

20.39, 100.00,100.02,99.99

20.40, 100.00,100.02,99.99

20.41, 100.00,100.02,99.99

20.42, 100.00,100.02,99.99

20.43, 100.00,100.02,99.99

20.44, 100.00,100.02,99.99

20.45, 100.00,100.02,99.99

20.46, 100.00,100.02,99.99

20.47, 100.00,100.02,99.99

20.48, 100.00,100.02,99.99

20.49, 100.00,100.01,99.99

20.50, 100.00,100.01,99.99

20.51, 100.00,100.01,99.99

20.52, 100.00,100.01,99.99

20.53, 100.00,100.01,99.99

20.54, 100.00,100.01,99.99

20.55, 100.00,100.01,99.99

20.56, 100.00,100.01,99.99

20.57, 100.00,100.01,99.99

20.58, 100.00,100.01,99.99

20.59, 100.00,100.01,99.99

20.60, 100.00,100.01,99.99

20.61, 100.00,100.01,99.99

20.62, 100.00,100.01,99.99

20.63, 100.00,100.01,99.99

20.64, 100.00,100.01,99.99

20.65, 100.00,100.01,99.99

20.66, 100.00,100.01,99.99

20.67, 100.00,100.01,99.99

20.68, 100.00,100.01,99.99

20.69, 100.00,100.01,99.99

20.70, 100.00,100.01,99.99

20.71, 100.00,100.01,99.99

20.72, 100.00,100.01,99.99

20.73, 100.00,100.01,99.99

20.74, 100.00,100.01,99.99

20.75, 100.00,100.01,99.99

20.76, 100.00,100.01,99.99

20.77, 100.00,100.01,99.99

20.78, 100.00,100.01,99.99

20.79, 100.00,100.01,99.99

20.80, 100.00,100.01,99.99

20.81, 100.00,100.01,99.99

20.82, 100.00,100.01,99.99

20.83, 100.00,100.01,99.99

20.84, 100.00,100.01,99.99

20.85, 100.00,100.01,99.99

20.86, 100.00,100.01,99.99

20.87, 100.00,100.01,99.99

20.88, 100.00,100.01,99.99

20.89, 100.00,100.01,99.99

20.90, 100.00,100.01,99.99

20.91, 100.00,100.01,99.99

20.92, 100.00,100.01,99.99

20.93, 100.00,100.01,99.99

20.94, 100.00,100.01,99.99

20.95, 100.00,100.01,99.99

20.96, 100.00,100.01,99.99

20.97, 100.00,100.01,99.99

20.98, 100.00,100.01,99.99

20.99, 100.00,100.01,99.99

21.00, 100.00,100.01,99.99

21.01, 100.00,100.01,99.99

21.02, 100.00,100.01,99.99

21.03, 100.00,100.01,99.99

21.04, 100.00,100.01,99.99

21.05, 100.00,100.01,99.99

21.06, 100.00,100.01,99.99

21.07, 100.00,100.01,99.99

21.08, 100.00,100.01,99.99

21.09, 100.00,100.01,99.99

21.10, 100.00,100.01,99.99

21.11, 100.00,100.01,99.99

21.12, 100.00,100.01,99.99

21.13, 100.00,100.01,99.99

21.14, 100.00,100.01,99.99

21.15, 100.00,100.01,99.99

21.16, 100.00,100.01,99.99

21.17, 100.00,100.01,99.98

21.18, 100.00,100.01,99.98

21.19, 100.00,100.01,99.98

21.20, 100.00,100.01,99.98

21.21, 100.00,100.01,99.98

21.22, 100.00,100.01,99.98

21.23, 100.00,100.01,99.98

21.24, 100.00,100.01,99.98

21.25, 100.00,100.01,99.98

21.26, 100.00,100.01,99.98

21.27, 100.00,100.01,99.98

21.28, 100.00,100.01,99.98

21.29, 100.00,100.01,99.98

21.30, 100.00,100.01,99.98

21.31, 100.00,100.01,99.98

21.32, 100.00,100.01,99.98

21.33, 100.00,100.01,99.98

21.34, 100.00,100.01,99.98

21.35, 100.00,100.01,99.98

21.36, 100.00,100.01,99.98

21.37, 100.00,100.01,99.98

21.38, 100.00,100.01,99.98

21.39, 100.00,100.01,99.98

21.40, 100.00,100.01,99.98

21.41, 100.00,100.01,99.98

21.42, 100.00,100.01,99.98

21.43, 100.00,100.01,99.98

21.44, 100.00,100.01,99.98

21.45, 100.00,100.01,99.98

21.46, 100.00,100.01,99.98

21.47, 100.00,100.01,99.98

21.48, 100.00,100.01,99.98

21.49, 100.00,100.01,99.98

21.50, 100.00,100.01,99.98

21.51, 100.00,100.01,99.98

21.52, 100.00,100.01,99.98

21.53, 100.00,100.01,99.98

21.54, 100.00,100.01,99.98

21.55, 100.00,100.01,99.98

21.56, 100.00,100.01,99.98

21.57, 100.00,100.01,99.98

21.58, 100.00,100.01,99.98

21.59, 100.00,100.01,99.98

21.60, 100.00,100.01,99.98

21.61, 100.00,100.01,99.99

21.62, 100.00,100.01,99.99

21.63, 100.00,100.01,99.99

21.64, 100.00,100.01,99.99

21.65, 100.00,100.01,99.99

21.66, 100.00,100.01,99.99

21.67, 100.00,100.01,99.99

21.68, 100.00,100.01,99.99

21.69, 100.00,100.01,99.99

21.70, 100.00,100.01,99.99

21.71, 100.00,100.01,99.99

21.72, 100.00,100.01,99.99

21.73, 100.00,100.01,99.99

21.74, 100.00,100.00,99.99

21.75, 100.00,100.00,99.99

21.76, 100.00,100.00,99.99

21.77, 100.00,100.00,99.99

21.78, 100.00,100.00,99.99

21.79, 100.00,100.00,99.99

21.80, 100.00,100.00,99.99

21.81, 100.00,100.00,99.99

21.82, 100.00,100.00,99.99

21.83, 100.00,100.00,99.99

21.84, 100.00,100.00,99.99

21.85, 100.00,100.00,99.99

21.86, 100.00,100.00,99.99

21.87, 100.00,100.00,99.99

21.88, 100.00,100.00,99.99

21.89, 100.00,100.00,99.99

21.90, 100.00,100.00,99.99

21.91, 100.00,100.00,99.99

21.92, 100.00,100.00,99.99

21.93, 100.00,100.00,99.99

21.94, 100.00,100.00,99.99

21.95, 100.00,100.00,99.99

21.96, 100.00,100.00,99.99

21.97, 100.00,100.00,99.99

21.98, 100.00,100.00,99.99

21.99, 100.00,100.00,99.99

22.00, 100.00,100.00,99.99

22.01, 100.00,100.00,99.99

22.02, 100.00,100.00,99.99

22.03, 100.00,100.00,99.99

22.04, 100.00,100.00,99.99

22.05, 100.00,100.00,99.99

22.06, 100.00,100.00,99.99

22.07, 100.00,100.00,99.99

22.08, 100.00,100.00,99.99

22.09, 100.00,100.00,99.99

22.10, 100.00,100.00,99.99

22.11, 100.00,100.00,99.99

22.12, 100.00,100.00,99.99

22.13, 100.00,100.00,99.99

22.14, 100.00,100.00,99.99

22.15, 100.00,100.00,99.99

22.16, 100.00,100.00,99.99

22.17, 100.00,100.00,99.99

22.18, 100.00,100.00,99.99

22.19, 100.00,100.00,99.99

22.20, 100.00,100.00,99.99

22.21, 100.00,100.00,99.99

22.22, 100.00,100.00,99.99

22.23, 100.00,100.00,99.99

22.24, 100.00,100.00,99.99

22.25, 100.00,100.00,99.99

22.26, 100.00,100.00,99.99

22.27, 100.00,100.00,99.99

22.28, 100.00,100.00,99.99

22.29, 100.00,100.00,99.99

22.30, 100.00,100.00,99.99

22.31, 100.00,100.00,99.99

22.32, 100.00,100.00,99.99

22.33, 100.00,100.00,99.99

22.34, 100.00,100.00,99.99

22.35, 100.00,100.00,99.99

22.36, 100.00,100.00,99.99

22.37, 100.00,100.00,99.99

22.38, 100.00,100.00,99.99

22.39, 100.00,100.00,99.99

22.40, 100.00,100.00,99.99

22.41, 100.00,100.00,99.99

22.42, 100.00,100.00,99.99

22.43, 100.00,100.00,99.99

22.44, 100.00,100.00,99.99

22.45, 100.00,100.00,99.99

22.46, 100.00,100.00,99.99

22.47, 100.00,100.00,99.99

22.48, 100.00,100.00,99.99

22.49, 100.00,100.00,99.99

22.50, 100.00,100.00,99.99

22.51, 100.00,100.00,99.99

22.52, 100.00,100.00,99.99

22.53, 100.00,100.00,99.99

22.54, 100.00,100.00,99.99

22.55, 100.00,100.00,99.99

22.56, 100.00,100.00,99.99

22.57, 100.00,100.00,99.99

22.58, 100.00,100.00,99.99

22.59, 100.00,100.00,99.99

22.60, 100.00,100.00,99.99

22.61, 100.00,100.00,99.99

22.62, 100.00,100.00,99.99

22.63, 100.00,100.00,99.99

22.64, 100.00,100.00,99.99

22.65, 100.00,100.00,99.99

22.66, 100.00,100.00,99.99

22.67, 100.00,100.00,99.99

22.68, 100.00,100.00,99.99

22.69, 100.00,100.00,99.99

22.70, 100.00,100.00,99.99

22.71, 100.00,100.00,99.99

22.72, 100.00,100.00,99.99

22.73, 100.00,100.00,99.99

22.74, 100.00,100.00,99.99

22.75, 100.00,100.00,99.99

22.76, 100.00,100.00,99.99

22.77, 100.00,100.00,99.99

22.78, 100.00,100.00,99.99

22.79, 100.00,100.00,99.99

22.80, 100.00,100.00,99.99

22.81, 100.00,100.00,99.99

22.82, 100.00,100.00,99.99

22.83, 100.00,100.00,99.99

22.84, 100.00,100.00,99.99

22.85, 100.00,100.00,99.99

22.86, 100.00,100.00,99.99

22.87, 100.00,100.00,99.99

22.88, 100.00,100.00,99.99

22.89, 100.00,100.00,99.99

22.90, 100.00,100.00,99.99

22.91, 100.00,100.00,99.99

22.92, 100.00,100.00,99.99

22.93, 100.00,100.00,99.99

22.94, 100.00,100.00,99.99

22.95, 100.00,100.00,99.99

22.96, 100.00,100.00,99.99

22.97, 100.00,100.00,99.99

22.98, 100.00,100.00,99.99

22.99, 100.00,100.00,99.99

23.00, 100.00,100.00,99.99

23.01, 100.00,100.00,99.99

23.02, 100.00,100.00,99.99

23.03, 100.00,100.00,99.99

23.04, 100.00,100.00,99.99

23.05, 100.00,100.00,99.99

23.06, 100.00,100.00,99.99

23.07, 100.00,100.00,99.99

23.08, 100.00,100.00,99.99

23.09, 100.00,100.00,99.99

23.10, 100.00,100.00,99.99

23.11, 100.00,100.00,99.99

23.12, 100.00,100.00,99.99

23.13, 100.00,100.00,99.99

23.14, 100.00,100.00,99.99

23.15, 100.00,100.00,99.99

23.16, 100.00,100.00,99.99

23.17, 100.00,100.00,99.99

23.18, 100.00,100.00,99.99

23.19, 100.00,100.00,99.99

23.20, 100.00,100.00,99.99

23.21, 100.00,100.00,99.99

23.22, 100.00,100.00,99.99

23.23, 100.00,100.00,99.99

23.24, 100.00,100.00,99.99

23.25, 100.00,100.00,99.99

23.26, 100.00,100.00,99.99

23.27, 100.00,100.00,99.99

23.28, 100.00,100.00,99.99

23.29, 100.00,100.00,99.99

23.30, 100.00,100.00,99.99

23.31, 100.00,100.00,99.99

23.32, 100.00,100.00,99.99

23.33, 100.00,100.00,99.99

23.34, 100.00,100.00,99.99

23.35, 100.00,100.00,99.99

23.36, 100.00,100.00,99.99

23.37, 100.00,100.00,99.99

23.38, 100.00,100.00,99.99

23.39, 100.00,100.00,99.99

23.40, 100.00,100.00,99.99

23.41, 100.00,100.00,99.99

23.42, 100.00,100.00,99.99

23.43, 100.00,100.00,99.99

23.44, 100.00,100.00,99.99

23.45, 100.00,100.00,99.99

23.46, 100.00,100.00,99.99

23.47, 100.00,100.00,99.99

23.48, 100.00,100.00,99.99

23.49, 100.00,100.00,99.99

23.50, 100.00,100.00,99.99

23.51, 100.00,100.00,99.99

23.52, 100.00,100.00,99.99

23.53, 100.00,100.00,99.99

23.54, 100.00,100.00,99.99

23.55, 100.00,100.00,99.99

23.56, 100.00,100.00,99.99

23.57, 100.00,100.00,99.99

23.58, 100.00,100.00,99.99

23.59, 100.00,100.00,99.99

23.60, 100.00,100.00,99.99

23.61, 100.00,100.00,99.99

23.62, 100.00,100.00,99.99

23.63, 100.00,100.00,99.99

23.64, 100.00,100.00,99.99

23.65, 100.00,100.00,99.99

23.66, 100.00,100.00,99.99

23.67, 100.00,100.00,99.99

23.68, 100.00,100.00,99.99

23.69, 100.00,100.00,99.99

23.70, 100.00,100.00,99.99

23.71, 100.00,100.00,99.99

23.72, 100.00,100.00,99.99

23.73, 100.00,100.00,99.99

23.74, 100.00,100.00,99.99

23.75, 100.00,100.00,99.99

23.76, 100.00,100.00,99.99

23.77, 100.00,100.00,99.99

23.78, 100.00,100.00,99.99

23.79, 100.00,100.00,99.99

23.80, 100.00,100.00,100.00

23.81, 100.00,100.00,100.00

23.82, 100.00,100.00,100.00

23.83, 100.00,100.00,100.00

23.84, 100.00,100.00,100.00

23.85, 100.00,100.00,100.00

23.86, 100.00,100.00,100.00

23.87, 100.00,100.00,100.00

23.88, 100.00,100.00,100.00

23.89, 100.00,100.00,100.00

23.90, 100.00,100.00,100.00

23.91, 100.00,100.00,100.00

23.92, 100.00,100.00,100.00

23.93, 100.00,100.00,100.00

23.94, 100.00,100.00,100.00

23.95, 100.00,100.00,100.00

23.96, 100.00,100.00,100.00

23.97, 100.00,100.00,100.00

23.98, 100.00,100.00,100.00

23.99, 100.00,100.00,100.00

24.00, 100.00,100.00,100.00

24.01, 100.00,100.00,100.00

24.02, 100.00,100.00,100.00

24.03, 100.00,100.00,100.00

24.04, 100.00,100.00,100.00

24.05, 100.00,100.00,100.00

24.06, 100.00,100.00,100.00

24.07, 100.00,100.00,100.00

24.08, 100.00,100.00,100.00

24.09, 100.00,100.00,100.00

24.10, 100.00,100.00,100.00

24.11, 100.00,100.00,100.00

24.12, 100.00,100.00,100.00

24.13, 100.00,100.00,100.00

24.14, 100.00,100.00,100.00

24.15, 100.00,100.00,100.00

24.16, 100.00,100.00,100.00

24.17, 100.00,100.00,100.00

24.18, 100.00,100.00,100.00

24.19, 100.00,100.00,100.00

24.20, 100.00,100.00,100.00

24.21, 100.00,100.00,100.00

24.22, 100.00,100.00,100.00

24.23, 100.00,100.00,100.00

24.24, 100.00,100.00,100.00

24.25, 100.00,100.00,100.00

24.26, 100.00,100.00,100.00

24.27, 100.00,100.00,100.00

24.28, 100.00,100.00,100.00

24.29, 100.00,100.00,100.00

24.30, 100.00,100.00,100.00

24.31, 100.00,100.00,100.00

24.32, 100.00,100.00,100.00

24.33, 100.00,100.00,100.00

24.34, 100.00,100.00,100.00

24.35, 100.00,100.00,100.00

24.36, 100.00,100.00,100.00

24.37, 100.00,100.00,100.00

24.38, 100.00,100.00,100.00

24.39, 100.00,100.00,100.00

24.40, 100.00,100.00,100.00

24.41, 100.00,100.00,100.00

24.42, 100.00,100.00,100.00

24.43, 100.00,100.00,100.00

24.44, 100.00,100.00,100.00

24.45, 100.00,100.00,100.00

24.46, 100.00,100.00,100.00

24.47, 100.00,100.00,100.00

24.48, 100.00,100.00,100.00

24.49, 100.00,100.00,100.00

24.50, 100.00,100.00,100.00

24.51, 100.00,100.00,100.00

24.52, 100.00,100.00,100.00

24.53, 100.00,100.00,100.00

24.54, 100.00,100.00,100.00

24.55, 100.00,100.00,100.00

24.56, 100.00,100.00,100.00

24.57, 100.00,100.00,100.00

24.58, 100.00,100.00,100.00

24.59, 100.00,100.00,100.00

24.60, 100.00,100.00,100.00

24.61, 100.00,100.00,100.00

24.62, 100.00,100.00,100.00

24.63, 100.00,100.00,100.00

24.64, 100.00,100.00,100.00

24.65, 100.00,100.00,100.00

24.66, 100.00,100.00,100.00

24.67, 100.00,100.00,100.00

24.68, 100.00,100.00,100.00

24.69, 100.00,100.00,100.00

24.70, 100.00,100.00,100.00

24.71, 100.00,100.00,100.00

24.72, 100.00,100.00,100.00

24.73, 100.00,100.00,100.00

24.74, 100.00,100.00,100.00

24.75, 100.00,100.00,100.00

24.76, 100.00,100.00,100.00

24.77, 100.00,100.00,100.00

24.78, 100.00,100.00,100.00

24.79, 100.00,100.00,100.00

24.80, 100.00,100.00,100.00

24.81, 100.00,100.00,100.00

24.82, 100.00,100.00,100.00

24.83, 100.00,100.00,100.00

24.84, 100.00,100.00,100.00

24.85, 100.00,100.00,100.00

24.86, 100.00,100.00,100.00

24.87, 100.00,100.00,100.00

24.88, 100.00,100.00,100.00

24.89, 100.00,100.00,100.00

24.90, 100.00,100.00,100.00

24.91, 100.00,100.00,100.00

24.92, 100.00,100.00,100.00

24.93, 100.00,100.00,100.00

24.94, 100.00,100.00,100.00

24.95, 100.00,100.00,100.00

24.96, 100.00,100.00,100.00

24.97, 100.00,100.00,100.00

24.98, 100.00,100.00,100.00

24.99, 100.00,100.00,100.00

25.00, 100.00,100.00,100.00

25.01, 100.00,100.00,100.00

25.02, 100.00,100.00,100.00

25.03, 100.00,100.00,100.00

25.04, 100.00,100.00,100.00

25.05, 100.00,100.00,100.00

25.06, 100.00,100.00,100.00

25.07, 100.00,100.00,100.00

25.08, 100.00,100.00,100.00

25.09, 100.00,100.00,100.00

25.10, 100.00,100.00,100.00

25.11, 100.00,100.00,100.00

25.12, 100.00,100.00,100.00

25.13, 100.00,100.00,100.00

25.14, 100.00,100.00,100.00

25.15, 100.00,100.00,100.00

25.16, 100.00,100.00,100.00

25.17, 100.00,100.00,100.00

25.18, 100.00,100.00,100.00

25.19, 100.00,100.00,100.00

25.20, 100.00,100.00,100.00

25.21, 100.00,100.00,100.00

25.22, 100.00,100.00,100.00

25.23, 100.00,100.00,100.00

25.24, 100.00,100.00,100.00

25.25, 100.00,100.00,100.00

25.26, 100.00,100.00,100.00

25.27, 100.00,100.00,100.00

25.28, 100.00,100.00,100.00

25.29, 100.00,100.00,100.00

25.30, 100.00,100.00,100.00

25.31, 100.00,100.00,100.00

25.32, 100.00,100.00,100.00

25.33, 100.00,100.00,100.00

25.34, 100.00,100.00,100.00

25.35, 100.00,100.00,100.00

25.36, 100.00,100.00,100.00

25.37, 100.00,100.00,100.00

25.38, 100.00,100.00,100.00

25.39, 100.00,100.00,100.00

25.40, 100.00,100.00,100.00

25.41, 100.00,100.00,100.00

25.42, 100.00,100.00,100.00

25.43, 100.00,100.00,100.00

25.44, 100.00,100.00,100.00

25.45, 100.00,100.00,100.00

25.46, 100.00,100.00,100.00

25.47, 100.00,100.00,100.00

25.48, 100.00,100.00,100.00

25.49, 100.00,100.00,100.00

25.50, 100.00,100.00,100.00

25.51, 100.00,100.00,100.00

25.52, 100.00,100.00,100.00

25.53, 100.00,100.00,100.00

25.54, 100.00,100.00,100.00

25.55, 100.00,100.00,100.00

25.56, 100.00,100.00,100.00

25.57, 100.00,100.00,100.00

25.58, 100.00,100.00,100.00

25.59, 100.00,100.00,100.00

25.60, 100.00,100.00,100.00

25.61, 100.00,100.00,100.00

25.62, 100.00,100.00,100.00

25.63, 100.00,100.00,100.00

25.64, 100.00,100.00,100.00

25.65, 100.00,100.00,100.00

25.66, 100.00,100.00,100.00

25.67, 100.00,100.00,100.00

25.68, 100.00,100.00,100.00

25.69, 100.00,100.00,100.00

25.70, 100.00,100.00,100.00

25.71, 100.00,100.00,100.00

25.72, 100.00,100.00,100.00

25.73, 100.00,100.00,100.00

25.74, 100.00,100.00,100.00

25.75, 100.00,100.00,100.00

25.76, 100.00,100.00,100.00

25.77, 100.00,100.00,100.00

25.78, 100.00,100.00,100.00

25.79, 100.00,100.00,100.00

25.80, 100.00,100.00,100.00

25.81, 100.00,100.00,100.00

25.82, 100.00,100.00,100.00

25.83, 100.00,100.00,100.00

25.84, 100.00,100.00,100.00

25.85, 100.00,100.00,100.00

25.86, 100.00,100.00,100.00

25.87, 100.00,100.00,100.00

25.88, 100.00,100.00,100.00

25.89, 100.00,100.00,100.00

25.90, 100.00,100.00,100.00

25.91, 100.00,100.00,100.00

25.92, 100.00,100.00,100.00

25.93, 100.00,100.00,100.00

25.94, 100.00,100.00,100.00

25.95, 100.00,100.00,100.00

25.96, 100.00,100.00,100.00

25.97, 100.00,100.00,100.00

25.98, 100.00,100.00,100.00

25.99, 100.00,100.00,100.00

26.00, 100.00,100.00,100.00

26.01, 100.00,100.00,100.00

26.02, 100.00,100.00,100.00

26.03, 100.00,100.00,100.00

26.04, 100.00,100.00,100.00

26.05, 100.00,100.00,100.00

26.06, 100.00,100.00,100.00

26.07, 100.00,100.00,100.00

26.08, 100.00,100.00,100.00

26.09, 100.00,100.00,100.00

26.10, 100.00,100.00,100.00

26.11, 100.00,100.00,100.00

26.12, 100.00,100.00,100.00

26.13, 100.00,100.00,100.00

26.14, 100.00,100.00,100.00

26.15, 100.00,100.00,100.00

26.16, 100.00,100.00,100.00

26.17, 100.00,100.00,100.00

26.18, 100.00,100.00,100.00

26.19, 100.00,100.00,100.00

26.20, 100.00,100.00,100.00

26.21, 100.00,100.00,100.00

26.22, 100.00,100.00,100.00

26.23, 100.00,100.00,100.00

26.24, 100.00,100.00,100.00

26.25, 100.00,100.00,100.00

26.26, 100.00,100.00,100.00

26.27, 100.00,100.00,100.00

26.28, 100.00,100.00,100.00

26.29, 100.00,100.00,100.00

26.30, 100.00,100.00,100.00

26.31, 100.00,100.00,100.00

26.32, 100.00,100.00,100.00

26.33, 100.00,100.00,100.00

26.34, 100.00,100.00,100.00

26.35, 100.00,100.00,100.00

26.36, 100.00,100.00,100.00

26.37, 100.00,100.00,100.00

26.38, 100.00,100.00,100.00

26.39, 100.00,100.00,100.00

26.40, 100.00,100.00,100.00

26.41, 100.00,100.00,100.00

26.42, 100.00,100.00,100.00

26.43, 100.00,100.00,100.00

26.44, 100.00,100.00,100.00

26.45, 100.00,100.00,100.00

26.46, 100.00,100.00,100.00

26.47, 100.00,100.00,100.00

26.48, 100.00,100.00,100.00

26.49, 100.00,100.00,100.00

26.50, 100.00,100.00,100.00

26.51, 100.00,100.00,100.00

26.52, 100.00,100.00,100.00

26.53, 100.00,100.00,100.00

26.54, 100.00,100.00,100.00

26.55, 100.00,100.00,100.00

26.56, 100.00,100.00,100.00

26.57, 100.00,100.00,100.00

26.58, 100.00,100.00,100.00

26.59, 100.00,100.00,100.00

26.60, 100.00,100.00,100.00

26.61, 100.00,100.00,100.00

26.62, 100.00,100.00,100.00

26.63, 100.00,100.00,100.00

26.64, 100.00,100.00,100.00

26.65, 100.00,100.00,100.00

26.66, 100.00,100.00,100.00

26.67, 100.00,100.00,100.00

26.68, 100.00,100.00,100.00

26.69, 100.00,100.00,100.00

26.70, 100.00,100.00,100.00

26.71, 100.00,100.00,100.00

26.72, 100.00,100.00,100.00

26.73, 100.00,100.00,100.00

26.74, 100.00,100.00,100.00

26.75, 100.00,100.00,100.00

26.76, 100.00,100.00,100.00

26.77, 100.00,100.00,100.00

26.78, 100.00,100.00,100.00

26.79, 100.00,100.00,100.00

26.80, 100.00,100.00,100.00

26.81, 100.00,100.00,100.00

26.82, 100.00,100.00,100.00

26.83, 100.00,100.00,100.00

26.84, 100.00,100.00,100.00

26.85, 100.00,100.00,100.00

26.86, 100.00,100.00,100.00

26.87, 100.00,100.00,100.00

26.88, 100.00,100.00,100.00

26.89, 100.00,100.00,100.00

26.90, 100.00,100.00,100.00

26.91, 100.00,100.00,100.00

26.92, 100.00,100.00,100.00

26.93, 100.00,100.00,100.00

26.94, 100.00,100.00,100.00

26.95, 100.00,100.00,100.00

26.96, 100.00,100.00,100.00

26.97, 100.00,100.00,100.00

26.98, 100.00,100.00,100.00

26.99, 100.00,100.00,100.00

27.00, 100.00,100.00,100.00

27.01, 100.00,100.00,100.00

27.02, 100.00,100.00,100.00

27.03, 100.00,100.00,100.00

27.04, 100.00,100.00,100.00

27.05, 100.00,100.00,100.00

27.06, 100.00,100.00,100.00

27.07, 100.00,100.00,100.00

27.08, 100.00,100.00,100.00

27.09, 100.00,100.00,100.00

27.10, 100.00,100.00,100.00

27.11, 100.00,100.00,100.00

27.12, 100.00,100.00,100.00

27.13, 100.00,100.00,100.00

27.14, 100.00,100.00,100.00

27.15, 100.00,100.00,100.00

27.16, 100.00,100.00,100.00

27.17, 100.00,100.00,100.00

27.18, 100.00,100.00,100.00

27.19, 100.00,100.00,100.00

27.20, 100.00,100.00,100.00

27.21, 100.00,100.00,100.00

27.22, 100.00,100.00,100.00

27.23, 100.00,100.00,100.00

27.24, 100.00,100.00,100.00

27.25, 100.00,100.00,100.00

27.26, 100.00,100.00,100.00

27.27, 100.00,100.00,100.00

27.28, 100.00,100.00,100.00

27.29, 100.00,100.00,100.00

27.30, 100.00,100.00,100.00

27.31, 100.00,100.00,100.00

27.32, 100.00,100.00,100.00

27.33, 100.00,100.00,100.00

27.34, 100.00,100.00,100.00

27.35, 100.00,100.00,100.00

27.36, 100.00,100.00,100.00

27.37, 100.00,100.00,100.00

27.38, 100.00,100.00,100.00

27.39, 100.00,100.00,100.00

27.40, 100.00,100.00,100.00

27.41, 100.00,100.00,100.00

27.42, 100.00,100.00,100.00

27.43, 100.00,100.00,100.00

27.44, 100.00,100.00,100.00

27.45, 100.00,100.00,100.00

27.46, 100.00,100.00,100.00

27.47, 100.00,100.00,100.00

27.48, 100.00,100.00,100.00

27.49, 100.00,100.00,100.00

27.50, 100.00,100.00,100.00

27.51, 100.00,100.00,100.00

27.52, 100.00,100.00,100.00

27.53, 100.00,100.00,100.00

27.54, 100.00,100.00,100.00

27.55, 100.00,100.00,100.00

27.56, 100.00,100.00,100.00

27.57, 100.00,100.00,100.00

27.58, 100.00,100.00,100.00

27.59, 100.00,100.00,100.00

27.60, 100.00,100.00,100.00

27.61, 100.00,100.00,100.00

27.62, 100.00,100.00,100.00

27.63, 100.00,100.00,100.00

27.64, 100.00,100.00,100.00

27.65, 100.00,100.00,100.00

27.66, 100.00,100.00,100.00

27.67, 100.00,100.00,100.00

27.68, 100.00,100.00,100.00

27.69, 100.00,100.00,100.00

27.70, 100.00,100.00,100.00

27.71, 100.00,100.00,100.00

27.72, 100.00,100.00,100.00

27.73, 100.00,100.00,100.00

27.74, 100.00,100.00,100.00

27.75, 100.00,100.00,100.00

27.76, 100.00,100.00,100.00

27.77, 100.00,100.00,100.00

27.78, 100.00,100.00,100.00

27.79, 100.00,100.00,100.00

27.80, 100.00,100.00,100.00

27.81, 100.00,100.00,100.00

27.82, 100.00,100.00,100.00

27.83, 100.00,100.00,100.00

27.84, 100.00,100.00,100.00

27.85, 100.00,100.00,100.00

27.86, 100.00,100.00,100.00

27.87, 100.00,100.00,100.00

27.88, 100.00,100.00,100.00

27.89, 100.00,100.00,100.00

27.90, 100.00,100.00,100.00

27.91, 100.00,100.00,100.00

27.92, 100.00,100.00,100.00

27.93, 100.00,100.00,100.00

27.94, 100.00,100.00,100.00

27.95, 100.00,100.00,100.00

27.96, 100.00,100.00,100.00

27.97, 100.00,100.00,100.00

27.98, 100.00,100.00,100.00

27.99, 100.00,100.00,100.00

28.00, 100.00,100.00,100.00

28.01, 100.00,100.00,100.00

28.02, 100.00,100.00,100.00

28.03, 100.00,100.00,100.00

28.04, 100.00,100.00,100.00

28.05, 100.00,100.00,100.00

28.06, 100.00,100.00,100.00

28.07, 100.00,100.00,100.00

28.08, 100.00,100.00,100.00

28.09, 100.00,100.00,100.00

28.10, 100.00,100.00,100.00

28.11, 100.00,100.00,100.00

28.12, 100.00,100.00,100.00

28.13, 100.00,100.00,100.00

28.14, 100.00,100.00,100.00

28.15, 100.00,100.00,100.00

28.16, 100.00,100.00,100.00

28.17, 100.00,100.00,100.00

28.18, 100.00,100.00,100.00

28.19, 100.00,100.00,100.00

28.20, 100.00,100.00,100.00

28.21, 100.00,100.00,100.00

28.22, 100.00,100.00,100.00

28.23, 100.00,100.00,100.00

28.24, 100.00,100.00,100.00

28.25, 100.00,100.00,100.00

28.26, 100.00,100.00,100.00

28.27, 100.00,100.00,100.00

28.28, 100.00,100.00,100.00

28.29, 100.00,100.00,100.00

28.30, 100.00,100.00,100.00

28.31, 100.00,100.00,100.00

28.32, 100.00,100.00,100.00

28.33, 100.00,100.00,100.00

28.34, 100.00,100.00,100.00

28.35, 100.00,100.00,100.00

28.36, 100.00,100.00,100.00

28.37, 100.00,100.00,100.00

28.38, 100.00,100.00,100.00

28.39, 100.00,100.00,100.00

28.40, 100.00,100.00,100.00

28.41, 100.00,100.00,100.00

28.42, 100.00,100.00,100.00

28.43, 100.00,100.00,100.00

28.44, 100.00,100.00,100.00

28.45, 100.00,100.00,100.00

28.46, 100.00,100.00,100.00

28.47, 100.00,100.00,100.00

28.48, 100.00,100.00,100.00

28.49, 100.00,100.00,100.00

28.50, 100.00,100.00,100.00

28.51, 100.00,100.00,100.00

28.52, 100.00,100.00,100.00

28.53, 100.00,100.00,100.00

28.54, 100.00,100.00,100.00

28.55, 100.00,100.00,100.00

28.56, 100.00,100.00,100.00

28.57, 100.00,100.00,100.00

28.58, 100.00,100.00,100.00

28.59, 100.00,100.00,100.00

28.60, 100.00,100.00,100.00

28.61, 100.00,100.00,100.00

28.62, 100.00,100.00,100.00

28.63, 100.00,100.00,100.00

28.64, 100.00,100.00,100.00

28.65, 100.00,100.00,100.00

28.66, 100.00,100.00,100.00

28.67, 100.00,100.00,100.00

28.68, 100.00,100.00,100.00

28.69, 100.00,100.00,100.00

28.70, 100.00,100.00,100.00

28.71, 100.00,100.00,100.00

28.72, 100.00,100.00,100.00

28.73, 100.00,100.00,100.00

28.74, 100.00,100.00,100.00

28.75, 100.00,100.00,100.00

28.76, 100.00,100.00,100.00

28.77, 100.00,100.00,100.00

28.78, 100.00,100.00,100.00

28.79, 100.00,100.00,100.00

28.80, 100.00,100.00,100.00

28.81, 100.00,100.00,100.00

28.82, 100.00,100.00,100.00

28.83, 100.00,100.00,100.00

28.84, 100.00,100.00,100.00

28.85, 100.00,100.00,100.00

28.86, 100.00,100.00,100.00

28.87, 100.00,100.00,100.00

28.88, 100.00,100.00,100.00

28.89, 100.00,100.00,100.00

28.90, 100.00,100.00,100.00

28.91, 100.00,100.00,100.00

28.92, 100.00,100.00,100.00

28.93, 100.00,100.00,100.00

28.94, 100.00,100.00,100.00

28.95, 100.00,100.00,100.00

28.96, 100.00,100.00,100.00

28.97, 100.00,100.00,100.00

28.98, 100.00,100.00,100.00

28.99, 100.00,100.00,100.00

29.00, 100.00,100.00,100.00

29.01, 100.00,100.00,100.00

29.02, 100.00,100.00,100.00

29.03, 100.00,100.00,100.00

29.04, 100.00,100.00,100.00

29.05, 100.00,100.00,100.00

29.06, 100.00,100.00,100.00

29.07, 100.00,100.00,100.00

29.08, 100.00,100.00,100.00

29.09, 100.00,100.00,100.00

29.10, 100.00,100.00,100.00

29.11, 100.00,100.00,100.00

29.12, 100.00,100.00,100.00

29.13, 100.00,100.00,100.00

29.14, 100.00,100.00,100.00

29.15, 100.00,100.00,100.00

29.16, 100.00,100.00,100.00

29.17, 100.00,100.00,100.00

29.18, 100.00,100.00,100.00

29.19, 100.00,100.00,100.00

29.20, 100.00,100.00,100.00

29.21, 100.00,100.00,100.00

29.22, 100.00,100.00,100.00

29.23, 100.00,100.00,100.00

29.24, 100.00,100.00,100.00

29.25, 100.00,100.00,100.00

29.26, 100.00,100.00,100.00

29.27, 100.00,100.00,100.00

29.28, 100.00,100.00,100.00

29.29, 100.00,100.00,100.00

29.30, 100.00,100.00,100.00

29.31, 100.00,100.00,100.00

29.32, 100.00,100.00,100.00

29.33, 100.00,100.00,100.00

29.34, 100.00,100.00,100.00

29.35, 100.00,100.00,100.00

29.36, 100.00,100.00,100.00

29.37, 100.00,100.00,100.00

29.38, 100.00,100.00,100.00

29.39, 100.00,100.00,100.00

29.40, 100.00,100.00,100.00

29.41, 100.00,100.00,100.00

29.42, 100.00,100.00,100.00

29.43, 100.00,100.00,100.00

29.44, 100.00,100.00,100.00

29.45, 100.00,100.00,100.00

29.46, 100.00,100.00,100.00

29.47, 100.00,100.00,100.00

29.48, 100.00,100.00,100.00

29.49, 100.00,100.00,100.00

29.50, 100.00,100.00,100.00

29.51, 100.00,100.00,100.00

29.52, 100.00,100.00,100.00

29.53, 100.00,100.00,100.00

29.54, 100.00,100.00,100.00

29.55, 100.00,100.00,100.00

29.56, 100.00,100.00,100.00

29.57, 100.00,100.00,100.00

29.58, 100.00,100.00,100.00

29.59, 100.00,100.00,100.00

29.60, 100.00,100.00,100.00

29.61, 100.00,100.00,100.00

29.62, 100.00,100.00,100.00

29.63, 100.00,100.00,100.00

29.64, 100.00,100.00,100.00

29.65, 100.00,100.00,100.00

29.66, 100.00,100.00,100.00

29.67, 100.00,100.00,100.00

29.68, 100.00,100.00,100.00

29.69, 100.00,100.00,100.00

29.70, 100.00,100.00,100.00

29.71, 100.00,100.00,100.00

29.72, 100.00,100.00,100.00

29.73, 100.00,100.00,100.00

29.74, 100.00,100.00,100.00

29.75, 100.00,100.00,100.00

29.76, 100.00,100.00,100.00

29.77, 100.00,100.00,100.00

29.78, 100.00,100.00,100.00

29.79, 100.00,100.00,100.00

29.80, 100.00,100.00,100.00

29.81, 100.00,100.00,100.00

29.82, 100.00,100.00,100.00

29.83, 100.00,100.00,100.00

29.84, 100.00,100.00,100.00

29.85, 100.00,100.00,100.00

29.86, 100.00,100.00,100.00

29.87, 100.00,100.00,100.00

29.88, 100.00,100.00,100.00

29.89, 100.00,100.00,100.00

29.90, 100.00,100.00,100.00

29.91, 100.00,100.00,100.00

29.92, 100.00,100.00,100.00

29.93, 100.00,100.00,100.00

29.94, 100.00,100.00,100.00

29.95, 100.00,100.00,100.00

29.96, 100.00,100.00,100.00

29.97, 100.00,100.00,100.00

29.98, 100.00,100.00,100.00

29.99, 100.00,100.00,100.00

30.00, 100.00,100.00,100.00

30.01, 100.00,100.00,100.00

30.02, 100.00,100.00,100.00

30.03, 100.00,100.00,100.00

30.04, 100.00,100.00,100.00

30.05, 100.00,100.00,100.00

30.06, 100.00,100.00,100.00

30.07, 100.00,100.00,100.00

30.08, 100.00,100.00,100.00

30.09, 100.00,100.00,100.00

30.10, 100.00,100.00,100.00

30.11, 100.00,100.00,100.00

30.12, 100.00,100.00,100.00

30.13, 100.00,100.00,100.00

30.14, 100.00,100.00,100.00

30.15, 100.00,100.00,100.00

30.16, 100.00,100.00,100.00

30.17, 100.00,100.00,100.00

30.18, 100.00,100.00,100.00

30.19, 100.00,100.00,100.00

30.20, 100.00,100.00,100.00

30.21, 100.00,100.00,100.00

30.22, 100.00,100.00,100.00

30.23, 100.00,100.00,100.00

30.24, 100.00,100.00,100.00

30.25, 100.00,100.00,100.00

30.26, 100.00,100.00,100.00

30.27, 100.00,100.00,100.00

30.28, 100.00,100.00,100.00

30.29, 100.00,100.00,100.00

30.30, 100.00,100.00,100.00

30.31, 100.00,100.00,100.00

30.32, 100.00,100.00,100.00

30.33, 100.00,100.00,100.00

30.34, 100.00,100.00,100.00

30.35, 100.00,100.00,100.00

30.36, 100.00,100.00,100.00

30.37, 100.00,100.00,100.00

30.38, 100.00,100.00,100.00

30.39, 100.00,100.00,100.00

30.40, 100.00,100.00,100.00

30.41, 100.00,100.00,100.00

30.42, 100.00,100.00,100.00

30.43, 100.00,100.00,100.00

30.44, 100.00,100.00,100.00

30.45, 100.00,100.00,100.00

30.46, 100.00,100.00,100.00

30.47, 100.00,100.00,100.00

30.48, 100.00,100.00,100.00

30.49, 100.00,100.00,100.00

30.50, 100.00,100.00,100.00

30.51, 100.00,100.00,100.00

30.52, 100.00,100.00,100.00

30.53, 100.00,100.00,100.00

30.54, 100.00,100.00,100.00

30.55, 100.00,100.00,100.00

30.56, 100.00,100.00,100.00

30.57, 100.00,100.00,100.00

30.58, 100.00,100.00,100.00

30.59, 100.00,100.00,100.00

30.60, 100.00,100.00,100.00

30.61, 100.00,100.00,100.00

30.62, 100.00,100.00,100.00

30.63, 100.00,100.00,100.00

30.64, 100.00,100.00,100.00

30.65, 100.00,100.00,100.00

30.66, 100.00,100.00,100.00

30.67, 100.00,100.00,100.00

30.68, 100.00,100.00,100.00

30.69, 100.00,100.00,100.00

30.70, 100.00,100.00,100.00

30.71, 100.00,100.00,100.00

30.72, 100.00,100.00,100.00

30.73, 100.00,100.00,100.00

30.74, 100.00,100.00,100.00

30.75, 100.00,100.00,100.00

30.76, 100.00,100.00,100.00

30.77, 100.00,100.00,100.00

30.78, 100.00,100.00,100.00

30.79, 100.00,100.00,100.00

30.80, 100.00,100.00,100.00

30.81, 100.00,100.00,100.00

30.82, 100.00,100.00,100.00

30.83, 100.00,100.00,100.00

30.84, 100.00,100.00,100.00

30.85, 100.00,100.00,100.00

30.86, 100.00,100.00,100.00

30.87, 100.00,100.00,100.00

30.88, 100.00,100.00,100.00

30.89, 100.00,100.00,100.00

30.90, 100.00,100.00,100.00

30.91, 100.00,100.00,100.00

30.92, 100.00,100.00,100.00

30.93, 100.00,100.00,100.00

30.94, 100.00,100.00,100.00

30.95, 100.00,100.00,100.00

30.96, 100.00,100.00,100.00

30.97, 100.00,100.00,100.00

30.98, 100.00,100.00,100.00

30.99, 100.00,100.00,100.00

31.00, 100.00,100.00,100.00

31.01, 100.00,100.00,100.00

31.02, 100.00,100.00,100.00

31.03, 100.00,100.00,100.00

31.04, 100.00,100.00,100.00

31.05, 100.00,100.00,100.00

31.06, 100.00,100.00,100.00

31.07, 100.00,100.00,100.00

31.08, 100.00,100.00,100.00

31.09, 100.00,100.00,100.00

31.10, 100.00,100.00,100.00

31.11, 100.00,100.00,100.00

31.12, 100.00,100.00,100.00

31.13, 100.00,100.00,100.00

31.14, 100.00,100.00,100.00

31.15, 100.00,100.00,100.00

31.16, 100.00,100.00,100.00

31.17, 100.00,100.00,100.00

31.18, 100.00,100.00,100.00

31.19, 100.00,100.00,100.00

31.20, 100.00,100.00,100.00

31.21, 100.00,100.00,100.00

31.22, 100.00,100.00,100.00

31.23, 100.00,100.00,100.00

31.24, 100.00,100.00,100.00

31.25, 100.00,100.00,100.00

31.26, 100.00,100.00,100.00

31.27, 100.00,100.00,100.00

31.28, 100.00,100.00,100.00

31.29, 100.00,100.00,100.00

31.30, 100.00,100.00,100.00

31.31, 100.00,100.00,100.00

31.32, 100.00,100.00,100.00

31.33, 100.00,100.00,100.00

31.34, 100.00,100.00,100.00

31.35, 100.00,100.00,100.00

31.36, 100.00,100.00,100.00

31.37, 100.00,100.00,100.00

31.38, 100.00,100.00,100.00

31.39, 100.00,100.00,100.00

31.40, 100.00,100.00,100.00

31.41, 100.00,100.00,100.00

31.42, 100.00,100.00,100.00

31.43, 100.00,100.00,100.00

31.44, 100.00,100.00,100.00

31.45, 100.00,100.00,100.00

31.46, 100.00,100.00,100.00

31.47, 100.00,100.00,100.00

31.48, 100.00,100.00,100.00

31.49, 100.00,100.00,100.00

31.50, 100.00,100.00,100.00

31.51, 100.00,100.00,100.00

31.52, 100.00,100.00,100.00

31.53, 100.00,100.00,100.00

31.54, 100.00,100.00,100.00

31.55, 100.00,100.00,100.00

31.56, 100.00,100.00,100.00

31.57, 100.00,100.00,100.00

31.58, 100.00,100.00,100.00

31.59, 100.00,100.00,100.00

31.60, 100.00,100.00,100.00

31.61, 100.00,100.00,100.00

31.62, 100.00,100.00,100.00

31.63, 100.00,100.00,100.00

31.64, 100.00,100.00,100.00

31.65, 100.00,100.00,100.00

31.66, 100.00,100.00,100.00

31.67, 100.00,100.00,100.00

31.68, 100.00,100.00,100.00

31.69, 100.00,100.00,100.00

31.70, 100.00,100.00,100.00

31.71, 100.00,100.00,100.00

31.72, 100.00,100.00,100.00

31.73, 100.00,100.00,100.00

31.74, 100.00,100.00,100.00

31.75, 100.00,100.00,100.00

31.76, 100.00,100.00,100.00

31.77, 100.00,100.00,100.00

31.78, 100.00,100.00,100.00

31.79, 100.00,100.00,100.00

31.80, 100.00,100.00,100.00

31.81, 100.00,100.00,100.00

31.82, 100.00,100.00,100.00

31.83, 100.00,100.00,100.00

31.84, 100.00,100.00,100.00

31.85, 100.00,100.00,100.00

31.86, 100.00,100.00,100.00

31.87, 100.00,100.00,100.00

31.88, 100.00,100.00,100.00

31.89, 100.00,100.00,100.00

31.90, 100.00,100.00,100.00

31.91, 100.00,100.00,100.00

31.92, 100.00,100.00,100.00

31.93, 100.00,100.00,100.00

31.94, 100.00,100.00,100.00

31.95, 100.00,100.00,100.00

31.96, 100.00,100.00,100.00

31.97, 100.00,100.00,100.00

31.98, 100.00,100.00,100.00

31.99, 100.00,100.00,100.00

32.00, 100.00,100.00,100.00

32.01, 100.00,100.00,100.00

32.02, 100.00,100.00,100.00

32.03, 100.00,100.00,100.00

32.04, 100.00,100.00,100.00

32.05, 100.00,100.00,100.00

32.06, 100.00,100.00,100.00

32.07, 100.00,100.00,100.00

32.08, 100.00,100.00,100.00

32.09, 100.00,100.00,100.00

32.10, 100.00,100.00,100.00

32.11, 100.00,100.00,100.00

32.12, 100.00,100.00,100.00

32.13, 100.00,100.00,100.00

32.14, 100.00,100.00,100.00

32.15, 100.00,100.00,100.00

32.16, 100.00,100.00,100.00

32.17, 100.00,100.00,100.00

32.18, 100.00,100.00,100.00

32.19, 100.00,100.00,100.00

32.20, 100.00,100.00,100.00

32.21, 100.00,100.00,100.00

32.22, 100.00,100.00,100.00

32.23, 100.00,100.00,100.00

32.24, 100.00,100.00,100.00

32.25, 100.00,100.00,100.00

32.26, 100.00,100.00,100.00

32.27, 100.00,100.00,100.00

32.28, 100.00,100.00,100.00

32.29, 100.00,100.00,100.00

32.30, 100.00,100.00,100.00

32.31, 100.00,100.00,100.00

32.32, 100.00,100.00,100.00

32.33, 100.00,100.00,100.00

32.34, 100.00,100.00,100.00

32.35, 100.00,100.00,100.00

32.36, 100.00,100.00,100.00

32.37, 100.00,100.00,100.00

32.38, 100.00,100.00,100.00

32.39, 100.00,100.00,100.00

32.40, 100.00,100.00,100.00

32.41, 100.00,100.00,100.00

32.42, 100.00,100.00,100.00

32.43, 100.00,100.00,100.00

32.44, 100.00,100.00,100.00

32.45, 100.00,100.00,100.00

32.46, 100.00,100.00,100.00

32.47, 100.00,100.00,100.00

32.48, 100.00,100.00,100.00

32.49, 100.00,100.00,100.00

32.50, 100.00,100.00,100.00

32.51, 100.00,100.00,100.00

32.52, 100.00,100.00,100.00

32.53, 100.00,100.00,100.00

32.54, 100.00,100.00,100.00

32.55, 100.00,100.00,100.00

32.56, 100.00,100.00,100.00

32.57, 100.00,100.00,100.00

32.58, 100.00,100.00,100.00

32.59, 100.00,100.00,100.00

32.60, 100.00,100.00,100.00

32.61, 100.00,100.00,100.00

32.62, 100.00,100.00,100.00

32.63, 100.00,100.00,100.00

32.64, 100.00,100.00,100.00

32.65, 100.00,100.00,100.00

32.66, 100.00,100.00,100.00

32.67, 100.00,100.00,100.00

32.68, 100.00,100.00,100.00

32.69, 100.00,100.00,100.00

32.70, 100.00,100.00,100.00

32.71, 100.00,100.00,100.00

32.72, 100.00,100.00,100.00

32.73, 100.00,100.00,100.00

32.74, 100.00,100.00,100.00

32.75, 100.00,100.00,100.00

32.76, 100.00,100.00,100.00

32.77, 100.00,100.00,100.00

32.78, 100.00,100.00,100.00

32.79, 100.00,100.00,100.00

32.80, 100.00,100.00,100.00

32.81, 100.00,100.00,100.00

32.82, 100.00,100.00,100.00

32.83, 100.00,100.00,100.00

32.84, 100.00,100.00,100.00

32.85, 100.00,100.00,100.00

32.86, 100.00,100.00,100.00

32.87, 100.00,100.00,100.00

32.88, 100.00,100.00,100.00

32.89, 100.00,100.00,100.00

32.90, 100.00,100.00,100.00

32.91, 100.00,100.00,100.00

32.92, 100.00,100.00,100.00

32.93, 100.00,100.00,100.00

32.94, 100.00,100.00,100.00

32.95, 100.00,100.00,100.00

32.96, 100.00,100.00,100.00

32.97, 100.00,100.00,100.00

32.98, 100.00,100.00,100.00

32.99, 100.00,100.00,100.00

33.00, 100.00,100.00,100.00

33.01, 100.00,100.00,100.00

33.02, 100.00,100.00,100.00

33.03, 100.00,100.00,100.00

33.04, 100.00,100.00,100.00

33.05, 100.00,100.00,100.00

33.06, 100.00,100.00,100.00

33.07, 100.00,100.00,100.00

33.08, 100.00,100.00,100.00

33.09, 100.00,100.00,100.00

33.10, 100.00,100.00,100.00

33.11, 100.00,100.00,100.00

33.12, 100.00,100.00,100.00

33.13, 100.00,100.00,100.00

33.14, 100.00,100.00,100.00

33.15, 100.00,100.00,100.00

33.16, 100.00,100.00,100.00

33.17, 100.00,100.00,100.00

33.18, 100.00,100.00,100.00

33.19, 100.00,100.00,100.00

33.20, 100.00,100.00,100.00

33.21, 100.00,100.00,100.00

33.22, 100.00,100.00,100.00

33.23, 100.00,100.00,100.00

33.24, 100.00,100.00,100.00

33.25, 100.00,100.00,100.00

33.26, 100.00,100.00,100.00

33.27, 100.00,100.00,100.00

33.28, 100.00,100.00,100.00

33.29, 100.00,100.00,100.00

33.30, 100.00,100.00,100.00

33.31, 100.00,100.00,100.00

33.32, 100.00,100.00,100.00

33.33, 100.00,100.00,100.00

33.34, 100.00,100.00,100.00

33.35, 100.00,100.00,100.00

33.36, 100.00,100.00,100.00

33.37, 100.00,100.00,100.00

33.38, 100.00,100.00,100.00

33.39, 100.00,100.00,100.00

33.40, 100.00,100.00,100.00

33.41, 100.00,100.00,100.00

33.42, 100.00,100.00,100.00

33.43, 100.00,100.00,100.00

33.44, 100.00,100.00,100.00

33.45, 100.00,100.00,100.00

33.46, 100.00,100.00,100.00

33.47, 100.00,100.00,100.00

33.48, 100.00,100.00,100.00

33.49, 100.00,100.00,100.00

33.50, 100.00,100.00,100.00

33.51, 100.00,100.00,100.00

33.52, 100.00,100.00,100.00

33.53, 100.00,100.00,100.00

33.54, 100.00,100.00,100.00

33.55, 100.00,100.00,100.00

33.56, 100.00,100.00,100.00

33.57, 100.00,100.00,100.00

33.58, 100.00,100.00,100.00

33.59, 100.00,100.00,100.00

33.60, 100.00,100.00,100.00

33.61, 100.00,100.00,100.00

33.62, 100.00,100.00,100.00

33.63, 100.00,100.00,100.00

33.64, 100.00,100.00,100.00

33.65, 100.00,100.00,100.00

33.66, 100.00,100.00,100.00

33.67, 100.00,100.00,100.00

33.68, 100.00,100.00,100.00

33.69, 100.00,100.00,100.00

33.70, 100.00,100.00,100.00

33.71, 100.00,100.00,100.00

33.72, 100.00,100.00,100.00

33.73, 100.00,100.00,100.00

33.74, 100.00,100.00,100.00

33.75, 100.00,100.00,100.00

33.76, 100.00,100.00,100.00

33.77, 100.00,100.00,100.00

33.78, 100.00,100.00,100.00

33.79, 100.00,100.00,100.00

33.80, 100.00,100.00,100.00

33.81, 100.00,100.00,100.00

33.82, 100.00,100.00,100.00

33.83, 100.00,100.00,100.00

33.84, 100.00,100.00,100.00

33.85, 100.00,100.00,100.00

33.86, 100.00,100.00,100.00

33.87, 100.00,100.00,100.00

33.88, 100.00,100.00,100.00

33.89, 100.00,100.00,100.00

33.90, 100.00,100.00,100.00

33.91, 100.00,100.00,100.00

33.92, 100.00,100.00,100.00

33.93, 100.00,100.00,100.00

33.94, 100.00,100.00,100.00

33.95, 100.00,100.00,100.00

33.96, 100.00,100.00,100.00

33.97, 100.00,100.00,100.00

33.98, 100.00,100.00,100.00

33.99, 100.00,100.00,100.00

34.00, 100.00,100.00,100.00

34.01, 100.00,100.00,100.00

34.02, 100.00,100.00,100.00

34.03, 100.00,100.00,100.00

34.04, 100.00,100.00,100.00

34.05, 100.00,100.00,100.00

34.06, 100.00,100.00,100.00

34.07, 100.00,100.00,100.00

34.08, 100.00,100.00,100.00

34.09, 100.00,100.00,100.00

34.10, 100.00,100.00,100.00

34.11, 100.00,100.00,100.00

34.12, 100.00,100.00,100.00

34.13, 100.00,100.00,100.00

34.14, 100.00,100.00,100.00

34.15, 100.00,100.00,100.00

34.16, 100.00,100.00,100.00

34.17, 100.00,100.00,100.00

34.18, 100.00,100.00,100.00

34.19, 100.00,100.00,100.00

34.20, 100.00,100.00,100.00

34.21, 100.00,100.00,100.00

34.22, 100.00,100.00,100.00

34.23, 100.00,100.00,100.00

34.24, 100.00,100.00,100.00

34.25, 100.00,100.00,100.00

34.26, 100.00,100.00,100.00

34.27, 100.00,100.00,100.00

34.28, 100.00,100.00,100.00

34.29, 100.00,100.00,100.00

34.30, 100.00,100.00,100.00

34.31, 100.00,100.00,100.00

34.32, 100.00,100.00,100.00

34.33, 100.00,100.00,100.00

34.34, 100.00,100.00,100.00

34.35, 100.00,100.00,100.00

34.36, 100.00,100.00,100.00

34.37, 100.00,100.00,100.00

34.38, 100.00,100.00,100.00

34.39, 100.00,100.00,100.00

34.40, 100.00,100.00,100.00

34.41, 100.00,100.00,100.00

34.42, 100.00,100.00,100.00

34.43, 100.00,100.00,100.00

34.44, 100.00,100.00,100.00

34.45, 100.00,100.00,100.00

34.46, 100.00,100.00,100.00

34.47, 100.00,100.00,100.00

34.48, 100.00,100.00,100.00

34.49, 100.00,100.00,100.00

34.50, 100.00,100.00,100.00

34.51, 100.00,100.00,100.00

34.52, 100.00,100.00,100.00

34.53, 100.00,100.00,100.00

34.54, 100.00,100.00,100.00

34.55, 100.00,100.00,100.00

34.56, 100.00,100.00,100.00

34.57, 100.00,100.00,100.00

34.58, 100.00,100.00,100.00

34.59, 100.00,100.00,100.00

34.60, 100.00,100.00,100.00

34.61, 100.00,100.00,100.00

34.62, 100.00,100.00,100.00

34.63, 100.00,100.00,100.00

34.64, 100.00,100.00,100.00

34.65, 100.00,100.00,100.00

34.66, 100.00,100.00,100.00

34.67, 100.00,100.00,100.00

34.68, 100.00,100.00,100.00

34.69, 100.00,100.00,100.00

34.70, 100.00,100.00,100.00

34.71, 100.00,100.00,100.00

34.72, 100.00,100.00,100.00

34.73, 100.00,100.00,100.00

34.74, 100.00,100.00,100.00

34.75, 100.00,100.00,100.00

34.76, 100.00,100.00,100.00

34.77, 100.00,100.00,100.00

34.78, 100.00,100.00,100.00

34.79, 100.00,100.00,100.00

34.80, 100.00,100.00,100.00

34.81, 100.00,100.00,100.00

34.82, 100.00,100.00,100.00

34.83, 100.00,100.00,100.00

34.84, 100.00,100.00,100.00

34.85, 100.00,100.00,100.00

34.86, 100.00,100.00,100.00

34.87, 100.00,100.00,100.00

34.88, 100.00,100.00,100.00

34.89, 100.00,100.00,100.00

34.90, 100.00,100.00,100.00

34.91, 100.00,100.00,100.00

34.92, 100.00,100.00,100.00

34.93, 100.00,100.00,100.00

34.94, 100.00,100.00,100.00

34.95, 100.00,100.00,100.00

34.96, 100.00,100.00,100.00

34.97, 100.00,100.00,100.00

34.98, 100.00,100.00,100.00

34.99, 100.00,100.00,100.00

35.00, 100.00,100.00,100.00

35.01, 100.00,100.00,100.00

35.02, 100.00,100.00,100.00

35.03, 100.00,100.00,100.00

35.04, 100.00,100.00,100.00

35.05, 100.00,100.00,100.00

35.06, 100.00,100.00,100.00

35.07, 100.00,100.00,100.00

35.08, 100.00,100.00,100.00

35.09, 100.00,100.00,100.00

35.10, 100.00,100.00,100.00

35.11, 100.00,100.00,100.00

35.12, 100.00,100.00,100.00

35.13, 100.00,100.00,100.00

35.14, 100.00,100.00,100.00

35.15, 100.00,100.00,100.00

35.16, 100.00,100.00,100.00

35.17, 100.00,100.00,100.00

35.18, 100.00,100.00,100.00

35.19, 100.00,100.00,100.00

35.20, 100.00,100.00,100.00

35.21, 100.00,100.00,100.00

35.22, 100.00,100.00,100.00

35.23, 100.00,100.00,100.00

35.24, 100.00,100.00,100.00

35.25, 100.00,100.00,100.00

35.26, 100.00,100.00,100.00

35.27, 100.00,100.00,100.00

35.28, 100.00,100.00,100.00

35.29, 100.00,100.00,100.00

35.30, 100.00,100.00,100.00

35.31, 100.00,100.00,100.00

35.32, 100.00,100.00,100.00

35.33, 100.00,100.00,100.00

35.34, 100.00,100.00,100.00

35.35, 100.00,100.00,100.00

35.36, 100.00,100.00,100.00

35.37, 100.00,100.00,100.00

35.38, 100.00,100.00,100.00

35.39, 100.00,100.00,100.00

35.40, 100.00,100.00,100.00

35.41, 100.00,100.00,100.00

35.42, 100.00,100.00,100.00

35.43, 100.00,100.00,100.00

35.44, 100.00,100.00,100.00

35.45, 100.00,100.00,100.00

35.46, 100.00,100.00,100.00

35.47, 100.00,100.00,100.00

35.48, 100.00,100.00,100.00

35.49, 100.00,100.00,100.00

35.50, 100.00,100.00,100.00

35.51, 100.00,100.00,100.00

35.52, 100.00,100.00,100.00

35.53, 100.00,100.00,100.00

35.54, 100.00,100.00,100.00

35.55, 100.00,100.00,100.00

35.56, 100.00,100.00,100.00

35.57, 100.00,100.00,100.00

35.58, 100.00,100.00,100.00

35.59, 100.00,100.00,100.00

35.60, 100.00,100.00,100.00

35.61, 100.00,100.00,100.00

35.62, 100.00,100.00,100.00

35.63, 100.00,100.00,100.00

35.64, 100.00,100.00,100.00

35.65, 100.00,100.00,100.00

35.66, 100.00,100.00,100.00

35.67, 100.00,100.00,100.00

35.68, 100.00,100.00,100.00

35.69, 100.00,100.00,100.00

35.70, 100.00,100.00,100.00

35.71, 100.00,100.00,100.00

35.72, 100.00,100.00,100.00

35.73, 100.00,100.00,100.00

35.74, 100.00,100.00,100.00

35.75, 100.00,100.00,100.00

35.76, 100.00,100.00,100.00

35.77, 100.00,100.00,100.00

35.78, 100.00,100.00,100.00

35.79, 100.00,100.00,100.00

35.80, 100.00,100.00,100.00

35.81, 100.00,100.00,100.00

35.82, 100.00,100.00,100.00

35.83, 100.00,100.00,100.00

35.84, 100.00,100.00,100.00

35.85, 100.00,100.00,100.00

35.86, 100.00,100.00,100.00

35.87, 100.00,100.00,100.00

35.88, 100.00,100.00,100.00

35.89, 100.00,100.00,100.00

35.90, 100.00,100.00,100.00

35.91, 100.00,100.00,100.00

35.92, 100.00,100.00,100.00

35.93, 100.00,100.00,100.00

35.94, 100.00,100.00,100.00

35.95, 100.00,100.00,100.00

35.96, 100.00,100.00,100.00

35.97, 100.00,100.00,100.00

35.98, 100.00,100.00,100.00

35.99, 100.00,100.00,100.00

36.00, 100.00,100.00,100.00

36.01, 100.00,100.00,100.00

36.02, 100.00,100.00,100.00

36.03, 100.00,100.00,100.00

36.04, 100.00,100.00,100.00

36.05, 100.00,100.00,100.00

36.06, 100.00,100.00,100.00

36.07, 100.00,100.00,100.00

36.08, 100.00,100.00,100.00

36.09, 100.00,100.00,100.00

36.10, 100.00,100.00,100.00

36.11, 100.00,100.00,100.00

36.12, 100.00,100.00,100.00

36.13, 100.00,100.00,100.00

36.14, 100.00,100.00,100.00

36.15, 100.00,100.00,100.00

36.16, 100.00,100.00,100.00

36.17, 100.00,100.00,100.00

36.18, 100.00,100.00,100.00

36.19, 100.00,100.00,100.00

36.20, 100.00,100.00,100.00

36.21, 100.00,100.00,100.00

36.22, 100.00,100.00,100.00

36.23, 100.00,100.00,100.00

36.24, 100.00,100.00,100.00

36.25, 100.00,100.00,100.00

36.26, 100.00,100.00,100.00

36.27, 100.00,100.00,100.00

36.28, 100.00,100.00,100.00

36.29, 100.00,100.00,100.00

36.30, 100.00,100.00,100.00

36.31, 100.00,100.00,100.00

36.32, 100.00,100.00,100.00

36.33, 100.00,100.00,100.00

36.34, 100.00,100.00,100.00

36.35, 100.00,100.00,100.00

36.36, 100.00,100.00,100.00

36.37, 100.00,100.00,100.00

36.38, 100.00,100.00,100.00

36.39, 100.00,100.00,100.00

36.40, 100.00,100.00,100.00

36.41, 100.00,100.00,100.00

36.42, 100.00,100.00,100.00

36.43, 100.00,100.00,100.00

36.44, 100.00,100.00,100.00

36.45, 100.00,100.00,100.00

36.46, 100.00,100.00,100.00

36.47, 100.00,100.00,100.00

36.48, 100.00,100.00,100.00

36.49, 100.00,100.00,100.00

36.50, 100.00,100.00,100.00

36.51, 100.00,100.00,100.00

36.52, 100.00,100.00,100.00

36.53, 100.00,100.00,100.00

36.54, 100.00,100.00,100.00

36.55, 100.00,100.00,100.00

36.56, 100.00,100.00,100.00

36.57, 100.00,100.00,100.00

36.58, 100.00,100.00,100.00

36.59, 100.00,100.00,100.00

36.60, 100.00,100.00,100.00

36.61, 100.00,100.00,100.00

36.62, 100.00,100.00,100.00

36.63, 100.00,100.00,100.00

36.64, 100.00,100.00,100.00

36.65, 100.00,100.00,100.00

36.66, 100.00,100.00,100.00

36.67, 100.00,100.00,100.00

36.68, 100.00,100.00,100.00

36.69, 100.00,100.00,100.00

36.70, 100.00,100.00,100.00

36.71, 100.00,100.00,100.00

36.72, 100.00,100.00,100.00

36.73, 100.00,100.00,100.00

36.74, 100.00,100.00,100.00

36.75, 100.00,100.00,100.00

36.76, 100.00,100.00,100.00

36.77, 100.00,100.00,100.00

36.78, 100.00,100.00,100.00

36.79, 100.00,100.00,100.00

36.80, 100.00,100.00,100.00

36.81, 100.00,100.00,100.00

36.82, 100.00,100.00,100.00

36.83, 100.00,100.00,100.00

36.84, 100.00,100.00,100.00

36.85, 100.00,100.00,100.00

36.86, 100.00,100.00,100.00

36.87, 100.00,100.00,100.00

36.88, 100.00,100.00,100.00

36.89, 100.00,100.00,100.00

36.90, 100.00,100.00,100.00

36.91, 100.00,100.00,100.00

36.92, 100.00,100.00,100.00

36.93, 100.00,100.00,100.00

36.94, 100.00,100.00,100.00

36.95, 100.00,100.00,100.00

36.96, 100.00,100.00,100.00

36.97, 100.00,100.00,100.00

36.98, 100.00,100.00,100.00

36.99, 100.00,100.00,100.00

37.00, 100.00,100.00,100.00

37.01, 100.00,100.00,100.00

37.02, 100.00,100.00,100.00

37.03, 100.00,100.00,100.00

37.04, 100.00,100.00,100.00

37.05, 100.00,100.00,100.00

37.06, 100.00,100.00,100.00

37.07, 100.00,100.00,100.00

37.08, 100.00,100.00,100.00

37.09, 100.00,100.00,100.00

37.10, 100.00,100.00,100.00

37.11, 100.00,100.00,100.00

37.12, 100.00,100.00,100.00

37.13, 100.00,100.00,100.00

37.14, 100.00,100.00,100.00

37.15, 100.00,100.00,100.00

37.16, 100.00,100.00,100.00

37.17, 100.00,100.00,100.00

37.18, 100.00,100.00,100.00

37.19, 100.00,100.00,100.00

37.20, 100.00,100.00,100.00

37.21, 100.00,100.00,100.00

37.22, 100.00,100.00,100.00

37.23, 100.00,100.00,100.00

37.24, 100.00,100.00,100.00

37.25, 100.00,100.00,100.00

37.26, 100.00,100.00,100.00

37.27, 100.00,100.00,100.00

37.28, 100.00,100.00,100.00

37.29, 100.00,100.00,100.00

37.30, 100.00,100.00,100.00

37.31, 100.00,100.00,100.00

37.32, 100.00,100.00,100.00

37.33, 100.00,100.00,100.00

37.34, 100.00,100.00,100.00

37.35, 100.00,100.00,100.00

37.36, 100.00,100.00,100.00

37.37, 100.00,100.00,100.00

37.38, 100.00,100.00,100.00

37.39, 100.00,100.00,100.00

37.40, 100.00,100.00,100.00

37.41, 100.00,100.00,100.00

37.42, 100.00,100.00,100.00

37.43, 100.00,100.00,100.00

37.44, 100.00,100.00,100.00

37.45, 100.00,100.00,100.00

37.46, 100.00,100.00,100.00

37.47, 100.00,100.00,100.00

37.48, 100.00,100.00,100.00

37.49, 100.00,100.00,100.00

37.50, 100.00,100.00,100.00

37.51, 100.00,100.00,100.00

37.52, 100.00,100.00,100.00

37.53, 100.00,100.00,100.00

37.54, 100.00,100.00,100.00

37.55, 100.00,100.00,100.00

37.56, 100.00,100.00,100.00

37.57, 100.00,100.00,100.00

37.58, 100.00,100.00,100.00

37.59, 100.00,100.00,100.00

37.60, 100.00,100.00,100.00

37.61, 100.00,100.00,100.00

37.62, 100.00,100.00,100.00

37.63, 100.00,100.00,100.00

37.64, 100.00,100.00,100.00

37.65, 100.00,100.00,100.00

37.66, 100.00,100.00,100.00

37.67, 100.00,100.00,100.00

37.68, 100.00,100.00,100.00

37.69, 100.00,100.00,100.00

37.70, 100.00,100.00,100.00

37.71, 100.00,100.00,100.00

37.72, 100.00,100.00,100.00

37.73, 100.00,100.00,100.00

37.74, 100.00,100.00,100.00

37.75, 100.00,100.00,100.00

37.76, 100.00,100.00,100.00

37.77, 100.00,100.00,100.00

37.78, 100.00,100.00,100.00

37.79, 100.00,100.00,100.00

37.80, 100.00,100.00,100.00

37.81, 100.00,100.00,100.00

37.82, 100.00,100.00,100.00

37.83, 100.00,100.00,100.00

37.84, 100.00,100.00,100.00

37.85, 100.00,100.00,100.00

37.86, 100.00,100.00,100.00

37.87, 100.00,100.00,100.00

37.88, 100.00,100.00,100.00

37.89, 100.00,100.00,100.00

37.90, 100.00,100.00,100.00

37.91, 100.00,100.00,100.00

37.92, 100.00,100.00,100.00

37.93, 100.00,100.00,100.00

37.94, 100.00,100.00,100.00

37.95, 100.00,100.00,100.00

37.96, 100.00,100.00,100.00

37.97, 100.00,100.00,100.00

37.98, 100.00,100.00,100.00

37.99, 100.00,100.00,100.00

38.00, 100.00,100.00,100.00

38.01, 100.00,100.00,100.00

38.02, 100.00,100.00,100.00

38.03, 100.00,100.00,100.00

38.04, 100.00,100.00,100.00

38.05, 100.00,100.00,100.00

38.06, 100.00,100.00,100.00

38.07, 100.00,100.00,100.00

38.08, 100.00,100.00,100.00

38.09, 100.00,100.00,100.00

38.10, 100.00,100.00,100.00

38.11, 100.00,100.00,100.00

38.12, 100.00,100.00,100.00

38.13, 100.00,100.00,100.00

38.14, 100.00,100.00,100.00

38.15, 100.00,100.00,100.00

38.16, 100.00,100.00,100.00

38.17, 100.00,100.00,100.00

38.18, 100.00,100.00,100.00

38.19, 100.00,100.00,100.00

38.20, 100.00,100.00,100.00

38.21, 100.00,100.00,100.00

38.22, 100.00,100.00,100.00

38.23, 100.00,100.00,100.00

38.24, 100.00,100.00,100.00

38.25, 100.00,100.00,100.00

38.26, 100.00,100.00,100.00

38.27, 100.00,100.00,100.00

38.28, 100.00,100.00,100.00

38.29, 100.00,100.00,100.00

38.30, 100.00,100.00,100.00

38.31, 100.00,100.00,100.00

38.32, 100.00,100.00,100.00

38.33, 100.00,100.00,100.00

38.34, 100.00,100.00,100.00

38.35, 100.00,100.00,100.00

38.36, 100.00,100.00,100.00

38.37, 100.00,100.00,100.00

38.38, 100.00,100.00,100.00

38.39, 100.00,100.00,100.00

38.40, 100.00,100.00,100.00

38.41, 100.00,100.00,100.00

38.42, 100.00,100.00,100.00

38.43, 100.00,100.00,100.00

38.44, 100.00,100.00,100.00

38.45, 100.00,100.00,100.00

38.46, 100.00,100.00,100.00

38.47, 100.00,100.00,100.00

38.48, 100.00,100.00,100.00

38.49, 100.00,100.00,100.00

38.50, 100.00,100.00,100.00

38.51, 100.00,100.00,100.00

38.52, 100.00,100.00,100.00

38.53, 100.00,100.00,100.00

38.54, 100.00,100.00,100.00

38.55, 100.00,100.00,100.00

38.56, 100.00,100.00,100.00

38.57, 100.00,100.00,100.00

38.58, 100.00,100.00,100.00

38.59, 100.00,100.00,100.00

38.60, 100.00,100.00,100.00

38.61, 100.00,100.00,100.00

38.62, 100.00,100.00,100.00

38.63, 100.00,100.00,100.00

38.64, 100.00,100.00,100.00

38.65, 100.00,100.00,100.00

38.66, 100.00,100.00,100.00

38.67, 100.00,100.00,100.00

38.68, 100.00,100.00,100.00

38.69, 100.00,100.00,100.00

38.70, 100.00,100.00,100.00

38.71, 100.00,100.00,100.00

38.72, 100.00,100.00,100.00

38.73, 100.00,100.00,100.00

38.74, 100.00,100.00,100.00

38.75, 100.00,100.00,100.00

38.76, 100.00,100.00,100.00

38.77, 100.00,100.00,100.00

38.78, 100.00,100.00,100.00

38.79, 100.00,100.00,100.00

38.80, 100.00,100.00,100.00

38.81, 100.00,100.00,100.00

38.82, 100.00,100.00,100.00

38.83, 100.00,100.00,100.00

38.84, 100.00,100.00,100.00

38.85, 100.00,100.00,100.00

38.86, 100.00,100.00,100.00

38.87, 100.00,100.00,100.00

38.88, 100.00,100.00,100.00

38.89, 100.00,100.00,100.00

38.90, 100.00,100.00,100.00

38.91, 100.00,100.00,100.00

38.92, 100.00,100.00,100.00

38.93, 100.00,100.00,100.00

38.94, 100.00,100.00,100.00

38.95, 100.00,100.00,100.00

38.96, 100.00,100.00,100.00

38.97, 100.00,100.00,100.00

38.98, 100.00,100.00,100.00

38.99, 100.00,100.00,100.00

39.00, 100.00,100.00,100.00

39.01, 100.00,100.00,100.00

39.02, 100.00,100.00,100.00

39.03, 100.00,100.00,100.00

39.04, 100.00,100.00,100.00

39.05, 100.00,100.00,100.00

39.06, 100.00,100.00,100.00

39.07, 100.00,100.00,100.00

39.08, 100.00,100.00,100.00

39.09, 100.00,100.00,100.00

39.10, 100.00,100.00,100.00

39.11, 100.00,100.00,100.00

39.12, 100.00,100.00,100.00

39.13, 100.00,100.00,100.00

39.14, 100.00,100.00,100.00

39.15, 100.00,100.00,100.00

39.16, 100.00,100.00,100.00

39.17, 100.00,100.00,100.00

39.18, 100.00,100.00,100.00

39.19, 100.00,100.00,100.00

39.20, 100.00,100.00,100.00

39.21, 100.00,100.00,100.00

39.22, 100.00,100.00,100.00

39.23, 100.00,100.00,100.00

39.24, 100.00,100.00,100.00

39.25, 100.00,100.00,100.00

39.26, 100.00,100.00,100.00

39.27, 100.00,100.00,100.00

39.28, 100.00,100.00,100.00

39.29, 100.00,100.00,100.00

39.30, 100.00,100.00,100.00

39.31, 100.00,100.00,100.00

39.32, 100.00,100.00,100.00

39.33, 100.00,100.00,100.00

39.34, 100.00,100.00,100.00

39.35, 100.00,100.00,100.00

39.36, 100.00,100.00,100.00

39.37, 100.00,100.00,100.00

39.38, 100.00,100.00,100.00

39.39, 100.00,100.00,100.00

39.40, 100.00,100.00,100.00

39.41, 100.00,100.00,100.00

39.42, 100.00,100.00,100.00

39.43, 100.00,100.00,100.00

39.44, 100.00,100.00,100.00

39.45, 100.00,100.00,100.00

39.46, 100.00,100.00,100.00

39.47, 100.00,100.00,100.00

39.48, 100.00,100.00,100.00

39.49, 100.00,100.00,100.00

39.50, 100.00,100.00,100.00

39.51, 100.00,100.00,100.00

39.52, 100.00,100.00,100.00

39.53, 100.00,100.00,100.00

39.54, 100.00,100.00,100.00

39.55, 100.00,100.00,100.00

39.56, 100.00,100.00,100.00

39.57, 100.00,100.00,100.00

39.58, 100.00,100.00,100.00

39.59, 100.00,100.00,100.00

39.60, 100.00,100.00,100.00

39.61, 100.00,100.00,100.00

39.62, 100.00,100.00,100.00

39.63, 100.00,100.00,100.00

39.64, 100.00,100.00,100.00

39.65, 100.00,100.00,100.00

39.66, 100.00,100.00,100.00

39.67, 100.00,100.00,100.00

39.68, 100.00,100.00,100.00

39.69, 100.00,100.00,100.00

39.70, 100.00,100.00,100.00

39.71, 100.00,100.00,100.00

39.72, 100.00,100.00,100.00

39.73, 100.00,100.00,100.00

39.74, 100.00,100.00,100.00

39.75, 100.00,100.00,100.00

39.76, 100.00,100.00,100.00

39.77, 100.00,100.00,100.00

39.78, 100.00,100.00,100.00

39.79, 100.00,100.00,100.00

39.80, 100.00,100.00,100.00

39.81, 100.00,100.00,100.00

39.82, 100.00,100.00,100.00

39.83, 100.00,100.00,100.00

39.84, 100.00,100.00,100.00

39.85, 100.00,100.00,100.00

39.86, 100.00,100.00,100.00

39.87, 100.00,100.00,100.00

39.88, 100.00,100.00,100.00

39.89, 100.00,100.00,100.00

39.90, 100.00,100.00,100.00

39.91, 100.00,100.00,100.00

39.92, 100.00,100.00,100.00

39.93, 100.00,100.00,100.00

39.94, 100.00,100.00,100.00

39.95, 100.00,100.00,100.00

39.96, 100.00,100.00,100.00

39.97, 100.00,100.00,100.00

39.98, 100.00,100.00,100.00

39.99, 100.00,100.00,100.00

W (40259) lab18: =========================================

W (40259) lab18:  mode       : PID, anti-windup

W (40259) lab18:  final pv   : 100.00

W (40260) lab18:  offset     : 0.00

W (40264) lab18:  peak       : 102.46

W (40267) lab18:  overshoot  : 2.46

W (40270) lab18: =========================================

