#pragma once
#include <stdint.h>
const uint16_t cat_img[240*320] = {
0xF0B4,0xF0B4,0xF0B4,0x11B5,0x11BD,0x11BD,0x11BD,0x11BD,0x11BD,0x11BD,0x11BD,0x31BD,0x31B5,0x31B5,0x51BD,0x52BD,
0x72BD,0x72BD,0x72C5,0x92C5,0x93C5,0xB3C5,0xB3C5,0xD4CD,0xD4CD,0xF4CD,0xF4CD,0xF4CD,0xD4CD,0x93C5,0x32BD,0x32B5,
0x53BD,0xB5CD,0x37DE,0x98E6,0x98E6,0x97E6,0x97E6,0x77E6,0x76DE,0x76DE,0x97E6,0x97E6,0x97E6,0x97E6,0x56E6,0x56E6,
0xD4D5,0x11BD,0x2D9C,0x097B,0xE551,0x6341,0x8349,0x8341,0x8341,0x6349,0x6341,0x4341,0x4341,0x4341,0x4341,0x4341,
0x4341,0x4341,0x2341,0x2341,0x2339,0x2339,0x2339,0x2339,0x2339,0x2339,0x2239,0x2239,0x2231,0x0231,0x0231,0x0231,
0x0231,0x0331,0x0331,0x0331,0x0331,0x0331,0x2331,0x2339,0x2331,0x2331,0x4439,0x8441,0xC541,0xE649,0x2752,0x475A,
0x475A,0x475A,0x475A,0x475A,0x475A,0x475A,0x275A,0x275A,0x275A,0x275A,0x275A,0x275A,0x275A,0x265A,0x265A,0x265A,
0x265A,0x265A,0x265A,0x265A,0x265A,0x265A,0x265A,0x265A,0x265A,0x265A,0x265A,0x265A,0x265A,0x265A,0x275A,0x275A,
0x265A,0x265A,0x265A,0x265A,0x265A,0x2652,0x0652,0x0652,0x0652,0x0652,0x0652,0x0652,0x0652,0x0652,0x0652,0x0652,
0xE651,0xE551,0xE551,0xE551,0xE549,0xE551,0xE551,0xE551,0xE551,0xE651,0xE649,0xC649,0xA541,0x6439,0x0329,0xC220,
0xA120,0xA120,0xC120,0xE228,0x4331,0x6439,0x8439,0xA541,0xC541,0xC541,0xE649,0xE649,0x0652,0x0652,0x2652,0x2652,
0x2652,0x2652,0x2652,0x2652,0x2652,0x2652,0x2652,0x2652,0x275A,0x475A,0x475A,0x675A,0x675A,0x675A,0x675A,0x6862,
0x6862,0x8862,0x8862,0x6862,0x6862,0x6862,0x8862,0x8862,0x8862,0x6862,0x8862,0x8862,0x675A,0x475A,0x0652,0xE549,
0xC541,0x8439,0x6339,0x4331,0x6439,0x8439,0xC541,0xC541,0xA539,0x6431,0x2331,0x0329,0xA220,0x6110,0x4010,0x2008,
0x2008,0x2008,0x2008,0x4010,0x6110,0x6110,0x6110,0x6110,0x8110,0x8110,0x8218,0xA218,0xA218,0xA220,0xA220,0xC320,
0xF0B4,0xF0B4,0xF0B4,0x11B5,0x11BD,0x11BD,0x11BD,0x11BD,0x11BD,0x11BD,0x11BD,0x31BD,0x31B5,0x31B5,0x31BD,0x52BD,
0x72BD,0x72BD,0x72BD,0x92C5,0x93C5,0xB3C5,0xB3C5,0xB3CD,0xD4CD,0xF4CD,0xF4CD,0xF4CD,0xF4CD,0xB3CD,0x52BD,0x32B5,
0x53BD,0xB5CD,0x36D6,0x97E6,0xB8E6,0x98E6,0xB8E6,0x97E6,0x76DE,0x76DE,0x97E6,0x97E6,0x97E6,0x97E6,0x77E6,0x56E6,
0xF5D5,0x73C5,0xB0AC,0xEC93,0xA86A,0x6341,0x6341,0x8349,0x6341,0x6341,0x6341,0x4341,0x4341,0x4341,0x4341,0x4341,
0x4341,0x4341,0x2341,0x2341,0x2339,0x2339,0x2339,0x2339,0x2339,0x2339,0x2239,0x2239,0x2231,0x0231,0x0231,0x0231,
0x0231,0x0331,0x0331,0x0331,0x0331,0x0331,0x2331,0x2339,0x2331,0x2331,0x4439,0x8441,0xC541,0xE649,0x2752,0x475A,
0x475A,0x475A,0x475A,0x475A,0x475A,0x475A,0x275A,0x275A,0x275A,0x275A,0x275A,0x275A,0x275A,0x265A,0x265A,0x265A,
0x265A,0x265A,0x265A,0x265A,0x265A,0x265A,0x265A,0x265A,0x265A,0x265A,0x265A,0x265A,0x265A,0x265A,0x275A,0x265A,
0x265A,0x265A,0x265A,0x265A,0x265A,0x2652,0x0652,0x0652,0x0652,0x0652,0x0652,0x0652,0x0652,0x0652,0x0652,0x0652,
0xE651,0xE651,0xE551,0xE551,0xE551,0xE551,0xE551,0xE551,0xE551,0xE549,0xC549,0xC549,0xC649,0x8541,0x6439,0x4431,
0x4431,0x6339,0x8439,0xA441,0xC541,0xE649,0x064A,0x2652,0x2752,0x4752,0x675A,0x675A,0x8862,0x8862,0x8862,0x8862,
0x8862,0x8862,0x8862,0x8862,0x8862,0xA862,0xA862,0xA862,0xA862,0xA862,0xA96A,0xC96A,0xC96A,0xC96A,0xC96A,0xE96A,
0xE96A,0xEA72,0xEA72,0xE972,0xE972,0xEA72,0xEA72,0xEA72,0xEA72,0xE972,0xE972,0xE972,0xC96A,0xA96A,0xA862,0x685A,
0x475A,0x0652,0x0652,0x064A,0x0652,0x2752,0x4752,0x4752,0x074A,0xE649,0xA541,0x6431,0x0329,0xA120,0x6118,0x4010,
0x2008,0x2008,0x4010,0x4010,0x4110,0x6110,0x6110,0x6110,0x8110,0x8110,0x8218,0xA218,0xA218,0xA220,0xA220,0xC320,
0xF0B4,0xF0B4,0xF0B4,0x11B5,0x11BD,0x11BD,0x11BD,0x11BD,0x11BD,0x11BD,0x11BD,0x11B5,0x31B5,0x31B5,0x31B5,0x31BD,
0x51BD,0x72BD,0x72C5,0x92C5,0x93C5,0xB3C5,0xB3C5,0xB3C5,0xB3CD,0xD4CD,0xD3CD,0xD3CD,0xF4CD,0xD4CD,0x73C5,0x32BD,
0x32B5,0x74C5,0x16D6,0x97E6,0xD8EE,0xD8EE,0xB8EE,0x97E6,0x76DE,0x76DE,0x76DE,0x96E6,0x76DE,0x76DE,0x56E6,0x76E6,
0x36DE,0xD4D5,0x11B5,0x4EA4,0x4A83,0xC449,0x6241,0x8341,0x8341,0x6341,0x6341,0x4341,0x4341,0x4341,0x4341,0x4341,
0x4341,0x4341,0x2341,0x2341,0x2339,0x2339,0x2339,0x2339,0x2339,0x2339,0x2239,0x2239,0x2231,0x0231,0x0231,0x0231,
0x0231,0x0331,0x0331,0x0331,0x0331,0x0331,0x2331,0x2339,0x2331,0x2331,0x4439,0x8441,0xC541,0xE649,0x2752,0x475A,
0x475A,0x475A,0x475A,0x475A,0x475A,0x475A,0x275A,0x275A,0x275A,0x275A,0x275A,0x275A,0x275A,0x265A,0x265A,0x265A,
0x265A,0x265A,0x265A,0x265A,0x265A,0x265A,0x265A,0x265A,0x265A,0x265A,0x265A,0x265A,0x265A,0x265A,0x265A,0x265A,
0x265A,0x2652,0x2652,0x2652,0x0652,0x0652,0x0652,0x0652,0x0652,0x0652,0x0652,0x0652,0x0652,0x0652,0x0652,0x0652,
0xE651,0xE651,0x0652,0x0652,0x0652,0x0652,0x0552,0x0552,0x0652,0xE651,0x0652,0x0652,0x0752,0xE649,0xC649,0xC649,
0xC649,0xE649,0x064A,0x2752,0x4752,0x4752,0x885A,0x8862,0xA962,0xA962,0xC962,0xC96A,0xC96A,0xE96A,0xE96A,0xE96A,
0xE96A,0xE96A,0xE96A,0xE96A,0xE96A,0xE96A,0xE96A,0xC96A,0xC96A,0xC96A,0xC96A,0xE96A,0xE96A,0xEA72,0x0A73,0x0A73,
0x0A73,0x2A73,0x2A73,0x2B7B,0x2B7B,0x2B7B,0x2B7B,0x2B7B,0x2B7B,0x4B7B,0x4B7B,0x2B7B,0x2B7B,0x2A7B,0x0A73,0xC96A,
0xA86A,0x8862,0x8862,0xA962,0xE96A,0xEA6A,0xCA6A,0xA962,0x8962,0x685A,0xE649,0x8539,0x2431,0xE228,0x8118,0x6010,
0x4010,0x4010,0x4010,0x4010,0x6110,0x6110,0x6110,0x6110,0x8110,0x8110,0x8218,0xA218,0xA218,0xA220,0xA220,0xC320,
0xF0B4,0xF0B4,0xF0B4,0x11B5,0x11BD,0x11BD,0x11BD,0x11BD,0x11BD,0x11BD,0x11BD,0x11B5,0x11B5,0x11B5,0x31B5,0x31B5,
0x31B5,0x52BD,0x52BD,0x72BD,0x72C5,0x93C5,0x93C5,0x93C5,0xB3C5,0xD3CD,0xD3CD,0xD3CD,0xD4CD,0xD4CD,0xB4C5,0x73BD,
0x12B5,0x53BD,0xF5CD,0x77E6,0xD9EE,0xF9EE,0xD8EE,0x97E6,0x76DE,0x76DE,0x76DE,0x76DE,0x76DE,0x56DE,0x56DE,0x56DE,
0x56DE,0x36DE,0x93C5,0xB0AC,0xED93,0x876A,0x8349,0x6241,0x8341,0x6341,0x6341,0x4341,0x4341,0x4341,0x4341,0x4341,
0x4341,0x4341,0x2341,0x2341,0x2339,0x2339,0x2339,0x2339,0x2339,0x2339,0x2239,0x2239,0x2231,0x0231,0x0231,0x0231,
0x0231,0x0331,0x0331,0x0331,0x0331,0x0331,0x2331,0x2339,0x2331,0x2331,0x4439,0x8441,0xC541,0xE649,0x2752,0x475A,
0x475A,0x475A,0x475A,0x475A,0x475A,0x475A,0x275A,0x275A,0x275A,0x275A,0x275A,0x275A,0x275A,0x265A,0x265A,0x265A,
0x265A,0x265A,0x265A,0x265A,0x265A,0x265A,0x265A,0x265A,0x265A,0x265A,0x265A,0x265A,0x265A,0x265A,0x265A,0x2652,
0x2652,0x2652,0x0652,0x0652,0x0652,0x0652,0x0652,0x0652,0x0652,0x0652,0x0652,0x0652,0x0652,0x0652,0x0652,0x0652,
0xE651,0x0652,0x0652,0x0652,0x0652,0x0652,0x0652,0x2652,0x2652,0x265A,0x275A,0x475A,0x485A,0x275A,0x275A,0x485A,
0x485A,0x675A,0x8862,0x8862,0xA862,0x8862,0xA862,0xA962,0xC96A,0xC96A,0xC96A,0xE96A,0xE96A,0xE96A,0xE96A,0xE972,
0xE972,0xE972,0xE972,0xE972,0xE972,0xE972,0xE972,0xEA72,0xEA72,0xEA72,0xEA72,0xEA72,0xEA72,0x0A73,0x0A73,0x0A73,
0x0A73,0x2A73,0x2A7B,0x2B7B,0x2B7B,0x4B7B,0x4B7B,0x4B7B,0x4B7B,0x4B7B,0x4B7B,0x2B7B,0x2B7B,0x4B7B,0x2A7B,0x0A7B,
0x0A73,0xEA72,0xEA72,0x0A73,0x2B7B,0x0B73,0xEA72,0xC96A,0xA962,0x685A,0xE649,0x8539,0x4431,0x2329,0xC220,0x8118,
0x6010,0x4008,0x2008,0x4010,0x6110,0x6110,0x6110,0x6110,0x8110,0x8110,0x8218,0xA218,0xA218,0xA220,0xA220,0xC320,
0xD0B4,0xF0B4,0xF0B4,0xF0B4,0x11B5,0x11BD,0x11BD,0x11BD,0x11BD,0x11BD,0x11BD,0x31BD,0x31B5,0x31B5,0x11B5,0x31B5,
0x31B5,0x31B5,0x31BD,0x51BD,0x72BD,0x72C5,0x92C5,0x93C5,0xB3C5,0xB3CD,0xD3CD,0xD3CD,0xD4CD,0xD4CD,0xB4CD,0x73C5,
0x33BD,0x33BD,0xB5CD,0x77DE,0xD9EE,0xF9EE,0xF9EE,0xB8E6,0x97E6,0x76DE,0x76DE,0x76DE,0x76DE,0x56DE,0x56DE,0x36DE,
0x56DE,0x36DE,0xD4CD,0x32BD,0x8FAC,0x6A83,0x0552,0x6341,0x6341,0x6341,0x6341,0x4341,0x4341,0x4341,0x4341,0x4341,
0x4341,0x4341,0x2341,0x2341,0x2339,0x2339,0x2339,0x2339,0x2239,0x2239,0x0239,0x2239,0x2231,0x0231,0x0231,0x0231,
0x0231,0xE230,0xE230,0xE230,0x0331,0x0331,0x2331,0x2331,0x2331,0x2331,0x4439,0x8441,0xC541,0x0652,0x2752,0x475A,
0x475A,0x475A,0x475A,0x475A,0x475A,0x275A,0x275A,0x275A,0x275A,0x275A,0x275A,0x275A,0x275A,0x265A,0x265A,0x265A,
0x265A,0x265A,0x265A,0x2652,0x2652,0x2652,0x2652,0x265A,0x265A,0x065A,0x065A,0x065A,0x065A,0x065A,0x065A,0x2652,
0x0652,0x0652,0x0652,0x0652,0x0652,0x0652,0x0652,0x0652,0x0652,0x0652,0x0652,0x0652,0x0652,0x0652,0x0652,0x0652,
0x0652,0x0652,0x0652,0x0652,0x2652,0x265A,0x265A,0x475A,0x475A,0x475A,0x475A,0x6862,0x6862,0x6862,0x8862,0x8962,
0x8862,0xA862,0xA862,0xA96A,0xA96A,0xA96A,0xA96A,0xA96A,0xC96A,0xC96A,0xC96A,0xC96A,0xC96A,0xC96A,0xC96A,0xC972,
0xC972,0xE972,0xE972,0xE972,0xE972,0xEA72,0xEA72,0x0A73,0x0973,0x0973,0x0A73,0x0A73,0x0A73,0x0A73,0x0A73,0x2A7B,
0x2A7B,0x2A7B,0x2A7B,0x2A7B,0x2A7B,0x2B7B,0x4B7B,0x4B7B,0x4B7B,0x4B7B,0x4B7B,0x4B7B,0x4B7B,0x4B7B,0x4B83,0x2B83,
0x2A7B,0x2A7B,0x2A7B,0x2A7B,0x2B7B,0x0A73,0xCA6A,0xA96A,0x6862,0x475A,0xE649,0xA541,0x6439,0x4431,0x0329,0xC220,
0xA118,0x6110,0x4010,0x6110,0x6110,0x6110,0x6110,0x6110,0x6110,0x8110,0x8110,0xA218,0xA218,0xA220,0xC220,0xC320,
0xD0B4,0xD0B4,0xF0B4,0xF0B4,0x11B5,0x11B5,0x11BD,0x11BD,0x31BD,0x11BD,0x11BD,0x31BD,0x31B5,0x11B5,0x11B5,0x11B5,
0x31B5,0x31B5,0x31BD,0x51BD,0x72BD,0x72C5,0x92C5,0x93C5,0x93C5,0xB3C5,0xD3CD,0xD3CD,0xD3CD,0xD4CD,0xD4CD,0x94C5,
0x53BD,0x33BD,0x94C5,0x57DE,0xD9EE,0x19F7,0xF9F6,0xD8EE,0x97E6,0x76DE,0x76DE,0x76DE,0x76DE,0x56DE,0x36DE,0x36DE,
0x56E6,0x56DE,0xF5D5,0x93C5,0xF1B4,0x0D9C,0xA86A,0x6341,0x6241,0x6349,0x6341,0x4341,0x4341,0x4341,0x4341,0x4341,
0x4341,0x4341,0x2341,0x2341,0x2339,0x2339,0x2339,0x0239,0x0239,0x0239,0x0239,0x2231,0x0231,0x0231,0x0231,0x0231,
0xE230,0xE230,0xE228,0xE230,0x0331,0x0331,0x0331,0x2331,0x2331,0x2331,0x4439,0x8441,0xC541,0xE649,0x2652,0x475A,
0x475A,0x475A,0x475A,0x475A,0x475A,0x275A,0x275A,0x275A,0x275A,0x275A,0x275A,0x275A,0x275A,0x265A,0x265A,0x265A,
0x265A,0x265A,0x265A,0x2652,0x2652,0x2652,0x2652,0x265A,0x265A,0x065A,0x065A,0x065A,0x065A,0x065A,0x065A,0x2652,
0x0652,0x0652,0x0652,0x0652,0x0652,0x0652,0x0652,0x0652,0x0652,0x0652,0x0652,0x0652,0x0652,0x2652,0x2652,0x265A,
0x265A,0x275A,0x275A,0x475A,0x475A,0x6762,0x6762,0x6762,0x6862,0x8862,0x8862,0x886A,0x886A,0x886A,0xA96A,0xA96A,
0xA96A,0xA86A,0xA86A,0xA96A,0xA96A,0xA96A,0xC96A,0xC96A,0xC96A,0xC96A,0xC96A,0xC96A,0xC972,0xC972,0xC972,0xC972,
0xE972,0xE972,0xE972,0xEA72,0xEA72,0xEA72,0xEA72,0x0A73,0x0A73,0x0A73,0x0A73,0x0A73,0x0A73,0x0A73,0x0A7B,0x2A7B,
0x2A7B,0x2A7B,0x2A7B,0x2A7B,0x2A7B,0x2A7B,0x2A7B,0x4B7B,0x4B7B,0x4B83,0x4B83,0x4B83,0x4B83,0x4B83,0x4B83,0x2A83,
0x2A83,0x2B7B,0x2B7B,0x2B7B,0x2A7B,0xEA72,0xA96A,0x6862,0x275A,0xE649,0xC541,0xC541,0xA541,0xA539,0x6431,0x2329,
0xE220,0xC218,0xA118,0x8110,0x6110,0x4008,0x6110,0x6110,0x6110,0x8110,0x8110,0xA218,0xA220,0xA220,0xC220,0xC320,
0xD0AC,0xD0AC,0xD0B4,0xF0B4,0xF0B4,0xF0B4,0x11BD,0x11BD,0x11BD,0x11BD,0x11B5,0x11B5,0x11B5,0x11B5,0x11B5,0x11B5,
0x31B5,0x31B5,0x31B5,0x51BD,0x52BD,0x72BD,0x72C5,0x72C5,0x93C5,0xB3C5,0xB3C5,0xD3CD,0xD3CD,0xB3C5,0xD4CD,0xB4CD,
0x94C5,0x53BD,0x74C5,0x36D6,0xD8EE,0x19F7,0x19F7,0x19F7,0xB7E6,0x97E6,0x76DE,0x76DE,0x76DE,0x76DE,0x36DE,0x56DE,
0x56E6,0x56E6,0x36DE,0xD4D5,0x32BD,0xAFAC,0x8B83,0xC451,0x4241,0x6341,0x6341,0x6341,0x6341,0x4341,0x4341,0x4341,
0x4341,0x4341,0x2341,0x2341,0x2339,0x2339,0x0239,0x0239,0x0239,0x0231,0x0231,0x0231,0x0231,0x0231,0xE230,0xE230,
0xE228,0xE228,0xE228,0xE228,0xE230,0x0331,0x0331,0x2331,0x2331,0x2331,0x4439,0x8441,0xC541,0xE549,0x2652,0x475A,
0x475A,0x475A,0x475A,0x275A,0x275A,0x275A,0x275A,0x265A,0x265A,0x265A,0x265A,0x265A,0x265A,0x265A,0x265A,0x265A,
0x265A,0x265A,0x265A,0x2652,0x2652,0x2652,0x2652,0x265A,0x265A,0x065A,0x065A,0x065A,0x065A,0x065A,0x065A,0x2652,
0x0652,0x0652,0x0652,0x0652,0x0652,0x0652,0x0652,0x0652,0x2652,0x2652,0x265A,0x265A,0x475A,0x475A,0x475A,0x475A,
0x675A,0x6762,0x6762,0x6862,0x6862,0x8862,0x8862,0x8862,0x8862,0xA86A,0xA86A,0xA86A,0xA86A,0xA86A,0xA872,0xA972,
0xA96A,0xA96A,0xA96A,0xC96A,0xC96A,0xC96A,0xC96A,0xC96A,0xC972,0xC972,0xC972,0xC972,0xC972,0xC972,0xE972,0xE972,
0xE972,0xE972,0xEA72,0xEA72,0xEA72,0x0A73,0x0A73,0x0A73,0x0973,0x0973,0x0A7B,0x0A7B,0x0A7B,0x0A7B,0x0A7B,0x0A7B,
0x2A7B,0x2A7B,0x2A7B,0x2A7B,0x2A7B,0x2A7B,0x2A7B,0x2A83,0x2A83,0x4B83,0x4B83,0x4B83,0x4B83,0x4B83,0x4A7B,0x4A7B,
0x4B83,0x4B83,0x4B83,0x4B7B,0x2A7B,0xE972,0xA862,0x475A,0x0652,0xC549,0xA541,0xC541,0xC641,0xE641,0xA539,0x8439,
0x4431,0x0329,0xC220,0xA118,0x6010,0x4008,0x6110,0x6110,0x6110,0x8110,0x8110,0xA218,0xA218,0xA220,0xA220,0xC220,
0xAFAC,0xD0AC,0xD0AC,0xD0B4,0xF0B4,0xF0B4,0x11B5,0x11BD,0x11BD,0x11BD,0x11B5,0x11B5,0x11B5,0x11B5,0x10B5,0x11B5,
0x11B5,0x31B5,0x31B5,0x31BD,0x52BD,0x72BD,0x72BD,0x72C5,0x92C5,0x93C5,0xB3C5,0xB3CD,0xB3CD,0xB3CD,0xB4CD,0xB4CD,
0xB5CD,0x74C5,0x53BD,0xF5D5,0xB8E6,0xF9F6,0x3AF7,0x19F7,0xD8EE,0xB7E6,0x76DE,0x76DE,0x76DE,0x56DE,0x36DE,0x56DE,
0x56DE,0x56DE,0x56DE,0x35DE,0x93CD,0xF1B4,0x2D9C,0xC86A,0x8341,0x4241,0x4341,0x6349,0x6349,0x4341,0x4341,0x4341,
0x4341,0x4341,0x2341,0x2341,0x2339,0x0239,0x0239,0x0239,0x0231,0x0231,0x0231,0x0231,0x0231,0xE230,0xE230,0xE228,
0xE228,0xE228,0xE228,0xE228,0xE228,0x0331,0x0331,0x2331,0x2331,0x2331,0x4439,0x8441,0xC541,0xE549,0x2652,0x475A,
0x475A,0x275A,0x275A,0x275A,0x275A,0x275A,0x265A,0x265A,0x265A,0x265A,0x265A,0x265A,0x265A,0x265A,0x265A,0x265A,
0x265A,0x265A,0x265A,0x2652,0x2652,0x2652,0x2652,0x265A,0x265A,0x065A,0x065A,0x065A,0x065A,0x065A,0x065A,0x2652,
0x0652,0x0652,0x0652,0x0652,0x265A,0x265A,0x265A,0x275A,0x275A,0x275A,0x475A,0x475A,0x675A,0x6762,0x6862,0x6762,
0x6862,0x8862,0x8862,0x8862,0x8862,0x8862,0x8862,0xA862,0xA86A,0xA96A,0xA96A,0xA86A,0xA872,0xA872,0xA872,0xA872,
0xA872,0xC96A,0xC96A,0xC972,0xC972,0xC972,0xC972,0xC972,0xC972,0xC972,0xC972,0xC972,0xC972,0xE972,0xE972,0xE972,
0xE972,0xEA72,0xEA72,0xEA72,0xEA72,0x0A73,0x0A7B,0x0A7B,0x097B,0x097B,0x0A7B,0x0A7B,0x0A7B,0x2A7B,0x2A7B,0x0A7B,
0x0A7B,0x0A7B,0x0A7B,0x2A7B,0x2A7B,0x2A83,0x2A83,0x2A83,0x2A83,0x4A83,0x4A83,0x4A83,0x4A83,0x4A83,0x4A7B,0x4A7B,
0x6B83,0x6B83,0x4A7B,0x4A7B,0x0A73,0xC96A,0x8862,0x475A,0x0652,0xE549,0xE649,0xE641,0xE649,0xE649,0xC641,0xC541,
0x8539,0x2329,0xE220,0xA118,0x6010,0x6008,0x6110,0x6110,0x6110,0x8110,0x8110,0xA218,0xA218,0xA220,0xA220,0xA220,
0xAFAC,0xAFAC,0xD0AC,0xD0B4,0xF0B4,0xF0B4,0x11B5,0x11B5,0x11B5,0x11BD,0x11B5,0x11B5,0x11B5,0x11B5,0x10B5,0x11B5,
0x11B5,0x11B5,0x31B5,0x31BD,0x52BD,0x72BD,0x72BD,0x72C5,0x72C5,0x93C5,0xB3C5,0xB3C5,0xB3CD,0xD3CD,0xB3CD,0xB4CD,
0xB4CD,0x94C5,0x73BD,0xD4CD,0x97E6,0xF9EE,0x3AF7,0x3AF7,0x19F7,0xB7E6,0x76DE,0x76DE,0x56DE,0x56DE,0x36DE,0x56DE,
0x36DE,0x36DE,0x56DE,0x56DE,0xF5D5,0x32BD,0x8FA4,0xAC8B,0x0552,0x4241,0x6341,0x8349,0x6341,0x4341,0x4341,0x4341,
0x4341,0x4341,0x4341,0x2341,0x2341,0x0239,0x0239,0x0239,0x0239,0xE230,0xE230,0x0231,0x0231,0xE230,0xE128,0xE128,
0xE228,0xE228,0xE228,0xE228,0xE230,0x0331,0x0331,0x2331,0x2331,0x2331,0x4439,0x8441,0xA541,0xE549,0x2652,0x475A,
0x275A,0x275A,0x275A,0x275A,0x265A,0x265A,0x265A,0x265A,0x265A,0x265A,0x265A,0x265A,0x265A,0x265A,0x265A,0x265A,
0x265A,0x265A,0x265A,0x2652,0x2652,0x2652,0x2652,0x265A,0x265A,0x065A,0x065A,0x265A,0x265A,0x265A,0x2652,0x2652,
0x2652,0x2652,0x2652,0x265A,0x475A,0x475A,0x475A,0x475A,0x675A,0x675A,0x675A,0x6762,0x6762,0x8862,0x8862,0x8862,
0x8862,0x8862,0xA862,0xA86A,0xA86A,0xA86A,0xA96A,0xC96A,0xC96A,0xC96A,0xC96A,0xC972,0xC972,0xC972,0xA972,0xA972,
0xA972,0xC972,0xC972,0xC972,0xC972,0xC972,0xC972,0xC972,0xC972,0xE972,0xE972,0xE972,0xE972,0xE972,0xEA72,0xEA72,
0xEA72,0xEA72,0x0A73,0x0A73,0x0A73,0x0A7B,0x0A7B,0x0A7B,0x0A7B,0x0A7B,0x0A7B,0x0A7B,0x0A7B,0x2A7B,0x2A7B,0x2A7B,
0x0A7B,0x0A7B,0x0A7B,0x2A7B,0x2A7B,0x2A7B,0x2A7B,0x2A83,0x2A83,0x4A83,0x4B83,0x4B83,0x4B83,0x4B83,0x4B7B,0x6B7B,
0x6B83,0x6B83,0x2A7B,0x0A73,0xE96A,0xC96A,0x8862,0x4752,0x2652,0x064A,0x064A,0xE649,0xE641,0xC641,0xC641,0xA541,
0x8539,0x2329,0xC220,0x8118,0x6010,0x4010,0x6110,0x6110,0x6110,0x8110,0x8110,0xA218,0xA218,0xA218,0xA220,0xA220,
0xAFAC,0xD0AC,0xD0AC,0xD0B4,0xD0B4,0xF0B4,0xF0B4,0xF0B4,0xF0B4,0x11B5,0x11BD,0x11B5,0x11B5,0x11B5,0x11B5,0x10B5,
0x10B5,0x11B5,0x11B5,0x31B5,0x51BD,0x72BD,0x72BD,0x72BD,0x72C5,0x92C5,0x93C5,0xB3C5,0xB3C5,0xB3CD,0xD3CD,0xD3CD,
0xB3CD,0xB3CD,0x93C5,0xB4C5,0x76DE,0xF9F6,0x3AF7,0x5AFF,0x5AFF,0xB7E6,0x56DE,0x77DE,0x56DE,0x56DE,0x56DE,0x56DE,
0x56DE,0x56DE,0x56DE,0x56DE,0x15D6,0x93C5,0xF0AC,0x4E9C,0xC86A,0x8341,0x4239,0x8341,0x6341,0x4341,0x4341,0x4341,
0x4341,0x4341,0x4341,0x4339,0x2339,0x0239,0x0239,0xE238,0xE238,0xE230,0xE230,0xE230,0xE230,0xE230,0xE130,0xE230,
0xC228,0xC228,0xE228,0xE228,0x0331,0x0331,0x2331,0x2331,0x0331,0x0331,0x4439,0x6439,0xA541,0xE649,0x2652,0x475A,
0x275A,0x475A,0x275A,0x265A,0x265A,0x265A,0x265A,0x265A,0x265A,0x265A,0x265A,0x265A,0x265A,0x2652,0x2652,0x2652,
0x2652,0x2652,0x2652,0x2652,0x2652,0x265A,0x265A,0x275A,0x265A,0x2652,0x2652,0x265A,0x265A,0x265A,0x2652,0x2652,
0x475A,0x475A,0x675A,0x675A,0x6762,0x8862,0x8862,0x8862,0x8862,0x8862,0x8862,0x8862,0x8862,0xA862,0xA862,0xA862,
0xA862,0xA86A,0xA86A,0xA96A,0xC96A,0xC96A,0xC96A,0xC96A,0xC96A,0xC96A,0xC96A,0xC96A,0xC96A,0xC96A,0xC972,0xC972,
0xC972,0xC972,0xC972,0xC972,0xE972,0xE972,0xE972,0xE972,0xE972,0xE972,0xEA72,0xEA72,0xEA72,0xEA72,0xEA72,0xEA72,
0xEA72,0x0A73,0x0A7B,0x0A7B,0x0A7B,0x0A7B,0x0A7B,0x0A7B,0x0A7B,0x0A7B,0x0A7B,0x0A7B,0x0A7B,0x0A7B,0x0A7B,0x0A7B,
0x0A7B,0x0A7B,0x0A7B,0x097B,0x0973,0x097B,0x297B,0x2A7B,0x2A7B,0x4A7B,0x2B83,0x4B83,0x4B83,0x4B83,0x4B83,0x4B7B,
0x6B7B,0x4B7B,0x2A73,0xEA72,0xA962,0x8862,0x4752,0x064A,0xE649,0xE649,0xE641,0xC641,0xA539,0x8539,0x6539,0x6431,
0x4431,0x0329,0xC220,0x8118,0x4010,0x4010,0x6110,0x6110,0x6110,0x8110,0x8110,0xA218,0xA218,0xA218,0xA220,0xA220,
0xAFAC,0xD0AC,0xD0AC,0xD0AC,0xD0B4,0xD0B4,0xF0B4,0xF0B4,0xF0B4,0x11B5,0x11B5,0x11B5,0x10B5,0x10B5,0x10B5,0x10B5,
0x10B5,0x10B5,0x11B5,0x31B5,0x31BD,0x51BD,0x52BD,0x72BD,0x72BD,0x72C5,0x93C5,0x93C5,0xB3C5,0xB3C5,0xB3CD,0xD3CD,
0xB3CD,0xB3CD,0xB3C5,0xB3C5,0x56DE,0x19EF,0x5AFF,0x5AFF,0x5AFF,0xD8EE,0x76DE,0x76DE,0x76DE,0x56DE,0x56DE,0x56DE,
0x56DE,0x56DE,0x56DE,0x56DE,0x35D6,0xF4CD,0x52BD,0xAFAC,0x8B83,0x055A,0x4239,0x4241,0x4341,0x4341,0x4341,0x4341,
0x4341,0x4339,0x4339,0x2339,0x2339,0x0239,0x0239,0xE238,0xE238,0xE230,0xE230,0xE230,0xE230,0xE230,0xE130,0xE230,
0xC228,0xC228,0xE228,0xE228,0x0331,0x0331,0x2331,0x2331,0x0331,0x0331,0x4439,0x6439,0xA541,0xE649,0x2652,0x475A,
0x275A,0x475A,0x275A,0x265A,0x265A,0x265A,0x265A,0x265A,0x265A,0x265A,0x265A,0x265A,0x265A,0x2652,0x2652,0x2652,
0x2652,0x2652,0x2652,0x2652,0x2652,0x265A,0x265A,0x275A,0x265A,0x2652,0x275A,0x275A,0x275A,0x475A,0x475A,0x475A,
0x675A,0x675A,0x6762,0x8862,0x8862,0x8862,0x8862,0xA862,0xA862,0xA862,0xA862,0xA862,0xA86A,0xA96A,0xC96A,0xA96A,
0xA96A,0xC96A,0xC96A,0xC96A,0xC96A,0xE96A,0xE96A,0xE96A,0xE96A,0xC96A,0xC96A,0xC972,0xC972,0xC972,0xC972,0xC972,
0xC972,0xC972,0xC972,0xC972,0xC972,0xE972,0xEA72,0xEA72,0xEA72,0xEA72,0x0A73,0x0A73,0x0A7B,0x0A7B,0x0A7B,0x0A7B,
0x0A7B,0x0A7B,0x0A7B,0x0A7B,0x0A7B,0x0A7B,0x0A7B,0x0A7B,0x0A7B,0x0A7B,0x0A7B,0x0A7B,0x0A7B,0x0A7B,0x0A7B,0x0A7B,
0xEA7A,0xE972,0xE972,0xC972,0xE872,0xE972,0x0973,0x0A7B,0x2A7B,0x2A7B,0x4B83,0x4B83,0x4B83,0x4B83,0x2B7B,0x2A73,
0x0A73,0xC96A,0xA96A,0xA862,0x475A,0x2752,0xE649,0xA541,0x8439,0x6439,0x6531,0x4431,0x0329,0xC220,0xA220,0xA218,
0x8118,0x8118,0x6110,0x4010,0x4010,0x4110,0x6110,0x6110,0x6110,0x8110,0x8110,0xA218,0xA218,0xA218,0xA220,0xA220,
0xAFAC,0xAFAC,0xAFAC,0xAFAC,0xD0AC,0xD0AC,0xD0B4,0xD0B4,0xF0B4,0xF0B4,0xF0B4,0xF0B4,0xF0B4,0x10B5,0x10B5,0x10B5,
0x10B5,0x10B5,0x10B5,0x11B5,0x31B5,0x31BD,0x31BD,0x52BD,0x72BD,0x72BD,0x92C5,0x93C5,0x93C5,0x93C5,0xB3C5,0xB3CD,
0xB3CD,0xB3CD,0xB3C5,0xB3C5,0x35D6,0xF8EE,0x3AF7,0x3AF7,0x5AFF,0x19F7,0x77DE,0x76DE,0x76DE,0x56DE,0x35DE,0x35DE,
0x35DE,0x35DE,0x35DE,0x56DE,0x35D6,0x15D6,0x93C5,0xF0B4,0x2D94,0xE872,0x8349,0x6341,0x6341,0x4341,0x4341,0x4341,
0x4341,0x4339,0x2339,0x2239,0x0239,0x0239,0x0239,0xE238,0xE230,0xE230,0x0231,0xE230,0x0231,0xE230,0xE130,0xE228,
0xC228,0xC228,0xE228,0xE228,0x0331,0x0331,0x2331,0x2331,0x0331,0x0331,0x4439,0x6439,0xA541,0xE649,0x2652,0x475A,
0x275A,0x475A,0x275A,0x265A,0x265A,0x265A,0x265A,0x265A,0x2652,0x2652,0x2652,0x2652,0x2652,0x2652,0x2652,0x2652,
0x2652,0x2652,0x2652,0x2652,0x2652,0x265A,0x265A,0x275A,0x275A,0x475A,0x475A,0x475A,0x675A,0x6762,0x675A,0x675A,
0x8862,0x8862,0xA862,0xA862,0xA862,0xA862,0xA862,0xA862,0xA862,0xA862,0xA86A,0xA86A,0xC96A,0xC96A,0xC96A,0xC96A,
0xC96A,0xC96A,0xE96A,0xE96A,0xE972,0xE96A,0xE96A,0xE96A,0xE96A,0xE972,0xE972,0xE972,0xE972,0xE972,0xE972,0xE972,
0xE972,0xE972,0xE972,0xEA72,0xEA72,0xEA72,0x0A7B,0x0A7B,0x0A7B,0x0A7B,0x0A7B,0x0A7B,0x2A7B,0x2A7B,0x2A7B,0x2A7B,
0x2A7B,0x2A7B,0x0A7B,0x0A7B,0x0A7B,0x0A7B,0x0A7B,0x0A7B,0x0A7B,0x0A7B,0x0A7B,0x0A7B,0x0A7B,0x0A73,0xEA72,0xC972,
0xC972,0xA96A,0xA86A,0xA86A,0xA86A,0xA86A,0xC86A,0xE972,0x0973,0x2A7B,0x4B7B,0x4B83,0x4B7B,0x2B7B,0x0A73,0xEA6A,
0xA962,0x685A,0x2752,0x0652,0xC649,0xA541,0x6439,0x2331,0xE228,0xC220,0xA218,0x8118,0x4110,0x2010,0x2008,0x2008,
0x2008,0x2008,0x2008,0x2008,0x2010,0x4010,0x6110,0x6110,0x6110,0x8110,0x8110,0xA218,0xA218,0xA218,0xA220,0xA220,
0xD0AC,0xAFAC,0xAFAC,0xAFAC,0xAFAC,0xAFAC,0xD0AC,0xD0B4,0xD0B4,0xF0B4,0xF0B4,0xF0B4,0xF0AC,0xF0B4,0x10B5,0x10B5,
0x10B5,0x10B5,0x10B5,0x11B5,0x11B5,0x31B5,0x31B5,0x51BD,0x52BD,0x72BD,0x72BD,0x92C5,0x92C5,0x93C5,0xB3C5,0xB3C5,
0xB3CD,0xB3CD,0xD3CD,0xB3C5,0x35D6,0xD8EE,0x39F7,0x39F7,0x5AFF,0x19F7,0x97E6,0x56DE,0x76DE,0x56DE,0x35DE,0x35DE,
0x35DE,0x35DE,0x35DE,0x35DE,0x15D6,0x35DE,0xF4CD,0x52BD,0xAFAC,0xAB8B,0x055A,0x8341,0x6341,0x4341,0x4341,0x4341,
0x4341,0x2339,0x2239,0x0239,0x0239,0x0339,0x0239,0x0239,0xE230,0xE230,0x0231,0xE230,0xE230,0xE230,0xE228,0xE228,
0xC228,0xC228,0xE228,0xE228,0x0331,0x0331,0x2331,0x2331,0x0331,0x0331,0x4439,0x6439,0xA541,0xE649,0x2652,0x475A,
0x275A,0x475A,0x275A,0x265A,0x265A,0x265A,0x265A,0x265A,0x2652,0x2652,0x2652,0x2652,0x2652,0x2652,0x2652,0x2652,
0x2652,0x2652,0x2652,0x2652,0x2652,0x265A,0x265A,0x275A,0x475A,0x475A,0x675A,0x6862,0x8862,0x8862,0x8862,0x8862,
0x8862,0xA862,0xA862,0xA86A,0xC96A,0xC96A,0xC96A,0xC96A,0xC96A,0xC96A,0xC96A,0xC96A,0xE96A,0xE972,0xE972,0xE96A,
0xC96A,0xE96A,0xE972,0xE972,0xEA72,0x0A73,0x0A73,0x0A73,0x0A73,0xEA72,0xEA72,0xEA72,0xEA72,0xEA72,0xEA72,0xEA72,
0xEA72,0xEA72,0x0A73,0x0A7B,0x0A7B,0x0A7B,0x0A7B,0x0A7B,0x0A7B,0x2A7B,0x2A7B,0x2A7B,0x2B7B,0x2B7B,0x2B7B,0x2B7B,
0x2B7B,0x2A7B,0x2A7B,0x2A7B,0x2A7B,0x2A7B,0x2A7B,0x0A7B,0x0A7B,0x0A7B,0x0A7B,0x0A7B,0x0A7B,0xC972,0xA96A,0xA96A,
0xA86A,0x886A,0x886A,0x886A,0x886A,0x886A,0xA86A,0xC86A,0xC96A,0x0A73,0x0A73,0x2A73,0x0A73,0xE96A,0xA962,0x685A,
0x2752,0xC541,0x6439,0x2331,0x0329,0x0329,0xC220,0xA118,0x8118,0x6010,0x4010,0x2008,0x2008,0x2008,0x2008,0x2008,
0x2008,0x2008,0x2008,0x2008,0x4010,0x4108,0x6110,0x6110,0x6110,0x8110,0x8110,0xA218,0xA218,0xA218,0xA220,0xA220,
0xD0AC,0xD0AC,0xD0AC,0xD0AC,0xD0AC,0xD0AC,0xD0AC,0xD0AC,0xD0B4,0xF0B4,0xF0B4,0xF0B4,0xF0AC,0xF0AC,0xF0B4,0xF0B4,
0x10B5,0xF0B4,0xF0B4,0x10B5,0x11B5,0x31B5,0x31B5,0x51BD,0x51BD,0x51BD,0x72BD,0x72C5,0x92C5,0x93C5,0x93C5,0xB3C5,
0xB3C5,0xB3C5,0xD3CD,0xD4CD,0x14D6,0x97E6,0x19F7,0x39F7,0x7AFF,0x19F7,0x97E6,0x56DE,0x76DE,0x76DE,0x56DE,0x35DE,
0x35DE,0x35D6,0x35D6,0x35D6,0x35DE,0x56DE,0x35D6,0xB3C5,0xF0AC,0x2E9C,0xC86A,0x8349,0x4341,0x6341,0x6341,0x4341,
0x4341,0x4339,0x2339,0x2239,0x0239,0xE238,0xE230,0xE230,0xE230,0xE230,0xE230,0xE230,0xE230,0xE228,0xE228,0xE228,
0xC228,0xC228,0xE228,0xE228,0xE230,0x0331,0x2331,0x2331,0x0331,0x0331,0x4439,0x6439,0xA541,0xE549,0x0652,0x2752,
0x275A,0x475A,0x275A,0x265A,0x265A,0x265A,0x265A,0x265A,0x265A,0x265A,0x265A,0x265A,0x265A,0x2652,0x2652,0x2652,
0x2652,0x2652,0x2652,0x2652,0x2652,0x275A,0x475A,0x475A,0x675A,0x6862,0x6862,0x8862,0x8862,0x8862,0xA862,0xA862,
0xA86A,0xA86A,0xC96A,0xC96A,0xC96A,0xC96A,0xC96A,0xE96A,0xE96A,0xE96A,0xE972,0xE972,0xE972,0xE972,0xEA72,0xEA72,
0xEA72,0x0A73,0x0A73,0x0A73,0x0A73,0x0A73,0x0A73,0x0A73,0x0A73,0x0A73,0x0A73,0x0A73,0x0A73,0x0A73,0x0A7B,0x0A7B,
0x0A7B,0x0A7B,0x0A7B,0x2A7B,0x2A7B,0x2B7B,0x2B7B,0x2B7B,0x2B7B,0x2B7B,0x2B7B,0x2B7B,0x4B7B,0x4B7B,0x4B7B,0x4B7B,
0x4B7B,0x4B7B,0x2B7B,0x2B7B,0x2B7B,0x2B7B,0x2B7B,0x2A7B,0x0A7B,0x0A7B,0x0A7B,0x0A7B,0x0A7B,0xA96A,0xA86A,0x8862,
0x8862,0xA86A,0xA96A,0xA86A,0xC972,0xC96A,0xC972,0xE96A,0xC96A,0xC96A,0xC96A,0xC96A,0xA962,0x685A,0x2752,0xC641,
0x4431,0xE228,0xA120,0xA120,0x8118,0x6118,0x4010,0x4008,0x2008,0x2008,0x2008,0x2008,0x2008,0x2008,0x2008,0x2008,
0x2008,0x2008,0x2008,0x2008,0x4008,0x4108,0x6110,0x6110,0x6110,0x8110,0x8110,0x8218,0xA218,0xA220,0xA220,0xA220,
0xAFAC,0xAFAC,0xAFAC,0xAFAC,0xD0AC,0xD0AC,0xD0AC,0xD0AC,0xD0AC,0xD0B4,0xD0B4,0xF0B4,0xF0AC,0xF0AC,0xF0AC,0xF0B4,
0xF0B4,0xF0AC,0xF0AC,0x10B5,0x11B5,0x31B5,0x31B5,0x31B5,0x31BD,0x31BD,0x52BD,0x72BD,0x72C5,0x92C5,0x92C5,0x93C5,
0x93C5,0xB3C5,0xB3CD,0xD3CD,0xF4CD,0x56DE,0xD8EE,0x18F7,0x18F7,0xD7EE,0x76DE,0x56DE,0x76DE,0x76DE,0x56DE,0x35DE,
0x35DE,0x35D6,0x35D6,0x35D6,0x35DE,0x35DE,0x35DE,0xF4CD,0x52BD,0xAFAC,0x8B8B,0x055A,0x4241,0x6341,0x6341,0x4341,
0x4341,0x4339,0x2339,0x2239,0x0239,0xE230,0xE230,0xE230,0xE230,0xE230,0xE230,0xE230,0xE228,0xE228,0xE228,0xC228,
0xC228,0xC228,0xC228,0xE228,0xE230,0x0331,0x0331,0x2331,0x0331,0x0331,0x2339,0x6439,0xA541,0xE549,0x0652,0x2752,
0x275A,0x475A,0x275A,0x265A,0x265A,0x265A,0x265A,0x265A,0x265A,0x265A,0x265A,0x265A,0x265A,0x265A,0x265A,0x265A,
0x265A,0x265A,0x265A,0x265A,0x275A,0x475A,0x6762,0x6862,0x8862,0xA862,0xA86A,0xA96A,0xA96A,0xA96A,0xA86A,0xA86A,
0xC96A,0xC96A,0xC96A,0xC96A,0xC96A,0xE96A,0xE96A,0xE972,0xE972,0x0A73,0xEA72,0xEA72,0x0A73,0x0A73,0x0A73,0x0A73,
0x0A73,0x0A73,0x0A73,0x0A73,0x0A73,0x2A73,0x2A73,0x2A73,0x2A73,0x0A73,0x0A73,0x0A7B,0x0A7B,0x0A7B,0x0A7B,0x0A7B,
0x0A7B,0x0A7B,0x2A7B,0x2B7B,0x2B7B,0x2B7B,0x2B7B,0x2B7B,0x2B7B,0x2B7B,0x2B7B,0x2B7B,0x4B7B,0x4B7B,0x4B7B,0x4B7B,
0x4B7B,0x4B7B,0x2B7B,0x2B7B,0x2B7B,0x2B7B,0x2B7B,0x2B7B,0x2A7B,0x2A7B,0x2A7B,0x2A7B,0x2A7B,0xC96A,0xA86A,0x886A,
0xA86A,0xC96A,0xE972,0x0A7B,0x0A7B,0xE972,0xE972,0xC96A,0xC96A,0xC96A,0x8862,0x675A,0x064A,0xA541,0x4431,0xC220,
0x6010,0x6010,0x8118,0x4010,0x6010,0x4010,0x4008,0x2008,0x2008,0x2008,0x2008,0x2008,0x2008,0x2008,0x2008,0x2008,
0x2008,0x2008,0x2008,0x2008,0x4008,0x4108,0x6110,0x6110,0x6110,0x8110,0x8110,0x8218,0xA218,0xA220,0xA220,0xA220,
0xAFAC,0xAFAC,0xAFAC,0xAFAC,0xD0AC,0xD0AC,0xD0AC,0xD0AC,0xD0AC,0xD0AC,0xD0B4,0xD0AC,0xF0AC,0xF0AC,0xF0AC,0xF0AC,
0xF0AC,0xF0AC,0xF0AC,0x10B5,0x10B5,0x11B5,0x31B5,0x31B5,0x31B5,0x31B5,0x51BD,0x72BD,0x72BD,0x72C5,0x92C5,0x92C5,
0x93C5,0x93C5,0xB3C5,0xB3C5,0xD3CD,0x14D6,0x56DE,0x97E6,0x76DE,0x76DE,0x56DE,0x56DE,0x76DE,0x76DE,0x56DE,0x35DE,
0x35DE,0x35D6,0x35D6,0x35D6,0x35D6,0x35D6,0x35DE,0x15D6,0xB3CD,0x11B5,0x4EA4,0xC872,0x8341,0x4241,0x4341,0x4341,
0x4341,0x4339,0x2339,0x2239,0x0239,0xE230,0xE330,0xE230,0xE230,0xE230,0xE230,0xE228,0xE228,0xE228,0xE228,0xC228,
0xC228,0xC228,0xC228,0xE228,0xE228,0x0331,0x0331,0x0331,0x0331,0x0331,0x2339,0x6439,0xA541,0xE549,0x0652,0x2752,
0x275A,0x475A,0x275A,0x265A,0x265A,0x265A,0x265A,0x265A,0x265A,0x265A,0x265A,0x265A,0x265A,0x475A,0x475A,0x475A,
0x475A,0x475A,0x475A,0x475A,0x475A,0x6762,0x8862,0xA862,0xA86A,0xA862,0xA86A,0xA96A,0xA96A,0xC96A,0xC96A,0xC96A,
0xC96A,0xE96A,0xE96A,0xE96A,0xE96A,0xE972,0xE972,0x0A73,0x0A73,0x0A73,0x0A73,0x0A73,0x0A73,0x0A73,0x0A73,0x0A73,
0x0A73,0x0A73,0x0A73,0x0A73,0x2A73,0x2A73,0x2A73,0x2A73,0x2A73,0x2A73,0x2A7B,0x2A7B,0x2A7B,0x2A7B,0x2A7B,0x2A7B,
0x2A7B,0x2A7B,0x2A7B,0x2B7B,0x2B7B,0x4B7B,0x4B7B,0x4B7B,0x4B7B,0x4B7B,0x4B7B,0x4B7B,0x4B83,0x4B83,0x4B83,0x4B83,
0x4B83,0x4B83,0x4B7B,0x4B7B,0x4B7B,0x4B7B,0x4B7B,0x4B7B,0x4B7B,0x4B7B,0x2B7B,0x2B7B,0x2B7B,0xEA72,0xC96A,0xC96A,
0xC96A,0xE96A,0xE972,0x0A7B,0x2A7B,0x0A7B,0x0A73,0xEA72,0xA96A,0x8862,0x2652,0xA541,0x4331,0xE220,0x8118,0x6118,
0x6118,0x8118,0x6110,0x6110,0x6110,0x6110,0x4008,0x4008,0x4008,0x4008,0x2008,0x2008,0x2008,0x2008,0x2008,0x2008,
0x2008,0x2008,0x2008,0x2008,0x4008,0x4108,0x6110,0x6110,0x6110,0x8110,0x8110,0x8218,0x8218,0xA218,0xA220,0xA218,
0x8FAC,0xAFAC,0xAFAC,0xAFAC,0xD0AC,0xD0AC,0xD0AC,0xD0AC,0xD0AC,0xD0AC,0xD0AC,0xD0AC,0xF0AC,0xF0AC,0xF0AC,0xF0AC,
0xF0AC,0xF0AC,0xF0AC,0xF0B4,0x10B5,0x11B5,0x11B5,0x31B5,0x31B5,0x31B5,0x51BD,0x52BD,0x72BD,0x72BD,0x72C5,0x72C5,
0x92C5,0x92C5,0x92C5,0xB2C5,0xB3C5,0xD3CD,0xF4CD,0x14D6,0x14D6,0x35D6,0x55DE,0x76DE,0x76DE,0x76DE,0x56DE,0x35DE,
0x35DE,0x35D6,0x35D6,0x35DE,0x35D6,0x15D6,0x35D6,0x15D6,0xF4CD,0x52BD,0xAFAC,0x8B8B,0x055A,0x2239,0x4341,0x4341,
0x4341,0x4339,0x2339,0x2239,0x0239,0xE230,0xE230,0xE230,0xE230,0xE230,0xE228,0xE228,0xE228,0xE228,0xC228,0xC228,
0xC228,0xC228,0xC228,0xC228,0xE228,0xE230,0x0331,0x0331,0x0331,0x0331,0x2331,0x6439,0xA541,0xE649,0x0652,0x2752,
0x275A,0x475A,0x275A,0x265A,0x265A,0x265A,0x265A,0x275A,0x275A,0x275A,0x275A,0x275A,0x275A,0x475A,0x475A,0x475A,
0x475A,0x475A,0x475A,0x675A,0x6862,0x8862,0xA862,0xA96A,0xA96A,0xA86A,0xA96A,0xC96A,0xC96A,0xC96A,0xC96A,0xC96A,
0xE96A,0xE96A,0xE972,0xE972,0x0A73,0x0A73,0x0A73,0x0A73,0x0A73,0x2A73,0x0A73,0x2A73,0x2A73,0x2A7B,0x2A7B,0x2A73,
0x0A73,0x2A73,0x2A73,0x2A7B,0x2A7B,0x2A73,0x2A73,0x2A73,0x2A73,0x2A7B,0x2A7B,0x2A7B,0x2A7B,0x2A7B,0x2A7B,0x2A7B,
0x2B7B,0x2B7B,0x2B7B,0x4B7B,0x4B83,0x4B83,0x4B83,0x4B83,0x4B83,0x4B83,0x4B83,0x4B83,0x4B83,0x4B83,0x4B83,0x4B83,
0x4B83,0x4B83,0x4B83,0x4B83,0x4B83,0x4B83,0x4B83,0x4B83,0x4B7B,0x4B7B,0x4B7B,0x4B7B,0x4B7B,0x2A7B,0x0A73,0xE972,
0xC96A,0xC96A,0xC96A,0xE972,0x0A7B,0xE972,0xE972,0xA96A,0x8862,0x2752,0xA541,0x2329,0xC120,0x8018,0x8018,0x8118,
0x8110,0x6110,0x6110,0x6110,0x6110,0x6110,0x4008,0x4008,0x2008,0x2008,0x2008,0x2008,0x2008,0x2008,0x2008,0x2008,
0x2008,0x2008,0x2008,0x2008,0x4008,0x4108,0x6110,0x6110,0x6110,0x8110,0x8110,0x8118,0x8218,0xA218,0xA218,0xA218,
0x8EA4,0x8FA4,0xAFAC,0xCFAC,0xCFAC,0xD0AC,0xCFAC,0xD0AC,0xD0AC,0xD0AC,0xD0AC,0xF0AC,0xF0AC,0xF0AC,0xF0AC,0xF0AC,
0xF0AC,0xF0AC,0xF0AC,0xF0AC,0xF0B4,0x10B5,0x10B5,0x11B5,0x31B5,0x31B5,0x31B5,0x51BD,0x52BD,0x72BD,0x72BD,0x92C5,
0x92C5,0x72C5,0x72C5,0x72C5,0x93C5,0xB3CD,0xD4CD,0xF4D5,0xF4D5,0xF4D5,0x15D6,0x56DE,0x76E6,0x76E6,0x56DE,0x56DE,
0x35D6,0x35D6,0x35D6,0x35D6,0x15D6,0x35D6,0x35D6,0x15D6,0x15D6,0xB3CD,0xF1B4,0x2E9C,0xC86A,0x6339,0x6341,0x4339,
0x4339,0x4239,0x2339,0x2239,0x2231,0x0231,0x0231,0xE230,0xE228,0xC228,0xC228,0xC228,0xC228,0xC228,0xC228,0xC228,
0xC228,0xC228,0xC228,0xC228,0xE228,0xE228,0x0331,0x0331,0x0331,0x0331,0x0331,0x6439,0xA541,0xE649,0x0752,0x2752,
0x2752,0x2752,0x2652,0x2652,0x2652,0x2652,0x2652,0x275A,0x275A,0x475A,0x475A,0x475A,0x475A,0x475A,0x675A,0x675A,
0x6862,0x6862,0x8862,0x8862,0x8862,0xA862,0xA96A,0xC96A,0xC96A,0xC96A,0xC96A,0xC96A,0xC96A,0xE96A,0xE972,0xE972,
0xEA72,0x0A73,0x0A73,0x0A73,0x0A73,0x0A73,0x0A73,0x0A73,0x0A73,0x0A73,0x2A73,0x2A7B,0x2A7B,0x2A7B,0x2A7B,0x2B7B,
0x2B7B,0x2B7B,0x4B7B,0x2B7B,0x4B7B,0x2A7B,0x2A7B,0x2A7B,0x2A7B,0x2A7B,0x2A7B,0x2B7B,0x2B7B,0x2B7B,0x2B7B,0x2B7B,
0x4B7B,0x4B83,0x4B83,0x4B83,0x4B83,0x4B83,0x4B83,0x4B83,0x4B83,0x4B83,0x4B83,0x4B83,0x6B83,0x4B83,0x4B83,0x4B83,
0x4B83,0x4B83,0x4B83,0x4B7B,0x4B7B,0x4B7B,0x4B83,0x4B83,0x4B83,0x4B83,0x4B83,0x6B83,0x6B83,0x4B7B,0x2A73,0x0A73,
0xC96A,0xC96A,0xA96A,0xA96A,0xA86A,0xA86A,0x8862,0x475A,0x0752,0xC541,0x2329,0xA120,0x8118,0x8118,0x6110,0x6110,
0x6110,0x6110,0x6110,0x6110,0x6110,0x4108,0x4008,0x2008,0x2008,0x2008,0x2008,0x2008,0x2008,0x2008,0x2008,0x2008,
0x2008,0x2008,0x2008,0x2008,0x2108,0x4008,0x4108,0x6110,0x6110,0x6110,0x8110,0x8118,0xA118,0xA218,0xA220,0xA218,
0x2D94,0x4E9C,0x8FA4,0xCFAC,0xD0AC,0xD0AC,0xCFAC,0xCFAC,0xCFAC,0xD0AC,0xD0AC,0xF0AC,0xF0AC,0xF0AC,0xF0AC,0xF0AC,
0xF0AC,0xF0AC,0xF0AC,0xF0AC,0xF0B4,0xF0B4,0x10B5,0x11B5,0x11B5,0x31B5,0x31BD,0x51BD,0x51BD,0x72BD,0x72BD,0x72C5,
0x72BD,0x72BD,0x72C5,0x72C5,0x93C5,0x93CD,0xD4CD,0xD4D5,0xD4D5,0xD4D5,0xF4D5,0x35DE,0x76E6,0x76E6,0x76DE,0x56DE,
0x35D6,0x15D6,0x15D6,0x35D6,0x15D6,0x35D6,0x35D6,0x15D6,0x15D6,0xF4CD,0x52BD,0x8FA4,0x6B7B,0x0552,0x6339,0x2239,
0x2239,0x2239,0x2231,0x0231,0x0231,0x0231,0x0231,0xE228,0xE228,0xC228,0xC228,0xC228,0xC228,0xC228,0xC228,0xC228,
0xC228,0xC228,0xC228,0xC228,0xE228,0xE228,0x0331,0x0331,0x2331,0x0331,0x0331,0x6439,0xA541,0xE649,0x0752,0x2752,
0x2752,0x2752,0x2752,0x2652,0x2752,0x2752,0x475A,0x475A,0x475A,0x475A,0x675A,0x675A,0x675A,0x6862,0x6862,0x6862,
0x8862,0x8862,0x8862,0xA862,0xA862,0xA96A,0xC96A,0xC96A,0xC96A,0xC96A,0xC96A,0xE96A,0xE96A,0xEA72,0xEA72,0xEA72,
0x0A73,0x0A73,0x0A73,0x0A73,0x2A73,0x2A73,0x2A73,0x2A73,0x2A73,0x2A73,0x2A7B,0x2A7B,0x2B7B,0x2B7B,0x2B7B,0x4B7B,
0x4B7B,0x4B7B,0x4B7B,0x4B7B,0x4B7B,0x4B7B,0x4B7B,0x4B7B,0x4B7B,0x4B7B,0x4B7B,0x2B7B,0x2B7B,0x2B7B,0x4B7B,0x4B83,
0x4B83,0x4B83,0x4B83,0x4B83,0x4B83,0x4B83,0x6B83,0x6B83,0x6B83,0x6B83,0x6B83,0x6B83,0x6B83,0x4B83,0x4B83,0x4B83,
0x4B83,0x4B83,0x4B83,0x4B83,0x4B83,0x4B83,0x4B83,0x4B83,0x4B83,0x4A83,0x4B7B,0x4B7B,0x4B7B,0x4B7B,0x2A73,0xEA72,
0xC96A,0xA96A,0xA862,0x8862,0x6862,0x6862,0x485A,0xE651,0xA541,0x4431,0xC220,0x6118,0x6010,0x6110,0x6110,0x6110,
0x6110,0x6110,0x6110,0x6110,0x6110,0x4008,0x2008,0x2008,0x2008,0x2008,0x2008,0x2008,0x2008,0x2008,0x2008,0x2008,
0x2008,0x2008,0x2008,0x2008,0x2108,0x4008,0x4108,0x6110,0x6110,0x6110,0x8110,0xA118,0xA118,0xA118,0xA220,0xA118,
0xCC8B,0x0C94,0x4D9C,0x8FA4,0xAFAC,0xCFAC,0xCFAC,0xCFAC,0xCFAC,0xCFAC,0xD0AC,0xD0AC,0xD0AC,0xD0AC,0xD0AC,0xD0AC,
0xD0AC,0xD0AC,0xD0AC,0xF0AC,0xF0AC,0xF0B4,0xF0B4,0x10B5,0x11B5,0x11B5,0x31B5,0x31BD,0x51BD,0x52BD,0x52BD,0x72BD,
0x72BD,0x72BD,0x52BD,0x52C5,0x72C5,0x93C5,0xB3CD,0xB3CD,0xD4CD,0xB3CD,0xD4D5,0x35DE,0x76E6,0x97E6,0x76E6,0x56DE,
0x15D6,0x15D6,0x15D6,0x15D6,0x15D6,0x35D6,0x35D6,0x15D6,0x15D6,0xF5D5,0x93C5,0xD0AC,0xED93,0xA86A,0x6341,0x2239,
0x4239,0x2239,0x2239,0x2231,0x2231,0x0231,0x0231,0xE228,0xC228,0xC228,0xC228,0xC228,0xC228,0xC228,0xC228,0xC228,
0xC228,0xC228,0xC228,0xC228,0xE228,0xE228,0xE230,0xE230,0x2331,0x0331,0x2331,0x6439,0xA541,0xE649,0x0752,0x2752,
0x2752,0x2752,0x2752,0x2752,0x475A,0x475A,0x475A,0x675A,0x675A,0x6862,0x8862,0x8862,0x8862,0x8862,0x8862,0x8862,
0xA862,0xA862,0xA96A,0xA96A,0xC96A,0xC96A,0xE96A,0xE96A,0xE96A,0xE96A,0xE96A,0xEA72,0x0A73,0x0A73,0x0A73,0x0A73,
0x2A73,0x2A73,0x2A7B,0x2A7B,0x2A7B,0x2A7B,0x2A7B,0x2A7B,0x2A7B,0x2A7B,0x2B7B,0x4B7B,0x4B7B,0x4B7B,0x4B7B,0x4B7B,
0x4B7B,0x4B7B,0x4B7B,0x4B7B,0x4B7B,0x4B7B,0x4B7B,0x4B7B,0x4B7B,0x4B7B,0x4B7B,0x4B7B,0x4B7B,0x4B83,0x4B83,0x4B83,
0x6B83,0x6B83,0x6B83,0x6B83,0x6B83,0x6B83,0x6B83,0x6B83,0x6B83,0x6B83,0x6B83,0x6B83,0x6C83,0x6B83,0x4B83,0x4B83,
0x4B83,0x4B83,0x6B83,0x6C83,0x6C83,0x6C83,0x6B83,0x6B83,0x6B83,0x4B83,0x4B7B,0x4A7B,0x2A7B,0x2A73,0x0A73,0xC96A,
0xA96A,0x8862,0x8862,0x6862,0x475A,0x275A,0xE651,0x8541,0x2331,0xE228,0x8118,0x6110,0x6110,0x8118,0x6110,0x6110,
0x6110,0x6110,0x6110,0x6110,0x6110,0x4008,0x2008,0x2008,0x2008,0x2008,0x2008,0x2008,0x2008,0x2008,0x2008,0x2008,
0x2008,0x2008,0x2008,0x2008,0x2108,0x4008,0x4108,0x6110,0x6110,0x6110,0x8110,0xA118,0xA118,0xA118,0xA220,0xA118,
0xEC8B,0xEC8B,0x0C94,0x2D94,0x6E9C,0xAFA4,0xAFAC,0xCFAC,0xCFAC,0xCFAC,0xCFAC,0xD0AC,0xD0AC,0xD0AC,0xD0AC,0xD0AC,
0xD0AC,0xD0AC,0xD0AC,0xF0AC,0xF0AC,0xF0AC,0xF0B4,0x10B5,0x10B5,0x11B5,0x31B5,0x31B5,0x31BD,0x51BD,0x52BD,0x52BD,
0x52BD,0x52BD,0x52BD,0x52C5,0x72C5,0x72C5,0x93C5,0x93CD,0xB3CD,0xB3CD,0xD4CD,0x15DE,0x56E6,0x96E6,0x97E6,0x56DE,
0x15D6,0xF4D5,0x15D6,0x15D6,0x15D6,0x35D6,0x35D6,0x15D6,0x15D6,0x15D6,0xD4CD,0x31B5,0x6F9C,0x4A7B,0xC449,0x2239,
0x2239,0x2239,0x2239,0x0231,0x0231,0x0231,0x0231,0xE228,0xC228,0xC128,0xC228,0xC228,0xC228,0xC228,0xC228,0xC228,
0xC228,0xC228,0xC228,0xC228,0xE228,0xE228,0xE228,0xE228,0x2331,0x0331,0x2331,0x6441,0xA541,0xE649,0x0752,0x2752,
0x2752,0x2752,0x2752,0x475A,0x475A,0x675A,0x675A,0x6862,0x8862,0x8862,0x8862,0x8862,0x8862,0xA862,0xA862,0xA96A,
0xA96A,0xC96A,0xC96A,0xC96A,0xC96A,0xE96A,0xEA72,0xEA72,0xEA72,0xEA72,0x0A73,0x0A73,0x0A73,0x0A73,0x2A73,0x2A7B,
0x2A7B,0x2B7B,0x4B7B,0x4B7B,0x4B7B,0x4B7B,0x4B7B,0x4B7B,0x4B7B,0x4B7B,0x4B7B,0x4B7B,0x4B7B,0x4B7B,0x4B7B,0x4B7B,
0x4B7B,0x4B7B,0x4B7B,0x4B7B,0x4B7B,0x6B7B,0x6B7B,0x6B7B,0x6B7B,0x4B7B,0x4B7B,0x4B83,0x4B83,0x4B83,0x6B83,0x6B83,
0x6B83,0x6C83,0x6C83,0x6C83,0x6C83,0x6C83,0x6B83,0x6B83,0x6B83,0x6B83,0x6B83,0x6B83,0x6C83,0x6B83,0x6B83,0x4B83,
0x6B83,0x6B83,0x6C83,0x8C83,0x8C8B,0x8C83,0x6B83,0x6B83,0x4B83,0x4A7B,0x2A7B,0x0A73,0x0A73,0xE972,0xC96A,0xA96A,
0x8862,0x6862,0x6862,0x6862,0x275A,0xE651,0xA541,0x2331,0xC220,0x8118,0x4010,0x4010,0x6110,0x6110,0x6110,0x6110,
0x6110,0x6110,0x6110,0x6110,0x6110,0x4008,0x2008,0x2008,0x2008,0x2008,0x2008,0x2008,0x2008,0x2008,0x2008,0x2008,
0x2008,0x2008,0x2008,0x2008,0x2108,0x4008,0x4108,0x6110,0x6110,0x6110,0x8110,0xA118,0xA118,0xA118,0xA220,0xA118,
0x2D94,0xEC8B,0xCC8B,0xEC8B,0x2D94,0x6E9C,0x8FA4,0xAFA4,0xAFAC,0xCFAC,0xCFAC,0xD0AC,0xD0AC,0xCFAC,0xCFAC,0xD0AC,
0xF0AC,0xD0AC,0xD0AC,0xF0AC,0xF0AC,0xF0AC,0xF0AC,0x10B5,0x10B5,0x11B5,0x31B5,0x31B5,0x31BD,0x51BD,0x51BD,0x52BD,
0x52BD,0x52BD,0x52BD,0x52BD,0x52C5,0x72C5,0x72C5,0x93CD,0xB3CD,0xB3CD,0xD4CD,0xF4D5,0x56DE,0x96E6,0x97E6,0x56DE,
0x15D6,0x15D6,0xF4D5,0x15D6,0x15D6,0x15D6,0x15D6,0x15D6,0x15D6,0x35D6,0xF5D5,0x72BD,0xD0AC,0xED93,0x465A,0x4239,
0x2231,0x2231,0x0231,0x0231,0x0231,0xE230,0xE228,0xE228,0xC228,0xC128,0xC128,0xC228,0xC228,0xC228,0xA228,0xA228,
0xC228,0xA128,0xC228,0xC228,0xE228,0xE228,0xE228,0xE230,0x0331,0x0331,0x2331,0x6439,0xC649,0xE649,0x0752,0x2752,
0x275A,0x475A,0x475A,0x675A,0x675A,0x685A,0x8862,0x8862,0x8862,0xA862,0xA862,0xA862,0xA862,0xA96A,0xC96A,0xC96A,
0xC96A,0xC96A,0xC96A,0xE96A,0xE96A,0xEA72,0x0A73,0x0A73,0x0A73,0x0A73,0x0A73,0x0A73,0x0A73,0x2A73,0x2A7B,0x2A7B,
0x2B7B,0x4B7B,0x4B7B,0x4B7B,0x4B7B,0x4B7B,0x4B7B,0x4B7B,0x4B7B,0x4B7B,0x4B7B,0x4B7B,0x4B7B,0x6B7B,0x6B7B,0x4B7B,
0x4B7B,0x4B7B,0x4B7B,0x4B7B,0x4B7B,0x6B7B,0x6B7B,0x6B7B,0x6B7B,0x6B83,0x6B83,0x6B83,0x6B83,0x6B83,0x6B83,0x6B83,
0x6C83,0x6C83,0x6C83,0x8C83,0x8C83,0x8C83,0x8C83,0x6C83,0x6C83,0x6C83,0x6C83,0x6B83,0x6B83,0x6B83,0x4B83,0x6B83,
0x6B83,0x6C83,0x8C83,0x8C8B,0xAC8B,0x8C8B,0x6B83,0x4B83,0x4A7B,0x0A7B,0x0973,0xE972,0xC972,0xA96A,0xA862,0x8862,
0x8862,0x6862,0x675A,0x275A,0xE649,0xA541,0x4439,0xC228,0x6118,0x4010,0x4010,0x4110,0x6110,0x6110,0x6110,0x6110,
0x6110,0x6110,0x6110,0x4110,0x6110,0x4008,0x2008,0x2008,0x2008,0x2008,0x2008,0x2008,0x2008,0x2008,0x2008,0x2008,
0x2008,0x0008,0x2008,0x2008,0x2008,0x4008,0x4108,0x6110,0x6110,0x8110,0x8110,0xA118,0xA118,0xA118,0xA118,0xA118,
0x4E9C,0x2D94,0xEC93,0xEC8B,0xEC93,0x0D94,0x4D9C,0x6E9C,0xAFA4,0xAFAC,0xAFAC,0xCFAC,0xCFAC,0xAFAC,0xAFAC,0xCFAC,
0xD0AC,0xD0AC,0xD0AC,0xF0AC,0xF0AC,0xF0AC,0xF0AC,0x10B5,0x10B5,0x11B5,0x31B5,0x31B5,0x31BD,0x51BD,0x51BD,0x51BD,
0x52BD,0x72BD,0x52BD,0x52BD,0x52C5,0x52BD,0x72C5,0x93CD,0xB3CD,0xB3CD,0xD4CD,0xF4D5,0x35DE,0x97E6,0x97E6,0x76DE,
0x15D6,0xF4CD,0xF4CD,0xF4D5,0xF4D5,0xF4D5,0x15D6,0x15D6,0x15D6,0x35D6,0xF5D5,0xB3C5,0x11B5,0x6F9C,0x0973,0x8341,
0x2231,0x2231,0x2231,0x0231,0x0231,0xE228,0xE228,0xE228,0xC228,0xC128,0xC128,0xC228,0xC228,0xC228,0xA228,0xA228,
0xA128,0xA120,0xA128,0xC228,0xE228,0x0331,0x0331,0x0331,0x2331,0x2339,0x4439,0x8541,0xE649,0x0752,0x2752,0x475A,
0x485A,0x685A,0x685A,0x8862,0x8862,0x8862,0x8862,0xA862,0xA862,0xA96A,0xA96A,0xC96A,0xC96A,0xC96A,0xC96A,0xC96A,
0xE96A,0xE96A,0xE96A,0xEA72,0xEA72,0x0A73,0x0A73,0x0A73,0x0A73,0x2A73,0x0A73,0x2A73,0x2A73,0x2A73,0x2B7B,0x2B7B,
0x4B7B,0x4B7B,0x4B7B,0x4B7B,0x4B7B,0x4B7B,0x4B7B,0x4B7B,0x4B7B,0x4B7B,0x6B83,0x6B83,0x6B83,0x6B7B,0x6B7B,0x6B83,
0x6B83,0x6B83,0x6B83,0x6B83,0x6B83,0x6B7B,0x6B83,0x6B83,0x6B83,0x6C83,0x6C83,0x6C83,0x6C83,0x6C83,0x6C83,0x6C83,
0x6C83,0x6C83,0x6C83,0x8C83,0x8C83,0x8C8B,0x8C8B,0x8C8B,0x6C83,0x6C83,0x6B83,0x6B83,0x6B83,0x4B83,0x4B83,0x6B83,
0x6C83,0x6C83,0x8C8B,0x8C8B,0x8C8B,0x6C83,0x4B83,0x4B83,0x2A7B,0xE972,0xC96A,0xC86A,0xA86A,0x8862,0x8862,0x6862,
0x6862,0x475A,0x275A,0x0652,0xA541,0x2331,0xC220,0x8118,0x4010,0x4010,0x4010,0x4110,0x6110,0x6110,0x6110,0x6110,
0x6110,0x6110,0x6110,0x4110,0x6110,0x4008,0x2008,0x2008,0x2008,0x2008,0x2008,0x2008,0x2008,0x2008,0x2008,0x2008,
0x0008,0x0008,0x0008,0x2008,0x2008,0x4008,0x4008,0x6110,0x6110,0x8110,0xA218,0xA118,0xA118,0xA118,0xA118,0xA118,
0x8EA4,0x6EA4,0x4E9C,0x2D94,0xEC93,0xCC8B,0xEC93,0x2D94,0x6E9C,0x8FA4,0xAFA4,0xAFAC,0xCFAC,0xCFAC,0xCFAC,0xD0AC,
0xD0AC,0xD0AC,0xD0AC,0xD0AC,0xF0AC,0xF0AC,0xF0AC,0xF0B4,0x10B5,0x11B5,0x11B5,0x31B5,0x31B5,0x31BD,0x51BD,0x51BD,
0x52BD,0x52BD,0x52BD,0x52BD,0x52BD,0x52BD,0x52C5,0x93C5,0xB3CD,0xB3CD,0xB3CD,0xF4D5,0x35DE,0x76E6,0x97E6,0x97E6,
0x35DE,0xD4CD,0xD4CD,0xF4D5,0xF4D5,0xF4D5,0x15D6,0x15D6,0x15D6,0x15D6,0x15D6,0xF5D5,0x52BD,0x8FA4,0xAC8B,0x0652,
0x4339,0x0231,0x0231,0x0231,0xE230,0xE228,0xE228,0xE228,0xC228,0xC128,0xC128,0xC228,0xC228,0xA228,0xA120,0xA120,
0xA120,0xA120,0xA120,0xA120,0xC228,0xE228,0x0331,0x2339,0x6439,0x8541,0xA549,0xE649,0x0752,0x2752,0x485A,0x685A,
0x685A,0x8862,0x8862,0xA862,0xA862,0xA862,0xA862,0xC96A,0xC96A,0xC96A,0xC96A,0xE96A,0xE96A,0xE96A,0xE96A,0xE96A,
0xEA72,0xEA72,0xEA72,0x0A73,0x0A73,0x0A73,0x0A73,0x2A73,0x2A73,0x2A73,0x2B7B,0x2B7B,0x2B7B,0x2B7B,0x4B7B,0x4B7B,
0x4B7B,0x4B7B,0x4B7B,0x4B7B,0x4B7B,0x4B7B,0x4B7B,0x4B7B,0x4B7B,0x6B7B,0x6B83,0x6B83,0x6B83,0x6B83,0x6B83,0x6B83,
0x6B83,0x6B83,0x6B83,0x6B83,0x6B83,0x6B83,0x8C83,0x8C83,0x8C83,0x8C83,0x8C83,0x6C83,0x6C83,0x6C83,0x6C83,0x6C83,
0x8C83,0x8C83,0x8C83,0x8C8B,0x8C8B,0x8C8B,0x8C8B,0x8C8B,0x8C83,0x6C83,0x6C83,0x6B83,0x6B83,0x6B83,0x6B83,0x6B83,
0x6C83,0x8C83,0x8C8B,0xAC8B,0x8C8B,0x6C83,0x4B83,0x2A7B,0xE972,0xA86A,0xA86A,0x8862,0x6762,0x6762,0x675A,0x475A,
0x475A,0x0652,0xE649,0x8541,0x4439,0xC220,0x4010,0x2010,0x4010,0x4010,0x4110,0x4108,0x6110,0x6110,0x6110,0x6110,
0x6110,0x6110,0x6110,0x4110,0x6110,0x4008,0x2008,0x2008,0x2008,0x2008,0x2008,0x2008,0x2008,0x2008,0x2008,0x2008,
0x0008,0x0008,0x0008,0x2008,0x2008,0x2008,0x4008,0x6110,0x6110,0x8110,0x8118,0xA118,0xA118,0xA118,0xA118,0xA118,
0x8FA4,0xAFA4,0x8FA4,0x6E9C,0x2D94,0x0C94,0xEC8B,0xEC93,0x2D94,0x4E9C,0x8EA4,0xAFA4,0xCFAC,0xD0AC,0xF0AC,0xD0AC,
0xD0AC,0xD0AC,0xD0AC,0xD0AC,0xD0AC,0xD0AC,0xF0AC,0xF0AC,0x10B5,0x10B5,0x11B5,0x31B5,0x31B5,0x31B5,0x31BD,0x51BD,
0x51BD,0x52BD,0x51BD,0x52BD,0x52BD,0x31BD,0x52BD,0x72C5,0x93CD,0xB3CD,0xB3CD,0xD4D5,0x35DE,0x76E6,0x97E6,0x97E6,
0x35DE,0xD4CD,0xD4CD,0xF4CD,0xF4CD,0xF4D5,0xF4D5,0x15D6,0x15D6,0x15D6,0xF5D5,0x15D6,0x73C5,0xD0AC,0x2E9C,0xE96A,
0xA449,0x0131,0x0231,0x0231,0x0231,0xE228,0xE228,0xE228,0xC228,0xC128,0xA128,0xA128,0xA128,0xA120,0xA120,0xA120,
0xA120,0xA120,0xA120,0xA128,0xC228,0xE228,0x2331,0x6439,0xA541,0xC649,0xE651,0x2752,0x485A,0x485A,0x685A,0x8862,
0x8962,0x8862,0xA962,0xA962,0xC96A,0xC96A,0xC96A,0xC96A,0xC96A,0xC96A,0xE96A,0xE96A,0xEA72,0xEA72,0xEA72,0x0A73,
0x0A73,0x0A73,0x0A73,0x0A73,0x0A73,0x2A73,0x2A73,0x2B7B,0x2B7B,0x4B7B,0x4B7B,0x4B7B,0x4B7B,0x4B7B,0x4B7B,0x4B7B,
0x4B7B,0x4B7B,0x4B7B,0x4B7B,0x6B7B,0x6B7B,0x6B7B,0x6B7B,0x6B7B,0x6B83,0x6B83,0x6B83,0x6B83,0x6B83,0x6B83,0x6C83,
0x8C83,0x8C83,0x8C83,0x8C83,0x8C83,0x8C83,0x8C83,0x8C83,0x8C83,0x8C83,0x8C83,0x8C83,0x8C83,0x8C83,0x8C8B,0x8C8B,
0x8C8B,0x8C8B,0x8C8B,0x8C8B,0x8C8B,0x8C8B,0x8C8B,0x8C8B,0x8C8B,0x8C83,0x6C83,0x6C83,0x6C83,0x6B83,0x6B83,0x6B83,
0x6C83,0x8C8B,0x8C8B,0x8C8B,0x8C8B,0x6B83,0x4B7B,0x0A7B,0xC972,0x886A,0x8862,0x8862,0x6762,0x6762,0x475A,0x275A,
0x0652,0xC549,0x6441,0x0231,0xA120,0x4010,0x2010,0x2010,0x4010,0x4010,0x4110,0x4108,0x6110,0x6108,0x6110,0x6110,
0x6110,0x6110,0x6110,0x4110,0x6110,0x4008,0x2008,0x2008,0x2008,0x2008,0x2008,0x2008,0x2008,0x2008,0x2008,0x2008,
0x0008,0x0008,0x0008,0x2008,0x2008,0x2008,0x4008,0x4108,0x6110,0x8110,0x8110,0xA118,0x8118,0x8118,0xA118,0xA118,
0x8EA4,0x8FA4,0xAFA4,0x8FA4,0x6EA4,0x4E9C,0x2D9C,0x0C94,0xEC93,0x0C94,0x2D94,0x6E9C,0xAFA4,0xAFAC,0xCFAC,0xCFAC,
0xCFAC,0xCFAC,0xCFAC,0xD0AC,0xD0AC,0xD0AC,0xD0AC,0xF0AC,0xF0B4,0x10B5,0x11B5,0x11B5,0x31B5,0x31B5,0x31B5,0x31BD,
0x51BD,0x51BD,0x51BD,0x52BD,0x51BD,0x31BD,0x51BD,0x52BD,0x93C5,0xB3CD,0xB3CD,0xD4CD,0x35DE,0x76E6,0x96E6,0x97E6,
0x35DE,0xF4CD,0xD4CD,0xD4CD,0xF4CD,0xF4CD,0xF4D5,0xF4D5,0x15D6,0x15D6,0xF4D5,0x15D6,0xB4CD,0x32BD,0x8FA4,0x8B83,
0x0552,0xE130,0xE130,0x0231,0x0231,0xE228,0xE228,0xE228,0xC228,0xC228,0xA128,0xA120,0xA120,0xA120,0xA120,0xA120,
0xA120,0xA120,0xA128,0xE228,0x0331,0x2339,0x6439,0xA541,0xE649,0x0752,0x2752,0x485A,0x685A,0x6862,0x8962,0xA962,
0xA962,0xA962,0xC96A,0xC96A,0xE96A,0xE96A,0xE96A,0xC96A,0xC96A,0xE96A,0xE96A,0xE972,0xEA72,0x0A73,0x0A73,0x0A73,
0x0A73,0x0A73,0x0A73,0x2A73,0x2A73,0x2B7B,0x2B7B,0x4B7B,0x4B7B,0x4B7B,0x4B7B,0x4B7B,0x4B7B,0x4B7B,0x4B7B,0x4B7B,
0x4B7B,0x4B7B,0x4B7B,0x4B7B,0x6B7B,0x6B83,0x6B83,0x6B83,0x6B83,0x6B83,0x6C83,0x6C83,0x6C83,0x6C83,0x6C83,0x8C83,
0x8C83,0x8C83,0x8C83,0x8C83,0x8C83,0x8C83,0x8C83,0x8C83,0x8C83,0x8C83,0x8C83,0x8C8B,0x8C8B,0x8C8B,0x8C8B,0x8C8B,
0x8C8B,0x8C83,0x8C8B,0x8C8B,0x8C8B,0x8C8B,0x8C8B,0x8C8B,0x8C8B,0x8C83,0x8C83,0x6C83,0x6C83,0x6C83,0x6C83,0x6C83,
0x8C83,0x8C83,0x6C83,0x6C83,0x6B83,0x2B7B,0x0A7B,0xC972,0xA86A,0x8762,0x6762,0x6762,0x6762,0x275A,0x2652,0x0652,
0xC541,0x6339,0x0229,0xA120,0x6010,0x2010,0x2010,0x4010,0x4010,0x4010,0x4108,0x4108,0x4110,0x4110,0x6110,0x6110,
0x6110,0x6110,0x6110,0x4110,0x4110,0x4008,0x2008,0x2008,0x2008,0x2008,0x2008,0x2008,0x2008,0x2008,0x2008,0x2008,
0x0008,0x0008,0x0008,0x2008,0x2008,0x2008,0x4008,0x4008,0x6110,0x8110,0x8110,0x8118,0x8118,0x8118,0x8118,0xA118,
0x4EA4,0x6EA4,0x8FA4,0x8FA4,0x8FAC,0xAFAC,0x6EA4,0x2D9C,0x0D94,0xEC93,0xEC93,0x0D94,0x4D9C,0x6EA4,0xAFA4,0xCFAC,
0xCFAC,0xD0AC,0xF0AC,0xD0AC,0xD0AC,0xD0AC,0xF0AC,0xF0AC,0xF0B4,0x10B5,0x11B5,0x31B5,0x31B5,0x31B5,0x31B5,0x31BD,
0x51BD,0x51BD,0x52BD,0x52BD,0x52BD,0x52BD,0x52BD,0x52BD,0x92C5,0xB3C5,0xB3C5,0xD3CD,0x35D6,0x76E6,0x96E6,0x97E6,
0x55DE,0xD4CD,0xD3CD,0xD4CD,0xD4CD,0xD4CD,0xF4CD,0xF4D5,0x14D6,0xF4D5,0xF5D5,0x15D6,0xD5D5,0x73C5,0xB0AC,0x0D94,
0xA862,0x4239,0xE128,0x0231,0x0231,0xC228,0xC228,0xC228,0xC220,0xA220,0xA220,0xA120,0xA120,0xA120,0xC220,0xA120,
0x8120,0xA120,0xC228,0xE228,0x2331,0x6439,0xA541,0xE649,0x0752,0x485A,0x685A,0x8962,0x8862,0xA862,0xA96A,0xC96A,
0xC96A,0xC96A,0xC96A,0xE96A,0xE96A,0xEA72,0xEA72,0x0A73,0x0A73,0x0A73,0x0A73,0x0A73,0x0A73,0x0A73,0x0A73,0x0A73,
0x2A73,0x2A73,0x2A73,0x2A7B,0x2A7B,0x2B7B,0x2B7B,0x4B7B,0x4B7B,0x4B7B,0x4B7B,0x4B7B,0x6B7B,0x6B7B,0x6B7B,0x6B7B,
0x6B7B,0x6B7B,0x6B7B,0x6B7B,0x6B83,0x6B83,0x6B83,0x6C83,0x6C83,0x8C83,0x8C83,0x8C83,0x8C83,0x8C83,0x8C83,0x8C83,
0x8C83,0x8C83,0x8C83,0x8C83,0x8C83,0xAC83,0xAC83,0xAC83,0xAC83,0xAC83,0xAC83,0x8C83,0x8C83,0x8C83,0x8C83,0x8C83,
0x8C83,0x8C83,0xAC83,0xAC8B,0xAC8B,0xAD8B,0xAC8B,0xAC8B,0xAC8B,0xAC83,0x8C83,0x8C83,0x8C83,0x8C83,0x8C83,0x8C83,
0x8C83,0x8C83,0x6B83,0x4B7B,0x2A7B,0x0A73,0xC96A,0xA86A,0xA862,0x8862,0x6762,0x475A,0x475A,0x064A,0xC641,0xA539,
0x4431,0xE220,0x8118,0x4110,0x4108,0x2008,0x2008,0x4008,0x4108,0x4108,0x4108,0x4108,0x4110,0x4110,0x4110,0x6110,
0x4110,0x4110,0x4110,0x4008,0x4008,0x2008,0x2008,0x2008,0x2008,0x2008,0x2008,0x2008,0x2008,0x2008,0x2008,0x0008,
0x2008,0x0008,0x0008,0x0008,0x2008,0x2008,0x4008,0x4008,0x6110,0x8110,0x8110,0x8218,0x8218,0x8218,0x8218,0xA218,
0x4EA4,0x6EA4,0x8FA4,0x8FA4,0x8FAC,0xAFAC,0x8FAC,0x6EA4,0x4EA4,0x2D9C,0x0D94,0xEC93,0x0D94,0x2D9C,0x6E9C,0xAFA4,
0xCFAC,0xF0AC,0xD0AC,0xCFAC,0xCFAC,0xD0AC,0xF0AC,0xF0AC,0xF0B4,0x10B5,0x11B5,0x31B5,0x31B5,0x31B5,0x31B5,0x31BD,
0x51BD,0x51BD,0x52BD,0x52BD,0x52BD,0x52BD,0x52BD,0x52BD,0x72BD,0x93C5,0xB3C5,0xD3CD,0x35D6,0x76E6,0x96E6,0x97E6,
0x56DE,0xF4CD,0xD3CD,0xD4CD,0xD4CD,0xD4CD,0xF4CD,0xF4CD,0xF4CD,0xF4D5,0xF5D5,0xF5D5,0xD5D5,0x93C5,0xF1B4,0x2E9C,
0x4B7B,0x8441,0xE128,0x0231,0xC128,0xC228,0xC228,0xC228,0xA220,0xA120,0xA220,0xA120,0xA120,0xA120,0xA120,0xA120,
0x8120,0xA120,0xE228,0x2331,0x6441,0xA549,0x0752,0x2752,0x685A,0x6862,0xA962,0xA96A,0xA96A,0xC96A,0xC96A,0xC96A,
0xC96A,0xE96A,0xE96A,0xE96A,0xEA72,0xEA72,0x0A73,0x0A73,0x0A73,0x0A73,0x0A73,0x0A73,0x2A73,0x0A73,0x2A73,0x2A73,
0x2A73,0x2A7B,0x2A7B,0x4B7B,0x4B7B,0x4B7B,0x4B7B,0x4B7B,0x4B7B,0x4B7B,0x4B7B,0x6B7B,0x6B83,0x6B83,0x6B83,0x6B83,
0x6B83,0x6B83,0x6B83,0x6B83,0x6B83,0x6C83,0x6C83,0x8C83,0x8C83,0x8C83,0x8C83,0x8C83,0x8C83,0x8C83,0x8C83,0x8C83,
0x8C83,0x8C83,0x8C83,0x8C83,0xAC83,0xAC8B,0xAC8B,0xAC8B,0xAC8B,0xAC8B,0xAC8B,0xAC83,0xAC83,0xAC83,0xAC83,0xAC83,
0xAC83,0xAC83,0xAC8B,0xAD8B,0xCD8B,0xCD8B,0xCD8B,0xAC8B,0xAC83,0x8C83,0x8C83,0x8C83,0x8C83,0xAC83,0xAC83,0xAC83,
0x8C83,0x6C83,0x4B7B,0x2A7B,0x0A73,0xC96A,0xA86A,0x8862,0x8862,0x6762,0x475A,0x0652,0xE649,0xC541,0x8539,0x4431,
0xC220,0x6110,0x2008,0x2008,0x2008,0x0008,0x2008,0x2008,0x4108,0x4108,0x4108,0x4108,0x4110,0x4110,0x4110,0x6110,
0x4110,0x4110,0x4110,0x4008,0x4008,0x2008,0x2008,0x2008,0x2008,0x2008,0x2008,0x2008,0x2008,0x2008,0x2008,0x0008,
0x2008,0x0008,0x0008,0x0008,0x2008,0x2008,0x4008,0x4008,0x6110,0x8110,0x8110,0x8218,0x8218,0x8218,0x8218,0xA218,
0x6EA4,0x8FAC,0x8FAC,0x6EA4,0x6EA4,0x8FA4,0x8FAC,0xAFAC,0xAFAC,0x8FA4,0x2D9C,0x0D94,0x0C94,0x0C94,0x2D94,0x4E9C,
0x6EA4,0xCFAC,0xD0AC,0xD0AC,0xD0AC,0xF0AC,0xF0AC,0xF0AC,0xF0B4,0x10B5,0x11B5,0x31B5,0x31B5,0x31B5,0x31B5,0x31BD,
0x51BD,0x51BD,0x52BD,0x52BD,0x52BD,0x52BD,0x52BD,0x52BD,0x52BD,0x72C5,0x93C5,0xB3C5,0x15D6,0x76DE,0x96E6,0xB7E6,
0x76DE,0xF4CD,0xD3CD,0xD3CD,0xD4CD,0xD4CD,0xD4CD,0xF4CD,0xF4CD,0xD4D5,0xF5D5,0xF4D5,0xD5D5,0xB4CD,0x32BD,0x6F9C,
0xCC8B,0x465A,0x2231,0x0231,0xE128,0xC228,0xC220,0xC220,0xA120,0xA120,0xA120,0xA120,0xA120,0x8120,0x8120,0xA120,
0xA128,0xE228,0x4339,0x8441,0xC649,0x0652,0x475A,0x685A,0x8862,0x8962,0xA962,0xC96A,0xC96A,0xC96A,0xC96A,0xC96A,
0xC96A,0xC96A,0xC96A,0xE96A,0xEA72,0xEA72,0xEA72,0x0A73,0x0A73,0x0A73,0x0A73,0x0A73,0x0A73,0x2A73,0x2A73,0x2A73,
0x4B7B,0x4B7B,0x4B7B,0x4B7B,0x4B7B,0x4B7B,0x4B7B,0x4B7B,0x6B7B,0x6B7B,0x6B7B,0x6B83,0x6B83,0x6B83,0x6B83,0x6B83,
0x6B83,0x6B83,0x6B83,0x6B83,0x6C83,0x8C83,0x8C83,0x8C83,0x8C83,0x8C83,0x8C83,0x8C83,0x8C83,0x8C83,0x8C83,0x8C83,
0x8C83,0xAC83,0xAC8B,0xAC8B,0xAC8B,0xAC8B,0xAC8B,0xAC8B,0xAC8B,0xAC8B,0xAC8B,0xAC8B,0xAC8B,0xAC8B,0xAC8B,0xAC8B,
0xAC8B,0xAC8B,0xAC8B,0xAC8B,0xAD8B,0xCD8B,0xAC8B,0x8C83,0x6C83,0x6B83,0x6B83,0x8C83,0x8C83,0x8C83,0x8C83,0x8C83,
0x6B83,0x4B7B,0x2A7B,0x0A73,0xE96A,0xA96A,0xA86A,0x6862,0x675A,0x475A,0x0652,0xA541,0x8439,0x4431,0x2329,0xC220,
0x6110,0x2008,0x0008,0x0008,0x0008,0x0008,0x2008,0x2008,0x2008,0x4108,0x4108,0x4108,0x4110,0x4110,0x4110,0x6110,
0x4110,0x4110,0x4110,0x4008,0x4008,0x2008,0x2008,0x2008,0x2008,0x2008,0x2008,0x2008,0x2008,0x2008,0x2008,0x0008,
0x2008,0x0008,0x0008,0x0008,0x2008,0x2008,0x4008,0x4008,0x6110,0x8110,0x8110,0x8218,0x8218,0x8218,0x8218,0xA218,
0x6EA4,0x8FA4,0x8FAC,0x8FA4,0x8FA4,0x8FAC,0xAFAC,0xAFAC,0xAFAC,0xAFAC,0x8FAC,0x6EA4,0x2D94,0x0C94,0xEC8B,0x0C94,
0x2D94,0x8EA4,0xAFA4,0xF0AC,0xF0B4,0x10B5,0xF0B4,0xF0AC,0xF0B4,0x10B5,0x11B5,0x31B5,0x31B5,0x31B5,0x31B5,0x31BD,
0x51BD,0x51BD,0x52BD,0x52BD,0x52BD,0x52BD,0x52BD,0x52BD,0x52BD,0x72BD,0x92C5,0xB3C5,0x15D6,0x76DE,0x96E6,0xB7E6,
0x76DE,0xF4D5,0xD3CD,0xD3CD,0xD4CD,0xD4CD,0xD4CD,0xD4CD,0xD4CD,0xD4CD,0xF4D5,0xD4D5,0xD5D5,0xD4CD,0x73C5,0xB0AC,
0x0E94,0xE972,0x8441,0xE128,0xE228,0xC228,0xC220,0xA220,0xA120,0xA120,0xA120,0xA120,0xA220,0xA120,0xC220,0xE228,
0x0331,0x4439,0xA541,0xC649,0x0752,0x475A,0x8862,0xA962,0xA962,0xA962,0xC96A,0xE96A,0xE96A,0xE96A,0xE96A,0xE96A,
0xE96A,0xE96A,0xEA72,0xEA72,0xEA72,0x0A73,0x0A73,0x0A73,0x0A73,0x0A73,0x2A73,0x2A73,0x2A73,0x2A73,0x2A7B,0x2A7B,
0x4B7B,0x4B7B,0x4B7B,0x4B7B,0x4B7B,0x4B7B,0x6B7B,0x6B7B,0x6B7B,0x6B83,0x6B83,0x6B83,0x6B83,0x6C83,0x6C83,0x6C83,
0x6C83,0x6C83,0x6C83,0x6C83,0x8C83,0x8C83,0x8C83,0x8C83,0x8C83,0x8C83,0x8C83,0x8C83,0x8C83,0x8C83,0x8C83,0xAC83,
0xAC83,0xAC8B,0xAC8B,0xAC8B,0xAC8B,0xAC8B,0xAC8B,0xAC8B,0xAC8B,0xAC8B,0xAC8B,0xAC8B,0xAC8B,0xAC8B,0xAC8B,0xAC8B,
0xAC8B,0xAC8B,0xAC8B,0xAC83,0x8C83,0x8C83,0x8C83,0x6B7B,0x4B7B,0x2B7B,0x4B7B,0x4B7B,0x6B7B,0x6B7B,0x6B7B,0x4B7B,
0x4B7B,0x2A7B,0xE972,0xC96A,0xA86A,0x8862,0x8862,0x6762,0x475A,0x2752,0xE649,0x8439,0x2331,0xE228,0xA218,0x6110,
0x2008,0x2008,0x2008,0x0008,0x0008,0x0008,0x2008,0x2008,0x2008,0x4108,0x4108,0x4108,0x4110,0x4110,0x4110,0x6110,
0x4110,0x4110,0x4110,0x4008,0x4008,0x2008,0x2008,0x2008,0x2008,0x2008,0x2008,0x2008,0x2008,0x2008,0x2008,0x0008,
0x2008,0x0008,0x0008,0x0008,0x2008,0x2008,0x4008,0x4008,0x6110,0x8110,0x8110,0x8218,0x8218,0x8218,0x8218,0xA218,
0x8FA4,0x8FA4,0x8FA4,0x8FAC,0x8FAC,0x8FAC,0xAFAC,0xAFAC,0xAFAC,0xAFAC,0xAFAC,0xAFAC,0x8FA4,0x6E9C,0x2D94,0x0C94,
0xEC8B,0x2D94,0x4E9C,0x8EA4,0xD0AC,0xF0B4,0xF0AC,0xF0AC,0xF0B4,0x10B5,0x11B5,0x31B5,0x31B5,0x31B5,0x31B5,0x31B5,
0x51BD,0x51BD,0x52BD,0x52BD,0x52BD,0x52BD,0x52BD,0x52BD,0x52BD,0x72BD,0x92C5,0xB3C5,0x14D6,0x76DE,0xB7E6,0xB7EE,
0x76DE,0xF4D5,0xD3CD,0xD3CD,0xD3CD,0xD3CD,0xD4CD,0xD4CD,0xD4CD,0xF4D5,0xD4D5,0xD4D5,0xF5D5,0xD5D5,0x94CD,0xF1B4,
0x6FA4,0x8C83,0x2652,0x0231,0xC128,0xC228,0xA220,0xA120,0xA120,0xA120,0x8120,0x8120,0xC220,0xC228,0xE228,0x2331,
0x6439,0xA541,0xE649,0x275A,0x685A,0x685A,0xA962,0xA962,0xC96A,0xC96A,0xEA6A,0xEA6A,0xEA72,0xEA72,0xEA72,0xEA72,
0x0A73,0x0A73,0x0A73,0x0A73,0x0A73,0x0A73,0x0A73,0x2A73,0x2A73,0x2A73,0x2A73,0x2A73,0x2A73,0x2A73,0x4B7B,0x4B7B,
0x6B7B,0x6B7B,0x6B7B,0x4B7B,0x6B7B,0x6B7B,0x6B83,0x6B83,0x6B83,0x6C83,0x6C83,0x8C83,0x8C83,0x8C83,0x8C83,0x8C83,
0x8C83,0x8C83,0x8C83,0x8C83,0x8C83,0x8C83,0x8C83,0x8C83,0x8C83,0x8C83,0xAC83,0xAC83,0xAC83,0xAC83,0xAC83,0xAC8B,
0xAC8B,0xAC8B,0xAD8B,0xAD8B,0xAD8B,0xAC8B,0xAC8B,0xAC8B,0xAC8B,0xAC8B,0xAC8B,0xAD8B,0xAD8B,0xAD8B,0xAC8B,0xAC8B,
0xAC83,0xAC8B,0xAD8B,0xAC8B,0x8C83,0x6B7B,0x4B7B,0x2A7B,0x0A73,0x0A73,0x2A7B,0x4B7B,0x4B7B,0x4B7B,0x4B7B,0x2B7B,
0x0A73,0xE972,0xC96A,0xA86A,0x8862,0x8862,0x8862,0x475A,0x0752,0xC649,0x8541,0x2331,0xC220,0x8118,0x6110,0x4110,
0x4008,0x2008,0x2008,0x2008,0x2008,0x2008,0x2008,0x2008,0x2008,0x2008,0x2008,0x4108,0x4108,0x4110,0x4110,0x4110,
0x4008,0x4008,0x4008,0x4008,0x4008,0x4008,0x4008,0x2008,0x2008,0x2008,0x2008,0x2008,0x2008,0x0008,0x0008,0x0008,
0x0008,0x0008,0x0008,0x2008,0x2008,0x2008,0x4008,0x6110,0x6110,0x8110,0x8110,0x8118,0x8218,0x8218,0x8218,0xA218,
0x8FA4,0x8FA4,0x8FA4,0x8FAC,0x8FAC,0x8FAC,0xAFAC,0xAFAC,0xAFAC,0xAFAC,0xAFAC,0xCFAC,0xCFAC,0xAFA4,0x8EA4,0x2D9C,
0x0C94,0xEC93,0x0C94,0x2D94,0x8EA4,0xD0AC,0xF0AC,0xF0AC,0xF0AC,0x10B5,0x11B5,0x11B5,0x11B5,0x31B5,0x31B5,0x31B5,
0x51BD,0x51BD,0x52BD,0x52BD,0x52BD,0x52BD,0x52BD,0x52BD,0x52BD,0x72BD,0x72C5,0x93C5,0x14D6,0x76DE,0xB7E6,0xB7EE,
0x76DE,0xF4D5,0xD3CD,0xD3CD,0xD3CD,0xD3CD,0xD3CD,0xD4CD,0xD4CD,0xD4CD,0xB4CD,0xD4CD,0xF5D5,0xD5D5,0xB4CD,0x32BD,
0xB0AC,0xED8B,0x8862,0x4339,0xA020,0xC228,0xA220,0xA120,0xA120,0xA120,0x8120,0xA120,0xC228,0x0329,0x2331,0x6439,
0xC549,0x0652,0x2752,0x685A,0x8862,0xA862,0xA962,0xC96A,0xC96A,0xE96A,0xE96A,0xEA6A,0xEA72,0xEA72,0xEA72,0x0A73,
0x0A73,0x0A73,0x0A73,0x0A73,0x0A73,0x0A73,0x0A73,0x0A73,0x0A73,0x2A73,0x2A73,0x4B7B,0x4B7B,0x2A7B,0x4B7B,0x4B7B,
0x6B7B,0x6B7B,0x6B7B,0x6B7B,0x6B7B,0x6B83,0x6B83,0x6B83,0x6C83,0x6C83,0x6C83,0x8C83,0x8C83,0x8C83,0x8C83,0x8C83,
0x8C83,0x8C83,0x8C83,0x8C83,0xAC83,0xAC83,0xAC83,0xAC83,0xAC83,0xAC83,0xAC8B,0xAC8B,0xAC8B,0xAC8B,0xAC8B,0xAD8B,
0xCD8B,0xAD8B,0xAD8B,0xAC8B,0xAC8B,0xAD8B,0xAD8B,0xAD8B,0xAD8B,0xAD8B,0xAD8B,0xAD8B,0xCD8B,0xCD8B,0xAD8B,0xAC8B,
0xAC8B,0xAC8B,0xAC8B,0x8C83,0x6B7B,0x4B7B,0x0A73,0xEA72,0xE972,0xEA72,0x2A73,0x4B7B,0x4B7B,0x4B7B,0x4B7B,0x0A73,
0xE972,0xC96A,0xA86A,0xA862,0x8862,0x8862,0x8862,0x275A,0xC649,0x4439,0xE328,0xA220,0x6118,0x2010,0x2008,0x2008,
0x2108,0x4108,0x4108,0x2008,0x0008,0x0008,0x2008,0x2008,0x2008,0x2008,0x2008,0x4108,0x4108,0x4110,0x4110,0x4110,
0x4008,0x4008,0x4008,0x4008,0x4008,0x4008,0x4008,0x2008,0x2008,0x2008,0x2008,0x2008,0x2008,0x0008,0x0008,0x0008,
0x0008,0x0008,0x0008,0x2008,0x2008,0x2008,0x4008,0x6110,0x6110,0x8110,0x8110,0x8118,0x8218,0x8218,0x8218,0xA218,
0x8FA4,0x8FA4,0x8FA4,0x8FAC,0x8FAC,0x8FAC,0xAFAC,0xAFAC,0xAFAC,0xAFAC,0xAFAC,0xAFAC,0xCFAC,0xD0AC,0xD0AC,0xAFA4,
0x6E9C,0x2D9C,0x2D94,0x0C94,0x0D94,0x6E9C,0xAFA4,0xD0AC,0xF0AC,0x10B5,0x11B5,0x11B5,0x11B5,0x31B5,0x31B5,0x31B5,
0x51BD,0x51BD,0x52BD,0x52BD,0x52BD,0x52BD,0x52BD,0x52BD,0x52BD,0x52BD,0x72BD,0x92C5,0xF4D5,0x76DE,0x97E6,0xB7E6,
0x76DE,0xF4CD,0xB3CD,0xB3CD,0xB3CD,0xD3CD,0xD3CD,0xD3CD,0xD3CD,0xB4CD,0xB4CD,0xB4CD,0xD4CD,0xD4CD,0xD4CD,0x73BD,
0xF1AC,0x2E9C,0x2A73,0xA441,0x8020,0xA120,0xA120,0xA120,0xA120,0xA120,0xA120,0xC220,0xE328,0x2431,0x6539,0xC641,
0x2752,0x475A,0x675A,0x8862,0xA862,0xC96A,0xC96A,0xE96A,0xE96A,0xE96A,0xEA6A,0x0A73,0xEA72,0x0A73,0x0A73,0x0A73,
0x0A73,0x0A73,0x0A73,0x0A73,0x0A73,0x0A73,0x0A73,0x0A73,0x2A73,0x2A73,0x4B7B,0x4B7B,0x4B7B,0x4B7B,0x4B7B,0x4B7B,
0x6B7B,0x6B7B,0x6B7B,0x6B83,0x6B83,0x6B83,0x6B83,0x6C83,0x8C83,0x8C83,0x8C83,0x8C83,0x8C83,0x8C83,0x8C83,0x8C83,
0x8C83,0xAC83,0xAC83,0xAC8B,0xAC8B,0xAC8B,0xAC8B,0xAC8B,0xAC8B,0xAC8B,0xAC8B,0xAC8B,0xAC8B,0xAC8B,0xAC8B,0xCD8B,
0xCD8B,0xCD8B,0xAD8B,0xAD8B,0xAD8B,0xCD8B,0xCD8B,0xCD8B,0xCD8B,0xCD8B,0xCD8B,0xCD8B,0xCD8B,0xCD8B,0xCD8B,0xAC8B,
0xAC8B,0x8C83,0x6B83,0x4B7B,0x0A73,0xE96A,0xC96A,0xC96A,0x0A73,0x2A7B,0x4B7B,0x6B83,0x6B83,0x4B7B,0x2B7B,0x0A73,
0xE972,0xC96A,0xA86A,0x8862,0x8862,0x6862,0x475A,0xE651,0x6439,0xC228,0x8118,0x6118,0x4110,0x4110,0x4110,0x4108,
0x4108,0x4108,0x4108,0x2008,0x2008,0x0008,0x0008,0x2008,0x2008,0x2008,0x2008,0x4108,0x4108,0x4110,0x4110,0x4110,
0x4008,0x4008,0x4008,0x4008,0x4008,0x4008,0x4008,0x2008,0x2008,0x2008,0x2008,0x2008,0x2008,0x0008,0x0008,0x0008,
0x0008,0x0008,0x0008,0x2008,0x2008,0x2008,0x4008,0x4108,0x6110,0x6110,0x6110,0x8118,0x8218,0x8218,0x8218,0xA218,
0x8FA4,0x8FA4,0x8FA4,0x8FAC,0x8FAC,0x8FAC,0xAFAC,0xAFAC,0xAFAC,0xAFAC,0xAFAC,0xAFAC,0xCFAC,0xF0AC,0xF0AC,0xD0AC,
0xCFAC,0x8EA4,0x6E9C,0x2D94,0xEC8B,0x0C94,0x2D9C,0x8FA4,0xAFA4,0xD0AC,0x10B5,0x11B5,0x11B5,0x31B5,0x31B5,0x31B5,
0x51BD,0x51BD,0x51BD,0x51BD,0x51BD,0x51BD,0x51BD,0x51BD,0x52BD,0x52BD,0x52BD,0x72C5,0xF4CD,0x76DE,0x97E6,0xB7E6,
0x76DE,0xF4CD,0xB3C5,0xB3C5,0xB3CD,0xB3CD,0xD3CD,0xD3CD,0xD3CD,0xB3CD,0xB4CD,0xB4CD,0xB4CD,0xB4CD,0xD4CD,0x94C5,
0x32B5,0x8FA4,0xCD8B,0x675A,0xE128,0xA120,0xA120,0xA120,0xA120,0xA120,0xA220,0xE228,0x2331,0x6439,0xC649,0x2752,
0x685A,0x685A,0x8862,0xA862,0xC96A,0xC96A,0xE96A,0xEA6A,0xEA6A,0x0A73,0x0A73,0x0A73,0x0A73,0x0A73,0x0A73,0x0A73,
0x0A73,0x0A73,0x0A73,0x0A73,0x0A73,0x2A73,0x2A73,0x2A7B,0x2A7B,0x4B7B,0x4B7B,0x4B7B,0x4B7B,0x4B7B,0x6B7B,0x6B7B,
0x6B7B,0x6B7B,0x6B7B,0x6B83,0x6B83,0x6C83,0x6C83,0x6C83,0x8C83,0x8C83,0x8C83,0x8C83,0x8C83,0x8C83,0xAC83,0xAC83,
0xAC8B,0xAC8B,0xAC8B,0xAC8B,0xAD8B,0xAD8B,0xAD8B,0xAD8B,0xAD8B,0xAD8B,0xAC8B,0xAC8B,0xAC8B,0xAC8B,0xAC8B,0xAD8B,
0xCD8B,0xCD8B,0xCD8B,0xCD8B,0xCD8B,0xCD8B,0xCD8B,0xCD8B,0xCD8B,0xCD8B,0xCD8B,0xCD8B,0xCD8B,0xCD8B,0xCD8B,0xCD8B,
0x8C83,0x4B7B,0x2B7B,0x0A73,0xE972,0xC96A,0xEA72,0x0A73,0x4B7B,0x6B83,0x6C83,0x8C83,0x4B7B,0x2A7B,0x0A73,0xE972,
0xC96A,0xC96A,0xA86A,0x8862,0x6762,0x475A,0x0652,0x6441,0xC228,0x6118,0x4010,0x6118,0x6118,0x8218,0x8218,0x8210,
0x8210,0x8210,0x8210,0x6210,0x6110,0x4110,0x4108,0x2008,0x2008,0x2008,0x2008,0x4108,0x4108,0x4110,0x4110,0x4110,
0x4008,0x4008,0x4008,0x4008,0x4008,0x4008,0x4008,0x2008,0x2008,0x2008,0x2008,0x2008,0x2008,0x0008,0x0008,0x0008,
0x0008,0x0008,0x0008,0x2008,0x2008,0x2008,0x4008,0x4008,0x6110,0x6110,0x6110,0x8118,0x8218,0x8218,0x8218,0xA218,
0x6EA4,0x8FA4,0x8FA4,0x8FA4,0x8FA4,0x8FAC,0xAFAC,0xAFAC,0xAFAC,0xAFAC,0xAFAC,0xAFAC,0xD0AC,0xD0AC,0xD0AC,0xD0AC,
0xCFAC,0xAFAC,0x8EA4,0x4E9C,0x2D9C,0x0D94,0x0C94,0x2D9C,0x4EA4,0xAFA4,0xD0B4,0x11B5,0x11B5,0x11B5,0x11B5,0x31BD,
0x31BD,0x31BD,0x31BD,0x51BD,0x51BD,0x52BD,0x52BD,0x52BD,0x51BD,0x52BD,0x51BD,0x72C5,0xF4D5,0x76E6,0x96E6,0xB7E6,
0x76DE,0xF4CD,0xB3C5,0xB3CD,0xB3CD,0xB3CD,0xB3CD,0xB3CD,0xB3CD,0xB3CD,0xB4CD,0xB3CD,0xB3CD,0xB4CD,0xB4CD,0x94CD,
0x52BD,0xB0AC,0x0E94,0x2A73,0x6339,0x8020,0xC120,0xA120,0xA120,0xC128,0x0331,0x4339,0xA541,0xE649,0x2752,0x685A,
0xA862,0xA862,0xA96A,0xC96A,0xC96A,0xC96A,0xE96A,0xEA72,0xEA72,0xEA72,0x0A73,0x0A73,0x0A73,0x0A73,0x0A73,0x0A73,
0x0A73,0x0A73,0x0A73,0x0A73,0x2A73,0x2A73,0x2B7B,0x2B7B,0x4B7B,0x4B7B,0x4B7B,0x4B7B,0x4B7B,0x4B7B,0x6B7B,0x6B7B,
0x6B7B,0x6B7B,0x6B83,0x6C83,0x6C83,0x8C83,0x8C83,0x8C83,0x8C83,0x8C83,0x8C83,0x8C83,0xAC83,0xAC83,0xAC8B,0xAC8B,
0xAC8B,0xAC8B,0xAD8B,0xAD8B,0xCD8B,0xCD8B,0xCD8B,0xCD8B,0xCD8B,0xAC8B,0xAC8B,0xAC8B,0xAC8B,0xAC8B,0xCC8B,0xCD8B,
0xCD8B,0xCD8B,0xCD8B,0xCD8B,0xCD8B,0xCD8B,0xCD93,0xCD8B,0xCD93,0xCD93,0xCD8B,0xCD8B,0xCD93,0xCD8B,0xCD8B,0xCC8B,
0x6B83,0x2A7B,0x2A73,0x0A73,0x0A73,0x0A73,0x6B7B,0x8C83,0x8C83,0x8C83,0x6B83,0x4B7B,0x0A73,0xC96A,0xC96A,0xC96A,
0xA862,0xA96A,0xA962,0x885A,0x685A,0x2752,0xA541,0x2331,0xA218,0x4110,0x6110,0x8218,0xA218,0xA218,0xA218,0xA218,
0xC318,0xC318,0xC318,0xA218,0xA218,0xA218,0x8110,0x6110,0x6110,0x4110,0x4010,0x2008,0x4008,0x4110,0x4110,0x4010,
0x4010,0x4008,0x4008,0x4008,0x4110,0x4010,0x2008,0x2008,0x2008,0x2008,0x2008,0x2008,0x2008,0x2008,0x0008,0x0008,
0x2008,0x0008,0x2008,0x2008,0x2008,0x2008,0x2008,0x4008,0x6110,0x6110,0x6110,0x8110,0x8110,0x8110,0x8218,0xA218,
0x6EA4,0x8FA4,0x8FA4,0x8FA4,0x8FA4,0x8FAC,0xAFAC,0xAFAC,0xAFAC,0xAFAC,0xAFAC,0xB0AC,0xAFAC,0xAFAC,0xAFAC,0xAFAC,
0xAFAC,0xAFAC,0xAFAC,0x8FAC,0x8FA4,0x4E9C,0x0D9C,0x0D94,0x0D9C,0x4E9C,0x8FA4,0xD0AC,0xF0B4,0xF0B4,0x11B5,0x31BD,
0x31BD,0x31BD,0x31BD,0x31BD,0x31BD,0x52BD,0x52BD,0x52BD,0x31BD,0x52BD,0x31BD,0x52C5,0xD4D5,0x76E6,0x96E6,0xB7EE,
0x76DE,0xD4CD,0xB3C5,0xB3CD,0xB3CD,0xB3CD,0xB3CD,0xB3CD,0xB3CD,0xB3CD,0xB3CD,0xB3CD,0xB3CD,0xB3CD,0xB3CD,0xB4CD,
0x73C5,0xF1B4,0x2E9C,0x8C83,0xE551,0xA020,0xA120,0xC128,0xE128,0x0231,0x6339,0x8441,0xE549,0x2752,0x675A,0x8862,
0xA862,0xA96A,0xC96A,0xC96A,0xC96A,0xC96A,0xEA72,0xEA72,0xEA72,0xEA72,0x0A73,0x0A73,0x0A73,0x0A73,0x0A73,0x0A73,
0x0A73,0x0A73,0x0A73,0x2A73,0x2A73,0x2B7B,0x2B7B,0x2B7B,0x4B7B,0x4B7B,0x4B7B,0x4B7B,0x4B7B,0x6B7B,0x6B7B,0x6B7B,
0x6B83,0x6B83,0x6B83,0x8C83,0x8C83,0x8C83,0x8C83,0x8C83,0x8C83,0xAC83,0xAC83,0xAC8B,0xAC8B,0xAC8B,0xAC8B,0xAC8B,
0xAD8B,0xAD8B,0xCD8B,0xCD8B,0xCD8B,0xCD8B,0xCD8B,0xCD8B,0xCD8B,0xCD8B,0xAC8B,0xCC8B,0xCD8B,0xCD8B,0xCD8B,0xCD8B,
0xCD8B,0xCD8B,0xCD8B,0xCD8B,0xCD8B,0xCD93,0xCD93,0xCD93,0xCD93,0xCD93,0xCD93,0xCD93,0xCD93,0xAC8B,0xCD8B,0xAC8B,
0x4B7B,0x2A7B,0x0A73,0x0A73,0x2A7B,0x4B7B,0x8C83,0xAC8B,0xAC8B,0x8C83,0x6B83,0x4B7B,0xE972,0xA86A,0xA86A,0xA86A,
0x8862,0xA862,0x8862,0x685A,0x4852,0x074A,0x6431,0xE320,0x8218,0x6110,0x8118,0xA218,0xA218,0xC220,0xC320,0xE320,
0xE320,0x0329,0x0329,0x0329,0xE320,0xE320,0xC220,0xA218,0xA218,0x8118,0x6110,0x4110,0x4010,0x4110,0x4110,0x4110,
0x4010,0x4010,0x4010,0x4010,0x4010,0x4010,0x2008,0x2008,0x2008,0x0008,0x2008,0x2008,0x2008,0x2008,0x2008,0x2008,
0x2008,0x0008,0x2008,0x2008,0x2008,0x2008,0x2008,0x4008,0x4110,0x6110,0x6110,0x6110,0x8110,0x8110,0x8218,0xA218,
0x6EA4,0x8FA4,0x8FA4,0x8FA4,0x8FA4,0x8FA4,0x8FAC,0x8FAC,0xAFAC,0xAFAC,0xAFAC,0xAFAC,0xAFAC,0xAFAC,0xAFAC,0xAFAC,
0xAFAC,0xD0AC,0xD0AC,0xD0AC,0xD0AC,0x8FAC,0x4EA4,0x2D9C,0x0D94,0x0D94,0x2D9C,0x6EA4,0xAFAC,0xD0B4,0xF0B4,0x11B5,
0x31BD,0x31BD,0x31BD,0x31BD,0x31BD,0x52BD,0x52BD,0x52BD,0x31BD,0x52BD,0x31BD,0x52C5,0xD4D5,0x76E6,0x96E6,0xB7E6,
0x56DE,0xD3CD,0xB3C5,0xD3CD,0xB3CD,0xB3CD,0xB3CD,0xB3CD,0xB3CD,0xB3CD,0xB3CD,0x93CD,0xB3CD,0x93CD,0x93CD,0xB4CD,
0x73C5,0x12BD,0x8FA4,0xED93,0x8862,0x0231,0xA020,0xE128,0x2331,0x4339,0xA541,0xE649,0x2752,0x475A,0x685A,0xA962,
0xA96A,0xC96A,0xC96A,0xE96A,0xE96A,0xE96A,0xEA72,0xEA72,0xEA72,0xEA72,0xEA72,0xEA72,0x0A73,0x0A73,0x0A73,0x0A73,
0x0A73,0x0A73,0x2A73,0x2A73,0x2B7B,0x2B7B,0x4B7B,0x4B7B,0x4B7B,0x4B7B,0x4B7B,0x6B7B,0x6B7B,0x6B83,0x6B83,0x6B83,
0x6B83,0x6C83,0x8C83,0x8C83,0x8C83,0x8C83,0x8C83,0x8C83,0xAC83,0xAC8B,0xAC8B,0xAC8B,0xAC8B,0xAD8B,0xAD8B,0xAD8B,
0xCD8B,0xCD8B,0xCD8B,0xCD8B,0xCD8B,0xCD8B,0xCD8B,0xCD8B,0xCD8B,0xCD8B,0xCD8B,0xCD8B,0xCD8B,0xCD8B,0xCD8B,0xCD8B,
0xCD8B,0xCD8B,0xCD8B,0xCD8B,0xCD8B,0xCD93,0xCD93,0xCD93,0xCD93,0xCD93,0xCD93,0xED93,0xED93,0xCD8B,0xAC8B,0x8C83,
0x2A7B,0xEA72,0xE96A,0xE972,0x4B7B,0x8C83,0xCD8B,0xCD8B,0xCD8B,0xAC83,0x6B83,0x4B7B,0x0973,0xC86A,0xA86A,0xA862,
0x8862,0x8862,0x685A,0x4852,0x074A,0x8539,0x0329,0xA218,0x8118,0x8218,0xA218,0xC320,0xC320,0xE320,0xE320,0x0429,
0x2429,0x4431,0x4431,0x4431,0x4431,0x2429,0x0429,0xE320,0xE320,0xC220,0xA218,0x8218,0x6110,0x6110,0x6110,0x4110,
0x4110,0x4110,0x4110,0x4110,0x4010,0x4010,0x2008,0x2008,0x0008,0x0008,0x2008,0x2008,0x2008,0x2008,0x2008,0x2008,
0x2008,0x0008,0x2008,0x2008,0x2008,0x2008,0x2008,0x4008,0x4110,0x6110,0x6110,0x6110,0x8110,0x8110,0x8218,0xA218,
0x6EA4,0x8FA4,0x8FA4,0x8FA4,0x8FA4,0x8FA4,0x8FAC,0x8FAC,0xAFAC,0xAFAC,0xAFAC,0xAFAC,0xAFAC,0xAFAC,0xAFAC,0xAFAC,
0xAFAC,0xD0AC,0xD0AC,0xD0AC,0xD0B4,0xD0AC,0x8FAC,0x6EA4,0x2D9C,0x0D9C,0x0D94,0x2D9C,0x4EA4,0x6EA4,0x8FAC,0xD0B4,
0xF0B4,0x11B5,0x31BD,0x31BD,0x31BD,0x52BD,0x52BD,0x52BD,0x31BD,0x52BD,0x31BD,0x52C5,0xD4D5,0x76E6,0x96E6,0xB7E6,
0x55DE,0xD3CD,0xB3C5,0xD3CD,0xB3CD,0xB3CD,0xB3CD,0xB3CD,0xB3CD,0xB3CD,0x93CD,0x93CD,0x93CD,0x93CD,0x93CD,0x93C5,
0x73C5,0x32BD,0xB0AC,0x2E9C,0x2A7B,0x8441,0xE228,0x2331,0x4339,0x8441,0x0652,0x2652,0x675A,0x685A,0x8862,0xA862,
0xA96A,0xC96A,0xC96A,0xEA72,0xEA72,0xEA72,0x0A73,0x0A73,0xEA72,0xEA72,0xEA72,0xEA72,0x0A73,0x0A73,0x0A73,0x0A73,
0x0A73,0x0A73,0x2A73,0x2A73,0x2B7B,0x4B7B,0x4B7B,0x4B7B,0x4B7B,0x4B7B,0x4B7B,0x6B7B,0x6B83,0x6B83,0x6B83,0x6B83,
0x6C83,0x6C83,0x8C83,0x8C83,0x8C83,0xAC83,0xAC83,0xAC83,0xAC8B,0xAC8B,0xAC8B,0xAC8B,0xAD8B,0xAD8B,0xAD8B,0xAD8B,
0xCD8B,0xCD8B,0xCD8B,0xCD8B,0xCD8B,0xCD8B,0xCD8B,0xCD8B,0xCD8B,0xCD8B,0xCD8B,0xCD8B,0xCD8B,0xED8B,0xED8B,0xED8B,
0xED8B,0xED8B,0xED8B,0xED8B,0xED8B,0xED93,0xED93,0xED93,0xED93,0xED93,0xCD93,0xED93,0xED93,0xED93,0xCD93,0x8C8B,
0x2A7B,0xEA72,0xC96A,0xE972,0x2B7B,0x8C83,0xAC83,0xAC8B,0xAC8B,0x8C83,0x6B83,0x4B7B,0x0A73,0xC96A,0xA86A,0x8862,
0x8862,0x8862,0x4752,0x074A,0x8539,0x0329,0xA118,0x8118,0x8218,0xA218,0xA218,0xC320,0xE320,0x0429,0x0429,0x2429,
0x4431,0x4531,0x6531,0x6531,0x6531,0x4531,0x4431,0x2429,0x2429,0x0329,0xE320,0xC220,0x8218,0x6110,0x6110,0x6110,
0x6110,0x4110,0x4110,0x4110,0x4010,0x2008,0x2008,0x2008,0x0008,0x0008,0x2008,0x2008,0x2008,0x2008,0x2008,0x2008,
0x2008,0x0008,0x2008,0x2008,0x2008,0x2008,0x2008,0x4008,0x4110,0x6110,0x6110,0x6110,0x8110,0x8110,0x8218,0xA218,
0x6EA4,0x6EA4,0x6EA4,0x6EA4,0x8FA4,0x8FA4,0x8FAC,0x8FAC,0x8FAC,0xAFAC,0xAFAC,0xAFAC,0xAFAC,0xAFAC,0xAFAC,0xAFAC,
0xAFAC,0xD0AC,0xAFAC,0xAFAC,0xD0AC,0xD0AC,0xAFAC,0xAFAC,0x8FA4,0x6EA4,0x4E9C,0x2D9C,0x2D9C,0x2D9C,0x4EA4,0x8FAC,
0xD0B4,0xF0B4,0x31BD,0x31BD,0x31BD,0x52BD,0x52BD,0x52C5,0x52BD,0x52BD,0x52BD,0x72C5,0xD4D5,0x56DE,0x96E6,0x97E6,
0x35D6,0xB3C5,0xB3C5,0xD3CD,0xB3CD,0xB3CD,0xB3CD,0xB3CD,0xB3CD,0xB3CD,0x93CD,0x93CD,0x93CD,0x93CD,0x93CD,0x93C5,
0x73C5,0x53C5,0xF1AC,0x6FA4,0xAC83,0x475A,0x6339,0x4339,0x8441,0xE549,0x475A,0x475A,0x685A,0x8862,0x8862,0xA962,
0xC96A,0xC96A,0xE96A,0xEA72,0xEA72,0xEA72,0x0A73,0xEA72,0xEA72,0xEA72,0xE96A,0xE96A,0xEA72,0xEA72,0xEA72,0xEA72,
0x0A73,0x0A73,0x0A73,0x2A73,0x2B7B,0x2B7B,0x4B7B,0x4B7B,0x4B7B,0x6B7B,0x6B83,0x6B83,0x6B83,0x6B83,0x6B83,0x6B83,
0x6C83,0x8C83,0x8C83,0x8C83,0xAC83,0xAC8B,0xAC8B,0xAC8B,0xAC8B,0xAD8B,0xAD8B,0xCD8B,0xCD8B,0xCD8B,0xCD8B,0xCD8B,
0xCD8B,0xCD8B,0xCD8B,0xCD8B,0xCD8B,0xCD8B,0xCD8B,0xCD8B,0xCD8B,0xCD8B,0xCD8B,0xED8B,0xED8B,0xED93,0xED93,0xED93,
0xED93,0xED93,0xED93,0xED93,0xED93,0xED93,0xED93,0xED93,0xED93,0xED93,0xED93,0xED93,0xED93,0xED93,0xED93,0xAC8B,
0x4B7B,0x0A73,0xEA72,0x0A73,0x4B7B,0x6B83,0x6C83,0x8C83,0x8C83,0x6C83,0x4B7B,0x2A7B,0x0A73,0xC96A,0xA862,0x8862,
0x8862,0x685A,0x2752,0xC641,0x4431,0xC220,0x6110,0x8118,0x8218,0xA218,0xA218,0xC320,0x0329,0x0429,0x2429,0x2429,
0x4431,0x4531,0x6531,0x6531,0x6531,0x6531,0x6531,0x6531,0x6531,0x4531,0x2429,0x0429,0xE320,0xC220,0x8218,0x8118,
0x6110,0x6110,0x6110,0x6110,0x4010,0x2008,0x2008,0x2008,0x0008,0x0008,0x2008,0x2008,0x2008,0x2008,0x2008,0x2008,
0x2008,0x0008,0x2008,0x2008,0x2008,0x2008,0x2008,0x4008,0x4008,0x6110,0x6110,0x6110,0x8110,0x8110,0x8218,0xA218,
0x6EA4,0x6EA4,0x6EA4,0x6EA4,0x6EA4,0x6EA4,0x8FA4,0x8FA4,0x8FAC,0xAFAC,0xAFAC,0xAFAC,0xAFAC,0xAFAC,0xAFAC,0xAFAC,
0xAFAC,0xAFAC,0xAFAC,0xAFAC,0xAFAC,0xAFAC,0xAFAC,0xAFAC,0xD0AC,0xAFAC,0x8FA4,0x6EA4,0x2D9C,0x2D9C,0x2D9C,0x4EA4,
0x8FAC,0xD0B4,0x11B5,0x31BD,0x52BD,0x52BD,0x31BD,0x52BD,0x52C5,0x52BD,0x52BD,0x72C5,0xF4D5,0x56DE,0x76E6,0x97E6,
0x14D6,0xB3C5,0xB3C5,0xB3C5,0xB3C5,0xB3CD,0xB3CD,0xD3CD,0xD3CD,0xB3CD,0x93CD,0x93CD,0x93CD,0x93CD,0x93CD,0x73C5,
0x93C5,0x73C5,0x11B5,0x8FA4,0xED8B,0xEA72,0xC549,0x6439,0xC549,0x2752,0x475A,0x475A,0x685A,0x8862,0xA862,0xA962,
0xC96A,0xC96A,0xE96A,0xE96A,0xE96A,0xE96A,0xE96A,0xC96A,0xC96A,0xC96A,0xC96A,0xC96A,0xA96A,0xA862,0xA862,0xA862,
0xA96A,0xA96A,0xC96A,0x0A73,0x0A73,0x2B7B,0x4B7B,0x6B7B,0x6B7B,0x6B83,0x6B83,0x6C83,0x6C83,0x6C83,0x6C83,0x6C83,
0x8C83,0x8C83,0xAC83,0xAC8B,0xAC8B,0xAC8B,0xAC8B,0xAD8B,0xAC8B,0xAD8B,0xCD8B,0xCD8B,0xCD8B,0xCD8B,0xCD8B,0xCD8B,
0xCD8B,0xCD8B,0xCD8B,0xCD8B,0xCD8B,0xCD8B,0xCD8B,0xCD8B,0xCD8B,0xCD8B,0xCD8B,0xED8B,0xED8B,0xED93,0xED93,0xED93,
0xED93,0xED93,0xED93,0xED93,0xED93,0xED93,0xED93,0xED93,0xED93,0xED93,0xED93,0xED93,0xED93,0xED93,0xCD93,0xCD8B,
0x8C83,0x6B7B,0x2B7B,0x2A7B,0x2A7B,0x2B7B,0x6B7B,0x6B83,0x6B83,0x6B7B,0x2B7B,0x0A73,0x0A73,0xC96A,0xA862,0x8862,
0x685A,0x2752,0xE649,0x6431,0xE220,0xA118,0x8110,0x6110,0x8118,0xA218,0xC220,0xE320,0x0329,0x0429,0x2429,0x2429,
0x4531,0x4531,0x4531,0x6531,0x6531,0x6531,0x6531,0x6531,0x4531,0x4531,0x4431,0x2429,0x0429,0xE320,0xC320,0xA218,
0xA218,0x8218,0x8118,0x6110,0x6110,0x4010,0x2008,0x2008,0x2008,0x0008,0x2008,0x2008,0x2008,0x2008,0x2008,0x2008,
0x2008,0x2008,0x2008,0x2008,0x2008,0x2008,0x2008,0x2008,0x4008,0x6110,0x6110,0x8110,0x8110,0x8110,0x8110,0xA218,
0x6EA4,0x6EA4,0x6EA4,0x6EA4,0x6EA4,0x6EA4,0x8FA4,0x8FA4,0x8FAC,0xAFAC,0xAFAC,0xAFAC,0xAFAC,0xAFAC,0xAFAC,0xAFAC,
0xAFAC,0xAFAC,0xAFAC,0xAFAC,0xAFAC,0xAFAC,0xAFAC,0xD0AC,0xD0AC,0xD0AC,0xAFAC,0x8FAC,0x6EA4,0x4E9C,0x2D9C,0x2D9C,
0x4E9C,0x6EA4,0xAFAC,0xF0B4,0x31BD,0x52BD,0x52BD,0x52BD,0x52BD,0x31BD,0x31BD,0x72C5,0xF4D5,0x76E6,0x96E6,0x76DE,
0xF4CD,0x93C5,0x93C5,0xB3C5,0xB3C5,0xB3C5,0xB3CD,0xB3CD,0xB3CD,0xB3CD,0x93CD,0x93CD,0x93CD,0x93CD,0x93CD,0x93C5,
0x94CD,0x73C5,0x32BD,0xD1AC,0x2E9C,0x6C7B,0x475A,0xC549,0x2752,0x475A,0x475A,0x685A,0x8862,0x8862,0xA962,0xA962,
0xC96A,0xC96A,0xE96A,0xE96A,0xE96A,0xC96A,0xA96A,0xA96A,0xA862,0xA862,0x8862,0x8862,0x8862,0x8862,0x8862,0x6862,
0x675A,0x675A,0x8862,0xC96A,0xEA72,0x2B7B,0x4B7B,0x4B7B,0x4B7B,0x6B7B,0x6B83,0x6B83,0x6C83,0x8C83,0x8C83,0x8C83,
0x8C83,0x8C83,0xAC83,0xAC8B,0xAC8B,0xAC8B,0xAC8B,0xAD8B,0xAC8B,0xAC8B,0xAC8B,0xAD8B,0xCD8B,0xCD8B,0xCD8B,0xCD8B,
0xCD8B,0xCD8B,0xCD8B,0xCD8B,0xED8B,0xED8B,0xED8B,0xED8B,0xED8B,0xED8B,0xED8B,0xED8B,0xED93,0xED93,0xED93,0xED93,
0xED93,0xED93,0xED93,0xED93,0xED93,0xED93,0xED93,0xED93,0xED93,0xED93,0xED93,0xED93,0xED93,0xED93,0xED93,0xCD93,
0xCD8B,0xCD8B,0x8C83,0x6B83,0x4B7B,0x4B7B,0x6B7B,0x6B83,0x6B83,0x6B83,0x4B7B,0x2A73,0xEA72,0xC96A,0x8862,0x685A,
0x4752,0xE649,0x8539,0xE220,0x6110,0x6110,0x8110,0x8118,0x8218,0xA218,0xC320,0x0329,0x0429,0x2429,0x2429,0x4431,
0x4531,0x6531,0x6531,0x6531,0x6531,0x6531,0x6531,0x6531,0x4531,0x4431,0x6531,0x6531,0x4531,0x2429,0x0329,0xE320,
0xC320,0xC220,0xA218,0x8218,0x8218,0x6110,0x4110,0x4110,0x2008,0x0008,0x0008,0x2008,0x2008,0x2008,0x2008,0x0008,
0x2008,0x2008,0x2008,0x2008,0x2008,0x2008,0x2008,0x2008,0x4008,0x6110,0x6110,0x8110,0x8110,0x8110,0x8110,0xA218,
0x4EA4,0x6EA4,0x6EA4,0x6EA4,0x6EA4,0x6EA4,0x8FA4,0x8FA4,0x8FAC,0xAFAC,0xAFAC,0xAFAC,0xAFAC,0xAFAC,0xAFAC,0xAFAC,
0xAFAC,0xAFAC,0xAFAC,0xAFAC,0xAFAC,0xAFAC,0xAFAC,0xAFAC,0xAFAC,0xAFAC,0xAFAC,0xAFAC,0xAFAC,0x8FAC,0x6EA4,0x4E9C,
0x2D9C,0x2D9C,0x4E9C,0x8FA4,0xD0B4,0x11B5,0x31BD,0x52BD,0x31BD,0x11BD,0x31BD,0xB3CD,0x15DE,0x56DE,0x76E6,0x35D6,
0xB3C5,0xB3C5,0xB3C5,0xB3C5,0xB3C5,0xB3C5,0xB3C5,0xB3C5,0xB3CD,0xB3CD,0x93CD,0x93CD,0x93CD,0x93CD,0x93CD,0x93C5,
0x93C5,0x73C5,0x53BD,0x11B5,0x6F9C,0xCD8B,0xEA6A,0x2752,0x475A,0x685A,0x685A,0x8862,0xA862,0xA962,0xC96A,0xC96A,
0xC96A,0xC96A,0xC96A,0xC96A,0xC96A,0xA96A,0x8862,0x8862,0x8862,0xA862,0xA862,0x8862,0x8862,0xA862,0xA862,0x8862,
0x475A,0x475A,0x675A,0x8862,0xE96A,0x2B7B,0x4B7B,0x4B7B,0x4B7B,0x4B7B,0x6B7B,0x6B83,0x6B83,0x6B83,0x6B83,0x6B83,
0x6C83,0x8C83,0x8C83,0x8C83,0x8C83,0x8C83,0xAC83,0xAC83,0xAC8B,0xAC8B,0xAC83,0xAC8B,0xCD8B,0xCD8B,0xED8B,0xED8B,
0xED8B,0xED8B,0xED8B,0xED8B,0xED93,0xED93,0xED93,0xED93,0xED93,0xED93,0xED93,0xED93,0xED93,0xED93,0xED93,0x0D94,
0x0D94,0x0D94,0x0D94,0x0D94,0x0D94,0xED93,0xED93,0xED93,0xED93,0xED93,0xED93,0xEE93,0xED93,0xED93,0x0E94,0xED93,
0xCD93,0xCD8B,0xCD8B,0xAD8B,0xAC8B,0xAC8B,0xAC83,0xAC8B,0xAC8B,0x8C83,0x6B7B,0x2B7B,0xEA6A,0xA962,0x8862,0x685A,
0x074A,0xA539,0xE328,0x8118,0x4010,0x4008,0x6110,0x8218,0xA218,0xC220,0xE320,0x0429,0x2429,0x4431,0x4431,0x4531,
0x6531,0x6531,0x6531,0x6531,0x6531,0x6531,0x6531,0x6531,0x6531,0x6531,0x6531,0x8539,0x6531,0x4531,0x4431,0x2429,
0x0429,0xE320,0xC320,0xC220,0xA218,0x8118,0x6110,0x6110,0x4110,0x2008,0x2008,0x2008,0x4008,0x2008,0x2008,0x2008,
0x2008,0x2008,0x2008,0x2008,0x2008,0x2008,0x2008,0x2008,0x4008,0x6110,0x6110,0x8110,0x8110,0x8110,0x8110,0xA218,
0x4EA4,0x4EA4,0x6EA4,0x6EA4,0x6EA4,0x6EA4,0x8FA4,0x8FA4,0x8FAC,0xAFAC,0xAFAC,0xAFAC,0xAFAC,0xAFAC,0xAFAC,0xAFAC,
0xAFAC,0xAFAC,0xCFAC,0xCFAC,0xAFAC,0xCFAC,0xAFAC,0xAFAC,0xAFAC,0xAFAC,0xD0AC,0xD0AC,0xD0B4,0xD0AC,0xD0AC,0x8FAC,
0x6EA4,0x2D9C,0x2D9C,0x4E9C,0x8FA4,0xAFAC,0xD0B4,0x11B5,0xF0B4,0x11B5,0x52C5,0xD4CD,0x15DE,0x55DE,0x56DE,0xF4CD,
0x72C5,0xB3C5,0xB3CD,0xB3C5,0xB3C5,0xB3C5,0xB3C5,0xB3CD,0xB3CD,0xB3CD,0x93CD,0x93CD,0x93CD,0x93CD,0x93CD,0x93C5,
0x73C5,0x53C5,0x73C5,0x32B5,0x90A4,0x0E94,0x6C7B,0x685A,0x475A,0x8862,0x8862,0xA862,0xA962,0xA962,0xC96A,0xC96A,
0xC96A,0xC96A,0xC96A,0xA96A,0xA96A,0xA862,0x8862,0x8862,0xA862,0xA96A,0xC96A,0xC96A,0xEA72,0x0A73,0x0A73,0xE96A,
0x8862,0x675A,0x475A,0x8862,0xE96A,0x2B7B,0x4B7B,0x4B7B,0x4B7B,0x4B7B,0x4B7B,0x6B83,0x6B83,0x6B7B,0x6B7B,0x6B7B,
0x6B83,0x6C83,0x8C83,0x8C83,0x8C83,0x8C83,0x8C83,0x8C83,0x8C83,0x8C83,0x6B83,0x8C83,0xAC83,0xAD8B,0xCD8B,0xED8B,
0xED8B,0xED8B,0xED8B,0xED8B,0xED8B,0xED8B,0xED8B,0xED8B,0xED8B,0xED8B,0xED93,0xED93,0xED93,0xED93,0xED93,0x0D94,
0x0D94,0x0D94,0x0D94,0x0D94,0x0D94,0x0D94,0x0D94,0x0D94,0x0D94,0x0D94,0x0D94,0xED93,0xED93,0x0D94,0x0E9C,0xED93,
0xED93,0xED93,0xED93,0xED93,0xED93,0xED93,0xED93,0xED93,0xED93,0xCD8B,0x8C83,0x4B7B,0xEA72,0xA962,0x685A,0x0752,
0xA541,0x0329,0x8118,0x6110,0x4010,0x6110,0x6110,0x8118,0xA218,0xC320,0x0329,0x2429,0x4429,0x4531,0x4531,0x6531,
0x6531,0x6531,0x6531,0x6531,0x6531,0x6531,0x6531,0x6531,0x6531,0x6531,0x6531,0x6531,0x6531,0x6531,0x6531,0x4531,
0x2429,0x0429,0xE320,0xE320,0xA218,0x8218,0x8118,0x8218,0x8118,0x6110,0x6110,0x6110,0x8110,0x8110,0x6110,0x2008,
0x2008,0x0008,0x0008,0x0008,0x0008,0x2008,0x2008,0x2008,0x4008,0x6110,0x6110,0x8110,0x8110,0x8210,0x8210,0xA218,
0x2D94,0x2D9C,0x4E9C,0x6E9C,0x6E9C,0x6E9C,0x6EA4,0x8EA4,0x8FA4,0x8FA4,0x8FA4,0xAFA4,0xAFA4,0xAFA4,0xAFAC,0xAFAC,
0xCFAC,0xCFAC,0xCFAC,0xCFAC,0xCFAC,0xCFAC,0xCFAC,0xAFAC,0xAFAC,0xAFAC,0xD0AC,0xD0AC,0xD0AC,0xD0AC,0xD0AC,0xD0AC,
0xAFAC,0x8FA4,0x4EA4,0x4E9C,0x4EA4,0x4EA4,0x6EA4,0xAFAC,0xD0AC,0x11BD,0x93C5,0xF4D5,0x35DE,0x56DE,0x15D6,0x72C5,
0x52BD,0x93C5,0xB3CD,0xB3CD,0x93CD,0xB3CD,0xB3CD,0xB3CD,0xB3CD,0x93CD,0x93CD,0x93CD,0x93CD,0x93C5,0x73C5,0x93C5,
0x72C5,0x72C5,0x72C5,0x31BD,0xF0AC,0x6FA4,0xAC83,0xC96A,0x675A,0x8862,0x8862,0x8862,0xA862,0xA962,0xC96A,0xC96A,
0xA96A,0xA96A,0xA862,0xA862,0xA862,0xA862,0x8862,0xA862,0xA96A,0xE96A,0x0A73,0x2A73,0x2A73,0x2A73,0x4B7B,0x2A73,
0xA96A,0x675A,0x675A,0x8862,0xC96A,0x0A73,0x2B7B,0x4B7B,0x4B7B,0x4B7B,0x4B7B,0x4B7B,0x4B7B,0x4B7B,0x4B7B,0x6B7B,
0x6B7B,0x6B7B,0x6B7B,0x8C83,0x8C83,0x8C83,0x8C83,0x6B7B,0x6B7B,0x4B7B,0x2A73,0x4B7B,0x6B83,0x8C83,0xCD8B,0xCD8B,
0xCD8B,0xCD8B,0xCD8B,0xED8B,0xED8B,0xED8B,0xED8B,0xED8B,0xED8B,0xEC8B,0xEC8B,0xEC8B,0xED93,0xED93,0x0D94,0x0D94,
0x0D94,0x0D94,0x0D94,0x0D94,0x0D94,0x0D94,0x0D94,0x0D9C,0x0D9C,0x0D9C,0x0D9C,0x0D9C,0x0D9C,0x0D9C,0x0D94,0x0D94,
0xED93,0xED93,0xED93,0xED93,0xED93,0xED93,0x0E94,0x0E94,0xED93,0xCD8B,0x8C83,0x6B83,0x0A73,0xA962,0x475A,0xC649,
0x4431,0x8118,0x4110,0x4010,0x4010,0x4010,0x6110,0x8118,0xC218,0xE320,0x0321,0x2429,0x4429,0x4531,0x4531,0x6531,
0x6531,0x6531,0x6531,0x6531,0x6531,0x6531,0x6531,0x6531,0x6531,0x6531,0x6531,0x6531,0x6531,0x6531,0x6531,0x6531,
0x4531,0x2429,0x0329,0xE320,0xC320,0xA218,0x8218,0x8218,0xA218,0xC320,0xC320,0xE320,0x0429,0x0429,0xE320,0xC220,
0x8218,0x6110,0x4010,0x2010,0x4010,0x2008,0x2008,0x2008,0x4008,0x4108,0x4108,0x6110,0x8210,0x8210,0x8210,0xA210,
0xCB8B,0xEC8B,0x0D94,0x2D94,0x4D9C,0x4D9C,0x6E9C,0x6E9C,0x8EA4,0x8FA4,0xAFA4,0xAFA4,0xAFA4,0xAFA4,0xAFAC,0xAFAC,
0xCFAC,0xCFAC,0xCFAC,0xCFAC,0xCFAC,0xCFAC,0xCFAC,0xAFAC,0xAFAC,0xAFAC,0xD0AC,0xD0AC,0xD0AC,0xD0AC,0xD0AC,0xF0B4,
0xF0B4,0xD0AC,0xAFAC,0x8FA4,0x6EA4,0x4EA4,0x6EA4,0xAFAC,0xF0B4,0x52BD,0xD4CD,0x35DE,0x56DE,0x35DE,0xB3CD,0x52BD,
0x31BD,0x72C5,0x93CD,0x93CD,0x93CD,0x93CD,0xB3CD,0xB3CD,0xB3CD,0x93CD,0x93CD,0x93CD,0x93CD,0x93C5,0x73C5,0x72C5,
0x72C5,0x72C5,0x72C5,0x52BD,0x11B5,0xB0A4,0xED8B,0x2A73,0xA862,0x685A,0x8862,0xA862,0xA962,0xA962,0xA962,0xA962,
0xA962,0xA862,0x8862,0x8862,0x8862,0xA862,0xA96A,0xC96A,0x0A73,0x2A73,0x2B7B,0x2B7B,0x2B7B,0x2B7B,0x4B7B,0x2A73,
0xC96A,0x8862,0x8862,0x8862,0xC96A,0x0A73,0x2A73,0x2A73,0x2A73,0x2A7B,0x2A7B,0x4B7B,0x4B7B,0x2A7B,0x4B7B,0x4B7B,
0x4B7B,0x4B7B,0x6B7B,0x6B7B,0x6B7B,0x6B7B,0x6B7B,0x4B7B,0x2A7B,0x0A73,0xE96A,0x0A73,0x4B7B,0x6B7B,0xAC83,0xCD8B,
0xCD8B,0xAD8B,0xCD8B,0xCD8B,0xCD8B,0xCD8B,0xCD8B,0xCC8B,0xCC8B,0xCC8B,0xCC8B,0xEC8B,0xEC8B,0xED93,0xED93,0x0D94,
0x0D94,0x0D94,0x0D94,0x0D94,0x0D94,0x0D94,0x0D94,0x0D9C,0x0D9C,0x0D9C,0x2D9C,0x0D9C,0x0D9C,0x0D9C,0x0D94,0x0D94,
0x0D9C,0xED9B,0xED9B,0xED93,0xED93,0xED93,0x0D94,0xED93,0xED93,0xCD8B,0x8C83,0x6B83,0x2A73,0xA862,0x2752,0x8541,
0xC228,0x6118,0x6110,0x4110,0x4110,0x4110,0x6110,0x8110,0xC218,0xE320,0x0321,0x2429,0x4429,0x4531,0x4531,0x6531,
0x6531,0x6531,0x6531,0x6531,0x6531,0x6531,0x6531,0x6531,0x6531,0x6531,0x6531,0x6531,0x6531,0x6531,0x6531,0x6531,
0x6531,0x4431,0x2429,0x0429,0x0329,0xC320,0xA218,0xA218,0xC320,0x0429,0x2529,0x6531,0x8639,0x8639,0x8639,0x6531,
0x2431,0xE328,0xA220,0x8118,0x6118,0x2010,0x2008,0x2008,0x4008,0x4108,0x4110,0x6110,0x8210,0x8210,0x8210,0xA210,
0x8A83,0x8B83,0xCB8B,0xEC8B,0x0D94,0x2D94,0x4D9C,0x6E9C,0x8EA4,0xAFA4,0xAFA4,0xAFA4,0xAFA4,0xAFA4,0xAFAC,0xAFAC,
0xCFAC,0xCFAC,0xCFAC,0xCFAC,0xCFAC,0xCFAC,0xCFAC,0xAFAC,0xAFAC,0xAFAC,0xD0AC,0xD0AC,0xD0AC,0xD0AC,0xD0AC,0xD0B4,
0xF0B4,0xF0B4,0xF0B4,0xF0B4,0xD0B4,0xD0AC,0xF0B4,0x31BD,0x72C5,0xD4CD,0x56DE,0x97E6,0x35DE,0xD4CD,0x52BD,0x11BD,
0x11BD,0x52C5,0x72C5,0x93C5,0x93CD,0x93CD,0x93CD,0x93CD,0xB3CD,0x93CD,0x93CD,0x93CD,0x93CD,0x93C5,0x73C5,0x72C5,
0x72C5,0x72C5,0x72BD,0x52BD,0x32BD,0xD0AC,0x2E94,0x8C83,0xC96A,0x675A,0x8862,0xA862,0xA862,0x8862,0x8862,0x8862,
0x8862,0x8862,0x8862,0x8862,0xA96A,0xC96A,0x0A73,0x0A73,0x2A73,0x2B7B,0x2A73,0x2B7B,0x4B7B,0x2B7B,0x2A73,0x0A73,
0xC96A,0xA862,0x8862,0xA96A,0xE96A,0x0A73,0x0A73,0x0A73,0x2A73,0x2A73,0x2A7B,0x4B7B,0x4B7B,0x4B7B,0x6B7B,0x6B7B,
0x8C83,0x8C83,0x8C83,0xAC83,0xAC83,0xAC83,0xAC83,0x8C83,0x4B7B,0x0A73,0xE972,0x0A73,0x2A7B,0x4B7B,0x6C83,0x8C83,
0xAC83,0xAC83,0xCD8B,0xCD8B,0xCC8B,0xCC8B,0xCC8B,0xCC8B,0xCC8B,0xCC8B,0xCC8B,0xCC8B,0xCC8B,0xEC8B,0xEC8B,0x0D94,
0x0D94,0x0D94,0x0D94,0x0D94,0x0D94,0x0D9C,0x0D9C,0x0D9C,0x0D9C,0x2D9C,0x2D9C,0x2D9C,0x2D9C,0x0D9C,0x0D9C,0x0D9C,
0x0D9C,0x0D9C,0x0D9C,0x0D9C,0x0D94,0x0D94,0x0E94,0x0E94,0xED93,0xCD8B,0xAC8B,0x8C83,0x0A73,0x8862,0x0652,0x4439,
0x8120,0x6118,0x6110,0x6110,0x6110,0x6110,0x6110,0x8110,0xC218,0xE320,0x0321,0x2429,0x4429,0x4531,0x4531,0x6531,
0x6531,0x6531,0x6531,0x6531,0x6531,0x6531,0x6531,0x6531,0x6531,0x6531,0x6531,0x6531,0x6531,0x6531,0x6531,0x6531,
0x6531,0x4531,0x4431,0x2429,0x2429,0xE320,0xA218,0xA218,0xC220,0xE320,0x4529,0x8639,0xC741,0x084A,0x084A,0x074A,
0xC741,0xA641,0x6539,0x0329,0xE228,0xA218,0x8118,0x6110,0x4010,0x4010,0x4110,0x6110,0x6110,0x8110,0x8210,0x8210,
0xCB8B,0xAB83,0x8A83,0x8B83,0xCB8B,0xEC8B,0x0D94,0x2D9C,0x6E9C,0x8EA4,0x8FA4,0xAFA4,0xAFA4,0xAFA4,0xAFAC,0xAFAC,
0xCFAC,0xCFAC,0xCFAC,0xCFAC,0xCFAC,0xCFAC,0xCFAC,0xAFAC,0xAFAC,0xAFAC,0xD0AC,0xD0AC,0xD0AC,0xD0B4,0xD0AC,0xD0B4,
0xF0B4,0xF0B4,0xF0B4,0x11BD,0x31BD,0x31BD,0x72C5,0x93CD,0xF4D5,0x15D6,0x35DE,0x35DE,0xB3CD,0x31BD,0x11BD,0x11B5,
0x11BD,0x52BD,0x72C5,0x93C5,0x93C5,0x93CD,0x93CD,0x93CD,0x93CD,0x93CD,0x93CD,0x93CD,0x93CD,0x93C5,0x73C5,0x93C5,
0x93C5,0x72C5,0x52BD,0x52BD,0x52BD,0xF1AC,0x4F9C,0xED8B,0x0A73,0x8862,0xA862,0x8862,0x8862,0x685A,0x685A,0x685A,
0x8862,0x8862,0x6862,0x8862,0xC96A,0x0A73,0x0A73,0x0A73,0x0A73,0x0A73,0x2A73,0x2B7B,0x2B7B,0x2A73,0x0A73,0xC96A,
0xC96A,0xA862,0x8862,0xA96A,0xEA72,0x0A73,0x0A73,0x2A73,0x2A7B,0x4B7B,0x4B7B,0x6B7B,0x6B7B,0x6B83,0x8C83,0x8C83,
0xAC83,0xCD8B,0xCD8B,0xCD8B,0xCD8B,0xCD8B,0xCD8B,0xCD8B,0x8C83,0x4B7B,0x0A73,0x0A73,0x0A73,0x0A73,0x4B7B,0x6C7B,
0x8C83,0xAC83,0xCD8B,0xED8B,0xCD8B,0xCD8B,0xCD8B,0xCC8B,0xCC8B,0xCC8B,0xEC8B,0xEC8B,0xED93,0xED93,0xED93,0x0D94,
0x0D94,0x0D94,0x0D94,0x0D94,0x2D94,0x0D9C,0x0D9C,0x2D9C,0x2D9C,0x2E9C,0x2E9C,0x2E9C,0x2D9C,0x2D9C,0x0D9C,0x0D9C,
0x0D9C,0x0D9C,0x0D9C,0x0D9C,0x0D9C,0x0D9C,0xED93,0xED93,0xED93,0xCD8B,0xAC8B,0x8C83,0xEA72,0x685A,0x074A,0x4431,
0x8118,0x6118,0x6110,0x6110,0x6110,0x6110,0x6110,0x8110,0xC218,0xE320,0x0321,0x2429,0x4429,0x4531,0x4531,0x6531,
0x6531,0x6531,0x6531,0x6531,0x6531,0x6531,0x6531,0x6531,0x6531,0x6531,0x6531,0x6531,0x6531,0x6531,0x6531,0x6531,
0x6531,0x6531,0x4531,0x4431,0x2429,0xE320,0xC220,0xA218,0xA218,0xC220,0xE320,0x4431,0xC641,0x284A,0x4852,0x4952,
0x6852,0x4852,0x274A,0xC641,0x8541,0x2431,0x0329,0xA220,0x6110,0x4010,0x4008,0x6110,0x6110,0x6110,0x8110,0x8210,
0x0D94,0xEC93,0xCB8B,0xAB83,0x8B83,0xAB83,0xCC8B,0xEC93,0x2D94,0x4D9C,0x6E9C,0x8EA4,0xAFA4,0xAFAC,0xAFA4,0xAFA4,
0xAFA4,0xAFAC,0xAFAC,0xCFAC,0xCFAC,0xCFAC,0xCFAC,0xAFAC,0xAFAC,0xD0AC,0xD0AC,0xD0AC,0xD0AC,0xD0AC,0xD0AC,0xD0AC,
0xD0B4,0xD0B4,0xF0B4,0xF0B4,0x11B5,0x31BD,0x72C5,0x93CD,0xB3CD,0xB3CD,0x93CD,0x72C5,0x52BD,0x31BD,0x11BD,0x11BD,
0x11BD,0x11BD,0x52C5,0x72C5,0x93C5,0x93CD,0x93C5,0x93C5,0x93CD,0x93CD,0x93CD,0x93CD,0x93CD,0x93CD,0x93C5,0x93C5,
0x93C5,0x72C5,0x72BD,0x52BD,0x52BD,0x11B5,0x90A4,0x0E94,0x6B7B,0xA862,0x8862,0x8862,0x685A,0x685A,0x685A,0x685A,
0x8862,0xA862,0xA96A,0xC96A,0xEA72,0x0A73,0x0A73,0x0A73,0x0A73,0x0A73,0x2A73,0x2B7B,0x2B7B,0x0A73,0xEA72,0xC96A,
0xC96A,0xC96A,0xC96A,0x0A73,0x0A73,0x2A73,0x2B7B,0x4B7B,0x4B7B,0x6B7B,0x6B7B,0x8C83,0x8C83,0xAC83,0xAC83,0xAC8B,
0xCD8B,0xCD8B,0xED8B,0xED93,0xED93,0xED8B,0xED8B,0xED8B,0xAC8B,0x6B83,0x4B7B,0x0A73,0x0A73,0xE972,0x0A73,0x4B7B,
0x8C83,0xAC83,0xED8B,0x0E94,0x2E94,0x0E94,0x0D94,0x0D94,0x0D94,0xED93,0x0D94,0x0D94,0x0D94,0x0D94,0x0D94,0x0D94,
0x0D94,0x0D94,0x0D94,0x0D94,0x0D94,0x0D9C,0x0D9C,0x0D9C,0x0D9C,0x0D9C,0x0D9C,0x2D9C,0x2E9C,0x2E9C,0x2D9C,0x0D9C,
0x0D9C,0x0D9C,0x0D9C,0xED93,0xED93,0xED93,0xED93,0xED93,0xED93,0xAD8B,0x8C83,0x6B7B,0xC96A,0x685A,0xE649,0x2431,
0x8218,0x6118,0x6110,0x6110,0x8110,0x6110,0x6110,0xA210,0xC218,0x0321,0x0429,0x2429,0x4429,0x6531,0x6531,0x6531,
0x6531,0x8531,0x8531,0x8539,0x8539,0x8539,0x8539,0x8539,0x8539,0x6531,0x6531,0x6531,0x6531,0x6531,0x8539,0x6531,
0x6531,0x6531,0x6531,0x4531,0x2429,0x2429,0x0329,0xE320,0xC220,0xA218,0xA218,0xC220,0x6531,0xE741,0x284A,0x895A,
0xA95A,0x895A,0x895A,0x685A,0x2852,0xE641,0x6431,0x0329,0xC220,0x4010,0x4010,0x6110,0x6110,0x8110,0x8210,0x8210,
0x6E9C,0x4E9C,0x2D9C,0x0C94,0xCC8B,0xAB83,0xAB83,0xAB83,0xCB8B,0x0C94,0x2D9C,0x4E9C,0x6EA4,0xAFA4,0xAFA4,0x8FA4,
0xAFA4,0xAFA4,0xAFA4,0xAFAC,0xAFAC,0xCFAC,0xCFAC,0xAFAC,0xAFAC,0xAFAC,0xD0AC,0xD0AC,0xD0AC,0xD0AC,0xD0AC,0xD0AC,
0xD0B4,0xD0B4,0xD0B4,0xD0B4,0xD0B4,0xF0B4,0x11BD,0x31BD,0x31BD,0x31BD,0x31BD,0x31BD,0x31BD,0x31BD,0x11BD,0x11BD,
0x11B5,0x11BD,0x31BD,0x72C5,0x72C5,0x93CD,0x93C5,0x93C5,0x93C5,0x93CD,0x93CD,0x93CD,0x93CD,0x93CD,0x93C5,0x72C5,
0x72C5,0x72C5,0x72BD,0x52BD,0x52BD,0x32B5,0xD1AC,0x4F9C,0xAC83,0xC96A,0x475A,0x675A,0x685A,0x685A,0x685A,0x8862,
0xA96A,0xE96A,0xEA72,0xEA72,0x0A73,0x0A73,0x0A73,0x0A73,0x0A73,0x0A73,0x0A73,0x0A73,0x2A73,0x0A73,0x0A73,0xEA72,
0xE96A,0x0A73,0x2A73,0x4B7B,0x4B7B,0x4B7B,0x4B7B,0x6B7B,0x6B7B,0x6B83,0x8C83,0x8C83,0x8C83,0xAC83,0xCD8B,0xCD8B,
0xCD8B,0xED8B,0xED8B,0x0E94,0xED93,0xED8B,0xED8B,0xED8B,0xCD8B,0xCD8B,0xAC83,0x6B83,0x2A7B,0x0A73,0xE96A,0x0A73,
0x4B7B,0x8C83,0xED8B,0x2E94,0x0E94,0x0E94,0x0E94,0x0D94,0x0D94,0x0D94,0x0D94,0x0D94,0x0D94,0x0D94,0x0D94,0x0D94,
0x2D94,0x2D94,0x2D94,0x2D94,0x2D94,0x0D9C,0x0D9C,0x0D9C,0x0D9C,0x0D9C,0x0D9C,0x2D9C,0x2E9C,0x2E9C,0x2D9C,0x0D9C,
0x0D9C,0x0D9C,0x0D9C,0xED93,0xED93,0xED93,0xED93,0x0D94,0xCD8B,0xAC83,0x8C83,0x6B7B,0xC962,0x685A,0xC649,0x0329,
0x8218,0x8218,0x6110,0x6110,0x8210,0x6110,0x8110,0xA218,0xC220,0x0321,0x2429,0x2429,0x4531,0x6531,0x6531,0x6531,
0x6531,0x8531,0x8531,0x8539,0x8539,0x8539,0x8539,0x8539,0x8539,0x6531,0x6531,0x6531,0x6531,0x6531,0x6531,0x6531,
0x6531,0x6531,0x6531,0x4531,0x4531,0x2429,0x0429,0xE320,0xC320,0xC220,0x8118,0x8118,0xE320,0x6431,0xC641,0x284A,
0x695A,0xA95A,0xC962,0xA962,0xA962,0x685A,0xE749,0xA539,0x2431,0xA220,0x8118,0x4010,0x6110,0x8118,0x8218,0x8210,
0x4E9C,0x6E9C,0x6EA4,0x6E9C,0x4D9C,0x0D94,0xCC8B,0xAB8B,0xAB83,0xAB83,0xCC8B,0x0C94,0x4D9C,0x6EA4,0x8FA4,0xAFA4,
0xAFAC,0xAFA4,0xAFA4,0xAFA4,0xAFA4,0xAFA4,0xAFA4,0xAFAC,0xAFAC,0xAFAC,0xAFAC,0xD0AC,0xD0AC,0xD0AC,0xD0AC,0xD0AC,
0xD0B4,0xD0B4,0xF0B4,0xD0B4,0xF0B4,0xF0B4,0xF0B4,0x11B5,0xF0B4,0xF0B4,0x11B5,0x11BD,0x31BD,0x31BD,0x11BD,0x31BD,
0x11BD,0x11B5,0x31BD,0x52BD,0x72C5,0x93C5,0x93CD,0x93C5,0x93C5,0x93CD,0x93CD,0x93CD,0x93C5,0x93C5,0x72C5,0x52BD,
0x52BD,0x52BD,0x52BD,0x52BD,0x52BD,0x32B5,0xF1AC,0x4F9C,0xCD8B,0xE96A,0x475A,0x475A,0x8862,0x685A,0x6862,0xA962,
0xEA6A,0x0A73,0x0A73,0x0A73,0x0A73,0x0A73,0x0A73,0x0A73,0x0A73,0x0A73,0x0A73,0x0A73,0x0A73,0x0A73,0x2A73,0x2A73,
0x2A73,0x2B7B,0x4B7B,0x6B7B,0x4B7B,0x4B7B,0x4B7B,0x8C83,0x8C83,0x8C83,0xAC83,0xAC83,0xAC83,0xCD8B,0xCD8B,0xCD8B,
0xED8B,0xED8B,0xED8B,0xED93,0xED93,0x0E94,0x0E94,0x0E94,0xED93,0xED93,0xED93,0xCD8B,0x6B7B,0x2A73,0xE96A,0xEA72,
0x0A73,0x8C83,0xEE93,0x2E94,0x0E94,0x0E94,0x2E94,0x2E94,0x2E94,0x2E94,0x2E9C,0x2E9C,0x2E9C,0x2E9C,0x2E9C,0x2D94,
0x2D94,0x2D94,0x2D94,0x2D94,0x2D94,0x2D9C,0x2D9C,0x2D9C,0x2D9C,0x2D9C,0x2D9C,0x2D9C,0x2E9C,0x2E9C,0x2D9C,0x0D9C,
0x0D9C,0x0D9C,0x0D9C,0xED93,0xED93,0xED93,0x0E94,0xED93,0xAC8B,0x8C83,0x6C83,0x2B7B,0xC962,0x4852,0xA541,0xE320,
0x8218,0xA218,0x8210,0x8210,0x8210,0x8210,0x8210,0xA218,0xC320,0x0321,0x2429,0x4429,0x6531,0x6531,0x6531,0x6531,
0x6531,0x8531,0x8531,0x8539,0x8539,0x8539,0x8539,0x8539,0x8539,0x6531,0x6531,0x6531,0x6531,0x6531,0x6531,0x6531,
0x6531,0x6531,0x6531,0x6531,0x6531,0x4531,0x2429,0x0429,0xE320,0xE320,0xA218,0x8118,0xA218,0xE220,0x4431,0xC641,
0x4852,0x895A,0xCA62,0xCA62,0xCA62,0xA962,0x685A,0x074A,0x8539,0x2329,0xA220,0x6110,0x6110,0x8118,0x8218,0x8118,
0x2D94,0x4D9C,0x6E9C,0x6E9C,0x8EA4,0x6E9C,0x2D9C,0x0D94,0xEC8B,0xCB8B,0xAB83,0xAB83,0xEC8B,0x2D94,0x4E9C,0x6EA4,
0x8FA4,0x8FA4,0x8FA4,0x8FA4,0xAFA4,0xAFA4,0xAFA4,0xAFAC,0xAFAC,0xAFAC,0xAFAC,0xAFAC,0xAFAC,0xD0AC,0xD0AC,0xD0AC,
0xD0B4,0xD0B4,0xD0B4,0xD0B4,0xF0B4,0xF0B4,0xF0B4,0xF0B4,0x11B5,0x11BD,0x11BD,0x31BD,0x31BD,0x31BD,0x11BD,0x31BD,
0x11BD,0x11B5,0x11B5,0x31BD,0x52C5,0x93C5,0x93CD,0x93C5,0x93C5,0x93CD,0x93CD,0x93CD,0x93C5,0x72C5,0x72C5,0x52BD,
0x31BD,0x31BD,0x11B5,0x11B5,0x11B5,0x11B5,0xF1AC,0x6F9C,0x0E94,0x2B73,0x675A,0x475A,0x8862,0xA962,0xC96A,0xEA6A,
0xEA6A,0xEA72,0xEA72,0xEA72,0xEA72,0x0A73,0x0A73,0xEA72,0xEA72,0xEA72,0x0A73,0x2A73,0x2A73,0x2B7B,0x2B7B,0x4B7B,
0x4B7B,0x4B7B,0x4B7B,0x6B7B,0x6B7B,0x4B7B,0x6C7B,0x8C83,0x8C83,0xAC83,0xAC83,0xAC8B,0xAC8B,0xCD8B,0xCD8B,0xED8B,
0xED8B,0xED93,0x0E94,0xED93,0xED93,0x0E94,0x0E94,0x0E94,0x0E94,0x0E94,0x2E94,0xED93,0xAC83,0x6B7B,0x2A73,0x0A73,
0x2B7B,0xAC83,0xEE93,0x2E94,0x2E94,0x2E94,0x2E94,0x2E94,0x2E94,0x2E94,0x2D94,0x2D94,0x2D94,0x2D94,0x2D94,0x2E9C,
0x2E9C,0x2E9C,0x2E9C,0x2E9C,0x2E9C,0x2E9C,0x2E9C,0x2E9C,0x2E9C,0x2E9C,0x2E9C,0x2D9C,0x2E9C,0x2E9C,0x2D9C,0x0D9C,
0x0D9C,0x0D9C,0x0D9C,0xED93,0xED93,0xED93,0xED93,0xCD93,0x8C8B,0x8C83,0x4B7B,0xE96A,0x885A,0x4752,0xA539,0xC220,
0x6110,0x8218,0x8210,0x8210,0xA210,0x8210,0x8210,0xA218,0xC320,0x0321,0x2429,0x4429,0x6531,0x6531,0x6531,0x6531,
0x6531,0x8531,0x8531,0x8539,0x8539,0x8539,0x8539,0x8539,0x8539,0x6531,0x6531,0x6531,0x6531,0x6531,0x6531,0x6531,
0x6531,0x6531,0x6531,0x8539,0x8539,0x6531,0x4431,0x2429,0x0429,0xE320,0xC218,0xA218,0xA118,0xA118,0xC220,0x4431,
0xC641,0x4852,0xA95A,0xA962,0xCA62,0xCA62,0xCA62,0x685A,0x074A,0x8539,0x0329,0xA218,0xA218,0x8118,0x8118,0x8218,
0x2D9C,0x2D94,0x2D94,0x2D9C,0x6E9C,0x8EA4,0x6E9C,0x4E9C,0x2D94,0x0C94,0xEC8B,0xAB83,0xAB83,0xCC8B,0xEC93,0x2D94,
0x4E9C,0x8FA4,0x8FA4,0x8FA4,0x8FA4,0x8FA4,0x8FA4,0xAFAC,0xAFAC,0xAFAC,0xAFAC,0xCFAC,0xCFAC,0xAFAC,0xD0AC,0xD0AC,
0xD0B4,0xD0B4,0xD0B4,0xD0B4,0xF0B4,0xF0B4,0xF0B4,0xF0B4,0x11B5,0x11B5,0x11BD,0x11BD,0x31BD,0x31BD,0x31BD,0x31BD,
0x11B5,0x11B5,0xF0B4,0x11B5,0x31BD,0x72C5,0x93C5,0x93C5,0x93C5,0x72C5,0x93CD,0x93CD,0x73C5,0x72C5,0x72C5,0x52BD,
0x31BD,0xF0B4,0xF0AC,0xF0AC,0xF0AC,0xF1B4,0xF2B4,0xB0A4,0x4F9C,0x8C83,0xA96A,0x8862,0xA862,0xC96A,0xEA6A,0xEA6A,
0xC96A,0xC96A,0xE96A,0xE96A,0xE96A,0xEA72,0xEA72,0xEA72,0x0A73,0x0A73,0x0A73,0x2A7B,0x4B7B,0x4B7B,0x4B7B,0x4B7B,
0x6B7B,0x6B7B,0x6B7B,0x6C83,0x6C83,0x6C83,0x8C83,0x8C83,0x8C83,0xAC83,0xAC83,0xAD8B,0xAD8B,0xCD8B,0xCD8B,0xED8B,
0xEE93,0xEE93,0xEE93,0xEE93,0x0E94,0x0E94,0x0E94,0x0E94,0xEE93,0xEE93,0xED93,0xCD8B,0x8C83,0x6B7B,0x2B7B,0x2B7B,
0x6B7B,0xCD8B,0x0E94,0x0E94,0x2E94,0x2E94,0x2E94,0x2E94,0x2E94,0x2E94,0x2D94,0x2E9C,0x2E9C,0x2E9C,0x2E9C,0x4E9C,
0x4E9C,0x4E9C,0x4E9C,0x4E9C,0x4E9C,0x4E9C,0x2E9C,0x2E9C,0x2E9C,0x2E9C,0x2E9C,0x2D9C,0x2E9C,0x2E9C,0x2D9C,0x2D9C,
0x0D9C,0x2D9C,0x0D94,0x0D94,0xED93,0xED93,0xED93,0xCD8B,0x8C83,0x6B7B,0x2B7B,0xC96A,0x685A,0x274A,0x8539,0xC220,
0x6110,0x8210,0x8210,0x8210,0xA218,0x8210,0xA218,0xC218,0xE320,0x0429,0x2429,0x4429,0x4531,0x6531,0x6531,0x6531,
0x6531,0x8531,0x8531,0x8531,0x8531,0x8531,0x8531,0x8531,0x8531,0x8531,0x8531,0x8531,0x8531,0x8531,0x8531,0x8539,
0x8531,0x8531,0x8531,0x8531,0x8639,0x8531,0x6531,0x4429,0x2429,0x0321,0xE320,0xA218,0x8218,0x8118,0xA218,0xE320,
0x6431,0xE749,0x6852,0xA95A,0xEA62,0xEA6A,0xEA6A,0xA962,0x485A,0xE749,0x8539,0xE328,0xC220,0x8118,0x8118,0x8118,
0x2D94,0x0D94,0x0D94,0x2D94,0x4E9C,0x6E9C,0x6E9C,0x6E9C,0x4E9C,0x4E9C,0x2D94,0xEC93,0xCC8B,0x8B83,0x8B83,0xCC8B,
0x0D94,0x6E9C,0x6EA4,0x8FA4,0x8FA4,0x8FA4,0x8FA4,0xAFA4,0xAFAC,0xAFAC,0xAFAC,0xCFAC,0xCFAC,0xAFAC,0xD0AC,0xD0AC,
0xD0B4,0xD0B4,0xD0B4,0xD0B4,0xD0B4,0xF0B4,0xF0B4,0xF0B4,0xF0B4,0xF0B4,0x11B5,0x11BD,0x11BD,0x31BD,0x31BD,0x31B5,
0x11B5,0x11B5,0xF0B4,0xF0B4,0x11B5,0x52BD,0x72C5,0x93C5,0x93C5,0x72C5,0x93CD,0x93CD,0x72C5,0x72C5,0x72C5,0x72C5,
0x31BD,0x11B5,0x10B5,0x10B5,0xF0AC,0xD1B4,0xF1B4,0xB0AC,0x4F9C,0xAD8B,0x0A73,0xC96A,0xA962,0xA962,0xA962,0xA962,
0xA962,0xC96A,0xC96A,0xE96A,0xE96A,0xE96A,0xEA72,0x0A73,0x0A73,0x0A7B,0x2A7B,0x2B7B,0x4B7B,0x4B7B,0x4B7B,0x6B7B,
0x6B7B,0x6B83,0x6B83,0x6B83,0x8C83,0x8C83,0x8C83,0x8C83,0x8C83,0xAC83,0xAD8B,0xAD8B,0xAD8B,0xCD8B,0xCD8B,0xED8B,
0xEE93,0xEE93,0xEE93,0x0E94,0x0E94,0x0E94,0x0E94,0x0E94,0x0E94,0xEE93,0xCD8B,0xAC83,0x6C83,0x4B7B,0x2A73,0x4B7B,
0xAC83,0xED8B,0x0E94,0x0E94,0x2E94,0x2E94,0x2E94,0x2E94,0x2E9C,0x2E94,0x2E9C,0x2E9C,0x4E9C,0x4E9C,0x4E9C,0x4E9C,
0x4E9C,0x4E9C,0x4E9C,0x4E9C,0x4E9C,0x4E9C,0x4E9C,0x4E9C,0x4E9C,0x4E9C,0x4E9C,0x2E9C,0x2E9C,0x4E9C,0x2E9C,0x2D9C,
0x0D94,0x0D94,0x0D94,0xED93,0xEC8B,0xED8B,0xAC8B,0x8C83,0x4B7B,0x0A73,0xEA72,0xA96A,0x685A,0x064A,0x8439,0xC220,
0x8110,0xA210,0x8210,0x8210,0xA218,0xA218,0xA218,0xC320,0x0321,0x2429,0x2429,0x4429,0x4531,0x6531,0x6531,0x6531,
0x6531,0x8531,0x8531,0x8531,0x8531,0x8531,0x8531,0x8531,0x8531,0x8531,0x8531,0x8531,0x8531,0x8531,0x8631,0x8639,
0x8531,0x8531,0x8531,0x8531,0x8639,0x8531,0x6531,0x4529,0x2429,0x2429,0x0421,0xE320,0xC218,0xC218,0xC218,0xC220,
0x2429,0xA639,0x284A,0x6952,0xAA5A,0xA962,0xCA6A,0xCA6A,0x8962,0x2852,0xC649,0x4431,0xE228,0x8118,0x8018,0x8118,
0x0D94,0x2D94,0x2D94,0x2D94,0x2D94,0x2D94,0x2D9C,0x4E9C,0x6E9C,0x6E9C,0x6E9C,0x4E9C,0x2D9C,0xEC8B,0xAB8B,0xAB83,
0xAB83,0xEC93,0x0D94,0x2D9C,0x6E9C,0x8FA4,0xAFA4,0x8FA4,0xAFA4,0xAFA4,0xAFAC,0xAFAC,0xCFAC,0xAFAC,0xD0AC,0xD0AC,
0xD0B4,0xD0B4,0xD0B4,0xD0B4,0xD0B4,0xF0B4,0xF0B4,0xF0B4,0xF0B4,0xF0B4,0x11B5,0x11BD,0x11BD,0x11BD,0x31BD,0x31BD,
0x31B5,0x11B5,0x11B5,0xF0B4,0xF0B4,0x31B5,0x52BD,0x72C5,0x93C5,0x72C5,0x72C5,0x72C5,0x72C5,0x72C5,0x93CD,0x93C5,
0xB3CD,0xB3CD,0xB3C5,0x51BD,0xF0AC,0xD0AC,0xF1AC,0xB0AC,0x70A4,0xEE93,0x6B7B,0xE96A,0xA962,0xA962,0x8862,0x8862,
0xA862,0xA862,0xC962,0xC96A,0xE96A,0xE96A,0x0A73,0x0A73,0x0A73,0x0A7B,0x2B7B,0x2B7B,0x4B7B,0x4B7B,0x4B7B,0x6B7B,
0x6B7B,0x6B83,0x6B83,0x8C83,0x8C83,0x8C83,0x8C83,0x8C83,0x8C83,0xAC83,0xAD8B,0xAD8B,0xAD8B,0xCD8B,0xCD8B,0xED8B,
0xEE93,0xEE93,0xEE93,0x0E94,0x0E94,0x0E94,0x0E94,0x0E94,0xEE93,0xED8B,0xCD8B,0x8C83,0x4B7B,0x2B7B,0x4B7B,0x8C83,
0xEE93,0x0E94,0x2E94,0x2E94,0x2E94,0x2E94,0x2E94,0x2E9C,0x4E9C,0x4E9C,0x4E9C,0x4E9C,0x4E9C,0x4E9C,0x4E9C,0x4E9C,
0x4E9C,0x4E9C,0x4E9C,0x4E9C,0x4E9C,0x4E9C,0x4E9C,0x4E9C,0x4E9C,0x4E9C,0x4E9C,0x4E9C,0x4E9C,0x4E9C,0x4E9C,0x2E9C,
0x2D9C,0x2D94,0x0D94,0xED93,0xCC8B,0xCC8B,0x8C83,0x8C83,0x2B7B,0x0A73,0xE972,0xA862,0x885A,0x2752,0x8539,0xE220,
0x8110,0xA218,0xA210,0x8210,0xA218,0xA218,0xA218,0xC320,0x0321,0x2429,0x2429,0x4429,0x4531,0x6531,0x6531,0x6531,
0x6531,0x8531,0x8531,0x8531,0x8531,0x8531,0x8531,0x8531,0x8531,0x8531,0x8531,0x8531,0x8531,0x8531,0x8639,0x8639,
0x8531,0x8531,0x8531,0x8531,0x8531,0x8531,0x8531,0x6531,0x4429,0x4429,0x2429,0x0421,0x0321,0xE320,0xC218,0xA218,
0xE320,0x4531,0xC641,0x284A,0x695A,0xA962,0xCA6A,0xEA6A,0xAA6A,0x8962,0x2752,0xC641,0x4431,0xC220,0xA118,0xA118,
0x0D94,0x0D94,0x0D94,0x0D94,0x0D94,0x0D94,0x2D94,0x2D94,0x2D9C,0x4E9C,0x6E9C,0x6EA4,0x6EA4,0x6EA4,0x4E9C,0xEC93,
0xAB8B,0xCC8B,0xCC8B,0xEC8B,0x0D94,0x4E9C,0x8EA4,0x8EA4,0x8FA4,0x8FA4,0xAFAC,0xAFAC,0xAFAC,0xAFAC,0xD0AC,0xD0AC,
0xD0B4,0xD0B4,0xD0B4,0xD0B4,0xD0B4,0xF0B4,0xF0B4,0xF0B4,0xF0B4,0xF0B4,0x11B5,0x11BD,0x11BD,0x11BD,0x11B5,0x31BD,
0x31BD,0x31BD,0x11B5,0xF0B4,0xF0B4,0xF0B4,0x31BD,0x52BD,0x72C5,0x72C5,0x72C5,0x72C5,0x52C5,0x72C5,0xB3CD,0xD4CD,
0x15D6,0x56DE,0x15D6,0x72BD,0xD0AC,0xD0AC,0xF1AC,0xB0AC,0x90A4,0x2E94,0x8C83,0xE96A,0x8862,0x8862,0x8862,0x885A,
0x8862,0xA862,0xA862,0xC96A,0xC96A,0xE96A,0x0A73,0x0A73,0x0A73,0x2A7B,0x2B7B,0x4B7B,0x4B7B,0x6B7B,0x6B7B,0x6B7B,
0x6B83,0x8C83,0x8C83,0x8C83,0x8C83,0x8C83,0x8C83,0x8C83,0x8C83,0xAC83,0xAD8B,0xAD8B,0xAD8B,0xCD8B,0xCD8B,0xED8B,
0xEE93,0xEE93,0xEE93,0xEE93,0xEE93,0xEE93,0xED8B,0xED8B,0xAD8B,0x8C83,0x8C83,0x6B7B,0x6B7B,0x4B7B,0x8C83,0xED8B,
0x2F9C,0x2F9C,0x2E94,0x4E9C,0x2E9C,0x4E9C,0x4E9C,0x4E9C,0x4E9C,0x4E9C,0x4E9C,0x4E9C,0x4E9C,0x4E9C,0x6E9C,0x4E9C,
0x4E9C,0x4E9C,0x4E9C,0x4E9C,0x4E9C,0x6E9C,0x6E9C,0x4E9C,0x4E9C,0x4E9C,0x4E9C,0x4E9C,0x4E9C,0x4E9C,0x4E9C,0x4E9C,
0x4E9C,0x2E9C,0x0D94,0xED8B,0xCC8B,0xAC83,0x6B83,0x4B7B,0x0A73,0xE972,0xE96A,0xA862,0x8862,0x2752,0xA539,0xE220,
0x8118,0xA218,0xA210,0xA210,0xC218,0xA218,0xA218,0xE320,0x0321,0x2429,0x4429,0x4429,0x6531,0x6531,0x6531,0x6531,
0x6531,0x8531,0x8531,0x8639,0x8639,0x8639,0x8639,0x8639,0x8639,0x8639,0x8639,0x8639,0x8639,0x8639,0x8639,0x8639,
0x8531,0x8531,0x8531,0x8531,0x8531,0x8531,0x8531,0x6531,0x6531,0x4529,0x2429,0x2429,0x0421,0x0321,0xE320,0xC218,
0xC220,0xE328,0x4431,0xC641,0x4852,0xA962,0xCA6A,0xCA6A,0xCA62,0xA962,0x685A,0x2752,0xA541,0x2331,0xC220,0xA120,
0x0D94,0x0D94,0x0D94,0x0D94,0x0D94,0x2D94,0x0D94,0x0D94,0x0D94,0x2D94,0x4E9C,0x4E9C,0x4E9C,0x6EA4,0x6EA4,0x6E9C,
0x4E9C,0xEC93,0xCC8B,0xCC8B,0xCC8B,0xEC8B,0x0D94,0x6E9C,0x8EA4,0x8FA4,0xAFAC,0xAFAC,0xAFAC,0xD0AC,0xD0AC,0xD0AC,
0xD0B4,0xD0B4,0xD0B4,0xD0B4,0xD0B4,0xF0B4,0xF0B4,0xF0B4,0xF0B4,0xF0B4,0x11B5,0x11BD,0x11BD,0x11BD,0x11B5,0x31BD,
0x31BD,0x31BD,0x11B5,0x11B5,0xF0B4,0xF0B4,0x11B5,0x31BD,0x52BD,0x72C5,0x72C5,0x52C5,0x52BD,0x72C5,0xD4CD,0x15D6,
0x35DE,0x56DE,0x14D6,0x72BD,0xF0B4,0xD0B4,0xF1AC,0xD0AC,0xB0A4,0x4F9C,0xCD8B,0x0A73,0x675A,0x685A,0x685A,0x685A,
0x885A,0x8862,0xA862,0xA862,0xC96A,0xE96A,0x0A73,0x2A73,0x2A73,0x2A7B,0x2B7B,0x4B7B,0x4B7B,0x4B7B,0x6B7B,0x6B7B,
0x6B83,0x8C83,0x8C83,0x8C83,0x8C83,0x8C83,0x8C83,0x8C83,0x8C83,0xAC83,0xAD8B,0xAD8B,0xAD8B,0xCD8B,0xCD8B,0xCD8B,
0xED8B,0xCD8B,0xCD8B,0xCD8B,0xCD8B,0xAD8B,0xAC83,0xAC83,0x6C83,0x4B7B,0x4B7B,0x4B7B,0x8C83,0x8C83,0xCD8B,0x0E94,
0x4F9C,0x2F9C,0x2F9C,0x4F9C,0x4E9C,0x4E9C,0x4E9C,0x4E9C,0x4E9C,0x4E9C,0x4E9C,0x4E9C,0x6E9C,0x6E9C,0x6E9C,0x6E9C,
0x6E9C,0x6E9C,0x6E9C,0x6E9C,0x6E9C,0x6E9C,0x6E9C,0x6E9C,0x6E9C,0x4E9C,0x4E9C,0x6E9C,0x6E9C,0x4E9C,0x4E9C,0x4E9C,
0x4E9C,0x2E9C,0xED93,0xCC8B,0x8C83,0x6B83,0x4A7B,0x2A7B,0x0A73,0xE972,0xE972,0xC86A,0x8862,0x4752,0xA541,0x0321,
0x8118,0xA218,0xA210,0xA218,0xC218,0xA218,0xA218,0xE320,0x0321,0x2429,0x4429,0x4429,0x6531,0x6531,0x6531,0x6531,
0x6531,0x8531,0x8531,0xA639,0xA639,0xA639,0xA639,0xA639,0xA639,0xA639,0xA639,0xA639,0xA639,0xA639,0x8639,0x8639,
0x8531,0x8531,0x8531,0x8531,0x8531,0x8531,0x8531,0x8531,0x6531,0x6531,0x4529,0x2429,0x2429,0x2429,0x0429,0xE320,
0xC220,0xA220,0xC220,0x4431,0xE641,0x2852,0x895A,0xCA62,0xCA6A,0xAA62,0x895A,0x4852,0xE649,0x6439,0xE228,0xA120,
0x0D94,0x0D94,0x0D94,0x0D94,0x0D94,0x0D94,0x0D94,0x0D94,0x0D94,0x0D94,0x2D94,0x2D9C,0x2D9C,0x4E9C,0x6E9C,0x6EA4,
0x8FA4,0x6E9C,0x2D9C,0xEC93,0xCC8B,0xCC8B,0xCC8B,0x0C94,0x2D94,0x6E9C,0x8EA4,0x8FA4,0xAFAC,0xD0AC,0xD0B4,0xD0B4,
0xD0B4,0xD0B4,0xD0B4,0xD0B4,0xD0B4,0xF0B4,0xF0B4,0xF0B4,0x11B5,0x11B5,0x11B5,0x11B5,0x11BD,0x11BD,0x11BD,0x31BD,
0x31BD,0x31BD,0x11BD,0x11B5,0xF1B4,0xF0B4,0xD0B4,0xF0B4,0x31BD,0x52C5,0x52C5,0x52C5,0x31BD,0x72C5,0xD4CD,0x15D6,
0x35DE,0x56DE,0xF4CD,0x72BD,0x31B5,0xF1B4,0xF1B4,0xD0AC,0xB0AC,0x4E9C,0xCD8B,0x2A73,0x675A,0x475A,0x8862,0x885A,
0x885A,0x885A,0x675A,0x885A,0xC962,0xE96A,0x2A73,0x2A73,0x2A73,0x2B7B,0x2B7B,0x4B7B,0x4B7B,0x4B7B,0x6B7B,0x6B83,
0x8C83,0x8C83,0x8C83,0x8C83,0x8C83,0x8C83,0x8C83,0xAC83,0xAC83,0xAD8B,0xAD8B,0xAC83,0xAC83,0xAC83,0x8C83,0x8C83,
0x8C83,0x6C83,0x6C83,0x6C83,0x6B7B,0x4B7B,0x4B7B,0x6B7B,0x4B7B,0x4B7B,0x6B7B,0x8C83,0xCD8B,0xEE93,0x2E94,0x2F9C,
0x2F9C,0x2F9C,0x4F9C,0x4F9C,0x4E9C,0x4F9C,0x4F9C,0x4E9C,0x4E9C,0x6E9C,0x6E9C,0x6E9C,0x6E9C,0x6E9C,0x6E9C,0x6E9C,
0x6E9C,0x6E9C,0x6E9C,0x6E9C,0x6E9C,0x6E9C,0x6E9C,0x6E9C,0x6E9C,0x6E9C,0x6E9C,0x6FA4,0x6E9C,0x6E9C,0x6E9C,0x4E9C,
0x2E9C,0xED93,0xAC8B,0x8C83,0x4B7B,0x2A7B,0x2A73,0x0973,0xE972,0xE972,0xE96A,0xC86A,0xA862,0x685A,0xE649,0x2329,
0xA218,0xA210,0xA218,0xA218,0xA218,0xC218,0xC320,0xE320,0x0321,0x4429,0x4429,0x4429,0x6531,0x4531,0x4531,0x6531,
0x6531,0x8531,0x8531,0x8639,0xA639,0xA639,0xA639,0xA639,0xA639,0xA639,0xA639,0xA639,0xA639,0xA639,0x8639,0x8531,
0x8531,0x8531,0x8531,0x8531,0x8531,0x8531,0x8531,0x8531,0x8531,0x6531,0x6531,0x4529,0x4529,0x4429,0x2429,0xE320,
0xA218,0xA218,0xA220,0xE320,0x8539,0x074A,0x685A,0xA962,0xCA62,0xCA62,0xA962,0x685A,0x2752,0xA541,0x2331,0xE228,
0x0D94,0x0D94,0x0D94,0x0D94,0x0D94,0x0D94,0x0D94,0x0D94,0x0D94,0x0D94,0x0D94,0x2D9C,0x2D9C,0x2D9C,0x4E9C,0x4E9C,
0x6EA4,0x8FA4,0x8FA4,0x6EA4,0x4E9C,0x0D94,0xEC8B,0xCC8B,0xEC8B,0x2D94,0x4E9C,0x8EA4,0xAFAC,0xD0AC,0xD0B4,0xD0AC,
0xAFAC,0xD0B4,0xD0B4,0xD0B4,0xD0B4,0xF0B4,0xF0B4,0xF0B4,0xF0B4,0xF0B4,0x11B5,0x11B5,0x11B5,0x11B5,0x11BD,0x11BD,
0x31BD,0x31BD,0x31BD,0x11BD,0x11B5,0xF0B4,0xD0B4,0xD0B4,0xF0B4,0x11BD,0x52C5,0x52C5,0x52BD,0x72C5,0xB3CD,0x15D6,
0x35DE,0x35DE,0xD4CD,0x52BD,0x31BD,0x11BD,0x11B5,0xF0AC,0xD0AC,0x4E9C,0xED8B,0x4B7B,0xA862,0x8762,0xA862,0x885A,
0x675A,0x6752,0x6752,0x885A,0xC962,0x0A6B,0x2A73,0x2A73,0x2A73,0x4B73,0x2B7B,0x4B7B,0x6B7B,0x6B7B,0x6B7B,0x6B83,
0x8C83,0x6B83,0x8C83,0x8C83,0x8C83,0xAC83,0x8C83,0xAC83,0xAC83,0xAC83,0x8C83,0x8C83,0x6C83,0x4B7B,0x4B7B,0x4B7B,
0x4B7B,0x4B7B,0x2B7B,0x2A73,0x2A73,0x2A73,0x2B7B,0x4B7B,0x6B7B,0x8C83,0xCD8B,0xEE93,0x2E94,0x4F9C,0x2E94,0x2E94,
0x2F9C,0x2F9C,0x4F9C,0x4F9C,0x4E9C,0x4F9C,0x4F9C,0x4E9C,0x4E9C,0x6E9C,0x6E9C,0x6E9C,0x6E9C,0x6E9C,0x6E9C,0x6E9C,
0x6E9C,0x6E9C,0x6E9C,0x6E9C,0x6E9C,0x6E9C,0x6E9C,0x6E9C,0x6E9C,0x6E9C,0x6E9C,0x4E9C,0x6E9C,0x8FA4,0x6FA4,0x4E9C,
0x0D94,0xCD8B,0x8C83,0x4B7B,0x2A73,0xE972,0xE972,0xC86A,0xA86A,0xC86A,0xE872,0xE972,0xC962,0x885A,0x074A,0x4431,
0xC218,0xC218,0xC318,0xC318,0xC318,0xE320,0xE320,0x0321,0x2429,0x4429,0x4531,0x4531,0x6531,0x4531,0x4531,0x6531,
0x6531,0x8531,0x8531,0x8639,0xA639,0xA639,0xA639,0xA639,0xA639,0xA639,0xA639,0xA639,0x8639,0x8639,0x8531,0x8531,
0x8531,0x8531,0x8531,0x8531,0x8531,0x8531,0x8531,0x8531,0x8531,0x8531,0x6531,0x4529,0x4529,0x4429,0x2429,0xE320,
0xA218,0xA218,0xA218,0xA220,0x0329,0xA539,0x074A,0x6852,0x8962,0xA962,0xCA62,0x8962,0x685A,0xE649,0x6439,0x2331,
0xEC93,0xEC93,0xEC93,0x0D94,0x0D94,0x0D94,0x0D94,0x0D94,0x0D94,0x0D94,0x0D94,0x2D94,0x2D94,0x2D94,0x2D9C,0x4E9C,
0x4E9C,0x6EA4,0x8FA4,0x8FA4,0x6EA4,0x4E9C,0x0D94,0xEC93,0xEC93,0x0D94,0x4D9C,0x6EA4,0xAFAC,0xAFAC,0xD0AC,0xD0AC,
0xAFAC,0xD0B4,0xD0B4,0xD0B4,0xD0B4,0xF0B4,0xF0B4,0xF0B4,0xF0B4,0xF0B4,0xF0B4,0x11B5,0x11B5,0x11B5,0x11BD,0x11BD,
0x11BD,0x11BD,0x31BD,0x31BD,0x11BD,0xF0B4,0xD0B4,0xD0B4,0xB0B4,0xF0B4,0x11BD,0x31BD,0x52BD,0x93C5,0xD4D5,0x35DE,
0x35DE,0x35DE,0xB3C5,0x51BD,0x52BD,0x32BD,0x31B5,0xF0AC,0xD0AC,0x6F9C,0xED93,0x6B7B,0xE96A,0xA862,0x8862,0x675A,
0x6752,0x4752,0x4752,0x675A,0xC962,0x0A6B,0x2A73,0x2A73,0x2A73,0x2B7B,0x4B7B,0x4B7B,0x4B7B,0x4B7B,0x6B7B,0x6B7B,
0x6B7B,0x6B83,0x8C83,0x8C83,0x8C83,0x8C83,0x8C83,0x6B7B,0x6B7B,0x6B7B,0x4B7B,0x4B7B,0x2A73,0xEA72,0xE96A,0xE96A,
0xEA72,0x0A73,0x2A73,0x2B7B,0x2B7B,0x4B7B,0x6B7B,0x6C83,0xAD8B,0xED8B,0x0E94,0x2E94,0x2E94,0x2E94,0x2E94,0x2F9C,
0x2F9C,0x2F9C,0x4F9C,0x4F9C,0x4E9C,0x4F9C,0x4F9C,0x4E9C,0x4E9C,0x6E9C,0x6E9C,0x6E9C,0x6E9C,0x6E9C,0x6E9C,0x6E9C,
0x6E9C,0x6E9C,0x6E9C,0x6E9C,0x6E9C,0x6E9C,0x6E9C,0x6E9C,0x6E9C,0x6E9C,0x6E9C,0x6E9C,0x6E9C,0x6FA4,0x6FA4,0x4E9C,
0x0D94,0xCD8B,0x6C83,0x4B7B,0x0A73,0xC96A,0xC86A,0xA862,0x8762,0xC86A,0xE872,0x0973,0xE96A,0xA962,0x274A,0x4431,
0xC220,0xC318,0xE318,0xE320,0xE320,0xE320,0x0329,0x0429,0x2429,0x6531,0x6531,0x6531,0x6531,0x4531,0x4531,0x6531,
0x6531,0x8531,0x8531,0x8639,0xA639,0xA639,0xA639,0xA639,0xA639,0xA639,0xA639,0x8639,0x8531,0x8531,0x8531,0x8531,
0x8531,0x8531,0x8531,0x8531,0x8531,0x8531,0x8531,0x8531,0x8531,0x8531,0x6531,0x6531,0x6531,0x4531,0x2429,0xE320,
0xA220,0xA218,0xA218,0xA218,0xC220,0x4431,0xA539,0x074A,0x6852,0xA962,0xCA62,0xA962,0x8962,0x0752,0x8541,0x4439,
0xEC93,0xEC93,0xEC93,0xEC93,0x0D94,0x0D94,0x0D94,0xEC93,0xEC93,0x0D94,0x0D94,0x0D94,0x0D94,0x2D94,0x2D9C,0x2D9C,
0x2D94,0x4E9C,0x6E9C,0x8FA4,0x8FA4,0x8FA4,0x6EA4,0x6E9C,0x4E9C,0x4D9C,0x6EA4,0x8FA4,0xAFAC,0xAFAC,0xD0AC,0xAFAC,
0xAFAC,0xAFAC,0xD0AC,0xD0B4,0xD0B4,0xF0B4,0xF0B4,0xF0B4,0xF0B4,0xF0B4,0xF0B4,0xF0B4,0x11B5,0x11B5,0x11BD,0x11BD,
0x11BD,0x11BD,0x31BD,0x32BD,0x11BD,0xF0B4,0xD0B4,0xD0B4,0xB0B4,0xAFAC,0xD0B4,0xF0B4,0x11B5,0x72C5,0xF4D5,0x35DE,
0x55DE,0x15D6,0x93C5,0x31BD,0x52BD,0x52BD,0x31B5,0xF0AC,0xF0AC,0x8FA4,0x0D94,0x8C83,0x0A73,0xC96A,0xA862,0x675A,
0x6752,0x4752,0x4652,0x6752,0xC962,0x0A6B,0x2A73,0x2A73,0x2A73,0x2B7B,0x4B7B,0x4B7B,0x4B7B,0x4B7B,0x4B7B,0x4B7B,
0x4B7B,0x4B7B,0x4B7B,0x4B7B,0x4B7B,0x4B7B,0x2A7B,0x2A73,0x0A73,0x0A73,0x0A73,0x0A73,0xEA72,0x0A73,0x0A73,0x0A73,
0x2B7B,0x6B7B,0x8C83,0x8C83,0x8C83,0xAD8B,0xED8B,0xEE93,0x0E94,0x0E94,0x0E94,0x2E94,0x2E94,0x2E94,0x2E9C,0x2E9C,
0x2E9C,0x2F9C,0x4F9C,0x4F9C,0x4E9C,0x4F9C,0x4F9C,0x4E9C,0x4E9C,0x6E9C,0x4E9C,0x4E9C,0x6E9C,0x4E9C,0x6E9C,0x6E9C,
0x6E9C,0x6E9C,0x6E9C,0x6E9C,0x6E9C,0x6E9C,0x6E9C,0x6E9C,0x6E9C,0x6E9C,0x6E9C,0x6FA4,0x6E9C,0x6E9C,0x6E9C,0x4E9C,
0x2E94,0xED8B,0x8C83,0x4B7B,0x2A73,0xE972,0xE96A,0xC86A,0xC86A,0x0973,0x2A7B,0x4A7B,0x0A73,0xC96A,0x4752,0x6431,
0xE320,0xE320,0xE320,0xE320,0xE320,0x0321,0x0429,0x2429,0x4429,0x6531,0x6531,0x6531,0x6531,0x4531,0x4531,0x6531,
0x6531,0x8531,0x8531,0x8639,0xA639,0xA639,0xA639,0xA639,0xA639,0x8639,0x8639,0x8531,0x8531,0x8531,0x8531,0x8531,
0x8531,0x8531,0x8531,0x8531,0x8531,0x8531,0x8531,0x8531,0x8531,0x8531,0x6531,0x6531,0x6531,0x4531,0x2429,0xE320,
0xA218,0x6118,0x8118,0xA218,0xC220,0x0329,0x6431,0xC641,0x2752,0x895A,0xA962,0xCA62,0xA962,0x485A,0xA649,0x6441,
0xEC93,0xEC93,0xEC93,0xEC93,0x0D94,0x0D94,0xEC93,0x0D94,0x0D94,0x0D94,0x0D94,0x0D94,0x0D94,0x0D94,0x0D94,0x0D94,
0x2D94,0x2D9C,0x2D9C,0x4E9C,0x6E9C,0x8FA4,0xAFA4,0xAFA4,0xAFAC,0xAFAC,0xD0AC,0xD0AC,0xD0AC,0xB0AC,0xB0AC,0xB0AC,
0xB0AC,0xB0AC,0xB0AC,0xD0AC,0xD0AC,0xD0B4,0xF0B4,0xF0B4,0xF0B4,0xF0B4,0xF0B4,0xF0B4,0x11B5,0x11B5,0x11B5,0x11BD,
0x11BD,0x31BD,0x31BD,0x31BD,0x31BD,0x31BD,0x11BD,0xF0B4,0xD0AC,0xAFAC,0x8FA4,0xAFAC,0x11B5,0x93C5,0xF4CD,0x35DE,
0x56DE,0x15D6,0x72C5,0x52BD,0x52BD,0x52BD,0x11B5,0xF1AC,0xF1B4,0x8FA4,0x2E94,0xAC8B,0x2A73,0xE96A,0xC96A,0x8862,
0x675A,0x4752,0x2752,0x675A,0xA962,0xEA6A,0x2A73,0x2B73,0x4B73,0x4B7B,0x4B7B,0x4B7B,0x4B7B,0x4B7B,0x4B7B,0x2A73,
0x0A73,0x0A73,0x0A73,0x0A73,0x0A73,0x0A73,0xEA6A,0xE96A,0xC96A,0xC962,0xC96A,0xE96A,0x0A73,0x4B73,0x6B7B,0xAC83,
0xCD83,0xCD8B,0xED8B,0xEE8B,0xEE8B,0x0E94,0x0E94,0x2F94,0x0E94,0x0E94,0x0E94,0x2E94,0x2E94,0x2E9C,0x2E9C,0x2E9C,
0x2E9C,0x2E9C,0x2E9C,0x2E9C,0x2E9C,0x4E9C,0x4F9C,0x4FA4,0x4FA4,0x4EA4,0x4EA4,0x4EA4,0x4EA4,0x4EA4,0x6EA4,0x4EA4,
0x6EA4,0x6E9C,0x6E9C,0x6E9C,0x6E9C,0x6E9C,0x6E9C,0x6E9C,0x6E9C,0x6E9C,0x6E9C,0x6F9C,0x6F9C,0x6F9C,0x4F9C,0x4F9C,
0x2E94,0xEE93,0xCD8B,0x8C83,0x6B7B,0x4B7B,0x2B7B,0x4B7B,0x4B7B,0x4B83,0x6C83,0x8C83,0x4B7B,0xEA6A,0x685A,0xC641,
0x0329,0xC320,0xE428,0xE320,0x0321,0x2429,0x2429,0x4429,0x4429,0x6531,0x6531,0x6531,0x6531,0x6531,0x6531,0x6531,
0x8531,0x8531,0x8531,0xA639,0xA639,0xA639,0xA639,0xA639,0xA639,0xA639,0x8639,0x8531,0x8531,0x8531,0x8531,0x8531,
0x8531,0x8531,0x8531,0x8531,0x8531,0x8531,0x8531,0x8531,0x8531,0x8531,0x8531,0x8531,0x6531,0x4531,0x2429,0x0329,
0xC220,0x8218,0x8218,0xA218,0xE320,0xE328,0x2329,0x6539,0xE649,0x485A,0x895A,0xA962,0xA962,0x685A,0x0652,0xA549,
0xEC93,0xEC93,0xEC93,0xEC93,0x0D94,0x0D94,0xEC93,0x0D94,0x0D94,0x0D94,0x0D94,0x0D94,0x0D94,0x0D94,0x0D94,0x0D94,
0x2D94,0x2D9C,0x2D9C,0x2D9C,0x4E9C,0x6EA4,0x8FA4,0xAFAC,0xD0AC,0xD0AC,0xF0B4,0xF0B4,0xD0AC,0xB0AC,0xB0AC,0xB0AC,
0xB0AC,0xB0AC,0xB0AC,0xD0AC,0xD0AC,0xD0B4,0xD0B4,0xF0B4,0xF0B4,0xF0B4,0xF0B4,0xF0B4,0xF0B4,0xF0B4,0x11B5,0x11BD,
0x11BD,0x31BD,0x31BD,0x31BD,0x31BD,0x52BD,0x52BD,0x11BD,0xF0B4,0xD0AC,0xAFAC,0xAFAC,0x11B5,0x93C5,0xF4D5,0x56DE,
0x56DE,0xD4CD,0x52BD,0x31BD,0x52BD,0x52BD,0x31B5,0xF1B4,0x11B5,0xB0AC,0x4E9C,0xCD8B,0x4A7B,0x0973,0xE96A,0xA862,
0x685A,0x4752,0x2752,0x4752,0x885A,0xC962,0x0A6B,0x0A73,0x2A73,0x2B73,0x2B73,0x2A73,0x2A73,0x2A73,0x0A73,0xE96A,
0xE96A,0xC96A,0xA962,0xA862,0xA862,0xA862,0xA962,0xE96A,0xE96A,0xE96A,0x0A73,0x4A73,0x6B7B,0xAC83,0xAC83,0xED8B,
0xED8B,0xED8B,0x0E8C,0x0E8C,0x0E94,0x0E94,0x0E94,0x0E94,0x0E94,0x0E94,0x0E94,0x2E94,0x2E9C,0x2E9C,0x2E9C,0x2E9C,
0x2E9C,0x2E9C,0x2E9C,0x2E9C,0x2E9C,0x2E9C,0x4F9C,0x4F9C,0x4FA4,0x4FA4,0x4EA4,0x4EA4,0x4EA4,0x4EA4,0x6EA4,0x4EA4,
0x6E9C,0x6E9C,0x6E9C,0x6E9C,0x6E9C,0x6E9C,0x6E9C,0x6E9C,0x6E9C,0x6E9C,0x6E9C,0x6F9C,0x6F9C,0x6F9C,0x4F9C,0x4F9C,
0x2E9C,0x0E94,0xCD8B,0x8C83,0x6C83,0x6B83,0x6C83,0x8C83,0xAD8B,0xAD8B,0xAD8B,0xAD8B,0x6C7B,0x2B73,0xA962,0xE749,
0x4431,0xE320,0xE428,0x0421,0x0421,0x2429,0x2429,0x4429,0x4429,0x6531,0x6531,0x6531,0x6531,0x6531,0x6531,0x6531,
0x8531,0x8531,0x8639,0xA639,0xA639,0xA639,0xA639,0xA639,0xA639,0xA639,0x8639,0x8531,0x8531,0x8531,0x8531,0x8531,
0x8531,0x8531,0x8531,0x8531,0x8531,0x8531,0x8531,0x8531,0x8531,0x8531,0x8539,0x8539,0x6531,0x4531,0x4431,0x0429,
0xC320,0xA218,0xA218,0xA218,0xE320,0xE320,0xE228,0x2329,0x8539,0x074A,0x685A,0x8962,0xA962,0x8962,0x475A,0x0752,
0xEC93,0xEC93,0xEC93,0xEC93,0x0D94,0x0D94,0xEC93,0x0D94,0x0D94,0x0D94,0x0D94,0x0D94,0x0D94,0x0D94,0x0D94,0x0D94,
0x2D94,0x2D9C,0x2D9C,0x2D9C,0x4E9C,0x6E9C,0x8FA4,0x8FA4,0xAFA4,0xAFAC,0xD0AC,0xD0AC,0xAFAC,0xB0AC,0xB0AC,0xB0AC,
0xB0AC,0xB0AC,0xAFAC,0xAFAC,0xD0AC,0xD0AC,0xD0B4,0xD0B4,0xF0B4,0xF0B4,0xF0B4,0xF0B4,0xF0B4,0xF0B4,0x11B5,0x11BD,
0x11BD,0x31BD,0x31BD,0x31BD,0x31BD,0x52BD,0x52C5,0x31BD,0x11BD,0xF0B4,0xD0AC,0xF0AC,0x31B5,0x93C5,0xF4D5,0x56DE,
0x35D6,0x93C5,0x31B5,0x31B5,0x31BD,0x32BD,0x31B5,0x11B5,0x11B5,0xD0AC,0x6F9C,0xED8B,0x6B7B,0x0A73,0xE96A,0xC962,
0x885A,0x475A,0x2752,0x2652,0x4752,0x685A,0xA962,0xC962,0xC96A,0xE96A,0xE96A,0xC96A,0xE96A,0xC96A,0xA862,0x8862,
0x8862,0x8862,0x8862,0xA862,0xC96A,0xE96A,0xE96A,0x2A73,0x2B7B,0x4B7B,0x8C83,0xAC83,0xCD8B,0xCD8B,0xCD8B,0xED8B,
0xED8B,0xED8B,0xEE8B,0x0E94,0x0E94,0x0E94,0x2E94,0x0E94,0x0E94,0x2E94,0x0E94,0x2E94,0x2E9C,0x2E9C,0x2E94,0x2E94,
0x2E9C,0x2E9C,0x2E9C,0x2E9C,0x2E9C,0x4E9C,0x4E9C,0x4E9C,0x4E9C,0x4E9C,0x4E9C,0x4E9C,0x4FA4,0x4F9C,0x6FA4,0x6F9C,
0x6E9C,0x6E9C,0x6E9C,0x6E9C,0x6E9C,0x6E9C,0x6E9C,0x6E9C,0x6E9C,0x6E9C,0x6E9C,0x6F9C,0x6F9C,0x6F9C,0x4F9C,0x4F9C,
0x2F9C,0x0E94,0xCD8B,0x8C83,0x6C83,0x6C83,0x6C83,0xAD8B,0xED93,0xEE93,0xCD93,0xCD8B,0x8C83,0x2B73,0xA962,0x074A,
0x4531,0xE328,0x0429,0x0421,0x0429,0x2429,0x2429,0x4429,0x4429,0x6531,0x6531,0x6531,0x6531,0x6531,0x6531,0x6531,
0x8531,0xA639,0xA639,0xA639,0xA639,0xA639,0xA639,0xA639,0xA639,0xA639,0x8639,0x8531,0x8531,0x8531,0x8531,0x8531,
0x8531,0x8531,0x8531,0x8531,0x8531,0x8531,0x8531,0x8531,0x8531,0x8531,0x8539,0x8539,0x6531,0x6531,0x4531,0x2429,
0xE320,0xC220,0xA218,0xA218,0xE320,0xE320,0xE320,0xE328,0x2431,0xA641,0x2752,0x895A,0xA962,0xA962,0x6862,0x475A,
0xEC93,0xEC93,0xEC93,0xEC93,0x0D94,0x0D94,0xEC93,0x0D94,0x0D94,0x0D94,0x0D94,0x0D94,0x0D94,0x0D94,0x0D94,0x0D94,
0x2D94,0x2D9C,0x2D94,0x2D94,0x2D9C,0x4E9C,0x6E9C,0x8FA4,0xAFA4,0xAFAC,0xAFAC,0xAFAC,0xAFAC,0xB0AC,0xB0AC,0xB0AC,
0xB0AC,0xB0AC,0xAFAC,0xAFAC,0xAFAC,0xD0AC,0xD0AC,0xD0B4,0xF0B4,0xF0B4,0xF0B4,0xF0B4,0xF0B4,0xF0B4,0x11B5,0x11BD,
0x11BD,0x31BD,0x31BD,0x31BD,0x31BD,0x31BD,0x31BD,0x52BD,0x52BD,0x52BD,0x31BD,0x52BD,0x93C5,0xD4CD,0x15D6,0x15D6,
0xD4CD,0x52BD,0x11B5,0x31B5,0x11B5,0xF1B4,0x11B5,0xF1B4,0xF1B4,0xF1AC,0x6FA4,0x0D94,0x8B83,0x2A73,0xE96A,0xE96A,
0xC962,0x8862,0x675A,0x2752,0x2752,0x4752,0x685A,0x885A,0x885A,0x8862,0x8862,0x8862,0x8862,0x8862,0x8862,0x8862,
0xA862,0xC96A,0x0A73,0x2B73,0x4B7B,0x4B7B,0x4B7B,0x6B7B,0x8C83,0x8C83,0xAC83,0xCD8B,0xCD8B,0xCD8B,0xCD8B,0xCD8B,
0xED8B,0xED93,0xEE8B,0xEE8B,0xEE8B,0x0E94,0x0E94,0x2E94,0x2E94,0x2E94,0x0E94,0x2E94,0x2E9C,0x2E9C,0x2D94,0x2D94,
0x2D94,0x2D94,0x2E94,0x2E94,0x2E94,0x4E9C,0x4E9C,0x4E9C,0x4E9C,0x4E9C,0x4E9C,0x4E9C,0x4E9C,0x6F9C,0x6F9C,0x6F9C,
0x6F9C,0x6F9C,0x6F9C,0x6F9C,0x6F9C,0x6E9C,0x6E9C,0x6E9C,0x6E9C,0x6E9C,0x6E9C,0x6F9C,0x6F9C,0x6F9C,0x4F9C,0x4F9C,
0x4F9C,0x2E94,0xCD8B,0x8C83,0x8C83,0x8C83,0xAC8B,0xCD8B,0xEE93,0x0E9C,0xEE93,0xED93,0x8C83,0x4B73,0xC962,0x074A,
0x6539,0x0329,0x0429,0x0429,0x0429,0x2429,0x4429,0x4429,0x4429,0x6531,0x6531,0x6531,0x6531,0x6531,0x6531,0x8531,
0x8531,0xA639,0xA639,0xA639,0xA639,0xC639,0xA639,0xA639,0xA639,0xA639,0x8639,0x8531,0x8531,0x8531,0x8531,0x8531,
0x8531,0x8531,0x8531,0x8531,0x8531,0x8531,0x8531,0x8531,0x8531,0x8531,0x8539,0x8539,0x6531,0x6531,0x4531,0x4431,
0x0429,0xC320,0xA218,0xA218,0xC320,0xC320,0xE320,0xE328,0x0329,0x6439,0xE649,0x4852,0x695A,0xA962,0x8962,0x685A,
0xEC93,0xEC93,0xEC93,0xEC93,0xEC93,0xEC93,0x0D94,0x0D94,0x0D94,0x0D94,0x0D94,0x0D94,0x0D94,0x0D94,0x0D94,0x0D94,
0x0D94,0x0D94,0x0D94,0x2D94,0x2D9C,0x4E9C,0x6E9C,0x8FA4,0x8FA4,0x8FA4,0xAFAC,0xAFAC,0xAFAC,0xAFAC,0xAFAC,0xB0AC,
0xB0AC,0xAFAC,0xAFAC,0xAFAC,0xD0AC,0xD0AC,0xD0AC,0xD0AC,0xD0B4,0xD0B4,0xF0B4,0xF0B4,0xF0B4,0xF0B4,0x11B5,0x11BD,
0x11BD,0x31BD,0x31BD,0x31BD,0x31BD,0x31BD,0x52BD,0x52BD,0x52BD,0x72C5,0x72C5,0x93C5,0xB3C5,0xD4CD,0xF4CD,0x93C5,
0x72BD,0x11B5,0xF0B4,0xF0B4,0xF0B4,0xF1B4,0xF1B4,0xF0AC,0xD0AC,0xD0AC,0x90A4,0x2E94,0xCC8B,0x4B7B,0x0A73,0x096B,
0xEA6A,0xC96A,0x8862,0x685A,0x475A,0x2752,0x4752,0x475A,0x475A,0x475A,0x675A,0x675A,0x475A,0x8862,0xA862,0xE96A,
0x0A73,0x4B7B,0x6B7B,0x8C83,0x8C83,0x8C83,0x8C83,0x8C83,0x8C83,0xAC83,0xAC83,0xAC8B,0xAC8B,0xCD8B,0xCD8B,0xCD8B,
0xCD8B,0xED8B,0xED8B,0xED8B,0xED8B,0xED8B,0x0E94,0x0E94,0x0E94,0x0D94,0x0E94,0x0E94,0x0E94,0x0D94,0x2D9C,0x2D94,
0x2D94,0x2D9C,0x2D9C,0x4D9C,0x2D94,0x2D9C,0x2D9C,0x2D94,0x4E9C,0x4E9C,0x4E9C,0x4E9C,0x4E9C,0x4E9C,0x4E9C,0x4E9C,
0x4F9C,0x4F9C,0x6F9C,0x6F9C,0x6F9C,0x6E9C,0x6E9C,0x6E9C,0x6E9C,0x6E9C,0x6E9C,0x4E9C,0x6F9C,0x6F9C,0x4F9C,0x4F9C,
0x4E9C,0x2E94,0xED93,0xAC8B,0x8C83,0x8C83,0xAC8B,0xCD8B,0xED93,0xED93,0xED93,0xCD8B,0x8C83,0x2B73,0xC962,0x0752,
0x6539,0x0429,0x0429,0x2429,0x2429,0x4429,0x4429,0x4429,0x4531,0x4531,0x6531,0x6531,0x6531,0x6531,0x6531,0x8531,
0xA639,0xA639,0xC639,0xC639,0xC639,0xC639,0xA639,0xA639,0xA639,0xA639,0xA639,0x8531,0x8531,0x8531,0x8531,0x8531,
0x8531,0x8531,0x8639,0xA639,0x8639,0x8639,0x8639,0x8639,0x8639,0x8639,0x8539,0x8539,0x8539,0x6531,0x6531,0x4531,
0x2429,0xE320,0xC320,0xC320,0xE320,0xC220,0xE320,0xE320,0xE220,0x0329,0x8539,0xE749,0x4852,0x8962,0x8962,0x895A,
0xEC93,0xEC93,0xEC93,0xEC93,0xEC93,0xEC93,0x0D94,0x0D94,0x0D94,0x0D94,0x0D94,0x0D94,0x0D94,0x0D94,0x0D94,0x0D94,
0x0D94,0x0D94,0x0D94,0x2D94,0x2D9C,0x4E9C,0x4E9C,0x8FA4,0x8FA4,0x8FA4,0x8FA4,0xAFAC,0xAFAC,0xAFAC,0xAFAC,0xB0AC,
0xB0AC,0xAFAC,0xAFAC,0xAFAC,0xD0AC,0xD0AC,0xD0AC,0xD0AC,0xD0B4,0xD0B4,0xF0B4,0xF0B4,0xF0B4,0xF0B4,0x11B5,0x11BD,
0x11BD,0x31BD,0x31BD,0x31BD,0x31BD,0x52BD,0x52BD,0x52BD,0x52BD,0x52BD,0x52BD,0x72BD,0x72C5,0x72C5,0x93C5,0x31BD,
0x11B5,0x11B5,0x11B5,0x11B5,0x11B5,0xF1B4,0xF0B4,0xF0AC,0xD0AC,0xD0AC,0xB0AC,0x6FA4,0xED8B,0x6B7B,0x2A73,0x0A6B,
0x0A6B,0xEA6A,0xC962,0xA962,0x8862,0x685A,0x475A,0x675A,0x675A,0x675A,0x685A,0x685A,0xA862,0xC96A,0x0A73,0x2A73,
0x4B7B,0x6B7B,0x6C7B,0x6C7B,0x8C83,0x8C83,0x8C83,0x8C83,0x8C83,0x8C83,0xAC83,0xAC8B,0xAC8B,0xAD8B,0xCD8B,0xCD8B,
0xCD8B,0xCD8B,0xCD8B,0xED8B,0xCD8B,0xCD8B,0xED8B,0x0D94,0x0D94,0x0D94,0x0E94,0x2D94,0x0D94,0x0D94,0x2D9C,0x2D9C,
0x2D9C,0x4D9C,0x2D9C,0x2D9C,0x2D9C,0x2D9C,0x2D9C,0x2D9C,0x4D9C,0x4E9C,0x4D9C,0x2D9C,0x2D9C,0x4E9C,0x4E9C,0x4E9C,
0x4E9C,0x4E9C,0x4F9C,0x4F9C,0x4F9C,0x4E9C,0x4E9C,0x4E9C,0x4E9C,0x4E9C,0x4E9C,0x4E9C,0x4E9C,0x4E9C,0x4E9C,0x2E9C,
0x2E9C,0x2E94,0x0D94,0xCC8B,0xAC83,0x8C83,0xCC8B,0xED93,0xED93,0xED93,0xCD8B,0x8C8B,0x2B73,0x0A6B,0x8962,0x074A,
0x6539,0x0429,0x2429,0x2429,0x2429,0x4429,0x4429,0x6531,0x6531,0x6531,0x6531,0x6531,0x6531,0x8531,0x8531,0xA639,
0xA639,0xC639,0xC639,0xC639,0xC639,0xC639,0xC639,0xC639,0xC639,0xA639,0xA639,0x8531,0x8531,0x8531,0x8531,0x8531,
0x8531,0x8639,0xA639,0xA639,0xA639,0xA639,0xA639,0xA639,0xA639,0xA639,0xA639,0xA639,0x8639,0x8539,0x6531,0x6531,
0x4431,0x0329,0xE320,0xC320,0xC220,0xA218,0xC320,0xE320,0xC220,0xE320,0x2431,0xA641,0x074A,0x685A,0x895A,0x895A,
0xEC93,0xEC93,0xEC93,0xEC93,0xEC93,0xEC93,0x0D94,0x0D94,0x0D94,0x0D94,0x0D94,0x0D94,0x0D94,0x0D94,0x0D94,0x0D94,
0x0D94,0x0D94,0x0D94,0x0D94,0x2D9C,0x4E9C,0x4E9C,0x6EA4,0x6EA4,0x8FA4,0x8FA4,0xAFAC,0xAFAC,0xAFAC,0xAFAC,0xB0AC,
0xB0AC,0xAFAC,0xAFAC,0xAFAC,0xD0AC,0xD0AC,0xD0AC,0xD0AC,0xD0B4,0xD0B4,0xF0B4,0xF0B4,0xF0B4,0xF0B4,0x11B5,0x11B5,
0x11BD,0x31BD,0x31BD,0x31BD,0x31BD,0x31BD,0x52BD,0x31BD,0x31BD,0x52BD,0x52BD,0x52BD,0x52BD,0x52BD,0x52BD,0x31BD,
0x31B5,0x11B5,0x11B5,0x11B5,0xF1B4,0xF1B4,0xF1B4,0xF1B4,0xF1AC,0xF1AC,0xF1AC,0xB0A4,0x2E94,0xAC83,0x4B7B,0x0A6B,
0x0A6B,0x0A6B,0xEA6A,0xEA6A,0xEA6A,0xC96A,0xC96A,0xC96A,0xC96A,0xC96A,0xE96A,0xE96A,0xE96A,0x0A73,0x2A73,0x2B73,
0x4B7B,0x6B7B,0x6B7B,0x6C7B,0x8C83,0x8C83,0x8C83,0x8C83,0x8C83,0x8C83,0x8C83,0x8C83,0x8C83,0xAC8B,0xAC8B,0xAC8B,
0xAC8B,0xAD8B,0xCD8B,0xCD83,0xCD8B,0xCD8B,0xED8B,0xED8B,0xED8B,0xED93,0x0D94,0x0D94,0x0D94,0xED93,0x0C94,0x0D9C,
0x2D9C,0x4DA4,0x2D9C,0x2D9C,0x0D9C,0x2D9C,0x2D9C,0x0D9C,0x2D9C,0x4DA4,0x4DA4,0x4DA4,0x4DA4,0x4DA4,0x2DA4,0x2D9C,
0x2E9C,0x2E9C,0x2E9C,0x2E9C,0x4E9C,0x4E9C,0x4E9C,0x4E9C,0x4E9C,0x4E9C,0x4E9C,0x4E9C,0x4E9C,0x2E9C,0x2E9C,0x2E94,
0x0E94,0x0D94,0xED8B,0xAC8B,0xAC83,0xAC8B,0xCC8B,0xED93,0xED93,0xCD8B,0x8C8B,0x6B83,0x0A73,0xC96A,0x685A,0xE749,
0x6539,0x2429,0x2429,0x2429,0x4429,0x4429,0x4429,0x6531,0x6531,0x6531,0x6531,0x6531,0x6531,0x8639,0xA639,0xA639,
0xC639,0xC639,0xC639,0xC741,0xC639,0xC639,0xC639,0xC639,0xC639,0xA639,0xA639,0x8531,0x8531,0x8531,0x8531,0x8531,
0x8531,0x8639,0xA639,0xA639,0xA639,0xA639,0xA639,0xA639,0xA639,0xA639,0xA639,0xA639,0xA639,0x8639,0x8539,0x8539,
0x6531,0x0329,0xC320,0xA218,0xA218,0x8218,0xC218,0xE320,0xE320,0xC320,0xE320,0x4431,0xA641,0x2852,0x895A,0xA962,
0xEC93,0xEC93,0xEC93,0xEC93,0xEC93,0xEC93,0x0D94,0x0D94,0x0D94,0x0D94,0x0D94,0x0D94,0x0D94,0x0D94,0x0D94,0x0D94,
0x0D94,0x0D94,0x0D94,0x0D94,0x2D94,0x2D9C,0x2D9C,0x6E9C,0x6EA4,0x8FA4,0x8FA4,0xAFAC,0xAFAC,0xAFAC,0xAFAC,0xB0AC,
0xB0AC,0xAFAC,0xAFAC,0xAFAC,0xD0AC,0xD0AC,0xD0AC,0xD0AC,0xD0B4,0xD0B4,0xF0B4,0xF0B4,0xF0B4,0xF0B4,0xF0B4,0x11B5,
0x11B5,0x11BD,0x11BD,0x11BD,0x31BD,0x31BD,0x31BD,0x31BD,0x31BD,0x52BD,0x52BD,0x52BD,0x52BD,0x52BD,0x52BD,0x31B5,
0x31B5,0x31B5,0x31B5,0x11B5,0x11B5,0x11B5,0x11B5,0xF1B4,0xF1B4,0xF1AC,0xF1B4,0xD1AC,0x4E9C,0xED8B,0x8C7B,0x0A6B,
0x0A6B,0x0A6B,0x0A6B,0x2A73,0x2B73,0x0A73,0x0A6B,0x0A73,0x0A73,0x0A73,0x0A73,0x0A73,0x0A73,0x2A73,0x2A73,0x2A73,
0x4B7B,0x6B7B,0x6B7B,0x6B7B,0x6C7B,0x8C83,0x8C83,0x8C83,0x8C83,0x8C83,0x8C83,0x8C83,0x8C83,0x8C8B,0xAC8B,0xAC8B,
0xAC8B,0xAC8B,0xAC8B,0xAC83,0xAC83,0xCC83,0xCC8B,0xCD8B,0xED8B,0xED8B,0xEC93,0xED93,0xED93,0xEC93,0xEC93,0x0C9C,
0x0D9C,0x2D9C,0x2D9C,0x0D9C,0x0C9C,0x2DA4,0x2DA4,0x2D9C,0x2D9C,0x4DA4,0x4DA4,0x4CA4,0x2CA4,0x2C9C,0x0C9C,0x0D9C,
0x2D9C,0x2D9C,0x2D9C,0x2E9C,0x2E9C,0x4E9C,0x4E9C,0x4E9C,0x4E9C,0x4E9C,0x4E9C,0x2E9C,0x2E9C,0x2E9C,0x0E94,0x0E94,
0xED93,0xED8B,0xCC8B,0xAC83,0x8B83,0xAC83,0xAC8B,0xCC8B,0xCC8B,0x8C8B,0x4B83,0x2A7B,0xC96A,0x8862,0x2752,0xC641,
0x4539,0x2429,0x2429,0x2429,0x4429,0x4529,0x4529,0x6531,0x4531,0x6531,0x6531,0x6531,0x8531,0xA639,0xC639,0xC639,
0xC639,0xE741,0xC741,0xC741,0xC741,0xC639,0xC639,0xC639,0xC639,0xA639,0xA639,0x8531,0x8531,0x8531,0x8531,0x8531,
0x8531,0x8639,0xA639,0xA639,0xA639,0xA639,0xA639,0xA639,0xA639,0xA639,0xA639,0xA639,0x8639,0x8539,0x6531,0x6531,
0x4531,0x0329,0xC320,0xA218,0x8218,0xA218,0xC218,0xE320,0xE320,0xE320,0xE320,0x0329,0x4431,0xE749,0x695A,0x895A,
0xEC93,0xEC93,0xEC93,0xEC93,0xEC93,0xEC93,0x0D94,0x0D94,0x0D94,0x0D94,0x0D94,0x0D94,0x0D94,0x0D94,0x0D94,0x0D94,
0x0D94,0x0D94,0x0D94,0x0D94,0x2D94,0x2D94,0x2D94,0x4E9C,0x6E9C,0x6EA4,0x8FA4,0xAFAC,0xAFAC,0xAFAC,0xAFAC,0xB0AC,
0xB0AC,0xAFAC,0xAFAC,0xAFAC,0xAFAC,0xD0AC,0xD0AC,0xD0AC,0xD0B4,0xD0B4,0xD0B4,0xF0B4,0xF0B4,0xF0B4,0xF0B4,0x11B5,
0x11B5,0x11BD,0x11BD,0x11BD,0x31BD,0x31BD,0x31BD,0x31BD,0x31BD,0x52BD,0x52BD,0x52BD,0x52BD,0x52BD,0x52BD,0x31BD,
0x31BD,0x31BD,0x31B5,0x31B5,0x11B5,0x11B5,0x11B5,0x11B5,0x11B5,0xF1B4,0x11B5,0xD1AC,0x6F9C,0x0E94,0xAC83,0x0A73,
0x0A6B,0x0A6B,0x0A73,0x0A73,0x0A73,0x0A73,0x0A73,0x2A73,0x2A73,0x2A73,0x2B73,0x2A73,0x2A73,0x4B7B,0x2B73,0x2A73,
0x2B73,0x4B7B,0x6B7B,0x6B7B,0x6B7B,0x6B83,0x6C83,0x8B83,0x8B83,0x6C83,0x6B83,0x6B83,0x6C83,0x8C83,0x8C83,0x8C83,
0xAC83,0xAC83,0xAC83,0xAC83,0xAC83,0xAC83,0xCC8B,0xCC8B,0xEC93,0x0C94,0x0C9C,0x0C94,0xEC9B,0xEC9B,0x2CA4,0x2CAC,
0x2CAC,0x2CAC,0x4DAC,0x4DAC,0x2CAC,0x4DAC,0x4DB4,0x4DAC,0x4DAC,0x6DB4,0x8DB4,0x8DB4,0x6DB4,0x4CAC,0x2CA4,0x0CA4,
0x0CA4,0x2DA4,0x2DA4,0x2DA4,0x2DA4,0x2D9C,0x2D9C,0x2D9C,0x2D9C,0x2D9C,0x2D9C,0x2D9C,0x2D9C,0x0D9C,0x0D94,0xED93,
0xED8B,0xCC8B,0xAC83,0x8B83,0x8B83,0xAB8B,0xAB8B,0xAB8B,0xAB8B,0x8B8B,0x4A83,0xE972,0x6862,0x475A,0xE649,0xA541,
0x6531,0x2429,0x2431,0x2429,0x4431,0x4431,0x4431,0x4431,0x4431,0x6531,0x8531,0x8539,0x8539,0xC639,0xC641,0xC641,
0xC641,0xC641,0xE741,0xE741,0xE741,0xC741,0xC639,0xC639,0xC639,0xA639,0xA639,0x8531,0x8531,0x8531,0x8531,0x8531,
0x8531,0xA639,0xA639,0xA639,0xA639,0xA639,0xA639,0xA639,0xA639,0xA639,0x8639,0x8539,0x8539,0x6531,0x6531,0x6531,
0x4531,0x0329,0xC320,0xA218,0x8218,0x8218,0xA218,0xC220,0xE320,0xE320,0x0321,0xE220,0x2329,0xA539,0x2752,0x685A,
0xEC8B,0xEC93,0xEC93,0xEC93,0xEC93,0xEC93,0x0D94,0x0D94,0x0D94,0x0D94,0x0D94,0x0D94,0x0D94,0x0D94,0x0D94,0x0D94,
0x0D94,0x0D94,0x0D94,0x0D94,0x0D94,0x0D94,0x2D94,0x4D9C,0x4E9C,0x6E9C,0x8EA4,0x8FA4,0xAFAC,0xAFAC,0xAFAC,0xAFAC,
0xAFAC,0xAFAC,0xAFAC,0xAFAC,0xAFAC,0xAFAC,0xD0AC,0xD0AC,0xD0AC,0xD0AC,0xD0B4,0xD0B4,0xF0B4,0xF0B4,0xF0B4,0xF0B4,
0x11B5,0x11B5,0x11B5,0x11BD,0x31BD,0x31BD,0x31BD,0x31BD,0x31BD,0x52BD,0x52BD,0x52BD,0x52BD,0x52BD,0x52BD,0x31BD,
0x31BD,0x31BD,0x31B5,0x31B5,0x31B5,0x11B5,0x11B5,0x11B5,0x11B5,0x11B5,0x11B5,0xF1AC,0x8FA4,0x2E9C,0xAC8B,0x2A7B,
0xEA72,0x0A73,0x0A73,0x0A73,0x0A73,0xEA6A,0x0A73,0x0A73,0x2A73,0x2A73,0x2A73,0x2A73,0x2A73,0x2A73,0x2A73,0x2A73,
0x2A73,0x2A7B,0x4B7B,0x4B7B,0x4B7B,0x6B7B,0x6B7B,0x8B83,0x8B83,0x6B83,0x6B83,0x6B83,0x6B83,0x8C83,0x8C83,0x8C83,
0x8C83,0x8C83,0x8B83,0x8B83,0x8B83,0x6A83,0xCA8B,0xEB9B,0x2B9C,0x2BA4,0x2BAC,0x0AA4,0xEAA3,0x2BAC,0x4BBC,0x4BBC,
0x4BBC,0x4BBC,0x4BBC,0x6BC4,0x6CC4,0x8CC4,0x8CC4,0x6CC4,0x6CC4,0x8CC4,0xACC4,0xACC4,0x8CC4,0x6CBC,0x4BB4,0x4BB4,
0x4CAC,0x4CAC,0x2CAC,0x2CAC,0x2CAC,0x0CAC,0x0CAC,0x0CA4,0x0CA4,0xECA3,0xEC9B,0x0C9C,0x0D9C,0xED9B,0xCC93,0xCC8B,
0xAC8B,0xAB8B,0xAB83,0xAB83,0xAA8B,0x8A8B,0x8A8B,0x8A8B,0x6A8B,0x4A83,0x0983,0x886A,0x475A,0x4752,0xE649,0x8539,
0x6531,0x2429,0x4429,0x2431,0x4431,0x4431,0x4431,0x4431,0x6531,0x8531,0x8539,0xA639,0xA639,0xC641,0xE641,0xE641,
0xE641,0xE641,0xE641,0xE741,0xE741,0xE741,0xC639,0xC639,0xC639,0xA639,0x8639,0x8531,0x8531,0x8531,0x8531,0x8531,
0xA639,0xA639,0xA639,0xA639,0xA639,0xA639,0xA639,0xA639,0x8639,0x8531,0x6531,0x6531,0x4531,0x4531,0x4531,0x4531,
0x2531,0x0429,0xC320,0xA218,0x8218,0x8118,0x8218,0xC220,0xE320,0x0329,0xE320,0xE220,0x0329,0x4431,0xE641,0x4852,
0xEC8B,0xEC93,0xEC93,0xEC93,0xEC93,0xEC93,0x0D94,0x0D94,0x0D94,0x0D94,0x0D94,0x0D94,0x0D94,0x0D94,0x0D94,0x0D94,
0x0D94,0x0D94,0x0D94,0x0D94,0x0D94,0x0D94,0x0D94,0x4D9C,0x4E9C,0x6E9C,0x8EA4,0x8FA4,0x8FA4,0x8FAC,0xAFAC,0xAFAC,
0xAFAC,0xAFAC,0xAFAC,0xAFAC,0xAFAC,0xAFAC,0xD0AC,0xD0AC,0xD0AC,0xD0AC,0xD0B4,0xD0B4,0xF0B4,0xF0B4,0xF0B4,0xF0B4,
0xF0B4,0x11B5,0x11B5,0x11B5,0x11BD,0x11BD,0x31BD,0x31BD,0x31BD,0x31BD,0x31BD,0x31BD,0x31BD,0x31BD,0x31BD,0x31B5,
0x31B5,0x31B5,0x31B5,0x11B5,0x11B5,0x11B5,0x11B5,0x11B5,0x11B5,0xF1B4,0xF1B4,0xD0AC,0x8FA4,0x4E9C,0xCD8B,0x4A7B,
0xEA72,0xEA6A,0xEA6A,0xEA6A,0xEA6A,0xEA6A,0x0A73,0x0A73,0x0A73,0x0A73,0x0A73,0x2A73,0x2A73,0x2A73,0x2A73,0x2A73,
0x2A73,0x2A73,0x2A73,0x2B73,0x4B7B,0x4B7B,0x6B7B,0x6B7B,0x6B7B,0x6B7B,0x6B7B,0x6B7B,0x6B7B,0x6B83,0x6B83,0x6B83,
0x6B83,0x6A83,0x6A83,0x8A8B,0xAA93,0xCA93,0x2BA4,0x6BB4,0x8BB4,0x8BBC,0x6ABC,0x4AB4,0x4AB4,0x6ABC,0xAACC,0x8ACC,
0x89C4,0x8AC4,0x8ACC,0xAACC,0xCBD4,0xCBD4,0xAACC,0xAACC,0xCBD4,0xCBD4,0xCBD4,0xAAD4,0xAAD4,0xAAD4,0xCBCC,0xCBCC,
0xABCC,0x6AC4,0x4ABC,0x4ABC,0x4ABC,0x4BB4,0x2BB4,0x0BAC,0x0BAC,0x0BAC,0x0BAC,0x0BA4,0xEBA3,0xEB9B,0xCB9B,0xCB93,
0xCB93,0xCB93,0xEB93,0xEB93,0xCB93,0xAA93,0x8A8B,0x8A8B,0x2983,0x097B,0xA872,0x4762,0x2652,0x2652,0xE641,0xA539,
0x6431,0x4429,0x4429,0x4431,0x4431,0x4431,0x4431,0x6531,0x8531,0x8539,0xA639,0xC639,0xC641,0xE641,0xE641,0xE641,
0xE641,0xE641,0xE641,0xE741,0xE741,0xC741,0xC639,0xC639,0xA639,0xA639,0x8531,0x6531,0x8531,0x8531,0x8531,0x8531,
0xA639,0xA639,0xA639,0xA639,0xA639,0xA639,0xA639,0xA639,0x8531,0x6531,0x4531,0x4531,0x2531,0x2429,0x2429,0x4531,
0x4531,0x2429,0xE428,0xC320,0xA218,0x8218,0x8218,0xA218,0xE320,0x0329,0xE320,0xE220,0xE320,0x0329,0x8539,0x074A,
0xEC8B,0xEC93,0xEC93,0xEC93,0xEC93,0xEC93,0xEC93,0xEC93,0xEC93,0xEC93,0xEC93,0x0D94,0x0D94,0x0D94,0x0D94,0x0D94,
0x0D94,0x0D94,0x0D94,0x0D94,0x0D94,0x0D94,0x0D94,0x2D9C,0x4D9C,0x6E9C,0x6EA4,0x8FA4,0x8FA4,0x8FAC,0x8FAC,0xAFAC,
0xAFAC,0xAFAC,0xAFAC,0xAFAC,0xAFAC,0xAFAC,0xD0AC,0xD0AC,0xD0AC,0xD0AC,0xD0B4,0xD0B4,0xF0B4,0xF0B4,0xF0B4,0xF0B4,
0xF0B4,0xF0B4,0xF0B4,0x11B5,0x11B5,0x11B5,0x11BD,0x11BD,0x11BD,0x11B5,0x11B5,0x11B5,0x11B5,0x11B5,0x11B5,0x11B5,
0x11B5,0x11B5,0x11B5,0x11B5,0x11B5,0x11B5,0x11B5,0xF0B4,0xF0B4,0xF1B4,0xF1B4,0xD0AC,0x8FA4,0x4F9C,0xED93,0x6B7B,
0xEA72,0xE96A,0xE96A,0xE96A,0xE96A,0xE96A,0x0A73,0x0A73,0x0A73,0x0A73,0x0A73,0x0A73,0x0A73,0x0A73,0x0A73,0x0A73,
0x0A73,0x0A73,0x0A73,0x2A73,0x2B73,0x4B73,0x4B73,0x6B73,0x6B73,0x6B7B,0x6B7B,0x6B7B,0x6A83,0x6A83,0x8A83,0x8A8B,
0x8A8B,0x8A93,0xCA9B,0x4AB4,0x4AB4,0x4AB4,0x8ABC,0xAAC4,0xA9C4,0xA9CC,0xA9CC,0x89C4,0x89C4,0xA9CC,0xC9D4,0xA8D4,
0xA8D4,0xA8D4,0xC9D4,0xE9DC,0xE9DC,0xE9DC,0xC9DC,0xC9DC,0x0ADD,0x0AE5,0xE9E4,0xE9E4,0xE9E4,0xEAE4,0x0AE5,0x0AE5,
0xEADC,0xCADC,0xC9D4,0xA9D4,0xCAD4,0xAACC,0xAAC4,0x8AC4,0x6ABC,0x6ABC,0x6ABC,0x4AB4,0x2AB4,0x0AAC,0xEAAB,0xEAAB,
0x0BAC,0x0BAC,0xEAA3,0xEAA3,0xCA9B,0xCA9B,0xCA9B,0x8A93,0x2983,0xE872,0x886A,0x265A,0x0652,0xC549,0xA541,0x6431,
0x6431,0x6531,0x6531,0x6531,0x6531,0x6531,0x6539,0x8539,0xA539,0xA639,0xC641,0xE641,0xE741,0xE641,0xE641,0xE641,
0xE641,0xE641,0xE641,0xE741,0xC741,0xC639,0xC639,0xC639,0xA639,0x8531,0x8531,0x6531,0x8531,0x8531,0x8531,0x8639,
0xA639,0xA639,0xA639,0xA639,0xA639,0xA639,0xC639,0xA639,0x6531,0x4429,0x2531,0x2429,0x2429,0x2531,0x4531,0x4531,
0x4531,0x2429,0xE428,0xC320,0xA320,0xA218,0xA218,0xA218,0xE320,0xE320,0xE320,0xE220,0xE320,0xE320,0x2329,0xA539,
0xEC8B,0xEC93,0xEC93,0xEC93,0xEC93,0xEC93,0xEC93,0xEC93,0xEC93,0xEC93,0xEC93,0xEC93,0xEC93,0xEC93,0xEC93,0xEC93,
0xEC93,0xEC93,0xEC93,0x0D94,0x0D94,0x0D94,0x0D94,0x2D94,0x4D9C,0x4E9C,0x6EA4,0x8FA4,0x8FA4,0x8FAC,0x8FAC,0xAFAC,
0xAFAC,0xAFAC,0xAFAC,0xAFAC,0xAFAC,0xAFAC,0xD0AC,0xD0AC,0xD0AC,0xD0AC,0xD0B4,0xD0B4,0xF0B4,0xF0B4,0xF0B4,0xF0B4,
0xF0B4,0xF0B4,0xF0B4,0xF0B4,0x11B5,0x11B5,0x11B5,0x11BD,0x11BD,0x11B5,0x11B5,0x11B5,0x11B5,0x11B5,0x11B5,0x11B5,
0x11B5,0x11B5,0x11B5,0x11B5,0x11B5,0x11B5,0xF0B4,0xF0B4,0xF0B4,0xF1B4,0xF0AC,0xD0AC,0xB0A4,0x6FA4,0xED93,0x6B83,
0xEA72,0xE96A,0xC96A,0xC96A,0xC96A,0xE96A,0xEA6A,0xEA6A,0xEA6A,0x0A73,0x0A73,0x0A73,0xE972,0xE96A,0xEA72,0x0A73,
0x0A73,0x0A73,0x0A73,0x0A73,0x0A73,0x2A73,0x4B73,0x4B73,0x4B73,0x6A7B,0x6A7B,0x6A7B,0x6983,0x698B,0x898B,0xA99B,
0xEAA3,0x0AA4,0x29B4,0x89C4,0xAACC,0xC9CC,0xEAD4,0xE9D4,0xC8D4,0xE8DC,0x09DD,0xE8DC,0xC8DC,0xC8DC,0xC8DC,0xC8DC,
0xC8DC,0xE8E4,0x09E5,0x29ED,0x29ED,0x29ED,0x09E5,0xE8E4,0xE8E4,0xE8E4,0xE8E4,0xE8E4,0xE8E4,0xE9E4,0xE9E4,0xE9E4,
0xE9E4,0xE9E4,0x09E5,0x09E5,0x09E5,0x0ADD,0x0ADD,0x0ADD,0xEAD4,0xCAD4,0xAACC,0x8AC4,0x6AC4,0x4ABC,0x4ABC,0x4ABC,
0x4ABC,0x4ABC,0x2ABC,0x09B4,0xE9AB,0xE9A3,0xEAA3,0xAA9B,0x498B,0xE87A,0x876A,0x4662,0xE551,0x8441,0x6339,0x4331,
0x4431,0x8531,0x8531,0x8531,0x8531,0x8539,0x8539,0xA639,0xC639,0xC641,0xE641,0xE741,0xE741,0xE741,0xE741,0xE741,
0xE741,0xE741,0xE741,0xC741,0xC639,0xC639,0xC639,0xA639,0xA639,0x8531,0x6531,0x6531,0x8531,0x8531,0x8639,0xA639,
0xA639,0xA639,0xC639,0xA639,0xA639,0xC639,0xC639,0xA639,0x6531,0x2429,0x2429,0x2429,0x2429,0x4531,0x4531,0x4531,
0x4531,0x2429,0xE428,0xC320,0xA320,0xA218,0xA218,0xA218,0xC320,0xE320,0xE320,0xC220,0xE320,0xC220,0xE320,0x4429,
0xEC8B,0xEC8B,0xEC8B,0xEC8B,0xEC8B,0xEC8B,0xEC8B,0xEC8B,0xEC8B,0xEC8B,0xEC8B,0xEC93,0xEC93,0xEC93,0xEC93,0xEC93,
0xEC93,0xEC93,0xEC93,0xEC93,0xEC93,0x0D94,0x0D94,0x2D94,0x4D9C,0x4E9C,0x6EA4,0x6EA4,0x8EA4,0x8FA4,0x8FAC,0xAFAC,
0xAFAC,0xAFAC,0xAFAC,0xAFAC,0xAFAC,0xAFAC,0xAFAC,0xAFAC,0xD0AC,0xD0AC,0xD0AC,0xD0AC,0xD0B4,0xD0B4,0xD0B4,0xF0B4,
0xF0B4,0xF0B4,0xF0B4,0x11B5,0x11B5,0x11B5,0x11B5,0x11B5,0x11B5,0x11B5,0x11B5,0x11B5,0x11B5,0x11B5,0x11B5,0x11B5,
0x11B5,0x11B5,0xF0B4,0xF0B4,0xF0B4,0xF0B4,0xF0AC,0xF0AC,0xF0AC,0xF0AC,0xD0AC,0xD0AC,0xB0AC,0x6FA4,0x0E94,0x8C83,
0x0A73,0xE96A,0xC96A,0xC96A,0xC96A,0xC96A,0xC96A,0xE96A,0xE96A,0xE96A,0xE96A,0xE96A,0xE96A,0xEA6A,0xEA6A,0x0A73,
0x0A73,0xE972,0x0A73,0x2A7B,0x0973,0x0973,0x4A7B,0x4A7B,0x8A83,0x8A8B,0x898B,0x898B,0xA993,0xC99B,0x09AC,0x6ABC,
0x8ABC,0x8AC4,0xAACC,0xC9DC,0xE9DC,0xE9DC,0x08E5,0x08E5,0xE7DC,0xE7E4,0x08E5,0x08E5,0x08ED,0xE8E4,0xE8E4,0xC8E4,
0xC8E4,0xE8E4,0x09ED,0x09ED,0x29ED,0x29ED,0x09ED,0x09ED,0xE9EC,0xE8E4,0x09E5,0x09E5,0x09E5,0x09E5,0x09E5,0x09E5,
0x09E5,0x09E5,0x09E5,0x29E5,0x29E5,0x29E5,0x29E5,0x29E5,0x09E5,0xE9DC,0xE9DC,0xEADC,0xCADC,0xCADC,0xCAD4,0xCAD4,
0xAAD4,0xAAD4,0x69CC,0x49C4,0x6AC4,0x29BC,0x09AC,0xC9A3,0x899B,0x0883,0x6672,0x8772,0x055A,0x4239,0xA441,0xE549,
0xC541,0x8539,0xC639,0xC639,0xA539,0xA539,0xA639,0xE641,0x074A,0x284A,0x284A,0x0742,0xC641,0xC641,0xE641,0xE641,
0xE641,0xE741,0xE741,0xE741,0xC741,0xC639,0xA639,0xA639,0xA639,0x8531,0x8531,0x8531,0x8639,0xA639,0xA639,0xA639,
0xA639,0xA639,0xA639,0xA639,0xC639,0xA639,0xA639,0x8531,0x6531,0x4429,0x2429,0x2429,0x2429,0x4531,0x4531,0x6531,
0x4531,0x0429,0x0429,0xE320,0xC320,0xA318,0xA318,0xA220,0xC320,0xC320,0xE320,0xC320,0xE320,0xC320,0xC218,0xE220,
0xEC8B,0xEC8B,0xEC8B,0xEC8B,0xEC8B,0xEC8B,0xEC8B,0xEC8B,0xEC8B,0xEC8B,0xEC8B,0xEC93,0xEC93,0xEC93,0xEC93,0xEC93,
0xEC93,0xEC93,0xEC93,0xEC93,0xEC93,0xEC93,0x0D94,0x2D94,0x2D9C,0x4D9C,0x4E9C,0x6EA4,0x6EA4,0x8FA4,0x8FA4,0xAFAC,
0xAFAC,0xAFAC,0xAFAC,0xAFAC,0xAFAC,0xAFAC,0xAFAC,0xAFAC,0xD0AC,0xD0AC,0xD0AC,0xD0AC,0xD0B4,0xD0B4,0xD0B4,0xD0B4,
0xF0B4,0xF0B4,0xF0B4,0xF0B4,0x11B5,0x11B5,0x11B5,0x11B5,0x11B5,0x11B5,0x11B5,0x11B5,0x11B5,0x11B5,0x11B5,0x11B5,
0x11B5,0xF0B4,0xF0B4,0xF0B4,0xF0B4,0xF0AC,0xF0AC,0xF0AC,0xD0AC,0xD0AC,0xB0AC,0xB0AC,0xB0AC,0x6FA4,0x2E94,0xAC83,
0x2A73,0xE96A,0xC96A,0xC96A,0xC96A,0xC96A,0xC96A,0xC96A,0xC96A,0xC96A,0xE96A,0xE96A,0xEA6A,0xEA6A,0xE96A,0x0973,
0x0973,0xE972,0x097B,0x4983,0x4A83,0x6A8B,0x8A93,0xA993,0xC99B,0xE99B,0xC9A3,0x09AC,0x29B4,0x8AC4,0xAACC,0xEAD4,
0xEADC,0xEADC,0x0AE5,0x09E5,0x09E5,0x08E5,0x08E5,0x08E5,0x07ED,0x07ED,0x07ED,0x07ED,0x08ED,0x08ED,0xE8EC,0xE9EC,
0xE9EC,0xE9EC,0x09ED,0x2AED,0x4AF5,0x2AF5,0x29ED,0x09ED,0xE9EC,0x09E5,0x09E5,0x09E5,0x09E5,0x29E5,0x29E5,0x09E5,
0x09E5,0x09E5,0x09E5,0x29E5,0x29ED,0x29ED,0x29ED,0x29ED,0x29ED,0x09E5,0x09E5,0x09E5,0x09E5,0x0AE5,0x0AE5,0xE9E4,
0xE9E4,0xC9E4,0xA8D4,0xA8D4,0xA9D4,0x89CC,0x28BC,0x08AC,0xE9AB,0xA99B,0x278B,0x288B,0x4562,0xE351,0x465A,0x465A,
0x2652,0xC541,0x064A,0x074A,0x074A,0x074A,0x4852,0x695A,0x6952,0x6852,0x484A,0x074A,0xE641,0xE641,0xE741,0xE741,
0xE741,0xE741,0xE741,0xE741,0xC741,0xC639,0xA639,0xA639,0xA639,0xA639,0xA639,0x8639,0xA639,0xA639,0xC639,0xC639,
0xC639,0xA639,0xA639,0xA639,0xC639,0xA639,0x8531,0x6531,0x4531,0x4429,0x2429,0x2429,0x2531,0x4531,0x6531,0x6531,
0x4531,0x0429,0x0429,0xE320,0xC320,0xA320,0xA318,0xA320,0xC320,0xE320,0xE320,0xC320,0xE320,0xE320,0xA218,0xA218,
0xEC8B,0xEC8B,0xEC8B,0xEC8B,0xEC8B,0xEC8B,0xEC8B,0xEC8B,0xEC8B,0xEC8B,0xEC8B,0xEC8B,0xEC93,0xEC93,0xEC93,0xEC93,
0xEC93,0xEC8B,0xEC8B,0xEC93,0xEC93,0xEC93,0xEC93,0x2D94,0x2D94,0x4D9C,0x4E9C,0x6EA4,0x6EA4,0x6EA4,0x6EA4,0x8FAC,
0x8FAC,0x8FAC,0x8FAC,0x8FAC,0xAFAC,0xAFAC,0xAFAC,0xAFAC,0xAFAC,0xAFAC,0xD0AC,0xD0AC,0xD0AC,0xD0AC,0xD0AC,0xD0B4,
0xD0B4,0xF0B4,0xF0B4,0xF0B4,0xF0B4,0xF0B4,0xF0B4,0xF0B4,0xF0B4,0x11B5,0x11B5,0x11B5,0xF0B4,0xF0B4,0xF0B4,0xF0B4,
0xF0B4,0xF0AC,0xF0AC,0xF0AC,0xF0AC,0xD0AC,0xD0AC,0xD0AC,0xD0AC,0xD0AC,0xB0AC,0xB0AC,0xB0A4,0x6FA4,0x2E9C,0xCC8B,
0x2B7B,0xEA6A,0xC96A,0xC96A,0xC96A,0xC96A,0xC96A,0xC96A,0xC96A,0xC96A,0xC96A,0xC96A,0xEA62,0xEA6A,0xEA6A,0x0973,
0x0973,0x297B,0x2983,0x698B,0x8A9B,0xCAA3,0xEAAB,0x09AC,0x29B4,0x49BC,0x49BC,0x69C4,0xAAD4,0xC9D4,0xE9DC,0xE9E4,
0xE9E4,0x08E5,0x09E5,0x09E5,0x09ED,0x08ED,0x28ED,0x28ED,0x28ED,0x07ED,0x07ED,0x08ED,0x08ED,0x28ED,0x29ED,0x29ED,
0x09ED,0x29ED,0x29ED,0x49ED,0x49F5,0x49ED,0x29ED,0x09ED,0x08E5,0x08E5,0x08E5,0x08E5,0xE8E4,0x08E5,0x08E5,0x08E5,
0x08E5,0xE8E4,0x08E5,0x29ED,0x49ED,0x49ED,0x49F5,0x49ED,0x29ED,0x29ED,0x09ED,0x09ED,0x09ED,0x09ED,0x09ED,0x09ED,
0x08ED,0x09ED,0x09ED,0xE8E4,0x09DD,0xE9DC,0xC9D4,0xAACC,0x8AC4,0x09B4,0xA8A3,0x689B,0x0783,0xE77A,0x087B,0xA76A,
0x665A,0x2652,0x885A,0x885A,0xC962,0x0A6B,0xEA6A,0xA95A,0x8952,0x6852,0x4852,0x274A,0x074A,0x0742,0x0742,0xE741,
0xE741,0xE741,0xE741,0xE741,0xE741,0xC739,0xC639,0xA639,0xA639,0xA639,0xA639,0xA639,0xA639,0xC639,0xC639,0xC639,
0xC639,0xC639,0xC639,0xA639,0xA639,0x8531,0x6531,0x4429,0x2429,0x2429,0x2429,0x2429,0x4531,0x4531,0x6531,0x6531,
0x4531,0x2429,0x0429,0x0429,0xE320,0xC320,0xA320,0xA320,0xC320,0xC320,0xE320,0xC320,0xE320,0xE320,0xA218,0x8218,
0xEC8B,0xEC8B,0xEC8B,0xEC8B,0xEC8B,0xEC8B,0xCC8B,0xCC8B,0xCC8B,0xCC8B,0xCC8B,0xEC8B,0xEC8B,0xEC8B,0xEC8B,0xEC8B,
0xEC8B,0xEC8B,0xEC8B,0xEC8B,0xEC8B,0xEC93,0xEC93,0x0D94,0x2D94,0x2D9C,0x4D9C,0x4E9C,0x4E9C,0x4EA4,0x6EA4,0x8FA4,
0x8FAC,0x8FAC,0x8FAC,0x8FAC,0x8FAC,0xAFAC,0xAFAC,0xAFAC,0xAFAC,0xAFAC,0xAFAC,0xAFAC,0xD0AC,0xD0AC,0xAFAC,0xD0AC,
0xD0AC,0xD0B4,0xD0B4,0xF0B4,0xF0B4,0xF0B4,0xF0B4,0xF0B4,0xF0B4,0xF0B4,0x11B5,0xF0B4,0xF0B4,0xF0B4,0xF0B4,0xF0AC,
0xF0AC,0xF0AC,0xD0AC,0xD0AC,0xD0AC,0xD0AC,0xD0AC,0xD0AC,0xD0AC,0xB0AC,0xB0A4,0xB0A4,0x8FA4,0x6F9C,0x2E9C,0xCD8B,
0x2B7B,0xE96A,0xC96A,0xC96A,0xC962,0xA962,0xA962,0xA962,0xC962,0xC96A,0xC96A,0xC96A,0x0A6B,0xEA6A,0xEA6A,0x0973,
0x297B,0x4983,0x6993,0x899B,0xCAA3,0x2BB4,0x4BBC,0x6ACC,0xAAD4,0xCAD4,0xCAD4,0xC9DC,0xE9DC,0xE9E4,0x09ED,0x09ED,
0x08ED,0x28ED,0x29ED,0x29ED,0x29ED,0x29ED,0x28ED,0x28ED,0x08ED,0x07E5,0x07ED,0x08ED,0x28ED,0x49F5,0x49ED,0x49ED,
0x28ED,0x29ED,0x49ED,0x49ED,0x28ED,0x28ED,0x28ED,0x08E5,0x08E5,0xE8E4,0xE8E4,0xE8E4,0xE8E4,0xE8E4,0xE8EC,0xE8EC,
0xE8EC,0xE7EC,0xE8EC,0x28F5,0x49F5,0x4AF5,0x4AF5,0x4AF5,0x29ED,0x08ED,0x08ED,0x08ED,0x08ED,0x08ED,0x08ED,0x08ED,
0x08ED,0x29F5,0x29F5,0x29ED,0x29E5,0x09E5,0x09DD,0x0ADD,0xEBD4,0x8AC4,0x29BC,0xE8AB,0xC9A3,0xCA9B,0x8993,0x087B,
0xE872,0xC86A,0xC96A,0xA862,0xA862,0x8862,0x475A,0x4752,0x4852,0x4852,0x4852,0x284A,0x074A,0x074A,0x074A,0x074A,
0x074A,0x0742,0xE741,0xE741,0xE741,0xC741,0xC639,0xA639,0xA639,0xC639,0xC639,0xC639,0xC639,0xC639,0xE741,0xC741,
0xC639,0xC639,0xC639,0xA639,0xA639,0x6531,0x4429,0x2429,0x2429,0x2429,0x0429,0x2531,0x4531,0x6531,0x6531,0x6531,
0x4531,0x2429,0x2429,0x0429,0x0429,0x0429,0xE428,0xE420,0xC320,0xC320,0xE320,0xE320,0xE320,0xC320,0xC220,0xA218,
0xCC8B,0xCC8B,0xCC8B,0xCC8B,0xCC8B,0xCC8B,0xCC8B,0xCC8B,0xCC8B,0xCC8B,0xCC8B,0xEC8B,0xEC8B,0xEC8B,0xEC8B,0xEC8B,
0xEC8B,0xEC8B,0xEC8B,0xEC8B,0xEC8B,0xEC8B,0xEC93,0x0D94,0x0D94,0x2D94,0x2D9C,0x2D9C,0x4E9C,0x4E9C,0x4E9C,0x6EA4,
0x6EA4,0x6EA4,0x8FA4,0x8FA4,0x8FA4,0xAFA4,0xAFA4,0xAFAC,0xAFAC,0xAFAC,0xAFAC,0xAFAC,0xAFAC,0xCFAC,0xAFAC,0xAFAC,
0xCFAC,0xD0AC,0xD0AC,0xD0AC,0xD0AC,0xD0AC,0xF0AC,0xF0AC,0xF0B4,0xF0AC,0xF0B4,0xF0B4,0xF0B4,0xF0B4,0xF0AC,0xD0AC,
0xD0AC,0xD0AC,0xD0AC,0xD0AC,0xD0AC,0xCFAC,0xCFAC,0xAFAC,0xAFA4,0xAFA4,0xAFA4,0x8FA4,0x6FA4,0x6F9C,0x2E9C,0xED8B,
0x4B7B,0xEA6A,0xC96A,0xC962,0xC962,0xA962,0xA962,0xC962,0xC862,0xE962,0x096B,0xC96A,0xE972,0x0A7B,0x097B,0x498B,
0x488B,0x889B,0x09AC,0x6AC4,0xABCC,0xAAD4,0xCAD4,0xC9DC,0x09E5,0x0AE5,0x09E5,0x09E5,0x09E5,0x29ED,0x29ED,0x49ED,
0x49ED,0x69F5,0x6AF5,0x6AF5,0x29ED,0x28ED,0x28ED,0x28ED,0x07ED,0xE7E4,0xE8E4,0x08ED,0x49ED,0x4AED,0x6AF5,0x49F5,
0x49ED,0x29ED,0x28ED,0x28ED,0x49ED,0x49ED,0x08ED,0xE7E4,0x08ED,0x08ED,0xC7E4,0xC7E4,0xC7E4,0xC7E4,0xC7E4,0xE8EC,
0xE8EC,0xC7E4,0xE8EC,0x28F5,0x49F5,0x4AF5,0x4AF5,0x29F5,0x09ED,0xE8EC,0xE8EC,0xE8EC,0xE8EC,0xE8EC,0x08ED,0x08ED,
0x08ED,0x28ED,0x49ED,0x29ED,0x29ED,0x29ED,0x29E5,0x4AE5,0x2AE5,0xE9D4,0xA8D4,0xA9CC,0x6BC4,0x4BBC,0x0AB4,0xC9A3,
0x6893,0x0783,0xC772,0xE872,0xC96A,0x8862,0x485A,0x485A,0x485A,0x4852,0x2852,0x074A,0x074A,0x074A,0x074A,0x074A,
0x074A,0x0742,0x0742,0x0742,0xE741,0xC639,0xE639,0xE639,0xC639,0xC639,0xC639,0xC639,0xC641,0xC641,0xC741,0xC741,
0xC641,0xA639,0x8639,0x8539,0x6531,0x4431,0x0429,0xE320,0xE320,0x0429,0x2429,0x4531,0x6531,0x8539,0x6539,0x6531,
0x4531,0x4431,0x2429,0x2429,0x2429,0x0429,0x0429,0x0429,0x0429,0x0329,0xE320,0xE320,0xE320,0xC320,0xC220,0xC220,
0xCC8B,0xCC8B,0xCC8B,0xCC8B,0xCC8B,0xCC8B,0xCC8B,0xCC8B,0xCC8B,0xCC8B,0xCC8B,0xCC8B,0xCC8B,0xCC8B,0xCC8B,0xCC8B,
0xCC8B,0xEC8B,0xEC8B,0xEC8B,0xEC8B,0xEC8B,0xEC93,0xEC93,0x0D94,0x0D94,0x0D94,0x2D94,0x2D9C,0x4E9C,0x4E9C,0x4E9C,
0x6E9C,0x6E9C,0x6EA4,0x8FA4,0x8FA4,0x8FA4,0x8FA4,0x8FA4,0x8FA4,0xAFA4,0xAFA4,0xAFA4,0xAFA4,0xAFA4,0xAFAC,0xAFAC,
0xAFAC,0xD0AC,0xD0AC,0xD0AC,0xD0AC,0xD0AC,0xD0AC,0xD0AC,0xD0AC,0xD0AC,0xD0AC,0xF0AC,0xF0AC,0xF0AC,0xD0AC,0xD0AC,
0xD0AC,0xD0AC,0xAFAC,0xAFAC,0xAFAC,0xAFA4,0xAFA4,0xAFA4,0xAFA4,0xAFA4,0x8FA4,0x6FA4,0x6F9C,0x6F9C,0x2E9C,0xED8B,
0x6B7B,0xEA72,0xA96A,0xA962,0xC962,0xA962,0xC962,0xC962,0xA862,0xE86A,0x086B,0xC86A,0xE87A,0x498B,0xAA9B,0xCAA3,
0xA9A3,0xE8AB,0x49BC,0xAACC,0xEADC,0x0AE5,0x09DD,0x09E5,0x29E5,0x29ED,0x49ED,0x49ED,0x49ED,0x49ED,0x49ED,0x49ED,
0x69ED,0x69F5,0x6AF5,0x69ED,0x49ED,0x49ED,0x28ED,0x08ED,0xE7EC,0xE7E4,0x08ED,0x29ED,0x6AF5,0x6AF5,0x6AF5,0x69F5,
0x49F5,0x29F5,0x29ED,0x29ED,0x28ED,0x28ED,0x08ED,0xC7E4,0xE8E4,0xE8EC,0xC7E4,0xC7E4,0xC7E4,0xC7E4,0xC7E4,0xC7E4,
0xC7E4,0xC7E4,0xC7E4,0x08ED,0x29F5,0x29F5,0x29F5,0x09ED,0xE8EC,0xE8EC,0xE8EC,0xE8EC,0xE7EC,0xE7EC,0xE8EC,0xE8EC,
0x08ED,0x28ED,0x49ED,0x49ED,0x49ED,0x6AED,0x49ED,0x4AED,0x4AED,0x4AE5,0x4AE5,0x2AE5,0xEBDC,0xCCDC,0xABCC,0x29BC,
0x88A3,0x2793,0x0783,0xE87A,0xA872,0x6862,0x275A,0x2752,0x0752,0xE649,0x074A,0x2752,0x074A,0x074A,0x074A,0x074A,
0x074A,0x0742,0x0742,0x0742,0xE641,0xC639,0xE639,0xE739,0xE639,0xE739,0xE741,0xE741,0xC741,0xC741,0xC641,0xC641,
0xA639,0x8539,0x6531,0x4531,0x2429,0x0329,0xE320,0xE320,0xE320,0x0329,0x2429,0x4431,0x6531,0x6531,0x6531,0x6531,
0x4531,0x4431,0x2429,0x2429,0x2429,0x2429,0x2429,0x2429,0x2429,0x0429,0x0329,0xE320,0xE320,0xE320,0xC320,0xC220,
0xCC8B,0xCC8B,0xCC8B,0xCC8B,0xCC8B,0xCC8B,0xCC8B,0xCC8B,0xCC8B,0xCC8B,0xCC8B,0xCC8B,0xCC8B,0xCC8B,0xCC8B,0xCC8B,
0xCC8B,0xCC8B,0xCC8B,0xCC8B,0xEC8B,0xEC8B,0xEC8B,0xEC8B,0xEC93,0xEC93,0x0D94,0x0D94,0x0D94,0x2D94,0x2D9C,0x2D9C,
0x4E9C,0x4E9C,0x6E9C,0x6EA4,0x6EA4,0x8FA4,0x8FA4,0x8FA4,0x8FA4,0x8FA4,0x8FA4,0x8FA4,0x8FA4,0x8FA4,0xAFA4,0xAFA4,
0xAFA4,0xAFAC,0xAFAC,0xAFAC,0xAFA4,0xAFAC,0xAFAC,0xAFAC,0xAFAC,0xAFAC,0xD0AC,0xD0AC,0xD0AC,0xD0AC,0xAFAC,0xAFAC,
0xAFAC,0xAFA4,0xAFA4,0x8FA4,0x8FA4,0x8FA4,0x8FA4,0x8FA4,0x8FA4,0x8FA4,0x8FA4,0x6F9C,0x6F9C,0x6F9C,0x2E9C,0xED8B,
0x6C83,0xEA72,0xA962,0x8962,0xA962,0xA962,0xA862,0xA862,0xE972,0x497B,0x4983,0x4883,0x278B,0x6893,0x0AAC,0x2AB4,
0x4ABC,0xAACC,0xCAD4,0xEADC,0x2AE5,0x2AE5,0x09E5,0x29ED,0x29ED,0x49ED,0x6AF5,0x6AF5,0x69ED,0x69ED,0x49ED,0x49ED,
0x49ED,0x69ED,0x69ED,0x49ED,0x49ED,0x49F5,0x28F5,0x08ED,0xC7E4,0xC7E4,0x08ED,0x49F5,0x6AF5,0x6AF5,0x6AF5,0x69F5,
0x49F5,0x29F5,0x29ED,0x28ED,0x08ED,0x08ED,0xE7E4,0xC7E4,0xE7E4,0xE8E4,0xE8E4,0x08ED,0x08ED,0x08ED,0xE8EC,0xC7E4,
0xA7E4,0xA7E4,0xC7E4,0xE8E4,0x08ED,0x09ED,0xE9EC,0xE8EC,0xC8EC,0xC8E4,0xC8E4,0xC7E4,0xC7E4,0xC7E4,0xC7E4,0xE7EC,
0xE7EC,0x08ED,0x49ED,0x69F5,0x6AF5,0x8AF5,0x6AF5,0x6AED,0x8BED,0x8BED,0xABF5,0x8BED,0x2BE5,0x2BE5,0xEBD4,0x69C4,
0x08B4,0xC8A3,0x8893,0x288B,0xE77A,0x8772,0x4762,0x475A,0x0652,0xE649,0x0652,0x064A,0x064A,0x074A,0x074A,0x074A,
0x074A,0x074A,0x0742,0x074A,0xE641,0xE641,0xE641,0x0742,0x073A,0x0742,0x0742,0xE741,0xC741,0xC641,0xA639,0xA639,
0x8639,0x6531,0x2429,0x0429,0xE320,0xC320,0xC220,0xC320,0xE320,0x0429,0x2429,0x4431,0x6531,0x6531,0x6531,0x6531,
0x4531,0x4531,0x4431,0x4431,0x2429,0x2429,0x2429,0x2429,0x2429,0x2429,0x0429,0xE320,0xE320,0xE320,0xC320,0xA218,
0xCC8B,0xCC8B,0xCC8B,0xCC8B,0xCC8B,0xCC8B,0xCC8B,0xCC8B,0xCC8B,0xCC8B,0xCC8B,0xCC8B,0xCC8B,0xCC8B,0xCC8B,0xCC8B,
0xCC8B,0xCC8B,0xCC8B,0xCC8B,0xCC8B,0xEC8B,0xEC8B,0xCC8B,0xEC8B,0xEC8B,0xEC93,0x0D94,0x0D94,0x0D94,0x0D94,0x2D94,
0x2D9C,0x4E9C,0x4E9C,0x6E9C,0x6E9C,0x6EA4,0x6EA4,0x6EA4,0x6EA4,0x6EA4,0x6EA4,0x8FA4,0x8FA4,0x8FA4,0x8FA4,0x8FA4,
0x8FA4,0x8FA4,0x8FA4,0x8FA4,0x8FA4,0x8FA4,0x8FA4,0xAFA4,0xAFA4,0xAFA4,0xAFA4,0xAFAC,0xAFAC,0xAFAC,0xAFA4,0xAFA4,
0xAFA4,0xAFA4,0x8FA4,0x8FA4,0x8FA4,0x6E9C,0x6E9C,0x6E9C,0x6E9C,0x6E9C,0x6F9C,0x6F9C,0x4E9C,0x4F9C,0x2E94,0xED8B,
0x6C83,0xEA72,0x8862,0x8862,0xA96A,0xC96A,0xE972,0xC872,0xE87A,0x2883,0xCA9B,0x2BAC,0x09AC,0x29B4,0x49BC,0xAACC,
0x0BD5,0x0BDD,0x2AE5,0x4AED,0x4AED,0x29ED,0x49ED,0x4AED,0x6AF5,0x6AF5,0x8AF5,0x8AF5,0x8AF5,0x6AF5,0x69F5,0x69ED,
0x49ED,0x69ED,0x69F5,0x69F5,0x49ED,0x28F5,0x28F5,0x08ED,0xE7EC,0xE7EC,0xE8EC,0x29F5,0x6AF5,0x6AF5,0x6AF5,0x49F5,
0x29ED,0x28ED,0x08ED,0x08ED,0xE8EC,0xE8EC,0xE8E4,0xE8E4,0xE7E4,0xC7E4,0xE8E4,0xE8EC,0x08ED,0xE8EC,0xC8E4,0xC7E4,
0xA7E4,0xA7E4,0xC7E4,0xC8E4,0xE8EC,0x09ED,0xE8EC,0xE8EC,0xC8EC,0xC8E4,0xC8EC,0xC7E4,0xC7E4,0xC7E4,0xC7E4,0xE7EC,
0xE7E4,0x08ED,0x49ED,0x49F5,0x6AF5,0x8AF5,0x8BF5,0x8BF5,0x8BF5,0xCCF5,0xACF5,0x8BF5,0x6BED,0x4AE5,0x2ADD,0x0AD5,
0xCACC,0x69BC,0xE8AB,0xA89B,0x899B,0x6993,0x498B,0xA772,0x265A,0x465A,0x465A,0x0552,0x2752,0x2752,0x2752,0x2752,
0x274A,0x274A,0x274A,0x274A,0xE649,0xE641,0xE641,0xE639,0xE639,0xE639,0xE741,0xC639,0xA639,0x8639,0x8539,0x6531,
0x4531,0x2429,0x0329,0xE320,0xC320,0xC220,0xC220,0xC320,0xE320,0x0429,0x0429,0x2429,0x6531,0x6531,0x6531,0x6531,
0x4531,0x4531,0x4431,0x4431,0x4431,0x2429,0x2429,0x2429,0x2429,0x0429,0x0329,0xE320,0x0329,0xE320,0xC320,0xA218,
0xCC8B,0xCC8B,0xCC8B,0xCC8B,0xCC8B,0xCC8B,0xCC8B,0xCC8B,0xCC8B,0xCC8B,0xCC8B,0xCC8B,0xCC8B,0xCC8B,0xCC8B,0xCC8B,
0xCC8B,0xCC8B,0xCC8B,0xCC8B,0xCC8B,0xCC8B,0xCC8B,0xCC8B,0xCC8B,0xCC8B,0xEC8B,0xEC93,0xEC93,0x0D94,0x0D94,0x0D94,
0x2D94,0x2D94,0x4E9C,0x4E9C,0x4E9C,0x4E9C,0x4E9C,0x6E9C,0x6E9C,0x6E9C,0x6E9C,0x6E9C,0x6EA4,0x6EA4,0x6E9C,0x6E9C,
0x6EA4,0x6EA4,0x6EA4,0x6EA4,0x6EA4,0x8FA4,0x8FA4,0x8FA4,0x8FA4,0x8FA4,0xAFA4,0xAFA4,0xAFA4,0xAFA4,0x8FA4,0x8FA4,
0x8FA4,0x8FA4,0x8FA4,0x6EA4,0x6E9C,0x6E9C,0x6E9C,0x6E9C,0x6E9C,0x6E9C,0x6E9C,0x4E9C,0x4E9C,0x4F9C,0x2E94,0xED8B,
0x8C83,0x0A73,0x8862,0x6762,0xA86A,0xC872,0x087B,0x488B,0x899B,0xA9A3,0x0AAC,0x8BC4,0xCACC,0xEBD4,0x0AD5,0x2BDD,
0x4BE5,0x2AE5,0x6AED,0x8AF5,0x6AF5,0x69F5,0x8AF5,0x8AF5,0x8AF5,0xABFD,0xAAF5,0xAAF5,0xAAFD,0x8AF5,0x89F5,0x69F5,
0x69ED,0x49ED,0x49ED,0x49F5,0x29F5,0x28F5,0x08F5,0x07F5,0x07ED,0xE7EC,0xE8EC,0x08ED,0x29F5,0x4AF5,0x49F5,0x49F5,
0x28ED,0x28ED,0x08ED,0x08ED,0xE8EC,0x08ED,0x08ED,0x08ED,0xE8EC,0xE8E4,0xE8EC,0x08ED,0x08ED,0xE8EC,0xA7E4,0xA7E4,
0xA7E4,0xA7E4,0xC7E4,0xC8E4,0xC8E4,0xE8EC,0xE8EC,0xE8EC,0xC8EC,0xC8E4,0xC7E4,0xC7E4,0xC7E4,0xC7E4,0xE7EC,0xC7E4,
0xE7E4,0x08ED,0x29ED,0x49ED,0x49F5,0x8AF5,0xABF5,0xABF5,0xABF5,0xCCF5,0xCCF5,0xACF5,0xABF5,0x8BED,0x8BED,0x6AE5,
0x2ADD,0xC9CC,0x89C4,0x49BC,0x2AB4,0x0AAC,0xCAA3,0x488B,0x087B,0x4983,0x087B,0xA76A,0xE872,0x8762,0x8762,0x675A,
0x475A,0x4852,0x685A,0x4752,0x064A,0xE641,0xE641,0xE641,0xE641,0xC639,0xC639,0xA639,0x8531,0x6531,0x2429,0x2429,
0x0329,0xE320,0xC220,0xA218,0xC320,0xC220,0xC220,0xC320,0x0329,0x0429,0x2429,0x4431,0x6531,0x6531,0x6531,0x6531,
0x4531,0x4531,0x4431,0x4431,0x4431,0x2429,0x2429,0x2429,0x2429,0x2429,0x0429,0xE320,0x0329,0xE320,0xC320,0xA218,
0xCC8B,0xCC8B,0xCC8B,0xCC8B,0xCC8B,0xCC8B,0xCC8B,0xCC8B,0xCC8B,0xCC8B,0xCC8B,0xCC8B,0xCC8B,0xCC8B,0xCC8B,0xCC8B,
0xCC8B,0xCC8B,0xCC8B,0xCC8B,0xCC8B,0xCC8B,0xCC8B,0xCC8B,0xCC8B,0xCC8B,0xEC8B,0xEC93,0xEC93,0xEC93,0xEC93,0x0D94,
0x0D94,0x2D94,0x2D9C,0x2D9C,0x2D9C,0x4E9C,0x4E9C,0x4E9C,0x4E9C,0x4E9C,0x4E9C,0x4E9C,0x4E9C,0x4E9C,0x4E9C,0x4E9C,
0x6E9C,0x6E9C,0x6E9C,0x6E9C,0x6E9C,0x6EA4,0x6EA4,0x6EA4,0x6EA4,0x8FA4,0x8FA4,0x8FA4,0x8FA4,0x8FA4,0x8FA4,0x6EA4,
0x6EA4,0x6E9C,0x6E9C,0x4E9C,0x4E9C,0x6E9C,0x4E9C,0x4E9C,0x4E9C,0x4E9C,0x4E9C,0x4E9C,0x4E9C,0x4E9C,0x0E94,0xCD8B,
0x8B83,0x2A7B,0xC872,0xA76A,0x087B,0x498B,0x488B,0x889B,0xE9AB,0x29BC,0x69C4,0xA9CC,0xC9D4,0x0ADD,0x2AE5,0x2AE5,
0x2AE5,0x4AED,0x6AED,0x8AF5,0x8AF5,0x89F5,0x8AF5,0x8AF5,0x8AF5,0xAAF5,0xAAFD,0xAAFD,0xAAFD,0x8AF5,0x8AF5,0x89F5,
0x89F5,0x48ED,0x28ED,0x48ED,0x48F5,0x28F5,0x08F5,0x07ED,0xE7EC,0xE7EC,0xE7EC,0x08ED,0x29ED,0x49F5,0x6AF5,0x49F5,
0x28ED,0x08ED,0x08ED,0x08ED,0x08ED,0x08ED,0x08ED,0x08ED,0x08ED,0x08ED,0x09ED,0x09ED,0xE8EC,0xC8E4,0xA7E4,0xA7E4,
0xA7E4,0xC8E4,0xC8E4,0xC8E4,0xC8E4,0xE8EC,0xE8EC,0xE8EC,0xC8EC,0xC7E4,0xC7E4,0xA7E4,0xC7E4,0xE7EC,0xE7EC,0xC7E4,
0xC7E4,0x08E5,0x28ED,0x29ED,0x49ED,0x8AF5,0xABF5,0xABF5,0xCCF5,0xCCF5,0xCCF5,0xABF5,0x8BF5,0x8BF5,0x8AED,0x6AED,
0x4AE5,0x2ADD,0xE9D4,0xCACC,0xAACC,0x8AC4,0x6ABC,0x0AAC,0xEAA3,0xEAA3,0xCA9B,0x8993,0x698B,0x087B,0x297B,0xA86A,
0x475A,0xA862,0xC96A,0x675A,0x0652,0x064A,0xE541,0xC539,0xE639,0xC639,0xA531,0x8531,0x6531,0x2429,0x0329,0xE320,
0xE320,0xC320,0xC220,0xC220,0xC320,0xC220,0xC220,0xC320,0x0329,0x2429,0x4431,0x6531,0x6531,0x6531,0x6531,0x6531,
0x4531,0x4531,0x4431,0x4431,0x4431,0x4431,0x4431,0x4431,0x2429,0x2429,0x0429,0x0329,0x0329,0x0329,0xE320,0xA218,
0xCC8B,0xCC8B,0xCC8B,0xCC8B,0xCC8B,0xCC8B,0xCC8B,0xCC8B,0xCC8B,0xCC8B,0xCC8B,0xCC8B,0xCC8B,0xCC8B,0xCC8B,0xCC8B,
0xCC8B,0xCC8B,0xCC8B,0xCC8B,0xCC8B,0xCC8B,0xCC8B,0xCC8B,0xCC8B,0xCC8B,0xEC8B,0xEC8B,0xEC8B,0xEC93,0xEC93,0x0D94,
0x0D94,0x0D94,0x2D94,0x2D94,0x2D94,0x2D94,0x2D9C,0x2D9C,0x2D9C,0x2D9C,0x2D9C,0x2D9C,0x2D9C,0x2D9C,0x4E9C,0x4E9C,
0x4E9C,0x4E9C,0x4E9C,0x4E9C,0x6E9C,0x6E9C,0x6E9C,0x6EA4,0x6EA4,0x6E9C,0x6E9C,0x6E9C,0x6E9C,0x6E9C,0x6E9C,0x6EA4,
0x6EA4,0x6E9C,0x6E9C,0x4E9C,0x4E9C,0x4E9C,0x4E9C,0x4E9C,0x4E9C,0x4E9C,0x4E9C,0x4E9C,0x4E9C,0x4E9C,0x2E94,0xED8B,
0xAB8B,0x4983,0xC772,0xC772,0x488B,0xCA9B,0x0AAC,0xE9AB,0x28BC,0x48C4,0x89D4,0xE9DC,0xE9DC,0x29E5,0x2AED,0x2AED,
0x4AED,0x6AED,0x6AED,0x8AF5,0x8AF5,0x8AF5,0x8AF5,0x8AF5,0x8AF5,0xAAF5,0xAAF5,0xAAF5,0xAAF5,0x8AF5,0x89F5,0x89F5,
0x89F5,0x69ED,0x48ED,0x28ED,0x28F5,0x08F5,0x07ED,0xE7EC,0xE7EC,0xE7EC,0xE7EC,0xE8EC,0x08ED,0x09ED,0x69F5,0x49F5,
0x28ED,0x08ED,0x08ED,0x08ED,0x08ED,0xE7E4,0xE7E4,0xE8EC,0x28ED,0x29ED,0x09ED,0x09ED,0xE8EC,0xC8E4,0xA7E4,0xA7E4,
0xA8E4,0xA7E4,0xA7E4,0xA8E4,0xA8E4,0xC8E4,0xC8E4,0xC8E4,0xC7E4,0xC7E4,0xC7E4,0xC7E4,0xC7E4,0xC7E4,0xC7E4,0xE7EC,
0xC7E4,0xE7E4,0x08ED,0x29ED,0x49ED,0x6AF5,0xABF5,0xABF5,0xACF5,0xCCF5,0xCCF5,0xACF5,0x8BF5,0x8BF5,0x8BF5,0x6AED,
0x6AED,0x4AE5,0x09DD,0x0ADD,0x2ADD,0x0ADD,0xEAD4,0x8AC4,0x6ABC,0x4AB4,0x2AB4,0x0AA4,0xA99B,0x698B,0x8A93,0xE87A,
0xC772,0x4A83,0xE972,0x475A,0x475A,0x2652,0xE541,0xC539,0xC539,0xA531,0x6531,0x4429,0x0429,0xE320,0xC320,0xC320,
0xC320,0xC320,0xC320,0xC320,0xC320,0xC220,0xC220,0xE320,0x0429,0x2429,0x4531,0x6531,0x6531,0x6531,0x6531,0x6531,
0x4531,0x4531,0x4431,0x4431,0x4431,0x2429,0x2429,0x4431,0x2429,0x2429,0x2429,0x2429,0x2429,0x2429,0x0429,0xE320,
0xCC8B,0xCC8B,0xCC8B,0xCC8B,0xCC8B,0xCC8B,0xCC8B,0xCC8B,0xCC8B,0xCC8B,0xCC8B,0xCC8B,0xCC8B,0xCC8B,0xCC8B,0xCC8B,
0xCC8B,0xCC8B,0xCC8B,0xCC8B,0xCC8B,0xCC8B,0xCC8B,0xCC8B,0xCC8B,0xCC8B,0xCC8B,0xCC8B,0xCC8B,0xEC8B,0xEC93,0xEC93,
0x0D94,0x0D94,0x0D94,0x0D94,0x2D94,0x2D94,0x2D94,0x2D94,0x2D94,0x2D94,0x2D94,0x2D94,0x2D94,0x2D94,0x2D9C,0x2D9C,
0x2D9C,0x4E9C,0x4E9C,0x4E9C,0x4E9C,0x4E9C,0x6E9C,0x6E9C,0x6E9C,0x4E9C,0x4E9C,0x4E9C,0x4E9C,0x4E9C,0x4E9C,0x6E9C,
0x6E9C,0x4E9C,0x4E9C,0x4E9C,0x4E9C,0x4E9C,0x4D9C,0x4D9C,0x2D94,0x2E94,0x2E94,0x2E94,0x2E94,0x4E9C,0x2E9C,0x0E94,
0xCB8B,0x8A8B,0x4883,0x4883,0xEA9B,0x8CB4,0xCCC4,0x69C4,0x68CC,0x88D4,0xC8E4,0x09ED,0x2AED,0x4AED,0x4AED,0x4AED,
0x6AED,0x8AF5,0x8AF5,0x8AF5,0xABF5,0xABF5,0x8BF5,0x8AF5,0x8AF5,0xAAF5,0xAAF5,0x8AF5,0x8AF5,0xAAF5,0x89F5,0x89F5,
0x89F5,0x69F5,0x48ED,0x28ED,0x08ED,0x07ED,0xE7EC,0xE7EC,0xC7EC,0xE7EC,0xE7EC,0xE7EC,0xE8EC,0xE8E4,0x29ED,0x49F5,
0x29F5,0x08ED,0x08ED,0x08ED,0x08ED,0xE7E4,0xC7E4,0xE7E4,0x08ED,0x29ED,0x09ED,0x09ED,0xE8EC,0xC8E4,0xC8E4,0xC8E4,
0xC8E4,0xC8E4,0xA8E4,0xA8E4,0xA8E4,0xC7E4,0xC7E4,0xC8E4,0xC7E4,0xC7E4,0xC7E4,0xA7E4,0xA7E4,0xA7E4,0xC7E4,0xC7E4,
0xC7E4,0xE7E4,0x28ED,0x29ED,0x49ED,0x6AF5,0x8AF5,0x8BF5,0xABF5,0xACF5,0xACF5,0xABF5,0xACF5,0x8BF5,0x6BF5,0x4AED,
0x4AED,0x49E5,0x29E5,0x29E5,0x29E5,0x2AE5,0x0ADD,0xCAD4,0xCACC,0xCBCC,0xCBCC,0x6ABC,0x09AC,0xC9A3,0xCA9B,0x6993,
0xAB93,0xEC9B,0x4A83,0x0973,0x2A73,0xA862,0x264A,0xC541,0xA531,0x8531,0x4429,0x2429,0x0421,0xE320,0xC320,0xC220,
0xC320,0xC320,0xC320,0xE320,0xC320,0xC220,0xC320,0xE320,0x2429,0x4431,0x6531,0x6531,0x8539,0x6531,0x6531,0x6531,
0x4531,0x4531,0x4431,0x4431,0x4431,0x2429,0x2429,0x2429,0x2429,0x2429,0x2429,0x2429,0x2429,0x0429,0x0429,0x0329,
0xAB8B,0xAB8B,0xAB8B,0xAB8B,0xAB8B,0xAB8B,0xCC8B,0xCC8B,0xCC8B,0xCC8B,0xCC8B,0xCC8B,0xCC8B,0xCC8B,0xCC8B,0xCC8B,
0xCC8B,0xCC8B,0xCC8B,0xCC8B,0xCC8B,0xCC8B,0xCC8B,0xCC8B,0xCC8B,0xCC8B,0xCC8B,0xCC8B,0xCC8B,0xEC8B,0xEC8B,0xEC93,
0x0D94,0x0D94,0x2D94,0x2D94,0x2D94,0x2D94,0x2D94,0x2D94,0x2D94,0x2D94,0x2D94,0x2D94,0x2D94,0x2D94,0x2D94,0x2D94,
0x2D94,0x2D9C,0x2D9C,0x4D9C,0x4E9C,0x4E9C,0x4E9C,0x4E9C,0x4E9C,0x4E9C,0x6E9C,0x6E9C,0x4E9C,0x4E9C,0x4E9C,0x4E9C,
0x4E9C,0x4E9C,0x4E9C,0x2D9C,0x2D9C,0x2D9C,0x2D9C,0x2D9C,0x2D94,0x2D94,0x2D94,0x2D94,0x2D94,0x2E9C,0x2D94,0xEC93,
0xCB93,0xEA9B,0xEAA3,0xEAA3,0x4AB4,0xABC4,0xCBCC,0xCAD4,0x0AE5,0x0AED,0x09ED,0x29ED,0x6AED,0x8AF5,0x8AF5,0x8AF5,
0x8BF5,0x8BF5,0x8BF5,0x8BF5,0xABF5,0xCCFD,0xABF5,0x8AF5,0xAAF5,0xAAF5,0x8AF5,0x8AF5,0x8AF5,0x89F5,0x89F5,0x89F5,
0xA9F5,0x89F5,0x48ED,0x28ED,0x08ED,0x07ED,0xE7EC,0xC7EC,0xC6EC,0xC6EC,0xC7EC,0xC7E4,0xC7E4,0xC7E4,0xE8EC,0x29F5,
0x49F5,0x08ED,0x08ED,0x28ED,0x08ED,0x08E5,0xE7E4,0xE8E4,0xE8E4,0x08ED,0x09ED,0xE9EC,0xE9EC,0xE9EC,0xE9EC,0xE9EC,
0xE9EC,0xE8E4,0xC8E4,0xE8E4,0xC8E4,0xA8E4,0xA8E4,0xA8E4,0xA7E4,0xA7E4,0xA7E4,0xA7E4,0x86E4,0x86DC,0xA6E4,0xA7E4,
0xC7E4,0x08E5,0x28ED,0x29ED,0x4AF5,0x8AF5,0x8AF5,0x8BF5,0x8BF5,0x8BED,0x8BED,0x8BED,0x8BF5,0x6BF5,0x6AF5,0x4AED,
0x4AED,0x29ED,0x08E5,0xE8E4,0x08E5,0x09E5,0xE9E4,0xEADC,0x2BDD,0x4CE5,0x2CDD,0xCBCC,0x6ABC,0x4AB4,0x2BB4,0x0BAC,
0x2CAC,0x0BA4,0xEB9B,0xEC93,0xAB8B,0x4A7B,0x0973,0x475A,0xA541,0x6439,0x4431,0x0329,0x0321,0x0429,0xC320,0xC220,
0xC320,0xC320,0xC320,0xC320,0xC320,0xC320,0xC320,0xE320,0x2429,0x4431,0x6531,0x6531,0x8539,0x6531,0x6531,0x6531,
0x4531,0x4531,0x4431,0x4431,0x4431,0x2429,0x2429,0x2429,0x2429,0x2429,0x2429,0x2429,0x2429,0x2429,0x2429,0x2429,
0xAB8B,0xAB8B,0xAB8B,0xAB8B,0xAB8B,0xAB8B,0xAB8B,0xAB8B,0xAB8B,0xAB8B,0xAB8B,0xCC8B,0xCC8B,0xCC8B,0xCC8B,0xCC8B,
0xCC8B,0xCC8B,0xCC8B,0xCC8B,0xCC8B,0xCC8B,0xCC8B,0xCC8B,0xCC8B,0xCC8B,0xCC8B,0xCC8B,0xCC8B,0xCC8B,0xCC8B,0xEC8B,
0x0D94,0x0D94,0x2D94,0x2D94,0x2D94,0x2D94,0x2D94,0x2D94,0x2D94,0x2D94,0x2D94,0x2D94,0x2D94,0x2D94,0x2D94,0x2D94,
0x2D94,0x2D94,0x2D94,0x2D94,0x2D94,0x2D94,0x4D9C,0x4E9C,0x4E9C,0x4E9C,0x4E9C,0x4E9C,0x4E9C,0x4E9C,0x4E9C,0x4E9C,
0x4E9C,0x4D9C,0x4D9C,0x2D94,0x2D94,0x0D9C,0x0D9C,0x0D9C,0x2D94,0x2D94,0x2D94,0x2D94,0x2D94,0x2C9C,0x2C9C,0x0B9C,
0x0AA4,0x0AB4,0x4BBC,0x6AC4,0x8ACC,0x89D4,0xC9DC,0x0AE5,0x4AED,0x4AF5,0x6AF5,0x6AF5,0x6AED,0x8AF5,0xAAF5,0xABF5,
0x8AF5,0x6AF5,0x8BF5,0xABF5,0xABFD,0xABF5,0x8BF5,0xAAF5,0xAAF5,0xAAF5,0xAAF5,0x8AF5,0x8AF5,0x89F5,0x89F5,0xAAF5,
0xAAF5,0x89F5,0x49F5,0x28ED,0x08ED,0x07ED,0xE7EC,0xC6E4,0xA6E4,0xA6E4,0xA6E4,0xC6E4,0xC6E4,0xC6E4,0xC7E4,0x08ED,
0x29F5,0x28ED,0x28ED,0x28ED,0x08E5,0x08E5,0x08E5,0x08E5,0x08ED,0x09ED,0xE9E4,0xE9E4,0x09ED,0x09ED,0x09ED,0xE9E4,
0x09ED,0xE9E4,0xE9E4,0x09ED,0xE9EC,0xC9E4,0xC9E4,0xC9E4,0xC8E4,0xA8E4,0xA8E4,0x87DC,0x66DC,0x66DC,0x86E4,0xA7E4,
0xC7E4,0xE8EC,0x09ED,0x29ED,0x4AF5,0x6BF5,0x6BF5,0x6BED,0x6BED,0x6BED,0x8CED,0x8CF5,0x6AF5,0x6AED,0x4AED,0x4AED,
0x29ED,0x09ED,0x09E5,0x09E5,0x09ED,0x29ED,0x29ED,0x4AED,0x6CE5,0x8CED,0x6CE5,0x4CDD,0x0CD5,0x0CD5,0x0CD5,0xECCC,
0xCDCC,0xACC4,0x2AAC,0x2BA4,0xEB9B,0xEC9B,0xCC93,0x097B,0x6762,0x8549,0x2339,0x2331,0x2329,0x0329,0xE320,0xC320,
0xC220,0xC220,0xC220,0xC320,0xC320,0xC320,0xE320,0x0329,0x2429,0x4531,0x6531,0x6531,0x6531,0x6531,0x6531,0x6531,
0x6531,0x4531,0x4431,0x4431,0x2429,0x2429,0x2429,0x2429,0x2429,0x2429,0x2429,0x2429,0x2429,0x2429,0x2429,0x2429,
0xAB8B,0xAB8B,0xAB8B,0xAB8B,0xAB8B,0xAB8B,0xAB8B,0xAB8B,0xAB8B,0xAB8B,0xAB8B,0xCC8B,0xCC8B,0xCC8B,0xCC8B,0xCC8B,
0xCC8B,0xCC8B,0xCC8B,0xCC8B,0xCC8B,0xCC8B,0xCC8B,0xCC8B,0xCC8B,0xCC8B,0xCC8B,0xCC8B,0xCC8B,0xCC8B,0xCC8B,0xCC8B,
0xEC8B,0xED8B,0x0D94,0x0D94,0x0D94,0x2D94,0x2D94,0x2D94,0x2D94,0x2D94,0x2D94,0x2D94,0x2D94,0x2D94,0x2D94,0x2D94,
0x2D94,0x2D94,0x2D94,0x2D94,0x2D94,0x2D94,0x2D94,0x4D9C,0x4D9C,0x2D94,0x4D9C,0x4E9C,0x4E9C,0x4E9C,0x6E9C,0x4E9C,
0x4D9C,0x4D9C,0x2D94,0x2D94,0x2D94,0x0D9C,0x0D9C,0x2D9C,0x2D94,0x2D94,0x2D94,0x2D94,0x0C94,0x0B94,0x0B9C,0x2BA4,
0x4BAC,0x4ABC,0x8BC4,0xABCC,0xCAD4,0xA9D4,0xEAE4,0x2AED,0x4AED,0x6AF5,0x6AF5,0x8AF5,0x6AED,0x8AF5,0xAAF5,0xABF5,
0x8AF5,0x6AED,0x8AF5,0x8BF5,0xABF5,0xABF5,0xABF5,0xAAF5,0xAAF5,0x8AF5,0x8AF5,0x69F5,0x69F5,0x69F5,0x69F5,0x69F5,
0x8AF5,0x69F5,0x48ED,0x28ED,0x07ED,0xE7EC,0xE7E4,0xC6E4,0xA6E4,0xA6E4,0xA6E4,0xA6E4,0xA6E4,0xA6E4,0xA7E4,0xE8EC,
0x08ED,0x28ED,0x49ED,0x49ED,0xC7DC,0xE8E4,0x08E5,0x29ED,0x29ED,0x29ED,0x09ED,0xE9E4,0x09ED,0x09ED,0xE9E4,0xE9E4,
0x09ED,0x2AED,0x2AED,0x09ED,0xE9E4,0xA9E4,0xA8E4,0xC9E4,0xE9E4,0xA8E4,0x67DC,0x67DC,0x66DC,0x66DC,0x87E4,0xA7E4,
0xC7E4,0xE8E4,0x09ED,0x29ED,0x4AF5,0x6BF5,0x6BED,0x6BED,0x6BED,0x6BED,0x6BED,0x8BED,0x6BED,0x4AED,0x4AE5,0x2AE5,
0x09E5,0x09E5,0x2AE5,0x4AED,0x6BED,0x6BF5,0xACF5,0xACF5,0xCDF5,0xEDF5,0xEEF5,0xEEF5,0xEEF5,0xEFED,0xEFED,0xEFED,
0xEFE5,0xAEE5,0x6ED5,0x6FCD,0x2FC5,0x0FC5,0xAEBC,0xEC9B,0x4A83,0x676A,0xE651,0xA541,0x6439,0x2329,0xE320,0xE320,
0xE320,0xC220,0xC220,0xA218,0xC220,0xC220,0xE320,0x0429,0x4431,0x6531,0x6531,0x6531,0x6531,0x6531,0x6531,0x6531,
0x6531,0x4531,0x4431,0x4431,0x2429,0x2429,0x2429,0x2429,0x2429,0x2429,0x2429,0x2429,0x2429,0x2429,0x2429,0x2429,
0xAB8B,0xAB8B,0xAB8B,0xAB8B,0xAB8B,0xAB8B,0xAB8B,0xAB8B,0xAB8B,0xAB8B,0xAB8B,0xCC8B,0xCC8B,0xCC8B,0xCC8B,0xCC8B,
0xCC8B,0xCC8B,0xCC8B,0xCC8B,0xCC8B,0xCC8B,0xCC8B,0xCC8B,0xCC8B,0xCC8B,0xCC8B,0xCC8B,0xCC8B,0xCC8B,0xCC8B,0xCC8B,
0xCC8B,0xCC8B,0xEC8B,0xEC8B,0xEC8B,0x0D94,0x0D94,0x0D94,0x2D94,0x2D94,0x2D94,0x2D94,0x2D94,0x2D94,0x0D94,0x0D94,
0x2D94,0x2D94,0x2D94,0x2D94,0x2D94,0x2D94,0x2D94,0x2D94,0x2D94,0x2D94,0x2D94,0x4D9C,0x4E9C,0x4E9C,0x4E9C,0x4D9C,
0x2D94,0x2D94,0x2D94,0x2D94,0x0D94,0x0D9C,0x0D9C,0x0D94,0x2D94,0x2D94,0x2D94,0x0C94,0x0C94,0xEB93,0x2B9C,0x6CAC,
0x8BBC,0x8AC4,0xCBCC,0x0BDD,0x2BE5,0x2AE5,0x2AE5,0x29E5,0x49ED,0x6AF5,0x8AF5,0x6AF5,0x6AED,0x8AF5,0xAAF5,0xABF5,
0x8AF5,0x6AED,0x6AED,0x6AF5,0x6BF5,0x6BF5,0x8AF5,0x6AF5,0x69F5,0x69F5,0x69ED,0x69ED,0x69ED,0x49ED,0x49ED,0x49ED,
0x69ED,0x49ED,0x28ED,0x07ED,0xE7E4,0xC7E4,0xC6E4,0xA6DC,0xA6DC,0xA6DC,0xA6DC,0xA6DC,0xA6DC,0xA6DC,0xA7E4,0xC7E4,
0xE8E4,0x08ED,0x49ED,0x4AED,0x08E5,0x09E5,0x09E5,0x09E5,0xE9E4,0xE9E4,0x09E5,0xE9E4,0xE9E4,0xE9E4,0xC9E4,0xE9E4,
0xE9E4,0x2AED,0x2AED,0xE9E4,0xC8E4,0xA8DC,0x88DC,0x88DC,0xA8DC,0x88DC,0x67DC,0x67DC,0x67DC,0x66DC,0x66DC,0x87DC,
0xA7E4,0xE8E4,0xE8E4,0x09ED,0x2AED,0x4AED,0x6BED,0x6BED,0x6BED,0x6BED,0x6BED,0x8CED,0x8CED,0x6BE5,0x4BE5,0x4BE5,
0x4BE5,0x4BE5,0x4BE5,0x8CED,0xADED,0xCDF5,0x0FFE,0x2FFE,0x2FF6,0x2FF6,0x4FF6,0x4FF6,0x50F6,0x50F6,0x50F6,0x71F6,
0x91F6,0x50F6,0x50EE,0x31EE,0x11EE,0xF1E5,0xB1DD,0x50CD,0xAEB4,0xCC93,0x2B7B,0x8962,0x8539,0x4431,0x2429,0x0329,
0xE320,0xC320,0xC220,0xC220,0xA218,0xC220,0xE320,0x2429,0x4531,0x6531,0x6531,0x6531,0x6531,0x6531,0x6531,0x6531,
0x6531,0x4531,0x4431,0x4431,0x2429,0x2429,0x2429,0x2429,0x2429,0x2429,0x2429,0x2429,0x2429,0x2429,0x2429,0x2429,
0xAB8B,0xAB8B,0xAB8B,0xAB8B,0xAB8B,0xAB8B,0xAB8B,0xAB8B,0xAB8B,0xAB8B,0xAB8B,0xAC8B,0xAC83,0xAC83,0xAC83,0xAC83,
0xAC83,0xAC83,0xAC83,0xAC83,0xAC83,0xAC83,0xAC83,0xCC8B,0xCC8B,0xCC8B,0xCC8B,0xCC8B,0xCC8B,0xCC8B,0xAC83,0xAB83,
0xAB83,0xAB83,0xCB8B,0xCC8B,0xCC8B,0xEC8B,0xEC8B,0xEC8B,0x0D94,0x0D94,0x0D94,0x0D94,0x0D94,0x0D94,0x0D94,0x0D94,
0x2D94,0x2D94,0x2D94,0x2D94,0x2D94,0x2D94,0x2D94,0x2D94,0x2D94,0x4D9C,0x4D9C,0x4D9C,0x4D9C,0x4D9C,0x4D9C,0x4D9C,
0x2D94,0x2D94,0x2D94,0x2D94,0x0D94,0x0D9C,0x0D9C,0x2D94,0x2D94,0x2D94,0x0D94,0x2C9C,0x2C9C,0x2BA4,0x4CAC,0xCDBC,
0x2CCD,0x0BD5,0xEAD4,0x2BDD,0x6BED,0x4AED,0x4AED,0x49ED,0x49ED,0x8AF5,0xAAF5,0x8AF5,0x6AF5,0x8AF5,0xAAF5,0xABF5,
0x8AF5,0x6AF5,0x4AED,0x4AED,0x4AED,0x4AED,0x4AED,0x29ED,0x49ED,0x49ED,0x49ED,0x49ED,0x49ED,0x49ED,0x29ED,0x29ED,
0x49ED,0x49ED,0x28ED,0xE8EC,0xC7E4,0xA6DC,0xA6DC,0x86DC,0x86DC,0x86DC,0x86DC,0x86DC,0x86DC,0x86DC,0xA7E4,0xA7E4,
0xA7E4,0xE8E4,0x29ED,0x4AED,0x6AF5,0x4AED,0xE9E4,0xC8DC,0xA8DC,0xA8DC,0xE9E4,0xE9E4,0xA8DC,0xA8DC,0xC9E4,0xE9E4,
0xE9E4,0x2AED,0x2AED,0xC9E4,0xC9DC,0xA9DC,0x88D4,0x47D4,0x47D4,0x88DC,0xC8E4,0xA8DC,0x67DC,0x46D4,0x46D4,0x87DC,
0xA7E4,0xC8DC,0xC8E4,0x09E5,0x29E5,0x4AED,0x4AED,0x4AED,0x6BED,0x8CED,0xADF5,0xCDF5,0xEDED,0xADED,0xADE5,0xADED,
0xCEED,0xCEED,0xEFF5,0x10F6,0x10F6,0x10F6,0x30F6,0x51FE,0x71FE,0x72FE,0x72FE,0x72FE,0x71F6,0x71F6,0x71F6,0x92F6,
0x71F6,0x30EE,0x50EE,0x30EE,0x10EE,0x10EE,0x31EE,0x12EE,0xD2DD,0xEFBC,0x0D9C,0x4B7B,0x074A,0x6531,0x0429,0xE320,
0xE320,0xC320,0xC320,0xC220,0xA218,0xC320,0x0329,0x2429,0x4431,0x4531,0x6531,0x6531,0x6531,0x6531,0x6531,0x6531,
0x6531,0x4531,0x4431,0x4431,0x2429,0x2429,0x2429,0x2429,0x2429,0x2429,0x2429,0x2429,0x2429,0x2429,0x2429,0x2429,
0xAB83,0xAB83,0xAB83,0xAB83,0xAB83,0xAB83,0xAB8B,0xAB8B,0xAB8B,0xAB8B,0xAB8B,0xAB83,0xAC83,0xAC83,0xAC83,0xAC83,
0xAC83,0xAC83,0xAC83,0xAC83,0xAC83,0xAC83,0xAC83,0xAB83,0xAB83,0xAB83,0xAB83,0xAB83,0xAB83,0xAB83,0xAB83,0xAB83,
0xAB83,0xAB83,0xAB83,0xAB83,0xAB83,0xCB8B,0xCB8B,0xCC8B,0xEC8B,0xEC8B,0xEC8B,0xEC8B,0xEC8B,0xEC8B,0xEC8B,0xEC8B,
0x0C94,0x0C94,0x0D94,0x0D94,0x0D94,0x0D94,0x0D94,0x0D94,0x2D94,0x2D94,0x2D94,0x2D94,0x2D94,0x2D94,0x2D94,0x2D94,
0x2D94,0x2D94,0x2D94,0x2D94,0x0D94,0x0D9C,0xED93,0x0D94,0x2D9C,0x0D9C,0x2C9C,0x2CA4,0x0BA4,0x2BA4,0x6BB4,0xCCC4,
0x2CD5,0x2BDD,0x2ADD,0x4AE5,0x6AED,0x6AED,0x6AF5,0x69ED,0x49ED,0x49ED,0x6AED,0x6AF5,0x69F5,0x6AF5,0x8AF5,0x8AF5,
0x4AF5,0x29ED,0x29ED,0x09E5,0x09E5,0x09E5,0x29ED,0x29ED,0x08E5,0x08E5,0x29E5,0x29ED,0x49ED,0x49ED,0x29ED,0x29ED,
0x29ED,0x29E5,0x08ED,0xE8E4,0xA7E4,0x86DC,0x86DC,0x86DC,0xA7DC,0xA7DC,0x87DC,0x87DC,0x87DC,0x87DC,0xA7E4,0xA7E4,
0xA7E4,0xC8E4,0x09ED,0x6AF5,0x8BF5,0x4AED,0xA8DC,0x68D4,0x88DC,0x88DC,0xA8DC,0xA8DC,0x88D4,0x88D4,0xC9DC,0xEAE4,
0x0AE5,0x2BED,0x2AED,0xC9E4,0xC9E4,0x0AE5,0xEAE4,0x68D4,0x67D4,0xA9DC,0xE9E4,0xC8E4,0x87DC,0x67D4,0x46D4,0x67D4,
0x87DC,0xC8DC,0xC8DC,0xE9E4,0x29E5,0x2AE5,0x4AE5,0x4BE5,0x6BE5,0xACED,0xCDF5,0xCDF5,0xEEED,0xEEED,0x0FF6,0x50F6,
0x71FE,0x92FE,0x92FE,0x93FE,0x73FE,0x72F6,0x93FE,0xB4FE,0xB5FE,0xD5FE,0xD6FE,0xF5FE,0xD5FE,0xD5FE,0xD5FE,0xB4FE,
0x73EE,0x32E6,0x11E6,0xAEE5,0xAEE5,0xCFE5,0xD0E5,0x11EE,0x33EE,0xF3DD,0x52C5,0x0E94,0xA962,0x8539,0xE320,0xE320,
0xC320,0xC320,0xC320,0xC320,0xC220,0xC320,0x0329,0x2429,0x4531,0x6531,0x6531,0x6531,0x6531,0x6531,0x6531,0x6531,
0x6531,0x6531,0x4531,0x4431,0x4431,0x2429,0x2429,0x2429,0x2429,0x2429,0x4431,0x4431,0x4431,0x4431,0x4431,0x2429,
0xAB83,0xAB83,0xAB83,0xAB83,0xAB83,0xAB83,0xAB8B,0xAB8B,0xAB8B,0xAB8B,0xAB8B,0xAB83,0xAC83,0xAC83,0xAC83,0xAC83,
0xAC83,0xAC83,0xAC83,0xAC83,0xAC83,0xAC83,0xAC83,0xAB83,0xAB83,0xAB83,0xAB83,0xAB83,0xAB83,0xAB83,0xAB83,0xAB83,
0xAB83,0xAB83,0xAB83,0xAB83,0xAB83,0xCB8B,0xCB8B,0xCC8B,0xCC8B,0xCC8B,0xCC8B,0xCC8B,0xCC8B,0xCC8B,0xCB8B,0xCC8B,
0xCC8B,0xCC8B,0xCC8B,0xEC8B,0x0C94,0x0D94,0x0D94,0x0D94,0x0D94,0x0D94,0x0D94,0x0D94,0x0D94,0x0D94,0x0D94,0x2D94,
0x2D94,0x2D94,0x0D94,0x0D94,0x0D94,0xEC93,0xED93,0x0D9C,0x2D9C,0x0C9C,0x2CA4,0x2BAC,0x2AAC,0x09AC,0x6ABC,0xEBD4,
0x4BDD,0x4ADD,0x2ADD,0x4AE5,0x4AED,0x6AED,0x4AED,0x49ED,0x49ED,0x49ED,0x49ED,0x49ED,0x29ED,0x49ED,0x6AF5,0x6AF5,
0x49ED,0x29ED,0x09E5,0xE9E4,0xE8E4,0xE9E4,0x09E5,0xE8E4,0xE8E4,0x08E5,0x09E5,0x29ED,0x4AED,0x6AF5,0x49ED,0x29E5,
0x29E5,0x09E5,0xE8E4,0xC8E4,0xA7E4,0x87DC,0x87DC,0x87DC,0xA7E4,0xA7E4,0x87DC,0x86DC,0x66DC,0x87DC,0x87DC,0xA7E4,
0xA7DC,0xA8E4,0x09E5,0x4AED,0x6BED,0x0AE5,0x88D4,0x68D4,0x68DC,0x68D4,0x68D4,0x68D4,0x68D4,0xA8D4,0xC9DC,0x0AE5,
0x0AE5,0x0AE5,0x0AE5,0xEAE4,0xEAE4,0x0BE5,0xCADC,0x68D4,0x88D4,0xEAE4,0x0AE5,0xE9E4,0xA8DC,0x67D4,0x67D4,0x46D4,
0x87D4,0xA8DC,0xC8DC,0x09E5,0x2AED,0x2AE5,0x2AE5,0x2AE5,0x4BE5,0x8CED,0xADED,0xADED,0x0FF6,0x50F6,0x71FE,0xB2FE,
0xB2FE,0xB3FE,0xB4FE,0xD4FE,0xD5FE,0xF5FE,0x16FF,0x17FF,0x18FF,0x18FF,0xF8FE,0xF7FE,0xF7FE,0xD7FE,0xB6F6,0x96F6,
0x95F6,0x75EE,0x54EE,0xD1E5,0xB0E5,0xB0E5,0x8FDD,0xD1DD,0x12E6,0x54E6,0x34DE,0xB0AC,0x885A,0x4431,0xE320,0xE320,
0xC320,0xC320,0xC320,0xC320,0xC220,0xC320,0x0329,0x2429,0x4531,0x6531,0x6531,0x6531,0x6531,0x6531,0x6531,0x6531,
0x6531,0x6531,0x4531,0x4431,0x4431,0x2429,0x2429,0x2429,0x2429,0x4431,0x4431,0x4531,0x4531,0x4531,0x4431,0x4431,
0xAB83,0xAB83,0xAB83,0xAB83,0xAB83,0xAB83,0xAB83,0xAB83,0xAB83,0xAB83,0xAB83,0xAB83,0xAB83,0xAB83,0xAB83,0xAB83,
0xAB83,0xAB83,0xAB83,0xAB83,0xAB83,0xAB83,0xAB83,0xAB83,0xAB83,0xAB83,0xAB83,0xAB83,0xAB83,0xAB83,0xAB83,0xAB83,
0xAB83,0xAB83,0xAB83,0xAB83,0xAB83,0xCB8B,0xCB8B,0xCC8B,0xCC8B,0xCC8B,0xCC8B,0xCC8B,0xCC8B,0xCC8B,0xAB83,0xCB8B,
0xCB8B,0xCC8B,0xCC8B,0xCC8B,0xEC8B,0xEC8B,0xEC8B,0xEC8B,0xEC8B,0x0C94,0x0D94,0x0D94,0x0D94,0x0D94,0x0D94,0x0D94,
0x0D94,0x0D94,0x0C94,0x0C94,0xEC93,0xCC93,0xEC9B,0x0C9C,0x0CA4,0x0CA4,0x2BAC,0x4BB4,0x6BBC,0x6AC4,0xAACC,0x2CDD,
0x6BE5,0x6BE5,0x4AE5,0x4AED,0x6AED,0x8AF5,0x6AF5,0x6AF5,0x6AF5,0x6AED,0x4AED,0x29ED,0x29ED,0x29ED,0x6AF5,0x4AF5,
0x29ED,0xE8E4,0xE8E4,0xC8E4,0xC8E4,0xC8E4,0xC8DC,0xC8DC,0x09E5,0x29ED,0x2AED,0x4AED,0x6AF5,0x6AF5,0x29ED,0x09E5,
0x29E5,0x09E5,0xC8E4,0xA7E4,0xA8E4,0xA7E4,0xA7E4,0x87DC,0xA7E4,0xA7E4,0x87DC,0x87DC,0x87DC,0x87DC,0x66DC,0x86DC,
0x87DC,0xA7DC,0xC8E4,0x0AE5,0x2AED,0xC9DC,0x68D4,0x48D4,0x69DC,0x48D4,0x27CC,0x48CC,0x48CC,0x89D4,0xEAE4,0xEAE4,
0x89D4,0x88D4,0xCADC,0xEAE4,0x0BE5,0xCADC,0xA9D4,0x68D4,0xC9DC,0x0BE5,0x0AE5,0xE9E4,0xC9DC,0xA8DC,0x88D4,0x87D4,
0x87D4,0xA8DC,0xE8DC,0x09E5,0x4AED,0x4AE5,0x2AE5,0x4BE5,0x6BE5,0x8CED,0xADED,0xCDED,0x2FEE,0x50F6,0x91FE,0xB2FE,
0xB3FE,0xB3FE,0xB4FE,0xB5FE,0xD6FE,0xF6FE,0xF7FE,0xF7FE,0xF8FE,0xF8F6,0xD7F6,0xB7F6,0x96EE,0x76E6,0x35E6,0x35E6,
0x35E6,0x35E6,0x14E6,0xD2E5,0xD2E5,0xD1DD,0x90D5,0x70D5,0xD1DD,0x54E6,0x14DE,0x6EA4,0x2652,0x4331,0x0329,0xE320,
0xC320,0xC320,0xC320,0xC320,0xC220,0xC320,0x0329,0x2429,0x4531,0x6531,0x6531,0x6531,0x6531,0x6531,0x6531,0x6531,
0x6531,0x6531,0x4531,0x4431,0x4431,0x2429,0x2429,0x2429,0x4431,0x4431,0x4531,0x6531,0x6531,0x4531,0x4531,0x4531,
0xAB83,0xAB83,0xAB83,0xAB83,0xAB83,0xAB83,0xAB83,0xAB83,0xAB83,0xAB83,0xAB83,0xAB83,0xAB83,0xAB83,0xAB83,0xAB83,
0xAB83,0xAB83,0xAB83,0xAB83,0xAB83,0xAB83,0xAB83,0xAB83,0xAB83,0xAB83,0xAB83,0xAB83,0xAB83,0x8B83,0x8B83,0x8B83,
0x8B83,0x8B83,0xAB83,0xAB83,0xAB83,0xCB8B,0xCB8B,0xCC8B,0xCB8B,0xCB8B,0xCB8B,0xCB8B,0xCB8B,0xCB8B,0xCC8B,0xCC8B,
0xCC8B,0xCC8B,0xCC8B,0xCC8B,0xCC8B,0xCC8B,0xEC8B,0xEC8B,0xEC8B,0xEC8B,0xEC8B,0xEC8B,0xEC8B,0xEC8B,0xEC8B,0xEC8B,
0xEC8B,0xEC8B,0xEC8B,0xEC8B,0xEC93,0xCB9B,0xEC9B,0xEB9B,0xEB9B,0x2BAC,0x6CB4,0xACC4,0xECD4,0x2CE5,0x4CE5,0x4CED,
0x6CED,0x8BED,0x8BED,0x8BF5,0xABF5,0xCCFD,0xCBFD,0xCBFD,0xABFD,0x8BF5,0x6BF5,0x6AED,0x49F5,0x29ED,0x49ED,0x29ED,
0x29ED,0xE8E4,0xC8E4,0xC8E4,0xA8DC,0xA7DC,0x87DC,0x87D4,0x09E5,0x6BF5,0x6BF5,0x6BF5,0x6BF5,0x4AED,0x09E5,0x09E5,
0x29ED,0xE8E4,0xA7DC,0xA8E4,0xC8E4,0xC8E4,0xA8E4,0x87DC,0x87DC,0xA8E4,0xA8E4,0xA8E4,0x87DC,0x67DC,0x66DC,0x66DC,
0x87DC,0x87DC,0xA8DC,0xE9E4,0xE9DC,0x88D4,0x07CC,0x28CC,0x48D4,0x28CC,0x27CC,0x27CC,0x27CC,0x88D4,0xEAE4,0xCADC,
0x47CC,0x27C4,0x89D4,0xC9DC,0xA9DC,0xA9D4,0xEADC,0xCADC,0xEADC,0x2BED,0x2BED,0x0AE5,0xE9E4,0xC9DC,0xC8DC,0xA8DC,
0xA8DC,0xC8DC,0xE9E4,0x2AE5,0x4AED,0x2AE5,0x4BE5,0x8CED,0xACED,0xADED,0xCDF5,0xEEF5,0x2FEE,0x30EE,0x50F6,0x71F6,
0x92F6,0x93F6,0x94F6,0x95F6,0xD6F6,0xD6FE,0xD6F6,0xD6F6,0xD7F6,0xD6EE,0xB6EE,0x76E6,0x75E6,0x34DE,0x35DE,0x15DE,
0xF4DD,0xD4D5,0xB3D5,0x72D5,0x72CD,0x51CD,0x0FC5,0xEEBC,0x50C5,0x13DE,0x14DE,0x8EA4,0x0973,0xE549,0x0329,0xC320,
0xC320,0xC320,0xC320,0xC320,0xC220,0xC320,0x0329,0x2429,0x4531,0x6531,0x6531,0x6531,0x6531,0x6531,0x6531,0x6531,
0x6531,0x6531,0x4531,0x4431,0x4431,0x2429,0x2429,0x4431,0x4431,0x4531,0x4531,0x6531,0x6531,0x6531,0x6531,0x6531,
0xAB83,0xAB83,0xAB83,0xAB83,0xAB83,0xAB83,0xAB83,0xAB83,0xAB83,0xAB83,0xAB83,0xAB83,0xAB83,0xAB83,0xAB83,0xAB83,
0xAB83,0xAB83,0xAB83,0xAB83,0xAB83,0xAB83,0xAB83,0xAB83,0xAB83,0xAB83,0xAB83,0xAB83,0xAB83,0x8B83,0x8B83,0x8B83,
0x8B83,0x8B83,0xAB83,0xAB83,0xAB83,0xAB83,0xAC83,0xCC8B,0xCC8B,0xCC8B,0xCC8B,0xCC8B,0xCC8B,0xCC8B,0xCC8B,0xCC8B,
0xCC8B,0xCC8B,0xCC8B,0xCC8B,0xCC8B,0xCC8B,0xEC8B,0xEC8B,0xEC8B,0xEC8B,0xED8B,0xED8B,0xED8B,0xED8B,0xED8B,0xED8B,
0xED8B,0xED8B,0xEC93,0xEC93,0xEC93,0xCB93,0xEB9B,0xCA9B,0xEAA3,0x6BB4,0xABC4,0x0CD5,0x6DE5,0xCEED,0xCEF5,0xADED,
0xCEED,0xEEF5,0xEEF5,0xEEF5,0x0EFE,0x2EFE,0x2EFE,0x2EFE,0x0DFE,0xEDFD,0xCCF5,0xCCF5,0xACF5,0x6BED,0x2AED,0x2AE5,
0x0AE5,0xE9E4,0xC9DC,0xA8DC,0xA8DC,0xA8DC,0xA8DC,0xC9D4,0x2AE5,0x6BED,0x6BED,0x6BF5,0x6BF5,0x4AED,0x29ED,0x09E5,
0x09E5,0xE8E4,0xC8E4,0xA8E4,0xC8E4,0xC8E4,0xC8E4,0xA8DC,0xA8DC,0xA8E4,0xA8E4,0x88DC,0x67D4,0x47D4,0x67D4,0x67D4,
0x67D4,0x67D4,0x88D4,0xA9DC,0x88D4,0x47CC,0x27C4,0x28CC,0x28CC,0x27C4,0x27C4,0x27CC,0x48CC,0x89D4,0xCADC,0xA9D4,
0x27C4,0x07C4,0x68CC,0x89D4,0xA9D4,0xCADC,0xEADC,0x0BE5,0x2BE5,0x4CED,0x4BED,0x0AE5,0xE9DC,0xC8DC,0x88D4,0x67CC,
0x88D4,0xC8D4,0x09DD,0x2AE5,0x4BE5,0x2BE5,0x6CED,0x8CED,0x8DED,0x8DED,0xADF5,0xCEF5,0xEEED,0x0FEE,0x30EE,0x50F6,
0x71F6,0x72F6,0x93F6,0x94F6,0xD5F6,0xD6FE,0xD6F6,0xB6EE,0x96EE,0x75EE,0x75E6,0x35DE,0x14DE,0x35DE,0x55E6,0x14DE,
0xB3D5,0x92CD,0x72D5,0x52CD,0x10C5,0xEFC4,0x8EBC,0x6DB4,0xAEBC,0x92D5,0x14D6,0xAFAC,0x4A7B,0xC549,0x0229,0xC220,
0xC220,0xE320,0xC320,0xC320,0xE320,0xE320,0x2429,0x4429,0x6531,0x6531,0x6531,0x6531,0x6531,0x6531,0x6531,0x6531,
0x6531,0x6531,0x4531,0x4531,0x2429,0x2429,0x2429,0x2429,0x4431,0x4431,0x4531,0x6531,0x6531,0x6531,0x6531,0x4531,
0xAB83,0xAB83,0xAB83,0xAB83,0xAB83,0xAB83,0xAB83,0xAB83,0xAB83,0xAB83,0xAB83,0x8B83,0x8B83,0x8B83,0x8B83,0x8B83,
0x8B83,0xAB83,0xAB83,0xAB83,0xAB83,0xAB83,0xAB83,0xAB83,0xAB83,0xAB83,0xAB83,0xAB83,0xAB83,0xAB83,0xAB83,0xAB83,
0xAB83,0xAB83,0xAB83,0xAB83,0xAB83,0xAB83,0xAC83,0xCC83,0xCC8B,0xCC8B,0xCC8B,0xCC8B,0xCC8B,0xCC8B,0xCC8B,0xCC8B,
0xCC8B,0xCC8B,0xCC8B,0xCC8B,0xCC8B,0xCC8B,0xEC8B,0xEC8B,0xEC8B,0xEC8B,0xED8B,0xED8B,0xED8B,0xED8B,0xED8B,0xED8B,
0xCD8B,0xCD93,0xCC93,0xEC93,0xEC9B,0xEB9B,0x2BA4,0x4BAC,0x6BBC,0xCCCC,0x4DDD,0xAEED,0xEFF5,0x2FFE,0x50FE,0x50FE,
0x50FE,0x50FE,0x50FE,0x50FE,0x70FE,0x70FE,0x70FE,0x70FE,0x6FFE,0x4FFE,0x4FFE,0x4FFE,0x2FFE,0xEFFD,0xAEF5,0x8DED,
0x4CE5,0x4CE5,0x4CE5,0x2BE5,0x0BE5,0x0BE5,0x4CE5,0x6CE5,0x8DED,0x8CED,0x6BED,0x6BED,0x8BF5,0x4AED,0x4AED,0x49ED,
0x29ED,0x4AED,0x29ED,0x09E5,0xE8E4,0xE9E4,0xE9E4,0xE9E4,0xC9E4,0xC9E4,0xA8DC,0x67D4,0x47CC,0x47CC,0x68D4,0x47CC,
0x27CC,0x27CC,0x47CC,0x48CC,0x47CC,0x27C4,0x27C4,0x48CC,0x48CC,0x07C4,0x07C4,0x07C4,0x28CC,0x48CC,0x69CC,0x48CC,
0xE7BB,0x07C4,0x69CC,0x89D4,0xAAD4,0xAADC,0xAADC,0xCADC,0x0BE5,0x0AE5,0xEADC,0xE9DC,0xE9DC,0xC9D4,0x88D4,0x87CC,
0xA8CC,0xC9D4,0x0ADD,0x4BE5,0x4BE5,0x4BE5,0x6CED,0x8CED,0x8DED,0x8DED,0x8DED,0x8DED,0xADE5,0xCEE5,0x0FEE,0x2FEE,
0x50EE,0x51EE,0x72F6,0x93F6,0xB4F6,0xB5F6,0x95F6,0x75EE,0x34E6,0x14DE,0x14DE,0x34DE,0x14DE,0x14DE,0xF3DD,0xB3D5,
0x52CD,0x31CD,0x11CD,0xF0CC,0xCFC4,0xAFBC,0x8EB4,0x6DB4,0x8EB4,0x51CD,0xB3CD,0x4E9C,0xE86A,0x064A,0xA539,0x2329,
0xE220,0xE320,0xE320,0xE320,0xE420,0x0429,0x2429,0x4429,0x6531,0x8531,0x6531,0x6531,0x6531,0x6531,0x6531,0x6639,
0x6639,0x6531,0x4531,0x4531,0x2429,0x2429,0x2429,0x2429,0x2429,0x4431,0x4531,0x6531,0x6531,0x6531,0x6531,0x4531,
0xAB83,0xAB83,0xAB83,0xAB83,0xAB83,0xAB83,0xAB83,0xAB83,0xAB83,0xAB83,0xAB83,0x8B83,0x8B83,0x8B83,0x8B83,0x8B83,
0x8B83,0x8B83,0x8B83,0xAB83,0xAB83,0xAB83,0xAB83,0xAB83,0xAB83,0xAB83,0xAB83,0xAB83,0xAB83,0xAB83,0xAB83,0xAB83,
0xAB83,0xAB83,0xAC83,0xAC83,0xAC83,0xAC8B,0xAC8B,0xCC8B,0xAC8B,0xAC8B,0xAC8B,0xAC8B,0xAC8B,0xAC8B,0xCC8B,0xCC8B,
0xCC8B,0xCC8B,0xCC8B,0xCC8B,0xCC8B,0xCC8B,0xCC8B,0xCC8B,0xCC8B,0xCC8B,0xCD8B,0xED8B,0xED8B,0xED8B,0xED8B,0xED8B,
0xCC8B,0xCC93,0xCC93,0xEC93,0xEB9B,0x2BA4,0x8CB4,0xEDC4,0x2ED5,0x8EDD,0x10F6,0x71FE,0x70FE,0x70FE,0x91FE,0x91FE,
0x71FE,0x50FE,0x50FE,0x30F6,0x30F6,0x50F6,0x30F6,0x30F6,0x30F6,0x50F6,0x50F6,0x50FE,0x31F6,0x31F6,0x30F6,0x30F6,
0xEFED,0x8EED,0xAEED,0xCEED,0xCEED,0xAEED,0xCEF5,0xCFED,0xCEED,0xADED,0xADED,0x8CED,0x8CF5,0x6BED,0x6AED,0x4AED,
0x6AED,0x6AED,0x6BED,0x4AED,0x2AE5,0xE9E4,0x09E5,0x0AE5,0x0AE5,0xEAE4,0xC9DC,0x68D4,0x47CC,0x88D4,0xA9DC,0x68D4,
0x27CC,0x07C4,0x07C4,0x07C4,0x48CC,0x28C4,0x28C4,0x48CC,0x48C4,0x07BC,0xC6BB,0xE7BB,0x07C4,0xE7BB,0xC6BB,0xC6BB,
0xC6BB,0x28C4,0x89D4,0x89D4,0x89D4,0x89D4,0x89D4,0x89D4,0xA9D4,0x89D4,0x88CC,0xA9D4,0xC9DC,0xE9DC,0xA9D4,0x88D4,
0xC9D4,0xEADC,0x2ADD,0x2BE5,0x4BE5,0x4BE5,0x6CE5,0x6CED,0x8DED,0x8DED,0x6CED,0x6CE5,0x8DE5,0xADE5,0xCEE5,0xEFED,
0x30EE,0x30EE,0x51EE,0x72EE,0x73EE,0x74EE,0x54EE,0x34E6,0xF3DD,0xF3DD,0xF3DD,0x34DE,0x55E6,0xB2D5,0x51C5,0x11C5,
0x10C5,0xF0C4,0xD0C4,0xAFBC,0x6EBC,0x6EBC,0x6DB4,0x4DB4,0x8EB4,0x10C5,0x51C5,0x4EA4,0x6A7B,0x875A,0xA541,0x0329,
0xE220,0xE328,0xE328,0xE428,0x0429,0x0429,0x2429,0x4529,0x6531,0x8531,0x6531,0x6531,0x6531,0x6531,0x6531,0x6639,
0x6639,0x6531,0x4531,0x4531,0x2429,0x2429,0x2429,0x2429,0x2429,0x4531,0x6531,0x6531,0x6531,0x6531,0x6531,0x4531,
0xAB83,0xAB83,0xAB83,0xAB83,0xAB83,0xAB83,0xAB83,0xAB83,0xAB83,0xAB83,0xAB83,0x8B83,0x8B83,0x8B83,0x8B83,0x8B83,
0x8B83,0x8B83,0x8B83,0x8B83,0xAB83,0xAB83,0xAB83,0xAB83,0xAB83,0xAB83,0xAB83,0xAB83,0xAB83,0xAB83,0xAB83,0xAB83,
0xAB83,0xAB83,0xAC83,0xAC83,0xAC8B,0xAC8B,0xCC8B,0xCC8B,0xAC8B,0xAC8B,0xAC8B,0xAC8B,0xAC8B,0xAC8B,0xCC8B,0xCC8B,
0xCC8B,0xAC8B,0xAC8B,0xAC8B,0xCC8B,0xCC8B,0xCC8B,0xCC8B,0xCC8B,0xCC8B,0xCC8B,0xCD8B,0xED8B,0xED8B,0xED8B,0xEC8B,
0xCC93,0xEC93,0xEB9B,0xEB9B,0x0BA4,0x4BB4,0xCDC4,0x4FD5,0xB0E5,0x31F6,0x92FE,0xB2FE,0x91FE,0x70FE,0x50F6,0x4FF6,
0x0FEE,0xEFED,0xEFED,0x10EE,0x10F6,0x31F6,0x51F6,0x72F6,0x92F6,0xB3F6,0x93F6,0xB3F6,0xB3FE,0x93FE,0x93FE,0x93F6,
0x52F6,0x11EE,0xF0ED,0x31EE,0x31F6,0x31F6,0x31F6,0x10EE,0xEFED,0xEFED,0xEEF5,0xADED,0x6CED,0x6BED,0x6BED,0x6BE5,
0x6BE5,0x6BE5,0x6BED,0x6BED,0x4BED,0x2AE5,0x0AE5,0x4BE5,0x4BED,0x4CED,0x2BE5,0xA9D4,0x68CC,0x89D4,0xEAE4,0xA9DC,
0x48CC,0x07C4,0x07C4,0x08C4,0x07C4,0xE7BB,0xE7BB,0xE7BB,0x08C4,0x08C4,0x07BC,0xE7BB,0x07BC,0xE7BB,0x85AB,0xA6B3,
0xE7BB,0x28C4,0x69CC,0x48C4,0x48C4,0x48CC,0x48C4,0x48CC,0x68CC,0x48CC,0x48CC,0x89CC,0xA9D4,0xCAD4,0xA9D4,0xA9D4,
0xC9D4,0xEAD4,0x0ADD,0x2BDD,0x2BDD,0x2BDD,0x4CE5,0x6CE5,0x6CE5,0x6CE5,0x4CE5,0x4CE5,0x6DDD,0x8DDD,0x8DE5,0xAEE5,
0xEFE5,0x10EE,0x30EE,0x51EE,0x52EE,0x53EE,0x53EE,0x33E6,0x34E6,0x34E6,0x34E6,0x34E6,0x14DE,0xB2CD,0x72CD,0x31CD,
0xF0C4,0x8FBC,0x6EB4,0x4EB4,0x2DB4,0x4DB4,0x2DB4,0x4DB4,0x8EB4,0x10C5,0x31C5,0x8EAC,0xCB8B,0xA762,0xE649,0xA539,
0x6431,0x0429,0xE320,0xE320,0x2429,0x2429,0x2429,0x4529,0x6531,0x6531,0x6531,0x6531,0x6531,0x6531,0x6531,0x6639,
0x6639,0x6531,0x4531,0x4531,0x2429,0x2429,0x2429,0x2429,0x2429,0x4531,0x6531,0x6531,0x6531,0x6531,0x6531,0x4531,
0xAB83,0xAB83,0xAB83,0xAB83,0xAB83,0xAB83,0xAB83,0xAB83,0xAB83,0xAB83,0xAB83,0x8B83,0x8B83,0x8B83,0x8B83,0x8B83,
0x8B83,0x8B83,0x8B83,0xAB83,0xAB83,0xAB83,0xAC83,0xAB83,0xAB83,0xAB83,0xAB83,0xAB83,0xAB83,0xAC83,0xAC83,0xAC83,
0xAC83,0xAC83,0xAC83,0xAC83,0xAC83,0xAC8B,0xAC8B,0xCC8B,0xAC8B,0xAC8B,0xAC8B,0xAC8B,0xAC8B,0xAC8B,0xAC83,0xAC83,
0xAC8B,0xAC8B,0xAC8B,0xAC8B,0xCC8B,0xCC8B,0xCC8B,0xCC8B,0xCC8B,0xCC8B,0xCC8B,0xCD8B,0xCD8B,0xCC8B,0xEC8B,0xEC93,
0xEC93,0xEB9B,0x0BA4,0x0BA4,0x2BAC,0x6BBC,0x0ECD,0xD0E5,0x32F6,0x93FE,0xD3FE,0xB2FE,0x71FE,0x30EE,0xEFE5,0xAEDD,
0x6DDD,0x8FE5,0xF0ED,0x11F6,0x52F6,0x52F6,0xB4FE,0xD5FE,0x16FF,0x36FF,0x36FF,0x16FF,0x17FF,0x16FF,0xF6FE,0xD5FE,
0xD5F6,0xB4F6,0x94F6,0x73F6,0x73F6,0x73F6,0x72F6,0x72F6,0x30F6,0x10EE,0xEEED,0xADED,0x6CE5,0x4BE5,0x4BE5,0x6BE5,
0x8CED,0xACED,0xACED,0x8CED,0x8CED,0x6CED,0x6CED,0x6CED,0x6CED,0x8DED,0x8DED,0x2CE5,0xEBDC,0xEBDC,0xEBE4,0xAADC,
0x48CC,0x08C4,0x08C4,0x28C4,0x08C4,0xE8BB,0xC7BB,0xC7BB,0x08C4,0x49C4,0x08BC,0x08BC,0x08BC,0xC7B3,0x65AB,0xA6B3,
0xE7BB,0x28C4,0x49C4,0x28C4,0x28C4,0x08BC,0x28C4,0x48C4,0x69CC,0x69CC,0x48C4,0x49C4,0x69CC,0x89CC,0x89CC,0x89CC,
0xA9CC,0xCAD4,0xCAD4,0xCAD4,0xCAD4,0xEAD4,0x0ADD,0x0BDD,0x0BDD,0x2BDD,0x2BDD,0x4CE5,0x6DE5,0x6DE5,0x6DE5,0x8DE5,
0xAEE5,0xCFE5,0xF0E5,0x11EE,0x32EE,0x52EE,0x53EE,0x33E6,0x34E6,0x54E6,0x54E6,0x34E6,0xF3DD,0x14DE,0xD3DD,0x51CD,
0x8FBC,0x2DAC,0x0DAC,0x0DAC,0xECA3,0x0CAC,0x0CAC,0x2CAC,0x6DB4,0x10C5,0x31C5,0x6EA4,0xCB8B,0x297B,0x685A,0xC641,
0x6431,0xE328,0xC320,0x0429,0x2429,0x2429,0x4429,0x4529,0x6531,0x6531,0x6531,0x6531,0x6531,0x6531,0x6531,0x6639,
0x6639,0x6531,0x4531,0x4531,0x2429,0x2429,0x2429,0x2429,0x2429,0x4531,0x6531,0x6531,0x6531,0x6531,0x6531,0x4531,
0xAB83,0xAB83,0xAB83,0xAB83,0xAB83,0xAB83,0xAB83,0xAB83,0xAB83,0xAB83,0xAB83,0x8B83,0x8B83,0x8B83,0x8B83,0x8B83,
0x8B83,0xAB83,0xAB83,0xAB83,0xAB83,0xAB83,0xAB83,0xAC83,0xAC83,0xAC83,0xAC83,0xAC83,0xAC83,0xAC83,0xAC83,0xAC83,
0xAC83,0xAC83,0xAC83,0xAC83,0xAC83,0xAC83,0xAC83,0xAC8B,0xAC8B,0xAC8B,0xAC8B,0xAC8B,0xAC8B,0xAC8B,0xAC83,0xAC83,
0xAC83,0xCC8B,0xCC8B,0xCC8B,0xCC8B,0xCC8B,0xCC8B,0xCC8B,0xCD8B,0xCD8B,0xCC8B,0xCC8B,0xCC8B,0xCC8B,0xCC8B,0xEB93,
0xEB93,0x0BA4,0x4BAC,0x8CB4,0xACBC,0x0DCD,0xB0E5,0x73FE,0xB4FE,0xD4FE,0xD4FE,0x72FE,0xF0E5,0x8EDD,0x2DD5,0x0CCD,
0x0DD5,0x6FDD,0xB0E5,0xF1ED,0x32EE,0x33EE,0x33E6,0x33E6,0x54EE,0xB5EE,0xD6F6,0xD6F6,0xF7F6,0xF6F6,0xD6F6,0xD6F6,
0xD6F6,0xF5F6,0xD5F6,0xD4F6,0xB4F6,0x93EE,0x73EE,0x72F6,0x31F6,0x10EE,0xEFED,0xADED,0x6CE5,0x2BDD,0x4BDD,0x4BE5,
0x6CE5,0x8CE5,0x8CED,0x8CED,0x6CED,0x8DED,0xADED,0x8DED,0x8CED,0x6CED,0x8DED,0x8DED,0x4CE5,0x0BDD,0xEBDC,0x89D4,
0x28CC,0x08C4,0x28C4,0x28C4,0x08C4,0xE8BB,0xC7B3,0xC7B3,0x28C4,0x49C4,0x28BC,0x49C4,0x69C4,0xC7B3,0xA6AB,0xA6AB,
0xC7B3,0xC7B3,0xE7B3,0xE7BB,0xE7B3,0xC7B3,0xE7B3,0x28BC,0x48C4,0x48C4,0x08BC,0x08BC,0x08BC,0x08BC,0x28BC,0x49C4,
0x69C4,0x69C4,0x89C4,0x89CC,0x89CC,0xAACC,0xCACC,0xCAD4,0x0BD5,0x2BDD,0x2CDD,0x4CE5,0x6DE5,0x6DE5,0x6DE5,0x6DDD,
0x6DDD,0x8DDD,0xAEE5,0xCFE5,0xD0E5,0xF1E5,0x12E6,0x12E6,0x13E6,0x33E6,0x33E6,0x34E6,0x34E6,0x14E6,0xB3D5,0xF0C4,
0x2DAC,0xEDAB,0xCCA3,0xECA3,0xCCA3,0xECA3,0xCBA3,0x0CAC,0xAEBC,0x30CD,0x51C5,0xCFB4,0x4DA4,0xCB8B,0x0A6B,0xA541,
0x2329,0xE328,0xE320,0x0429,0x0429,0x2429,0x2429,0x4429,0x6531,0x6531,0x6531,0x6531,0x6639,0x6639,0x6639,0x6531,
0x6531,0x6531,0x4531,0x2531,0x2429,0x0429,0x0429,0x2429,0x2429,0x4431,0x4531,0x6531,0x6531,0x6531,0x6531,0x4531,
0x8B83,0x8B83,0x8B83,0x8B83,0x8B83,0x8B83,0x8B83,0x8B83,0x8B83,0x8B83,0x8B83,0x8B83,0x8B83,0x8B83,0x8B83,0x8B83,
0x8B83,0x8B83,0x8B83,0xAB83,0xAB83,0xAB83,0xAB83,0xAB83,0xAB83,0xAB83,0xAB83,0xAB83,0xAB83,0xCC8B,0xCC8B,0xCC8B,
0xCC8B,0xCC8B,0xAC83,0xAC83,0xAC83,0xAC8B,0xAC8B,0xCC8B,0xCC8B,0xCC8B,0xCC8B,0xCC8B,0xCC8B,0xCC8B,0xAC8B,0xCC8B,
0xCC8B,0xCC8B,0xCC8B,0xCC8B,0xCC8B,0xCC8B,0xCC8B,0xCD8B,0xCD8B,0xCD8B,0xCD8B,0xCC8B,0xCC8B,0xCC8B,0xCB8B,0xCB93,
0xEA9B,0x0AA4,0x6BB4,0xEDC4,0x4ED5,0xAFDD,0x52F6,0xD4FE,0xF5FE,0xD5FE,0x94FE,0xF1E5,0x4FDD,0x4EDD,0xECD4,0xEDD4,
0x2EDD,0x4FDD,0x2FD5,0x0FCD,0x70D5,0x91D5,0x91D5,0xB2DD,0x14E6,0x55E6,0x75E6,0x75E6,0x75E6,0x96EE,0xD6F6,0xF6F6,
0xF6F6,0xF6F6,0xF5F6,0xD5F6,0xB4F6,0x93EE,0x93EE,0x51EE,0x10EE,0x10EE,0xEFED,0xADED,0x8CE5,0x8CED,0x6CE5,0x6CE5,
0x4BE5,0x4BDD,0x4BDD,0x4BE5,0x6CE5,0x6CED,0x8CED,0x6CED,0x8DED,0x8DED,0x8DED,0x6DED,0x4CE5,0x0BDD,0x89D4,0x48CC,
0x07C4,0x07C4,0x28C4,0x08C4,0xC6B3,0xC7B3,0xC7B3,0xE7BB,0x08BC,0x28BC,0x28BC,0x69C4,0x69C4,0xE7B3,0x86AB,0x86AB,
0x86AB,0x86AB,0x86AB,0x86AB,0x86AB,0x85A3,0xA6AB,0xE7B3,0x28BC,0x08BC,0xE7B3,0xC7AB,0xC7AB,0xC7B3,0xE8B3,0x29BC,
0x49C4,0x49C4,0x6AC4,0x6AC4,0x6AC4,0x69C4,0xAACC,0xCBD4,0x0BD5,0x2CDD,0x2CDD,0x0BD5,0xEBD4,0x0BDD,0x0CDD,0x2CDD,
0x4CDD,0x4CDD,0x6DDD,0x8EDD,0xAFDD,0xB0DD,0xD0DD,0xF1E5,0xF2DD,0xF2DD,0x13E6,0x33E6,0x54E6,0x13DE,0xB2D5,0xF0C4,
0x6EB4,0x2EB4,0x0DAC,0x0DAC,0xECA3,0xECA3,0xEBA3,0x2CB4,0xEFC4,0x91D5,0x71D5,0x51CD,0x51C5,0xAFAC,0xAC83,0x6852,
0xC641,0x4431,0x0329,0xE320,0x0429,0x2429,0x2429,0x4429,0x6531,0x6531,0x6531,0x6531,0x6639,0x6639,0x6639,0x6531,
0x6531,0x6531,0x4531,0x2531,0x2429,0x0429,0x0329,0x0429,0x2429,0x2429,0x4531,0x6531,0x6531,0x6531,0x6531,0x6531,
0x8B83,0x8B83,0x8B83,0x8B83,0x8B83,0x8B83,0x8B83,0x8B83,0x8B83,0x8B83,0x8B83,0x8B83,0x8B83,0x8B83,0x8B83,0x8B83,
0x8B83,0x8B83,0x8B83,0x8B83,0x8B83,0xAB83,0xAB83,0xAB83,0xAB83,0xAB83,0xAB83,0xAB83,0xAB83,0xAB83,0xAB83,0xAB83,
0xAB83,0xAC83,0xAC83,0xAC83,0xAC83,0xAC83,0xAC83,0xAC83,0xAC83,0xAC83,0xAC83,0xAC83,0xAC83,0xAC83,0xAC8B,0xAC8B,
0xAC83,0xAC83,0xAC83,0xAC83,0xAC83,0xAC83,0xAC8B,0xAC8B,0xAD8B,0xAC8B,0xAC8B,0xCC8B,0xCC8B,0xCC8B,0xCB93,0x0C9C,
0x2BA4,0x4BAC,0x8BBC,0x0DCD,0x8FDD,0xF1E5,0xB4FE,0xF5FE,0xF5FE,0x94FE,0x12E6,0x4FD5,0xEECC,0x0ED5,0xCDD4,0xADD4,
0xADCC,0xEECC,0xCEC4,0xCEC4,0x0FCD,0x0FCD,0x50CD,0x91D5,0xF3DD,0x14E6,0x14E6,0x75E6,0x55E6,0x55E6,0x95EE,0xD6F6,
0xD6F6,0xD5F6,0xF5F6,0xD4F6,0xB3F6,0x93EE,0x92EE,0x30EE,0x10EE,0xEFED,0xEEED,0x8DED,0x6BE5,0x6CE5,0x6CED,0x8CED,
0x6BE5,0x4BE5,0x4BE5,0x4BE5,0x6CED,0x6CED,0x6BE5,0x4BE5,0x6CED,0x6CED,0x2BE5,0x0BDD,0x0BDD,0xEAD4,0x68CC,0x27C4,
0xE6BB,0xE7BB,0xE7BB,0xE7BB,0x07BC,0xE7BB,0xE7B3,0xE7BB,0x07BC,0xE7B3,0x08B4,0x49BC,0x49BC,0xE8B3,0xA7AB,0x86AB,
0x86A3,0x66A3,0x66A3,0x65A3,0x45A3,0x45A3,0x86A3,0xE7B3,0x08B4,0xC7B3,0x86AB,0x66A3,0x87AB,0xC7AB,0xE8B3,0x09BC,
0x4AC4,0x6BC4,0x6BC4,0x6AC4,0x4AC4,0x4AC4,0x8AC4,0xCBCC,0xECD4,0x0CD5,0xEBD4,0xCBD4,0xAAD4,0xABD4,0xCBD4,0xEBD4,
0x0CD5,0x2CD5,0x2CD5,0x4DD5,0x6ED5,0x6FDD,0x8FDD,0xB0DD,0xD1DD,0xF1DD,0xF2DD,0xF2DD,0xF2DD,0xB2D5,0x92D5,0x31CD,
0x11CD,0x11CD,0xD0C4,0xD0BC,0x8EB4,0x4DB4,0x2DAC,0x8EBC,0x30CD,0xB2DD,0x91D5,0x71CD,0x51CD,0x8EAC,0x8C83,0xA95A,
0x4852,0x6539,0xE320,0xE320,0x0429,0x2429,0x2429,0x4429,0x6531,0x6531,0x6531,0x6531,0x6639,0x6639,0x6639,0x6531,
0x6531,0x6531,0x4531,0x2531,0x2429,0x0329,0x0329,0x0329,0x0429,0x2429,0x4431,0x4531,0x4531,0x6531,0x6531,0x6531,
0x8B83,0x8B83,0x8B83,0x8B83,0x8B83,0x8B83,0x8B83,0x8B83,0x8B83,0x8B83,0x8B83,0x8B83,0x8B83,0x8B83,0x8B83,0x8B83,
0x8B83,0x8B83,0x8B83,0x8B83,0x8B83,0xAB83,0xAB83,0x8B83,0x8B83,0x8B83,0x8B83,0x8B83,0x8B83,0xAB83,0x8B83,0x8B83,
0x8B83,0x8B83,0x8C83,0x8C83,0x8C83,0x8C83,0x8C83,0xAC83,0xAC83,0xAC83,0xAC83,0xAC83,0xAC83,0xAC83,0xAC83,0xAC83,
0xAC83,0x8C83,0x8C83,0x8C83,0x8C83,0x8C83,0xAC83,0xAC83,0xAC83,0xAC83,0xAC83,0xAC8B,0xCC8B,0xCC93,0xEB93,0x2CA4,
0xADB4,0xEDC4,0x0DCD,0x6DD5,0xAFE5,0x32EE,0xD5FE,0xF5FE,0xB5FE,0x33EE,0x50D5,0xCEC4,0x6DC4,0x4CC4,0x6CCC,0x4CCC,
0x4CBC,0x8DBC,0x8DBC,0x8EBC,0xCFC4,0xEFC4,0xEFC4,0xCFBC,0x30CD,0x51CD,0xB2D5,0x55EE,0x75E6,0x55E6,0x75EE,0xB5F6,
0xB5F6,0xB4F6,0xB4F6,0x93EE,0x72EE,0x52E6,0x51E6,0xEFE5,0xCFED,0xCEED,0xAEED,0x6CE5,0x0ADD,0x2ADD,0x2ADD,0x2AE5,
0x2ADD,0x0ADD,0xE9DC,0x0ADD,0x4BE5,0x6BE5,0x4BE5,0x4CE5,0x6CED,0x2BE5,0xCAD4,0xA9D4,0xA9D4,0xA9D4,0x89CC,0x28C4,
0xE7BB,0xE6BB,0xE6BB,0xE7BB,0xE7BB,0xA6B3,0xA6B3,0xC6B3,0xC6B3,0xA6AB,0xA7AB,0xE8B3,0xE8B3,0xE8B3,0xA7AB,0x86AB,
0x86AB,0xA7AB,0xC7B3,0xC7B3,0xC7AB,0xC7AB,0xA7AB,0xA6AB,0xA7AB,0x66A3,0x66A3,0x66A3,0x67A3,0xA7AB,0xE9B3,0x2ABC,
0x4ABC,0x4BBC,0x4BBC,0x4ABC,0x4BBC,0x6BC4,0x6BC4,0xCCCC,0xECD4,0xABCC,0xABCC,0xCBD4,0xEBD4,0xEBD4,0xEBD4,0xEBD4,
0xCBCC,0xEBCC,0xEBCC,0x0CCD,0x2DCD,0x2DD5,0x4ED5,0x4FD5,0x70D5,0x70D5,0x70CD,0x2FC5,0x0FC5,0xCFBC,0xCFBC,0xD0C4,
0xF0C4,0xD0C4,0x6EB4,0x6EB4,0x4DAC,0x2CAC,0x2CAC,0xAEC4,0x50D5,0x71D5,0x71D5,0x71CD,0x30C5,0x2C9C,0x6B83,0x885A,
0xC641,0x2429,0xE320,0xE320,0x0429,0x2429,0x2429,0x4429,0x6531,0x6531,0x6531,0x6531,0x6639,0x6639,0x6639,0x6531,
0x6531,0x6531,0x4531,0x2531,0x2429,0x0329,0xE320,0xE320,0x0329,0x2429,0x2429,0x4531,0x4531,0x6531,0x6531,0x6531,
0x8B83,0x8B83,0x8B83,0x8B83,0x8B83,0x8B83,0x8B83,0x8B83,0x8B83,0x8B83,0x8B83,0x8B83,0x8B83,0x8B83,0x8B83,0x8B83,
0x8B83,0x8B83,0x8B83,0x8B83,0x8B83,0x8B83,0x8B83,0x8B83,0x8B83,0x8B83,0x8B83,0x8B83,0x8B83,0x8B83,0x8B83,0x8C83,
0x8C83,0x8C83,0x8C83,0x8B83,0x8B83,0x8B83,0x8B83,0x8B83,0x8B83,0x8B83,0x8B83,0x8B83,0x8B83,0x8B83,0x8C83,0x8C83,
0x8C83,0x8C83,0x8C83,0x8C83,0x8C83,0x8C83,0x8C83,0x8C83,0x8C83,0xAC83,0x8B83,0x8B83,0xAC8B,0xAB8B,0xAA93,0x0BA4,
0x8CB4,0x2DCD,0x4DD5,0x8DDD,0x30EE,0x72F6,0xD5FE,0xB5FE,0x74F6,0xD2E5,0xF0CC,0x6EBC,0x4DBC,0x2CBC,0x2CC4,0x2CC4,
0x4DBC,0x4DBC,0x4DBC,0x4DBC,0x6EC4,0x6EC4,0x2DB4,0x2DB4,0xAEBC,0x10C5,0x51CD,0xB2D5,0xF3DD,0x95EE,0x95EE,0x94EE,
0x94F6,0x94F6,0x93EE,0x52EE,0x31EE,0x31E6,0x10E6,0xAEE5,0x8DE5,0xADE5,0x8DE5,0x4CDD,0xCAD4,0xC9D4,0xC9D4,0xE9DC,
0xE9DC,0x0ADD,0x0ADD,0x09D5,0x0AD5,0x2BDD,0x4BDD,0x2BDD,0x0CDD,0xEBDC,0xAACC,0x69CC,0x89CC,0x8ACC,0xAAD4,0x49C4,
0xE7BB,0x08BC,0x08BC,0xC7B3,0xA7B3,0x86AB,0x86AB,0x86B3,0x66AB,0x45A3,0x65A3,0x86AB,0xE7B3,0xE7B3,0x86AB,0x66A3,
0x86AB,0xA7AB,0xE8B3,0x09B4,0xE8B3,0xE8B3,0xC7B3,0x87A3,0x469B,0x469B,0x669B,0x679B,0xA8A3,0xC8A3,0xE9AB,0x2AAC,
0x4BB4,0x4BB4,0x4BB4,0x4BB4,0x4BBC,0x6CBC,0xACC4,0xACC4,0x8BC4,0x8BC4,0xCBC4,0xEBCC,0xEBCC,0x0BD5,0x0BD5,0xCACC,
0xAAC4,0xCBCC,0xCBCC,0xCBCC,0xECCC,0xECCC,0xECCC,0xEDCC,0xEECC,0xEECC,0xCDC4,0xADBC,0x8DBC,0x8DBC,0x8DBC,0x6DB4,
0x4DAC,0x0CAC,0xECA3,0x0CAC,0x0CAC,0x0CAC,0x4CB4,0xADBC,0x0EC5,0x2FCD,0x2FC5,0x2FC5,0xEFBC,0xEB93,0x4B83,0xA962,
0x6439,0xE228,0x0329,0xE320,0x0429,0x2429,0x4429,0x4429,0x4531,0x4531,0x6531,0x6531,0x6531,0x8531,0x8531,0x8531,
0x8531,0x8531,0x6531,0x4531,0x4429,0x0421,0xE320,0xC318,0xE320,0xE320,0x0421,0x2429,0x2429,0x4529,0x4531,0x4531,
0x8B83,0x8B83,0x8B83,0x8B83,0x8B83,0x8B83,0x8B83,0x8B83,0x8B83,0x8B83,0x8B83,0x8B83,0x8B83,0x8B83,0x8B83,0x8B83,
0x8B83,0x8B83,0x8B83,0x8B83,0x8B83,0x8B83,0x8B83,0x8B83,0x8B83,0x8B83,0x8B83,0x8B83,0x8B83,0x8C83,0x8B83,0x8C83,
0x8C83,0x8C83,0x8C83,0x8B83,0x8B83,0x8B83,0x8B83,0x8B83,0x8B83,0x8B83,0x8B83,0x8B83,0x8B83,0x8B83,0x8C83,0x8C83,
0x8C83,0x8C83,0x8C83,0x8C83,0x8C83,0x8C83,0x8C83,0x8C83,0x8C83,0x8C83,0x8B83,0x8B83,0xAC8B,0xAB8B,0xCB9B,0x0BA4,
0x4BAC,0xECC4,0x4DD5,0xAEE5,0x30EE,0x72F6,0xB4FE,0x94FE,0xF3E5,0x30CD,0x8EBC,0x6EBC,0x4DBC,0x2CBC,0x0BBC,0xCAB3,
0xABB3,0xCBAB,0xCBB3,0xCBB3,0xCBB3,0xABAB,0xCBAB,0xECAB,0x0CAC,0xCFBC,0x92D5,0xD3DD,0x13DE,0x54E6,0xB6F6,0x95F6,
0x74EE,0x73EE,0x73EE,0x31E6,0x10E6,0xF0E5,0xAFDD,0x8EDD,0x6CDD,0x4CDD,0x2CDD,0x0BDD,0xEAD4,0xA9CC,0xA8CC,0xA9D4,
0xE9DC,0x0AE5,0x09DD,0xA8CC,0xA9CC,0xCAD4,0xEBD4,0xAACC,0x8ACC,0x8ACC,0x69C4,0x49C4,0x69C4,0x69CC,0x6ACC,0x29C4,
0xE8BB,0xE8BB,0x08BC,0xC7B3,0x87B3,0x86AB,0x86AB,0x86AB,0x66AB,0x45A3,0x459B,0x66A3,0xA7AB,0xA7AB,0x45A3,0x46A3,
0x66A3,0x87AB,0x87AB,0xA7AB,0xA7AB,0xA7AB,0x87A3,0x67A3,0x66A3,0x479B,0x679B,0x679B,0x88A3,0xA89B,0xA9A3,0xC9A3,
0x0AAC,0x0AAC,0x2AAC,0x2BAC,0x4BB4,0x6CB4,0x6CBC,0x6CBC,0x8BBC,0x8BBC,0x8BC4,0xAAC4,0xAAC4,0xAAC4,0xAAC4,0x8AC4,
0x8AC4,0x8AC4,0x8AC4,0xABC4,0xABC4,0xABC4,0xABC4,0xACC4,0xACC4,0x8CBC,0x6CBC,0x6CBC,0x6CBC,0x8DBC,0x6DB4,0x0CAC,
0xCBA3,0xCBA3,0xCBA3,0x0CAC,0x0CAC,0x2CAC,0x4CB4,0x8CBC,0xCDC4,0x0EC5,0x2FCD,0x2FC5,0xCEB4,0xEB93,0x4A83,0xA962,
0xA541,0x2331,0x2431,0x4429,0x2429,0x4429,0x4529,0x4429,0x4531,0x4531,0x6531,0x6531,0x6531,0x8531,0x8531,0x8531,
0x8531,0x8531,0x6531,0x6531,0x4429,0x0429,0xE320,0xC318,0xC320,0xE320,0xE320,0x0429,0x2429,0x4529,0x6531,0x6531,
0x8B83,0x8B83,0x8B83,0x8B83,0x8B83,0x8B83,0x8B83,0x8B83,0x8B83,0x8B83,0x8B83,0x8B83,0x8B83,0x8B83,0x8B83,0x8B83,
0x8B83,0x8B83,0x8B83,0x8B83,0x8B83,0x8B83,0x8B83,0x8B83,0x8B83,0x8B83,0x8B83,0x8B83,0x8B83,0x8C83,0x8C83,0x8C83,
0x8C83,0x8C83,0x8C83,0x8B83,0x8B83,0x8B83,0x8B83,0x8B83,0x8B83,0x8B83,0x8B83,0x8B83,0x8B83,0x8B83,0x8C83,0x8C83,
0x8C83,0x8C83,0x8C83,0x8C83,0x8C83,0x8C83,0x8C83,0x8C83,0x8C83,0x8C83,0x8C83,0x8B83,0xAB8B,0xAB93,0x0C9C,0x8DB4,
0xCDBC,0x2ECD,0x8EDD,0xCEE5,0x30EE,0x51F6,0x73F6,0x32EE,0xB1DD,0xEFC4,0x6DB4,0x2CB4,0x0CB4,0xCBAB,0x89AB,0x48A3,
0x08A3,0x08A3,0x09A3,0x09A3,0x09A3,0x089B,0x6AA3,0xCBAB,0xCBA3,0x2DAC,0x10C5,0xD2D5,0x54E6,0x54E6,0xB5F6,0xB5F6,
0x53EE,0x53EE,0x32EE,0xF0E5,0xCFDD,0xAEDD,0x6ED5,0x4CD5,0x2CD5,0x0BD5,0xEBD4,0x0BD5,0x0BD5,0xA9CC,0x88CC,0x88CC,
0x88CC,0x88CC,0x68C4,0x47BC,0x68C4,0x89C4,0x8AC4,0x49C4,0x29BC,0x09BC,0x08B4,0x08B4,0x08B4,0x08BC,0x08BC,0xE8B3,
0xC8B3,0xC8B3,0xE8BB,0xC8B3,0xA7AB,0xA7B3,0xA7AB,0x66A3,0x46A3,0x459B,0x459B,0x66A3,0x87A3,0x66A3,0x459B,0x059B,
0x259B,0x469B,0x469B,0x469B,0x67A3,0x469B,0x469B,0x469B,0x479B,0x679B,0x879B,0x889B,0x889B,0x689B,0x6893,0x899B,
0xA99B,0xC99B,0xEAA3,0x0AAC,0x4BB4,0x6CBC,0x6CB4,0x6BBC,0x6BBC,0x6BBC,0x6BBC,0x6ABC,0x6ABC,0x69BC,0x69BC,0x6ABC,
0x8ABC,0x8ABC,0x8ABC,0x8AC4,0x8AC4,0x8AC4,0x8ABC,0x8BBC,0x8BBC,0x4BB4,0x2BB4,0x2BAC,0x2BAC,0x2BAC,0x2CAC,0x2CAC,
0xEBA3,0xEBA3,0xEBA3,0xEBA3,0xECAB,0x2CAC,0x4BB4,0x6CB4,0xADBC,0xEEC4,0x2FCD,0x0FBD,0x8DAC,0xCB93,0x097B,0x6862,
0xE649,0xA541,0x6531,0x4531,0x4529,0x4529,0x4529,0x4531,0x4531,0x6531,0x6531,0x6531,0x6531,0x8531,0x8531,0x8531,
0x8531,0x8531,0x6531,0x6531,0x4531,0x0429,0xE320,0xC318,0xC320,0xE320,0xE320,0xE320,0x0421,0x2429,0x4531,0x4531,
0x8B83,0x8B83,0x8B83,0x8B83,0x8B83,0x8B83,0x8B83,0x8B83,0x8B83,0x8B83,0x8B83,0x8B83,0x8B83,0x8B83,0x8B83,0x8B83,
0x8B83,0x8B83,0x8B83,0x8B83,0x8B83,0x8B83,0x8B83,0x8B83,0x8B83,0x8B83,0x8B83,0x8B83,0x8B83,0x8C83,0x8C83,0x8C83,
0x8C83,0x8C83,0x8C83,0x8B83,0x8B83,0x8B83,0x8B83,0x8B83,0x8B83,0x8B83,0x8B83,0x8B83,0x8B83,0x8B83,0x8C83,0x8C83,
0x8C83,0x8C83,0x8C83,0x8C83,0x8C83,0x8C83,0x8C83,0x8C83,0x8C83,0x8C83,0x8C83,0x8C83,0x8B83,0xAB8B,0x2CA4,0xCEBC,
0x2ECD,0xAFDD,0xAEE5,0xCEE5,0x0FEE,0x10EE,0x31EE,0xD0E5,0x6FD5,0xCEC4,0x4CB4,0x0CAC,0xCBAB,0x8AA3,0x48A3,0x079B,
0xC79A,0xA79A,0xA79A,0xA79A,0xA792,0xA792,0x099B,0x6AA3,0x0CAC,0xAEB4,0x30C5,0xF3DD,0x54EE,0x74EE,0x74EE,0x94F6,
0x94F6,0x32EE,0x11E6,0xD0DD,0xAFDD,0x6ED5,0x4DD5,0x2CD5,0x0BD5,0xCACC,0xAACC,0xCACC,0xEAD4,0xA9CC,0x89CC,0x88CC,
0x88CC,0x47C4,0x27BC,0x68C4,0x89C4,0x69C4,0x29BC,0x08B4,0xC8AB,0xC8AB,0xC8AB,0xA8AB,0xA7A3,0x87A3,0x87A3,0xA7AB,
0x87A3,0xA8AB,0xE8B3,0xC8AB,0xE8B3,0xE9B3,0xC8AB,0x67A3,0x269B,0x259B,0x459B,0x669B,0x86A3,0x669B,0x469B,0x0593,
0x269B,0x269B,0x0593,0x0593,0x269B,0x2693,0x0693,0x0693,0x2793,0x689B,0xA99B,0x889B,0x689B,0x4893,0x488B,0x4893,
0x8993,0xC99B,0xEAA3,0x0BA4,0x4CAC,0x6CB4,0x6CB4,0x6CB4,0x4BB4,0x4BB4,0x4AB4,0x4AB4,0x49B4,0x29B4,0x29B4,0x6ABC,
0x6ABC,0x6ABC,0x6ABC,0x8ABC,0x8ABC,0x6ABC,0x6ABC,0x6BBC,0x8BBC,0x6BBC,0x4BB4,0x2BB4,0x2BAC,0xEBA3,0x0BAC,0xEBA3,
0xCBA3,0xCB9B,0xAB9B,0xCBA3,0xCBA3,0x0BAC,0x2BAC,0x6CB4,0xADBC,0xEEC4,0x0FC5,0x2FC5,0x0FBD,0x6EAC,0xAC8B,0xEA72,
0x8862,0x074A,0x6539,0x6531,0x6531,0x6531,0x6531,0x6531,0x4531,0x6531,0x6531,0x6531,0x6531,0x8531,0x8531,0x8531,
0x8531,0x8531,0x8531,0x6531,0x6531,0x2429,0xE320,0xC318,0xC318,0xC320,0xC320,0xE320,0xE320,0x0429,0x2429,0x2429,
0x8B83,0x8B83,0x8B83,0x8B83,0x8B83,0x8B83,0x6B7B,0x6B7B,0x6B7B,0x8B83,0x8B83,0x8B83,0x8B83,0x8B83,0x8B83,0x8B83,
0x8B83,0x8B83,0x8B83,0x8B83,0x8B83,0x8B83,0x8B83,0x8B83,0xAB83,0xAB83,0x8C83,0xAC83,0xAC83,0xAC83,0xAC83,0xAC83,
0xAC83,0xAC83,0xAC83,0x8C83,0x8C83,0x8C83,0x8C83,0x8C83,0x8B83,0x8B83,0x8B83,0x8B83,0x8B83,0x8B83,0x6B7B,0x6B83,
0x6B83,0x8C83,0x8C83,0x8C83,0x8C83,0x8C83,0x8C83,0x8C83,0x8C83,0x8C83,0x8C83,0x8C83,0x6B83,0xEC93,0xCEB4,0x2FC5,
0x6FD5,0xD0E5,0xEFE5,0xEFE5,0xEFE5,0xEFE5,0xCFE5,0x8FDD,0x2ECD,0xADC4,0x4CB4,0x0BAC,0xCBAB,0x8AA3,0x489B,0xE792,
0xA792,0x6692,0x258A,0x468A,0x8792,0xC89A,0xE892,0xE892,0x6A9B,0x4DAC,0xEFBC,0x50C5,0xB2D5,0x13E6,0x13E6,0x33EE,
0x12E6,0xD0DD,0xAFDD,0x8EDD,0x4DD5,0x2DCD,0x0CCD,0xEBCC,0xCACC,0x8AC4,0x49BC,0x48BC,0x69C4,0x69C4,0x68C4,0x69C4,
0x69C4,0x28BC,0x07B4,0x08B4,0x29BC,0x29BC,0x09B4,0xE9AB,0xC8AB,0xA8A3,0x88A3,0x679B,0x679B,0x669B,0x4693,0x2693,
0x469B,0x87A3,0xC8AB,0xE9AB,0x0AB4,0x0AB4,0xC9AB,0x479B,0x0693,0x2693,0x469B,0x669B,0x679B,0x469B,0x2693,0x2693,
0x479B,0x2693,0xE592,0xE692,0xE68A,0xE58A,0xE68A,0x068B,0x2793,0x899B,0xCAA3,0xA99B,0x6893,0x288B,0x2883,0x488B,
0x8993,0xCA9B,0xEBA3,0xEBA3,0x0BA4,0x2CAC,0x2BAC,0x0BAC,0x0AA4,0xE9A3,0xE9A3,0x09AC,0x09AC,0xE8AB,0xE8AB,0x09B4,
0x29B4,0x4AB4,0x4AB4,0x49B4,0x49B4,0x4AB4,0x4ABC,0x4AB4,0x6BB4,0x6BBC,0x8BBC,0x6CBC,0x6CB4,0x2BAC,0x0BAC,0xEBA3,
0xCBA3,0xCBA3,0xCBA3,0xCBA3,0xCBA3,0xEBA3,0x2BB4,0x6CBC,0xADBC,0xEDC4,0x0FC5,0x0FC5,0x2FC5,0xEFB4,0x0D9C,0x4B7B,
0xA962,0x4852,0x074A,0xC741,0x8631,0x8531,0x6531,0x4531,0x4531,0x6531,0x6531,0x8531,0x8531,0x8531,0x8531,0x8531,
0x6531,0x6531,0x6531,0x6531,0x6531,0x2429,0xE320,0xC318,0xC318,0xC320,0xC320,0xC318,0xE320,0xE320,0x0429,0x2429,
0x6B7B,0x6B7B,0x6B7B,0x6B7B,0x6B7B,0x6B7B,0x6A7B,0x6B7B,0x6B7B,0x8B83,0x8B83,0x8B83,0x8B83,0x8B83,0x8B83,0x8B83,
0x8B83,0x8B83,0x8B83,0x8B83,0x8B83,0x8B83,0x8B83,0x8B83,0xAB83,0xAB83,0xAC83,0xAC83,0xAC83,0xAC83,0xAC83,0xAC83,
0xAC83,0xAC83,0xAC83,0xAC83,0xAC83,0xAC83,0xAC83,0xAC83,0x8C83,0x8C83,0x8C83,0x8C83,0x8C83,0x8C83,0x8C83,0x8C83,
0x8C83,0x8C83,0x8C83,0x8C83,0x8C83,0x8C83,0x8C83,0x8C83,0x8C83,0x8C83,0x6C83,0x8C83,0xAB8B,0x0C9C,0xADB4,0x4FC5,
0x6FCD,0x8FDD,0xCFE5,0xCFE5,0xCFE5,0xAEE5,0x8EE5,0x4ED5,0xEECC,0xADBC,0x4CB4,0x0CAC,0xCBA3,0x8AA3,0x489B,0xE792,
0x868A,0x6692,0x668A,0x468A,0x8792,0xE89A,0x6AA3,0xCBAB,0x0CAC,0x2CAC,0x6EAC,0xEFBC,0x91D5,0xF2E5,0xD2E5,0xB1DD,
0x90DD,0x6FD5,0x2ED5,0x0DCD,0x0CCD,0xECCC,0xABC4,0x8AC4,0x69C4,0x69BC,0x49BC,0x48BC,0x28BC,0x28BC,0x28BC,0x48BC,
0x48BC,0x28BC,0x08B4,0xC8AB,0xC8AB,0xC8AB,0xC9AB,0xC9A3,0xC9A3,0xA9A3,0x889B,0x6893,0x6793,0x6793,0x068B,0x068B,
0x068B,0x2793,0xA8A3,0x0AAC,0x2AB4,0x0AAC,0xC9A3,0x4793,0x068B,0x2693,0x469B,0x679B,0x679B,0x2693,0xE68A,0x0693,
0x2793,0xE68A,0xE58A,0xE68A,0xE68A,0xC682,0xC582,0xE682,0x4893,0xAA9B,0xCA9B,0x8993,0x498B,0x2883,0x2883,0x698B,
0x8A93,0xAA9B,0xCB9B,0xEB9B,0xEB9B,0x0BA4,0xEBA3,0xEBA3,0xCAA3,0xC99B,0xC99B,0xE9A3,0xE9AB,0xE9AB,0xE9AB,0xE9AB,
0x09B4,0x29B4,0x4AB4,0x4AB4,0x4AB4,0x6ABC,0x6ABC,0x8BBC,0x8BBC,0x6BBC,0x4AB4,0x0AAC,0xE9A3,0xC9A3,0xCAA3,0xEAA3,
0xEBA3,0xEBA3,0xEBA3,0xEBA3,0xEBA3,0x0BAC,0x2BB4,0x6CB4,0x8CBC,0xCDBC,0x0FC5,0x0FBD,0x8DAC,0xEB93,0x6B83,0x0A73,
0xA962,0x8962,0x6952,0xE741,0x8631,0x8631,0x6531,0x4531,0x4431,0x6531,0x6531,0x8531,0x8531,0x8531,0x8531,0x8531,
0x6531,0x6531,0x8531,0x6531,0x6531,0x2429,0xE320,0xC320,0xC318,0xC320,0xC320,0xC318,0xC320,0xE320,0x0429,0x2429,
0x6B7B,0x6B7B,0x6B7B,0x6B7B,0x6B7B,0x6B7B,0x6A7B,0x6B7B,0x6B7B,0x8B83,0x8B83,0x8B83,0x8B83,0x8B83,0x8B83,0x8B83,
0x8B83,0x8B83,0x8B83,0x8B83,0x8B83,0x8B83,0x8B83,0x8B83,0xAB83,0xAB83,0xAC83,0xAC83,0xAC83,0xAC8B,0xAC8B,0xAC8B,
0xAC8B,0xAC8B,0xAC83,0xAC83,0xAC83,0xAC83,0xAC83,0xAC83,0xAC83,0xAC83,0xAC83,0xAC83,0xAC83,0xAC83,0xAC83,0x8C83,
0x8C83,0x8C83,0x8C83,0x8C83,0x8C83,0x8C83,0x8C83,0x8C83,0x8C83,0x8D83,0x6C83,0x8C83,0xED93,0x6DAC,0xEEBC,0x6FCD,
0xAFD5,0xD0E5,0xF0ED,0xF0ED,0xCFE5,0x8EE5,0x6EDD,0x2ED5,0xCDC4,0x8DBC,0x4DB4,0x0CAC,0xCBA3,0x8AA3,0x499B,0x0893,
0xC792,0x868A,0x868A,0x089B,0xABAB,0x0CBC,0x6EC4,0x8EC4,0xCFC4,0x10C5,0x51CD,0x30CD,0x0FCD,0x50CD,0x4FCD,0x0ECD,
0x0ECD,0x0ECD,0xCCC4,0x8ABC,0x8ABC,0xAAC4,0x8ABC,0x69BC,0x48BC,0x28BC,0x49BC,0x48BC,0x08B4,0xE7B3,0xE7B3,0xE7B3,
0x07B4,0x08B4,0xE8AB,0xC8AB,0xC8AB,0xA8A3,0xA9A3,0xC9A3,0xCAA3,0xCAA3,0xA99B,0x8893,0x678B,0x478B,0x068B,0x068B,
0x068B,0x078B,0xA99B,0x2BAC,0x2BB4,0x2BAC,0x0AAC,0x6893,0x278B,0x6793,0x889B,0x479B,0x2693,0x068B,0xE68A,0xC68A,
0xE68A,0xE68A,0xE68A,0x2793,0x078B,0xE682,0xC682,0x078B,0x8993,0xCA9B,0xAA9B,0x8A93,0x498B,0x2883,0x2883,0x4983,
0x8A8B,0xCA93,0xEB9B,0xEB9B,0xEB9B,0xECA3,0xCB9B,0xCA9B,0xAA9B,0x8993,0xA99B,0xC99B,0xC9A3,0xC9A3,0xC9AB,0xE9AB,
0x09AC,0x09AC,0x29AC,0x29B4,0x29B4,0x29B4,0x29B4,0x29B4,0x2AB4,0x2AAC,0x2AAC,0x2AAC,0x2AAC,0x0AAC,0xEAA3,0xEAA3,
0xCAA3,0xAA9B,0xAA9B,0xAA9B,0xABA3,0xEBA3,0x0BAC,0x2BB4,0x6BB4,0x8CB4,0xADB4,0x6CAC,0x2CA4,0xAA8B,0x4A83,0xEA6A,
0x685A,0x4852,0x074A,0xA639,0x8631,0x8631,0x6531,0x4531,0x4431,0x6531,0x6531,0x8531,0x8531,0x8531,0x8531,0x8531,
0x8531,0x6531,0x8531,0x8531,0x6531,0x2429,0x0421,0xE320,0xC320,0xE320,0xE320,0xC320,0xE320,0xE320,0x0421,0x2429,
0x6B7B,0x6B7B,0x6B7B,0x6B7B,0x6B7B,0x6B7B,0x6A7B,0x6B7B,0x6B7B,0x8B83,0x8B83,0x8B83,0x8B83,0x8B83,0x8B83,0x8B83,
0x8B83,0x8B83,0x8B83,0x8B83,0x8B83,0x8B83,0x8B83,0x8B83,0xAB83,0xAB83,0xAC83,0xAC83,0xAC83,0xAC8B,0xAC8B,0xAC8B,
0xAC8B,0xAC8B,0xAC8B,0xAC8B,0xAC8B,0xAC8B,0xAC8B,0xAC8B,0xAC8B,0xAC8B,0xAC8B,0xAC8B,0xAC8B,0xAC8B,0xAC8B,0xAC83,
0xAC83,0xAC83,0xAC83,0xAC83,0x8C83,0x8C83,0x8C83,0x8C83,0x8C83,0x8D83,0x6C83,0xAD8B,0x2D9C,0xCFB4,0x90CD,0xB0D5,
0xD0DD,0xF0E5,0x10EE,0xF0ED,0xAFE5,0x6EE5,0x4ED5,0xEDCC,0xADC4,0x8DBC,0x6DB4,0x0DB4,0xCCA3,0x8BA3,0x6A9B,0x299B,
0xE792,0xE792,0xA68A,0x6682,0xC78A,0x499B,0xABAB,0x0CB4,0x6EB4,0xAFBC,0x10C5,0x30CD,0xCEBC,0x8DBC,0xCDBC,0xADC4,
0xACC4,0x8CBC,0x6ABC,0x49B4,0x29B4,0x29B4,0x28B4,0x28BC,0x28BC,0x08BC,0x28B4,0x28BC,0x28BC,0x08B4,0xC7AB,0xA6AB,
0xA7AB,0xC7AB,0xC7AB,0xC9AB,0xE9AB,0xEAAB,0xEAAB,0xEAAB,0xCAA3,0xCAA3,0xAA9B,0x8993,0x688B,0x478B,0x0683,0xE682,
0xE682,0x278B,0x899B,0xEAA3,0x2BAC,0x4CB4,0x6CB4,0xEAA3,0x8893,0xA99B,0xA8A3,0x689B,0x4793,0x068B,0xE68A,0xC582,
0xE68A,0x2793,0x2793,0x4893,0x2793,0xE78A,0x288B,0x8993,0xCB9B,0xCB9B,0xCB9B,0x8A93,0x498B,0x087B,0x2983,0x4A83,
0x8A8B,0xAA93,0xCB9B,0xCB9B,0xEC9B,0xECA3,0xCB9B,0xAA9B,0xAA9B,0x8993,0x8993,0xA99B,0xA8A3,0xA9A3,0xC9A3,0xE9AB,
0xE9AB,0xE9AB,0x09AC,0x29AC,0x29B4,0x29B4,0x29AC,0x29AC,0x29AC,0x09AC,0x09AC,0x0AAC,0x2AAC,0x2BAC,0x2BAC,0x2BAC,
0x2CAC,0x2BAC,0x0BA4,0xAA9B,0xAA9B,0xCAA3,0xEAA3,0x0AAC,0x2BAC,0x6CB4,0x6CB4,0x4CAC,0x2CA4,0xEB9B,0x4A83,0xC96A,
0x685A,0xE649,0xA639,0x8539,0x8631,0x8631,0x6531,0x4531,0x4431,0x6531,0x6531,0x8531,0x8531,0x8531,0x8531,0x8531,
0x8531,0x8531,0x8531,0x8531,0x6531,0x4429,0x0429,0xE320,0xE320,0xE320,0xE320,0xE320,0xE320,0xE320,0x0421,0x0429,
0x6B7B,0x6B7B,0x6B7B,0x6B7B,0x6B7B,0x6B7B,0x6A7B,0x6B7B,0x6B7B,0x8B83,0x8B83,0x8B83,0x8B83,0x8B83,0x8B83,0x8B83,
0x8B83,0x8B83,0x8B83,0x8B83,0x8B83,0x8B83,0x8B83,0x8C83,0x8C83,0xAC83,0xAC83,0xAC83,0xAC83,0xAC83,0xAC83,0xAC83,
0xAC83,0xAC83,0xAC83,0xAC83,0xAC8B,0xAC8B,0xAC8B,0xCC8B,0xCC8B,0xCC8B,0xCC8B,0xCC8B,0xCC8B,0xCC8B,0xCD8B,0xAC8B,
0xAC8B,0xAC83,0xAC83,0xAC83,0xAC83,0xAC83,0xAC83,0xAC83,0xAC83,0xAC83,0xAD8B,0x0D94,0x6EA4,0x0FBD,0x91CD,0xD1DD,
0xD1DD,0xF0E5,0xD0E5,0xCFE5,0xAFE5,0x6EDD,0x2DD5,0xCCC4,0x8BBC,0x6CBC,0x4CB4,0x2CB4,0xEBAB,0x8BA3,0x6A9B,0x4A93,
0x0993,0xC88A,0xC88A,0x2993,0x4A9B,0x6A9B,0xABA3,0xABA3,0x2CAC,0xCFC4,0x0FC5,0xEFC4,0xCDC4,0x6CBC,0x6CBC,0x4BB4,
0x2AAC,0x09AC,0x09B4,0x29B4,0x28B4,0x08B4,0x08B4,0xE8B3,0xE8B3,0xE8B3,0xE8B3,0x08B4,0x29B4,0x09B4,0x08B4,0xE8AB,
0xC7AB,0xA7AB,0xA7A3,0xA8A3,0xA9A3,0xC9A3,0xCAA3,0xEAA3,0xCA9B,0xAA9B,0xAA93,0x8993,0x8993,0x698B,0x0783,0xE77A,
0xE67A,0x0783,0x6993,0xCA9B,0x0BA4,0x6CAC,0x8DB4,0x4CAC,0xEAA3,0xCA9B,0xA99B,0xA99B,0x889B,0x278B,0xC582,0xC582,
0x078B,0x6893,0x899B,0x6993,0x288B,0x288B,0x6993,0xCB9B,0xEB9B,0xCB9B,0xAB93,0x6A8B,0x2983,0x0983,0x2983,0x6A8B,
0xAB93,0xCC9B,0xEC9B,0x0D9C,0x0D9C,0x2DA4,0xEC9B,0xEB9B,0xCA93,0xA993,0xA993,0xA99B,0xA99B,0xA9A3,0xC9A3,0xC9A3,
0xC9AB,0xE9AB,0xE9AB,0xE9AB,0x09AC,0x2AB4,0x2AB4,0x2AB4,0x4AB4,0x4BB4,0x4AB4,0x4BB4,0x4BB4,0x4BB4,0x4CB4,0x4CB4,
0x4BB4,0x2BAC,0x0BAC,0xEBA3,0xCAA3,0xCAA3,0xCAA3,0xEAA3,0x0AAC,0x4BAC,0x6CAC,0x6CAC,0x2B9C,0xAA8B,0x4A7B,0x0A6B,
0xA962,0x2752,0xC641,0xA639,0x8631,0x8631,0x6531,0x6531,0x4531,0x6531,0x6531,0x6531,0x6531,0x8531,0x8531,0x8531,
0x8531,0x8531,0x8531,0x8531,0x6531,0x4429,0x0421,0xE320,0xE320,0xE320,0xE320,0xE320,0xE320,0xE320,0x0421,0x0429,
0x6B7B,0x6B7B,0x6B7B,0x6B7B,0x6B7B,0x6B7B,0x6A7B,0x6B7B,0x6B7B,0x8B83,0x8B83,0x6B7B,0x6B83,0x6B83,0x8B83,0x8B83,
0x8B83,0x8C83,0x8C83,0x8C83,0x8C83,0x8C83,0x8C83,0x8C83,0x8C83,0x8C83,0x8C83,0x8C83,0x8C83,0xAC83,0xAC83,0xAC83,
0xAC83,0xAC83,0xAC83,0xAC83,0xAC83,0xAC8B,0xAC8B,0xCD8B,0xAC8B,0xAC8B,0xAC8B,0xAC8B,0xAC8B,0xAC8B,0xCD8B,0xAC8B,
0xAC8B,0xAC83,0xAC83,0xAC83,0xAC8B,0xAC8B,0xAC8B,0xAC8B,0xAC8B,0x8C83,0xCC8B,0x0D94,0x2D9C,0x8EAC,0x30C5,0xB1D5,
0xD1DD,0xF1E5,0xF0ED,0xD0ED,0xAFE5,0x6DDD,0x2CD5,0xCBCC,0x6ABC,0x4ABC,0x2ABC,0x4BBC,0x2CB4,0xEBA3,0xAB9B,0x6B93,
0x0993,0xC88A,0xC88A,0xE88A,0xE88A,0x2993,0x699B,0xAAA3,0x0BAC,0x4CB4,0x6CB4,0x4CB4,0x2BB4,0x0AAC,0x0AAC,0x09AC,
0xE9AB,0xE8AB,0x08AC,0x08AC,0x08B4,0x28B4,0x28B4,0x08B4,0xE8B3,0xC8B3,0xC7AB,0xA7AB,0xA7AB,0xA7AB,0xC7AB,0xC7AB,
0x87A3,0x66A3,0x469B,0x4793,0x4793,0x6893,0xA993,0xCA9B,0xCA9B,0xCA93,0xAA93,0xAA93,0x8993,0x8993,0x498B,0x2883,
0xE77A,0xE87A,0x698B,0xCA93,0x0BA4,0x4CAC,0x8DAC,0x6DAC,0x2CA4,0xEBA3,0xCAA3,0xEAA3,0xAA9B,0x4893,0xE682,0xE682,
0x278B,0x6893,0x8993,0x8993,0x6993,0x8A8B,0xAB93,0xCB93,0xCC93,0x8B93,0x6B8B,0x4A8B,0x2A83,0x0983,0x298B,0x6A93,
0xAC9B,0xCC9B,0xED9B,0x0D9C,0x0D9C,0x2D9C,0x0C9C,0xEC93,0xEB93,0xEA93,0xEA93,0xEA9B,0xC9A3,0xC9A3,0xA8A3,0xA8A3,
0xC8A3,0xE9AB,0xC9AB,0xC9AB,0xE9AB,0x0AB4,0x2BB4,0x4BB4,0x8CBC,0xACBC,0x8CBC,0x8CBC,0xADC4,0xCDC4,0xADC4,0x8CBC,
0x6BB4,0x4BB4,0x2BB4,0x0AAC,0xEAA3,0xEAA3,0xCAA3,0xEAA3,0x2BAC,0x4CAC,0x6CAC,0x6CAC,0x2B9C,0xA98B,0x2973,0xC962,
0xA95A,0x6852,0x074A,0xC639,0xA631,0x8631,0x6531,0x6531,0x6531,0x6531,0x6531,0x6531,0x6531,0x8531,0x8531,0x8531,
0x8531,0x8531,0x8531,0x8531,0x6531,0x4429,0x0421,0xC320,0xC320,0xE320,0xE320,0xE320,0xE320,0xE320,0x0421,0x0421,
0x6B7B,0x6B7B,0x6B7B,0x6B7B,0x6B7B,0x6B7B,0x6A7B,0x6B7B,0x6B7B,0x8B83,0x8B83,0x6B7B,0x6B83,0x6B83,0x8B83,0x8B83,
0x8B83,0x8C83,0x8C83,0x8C83,0x8C83,0x8C83,0x8C83,0x8C83,0x8C83,0x8C83,0x8C83,0x8C83,0x8C83,0x8C83,0x8C83,0x8C83,
0x8C83,0x8C83,0xAC83,0xAC83,0xAC83,0xAC83,0xAC83,0xAC8B,0xAC83,0xAC83,0xAC83,0xAC83,0xAC83,0xAC83,0xAC8B,0xAC83,
0xAC83,0xAC83,0xAC83,0xAC83,0xAC83,0xAC83,0xAC83,0xAC83,0xAC83,0xCC8B,0xCC8B,0xCC8B,0xEC93,0x4DA4,0xAEB4,0x50CD,
0x90D5,0xD0E5,0xF0E5,0xCFE5,0x8EE5,0x6DDD,0x2CD5,0xCBC4,0x4ABC,0x09B4,0x09B4,0x2AB4,0x2BB4,0xEBAB,0xCBA3,0x8A93,
0x0993,0xE88A,0xC88A,0x8782,0x867A,0xC78A,0x2993,0x8A9B,0xCBA3,0xEBA3,0xCA9B,0x899B,0xA9A3,0xA8A3,0xC9A3,0xC9AB,
0xC9AB,0xE8AB,0xE8AB,0xE8AB,0xE8AB,0x08B4,0x08B4,0xE8B3,0xC8B3,0xC7AB,0xA7AB,0x87A3,0x87A3,0x87A3,0x87A3,0x87A3,
0x87A3,0x679B,0x479B,0x679B,0x4793,0x4893,0x8993,0xAA93,0xCA9B,0xCB9B,0xCA93,0xAA93,0x8993,0x8993,0x698B,0x2983,
0xE77A,0xC77A,0x498B,0xAA93,0xEB9B,0x2CA4,0x4DAC,0x4CA4,0x2CA4,0x2CA4,0x0CA4,0xEBA3,0xAA9B,0x488B,0x0683,0x0683,
0x278B,0x288B,0x488B,0x6993,0x6993,0xAB93,0xCB93,0xCB93,0xAB93,0x8B8B,0x6B8B,0x4A8B,0x4A83,0x4A8B,0x6B8B,0x8B93,
0xAC93,0xCC9B,0xED9B,0xCC9B,0xCC93,0xEC93,0xCC93,0xCB93,0xCA93,0xCA93,0xCA93,0xCA9B,0xEAA3,0x0AAC,0x0AAC,0xC9A3,
0xA8A3,0xA8A3,0xC8AB,0xC9AB,0xE9AB,0x0AB4,0x4BB4,0x6CBC,0x8CBC,0xADC4,0xADC4,0xCDC4,0xADC4,0xCDC4,0xCDC4,0xCDC4,
0xCDC4,0xADC4,0xADBC,0x8CBC,0x4BB4,0x0AAC,0x0AAC,0x2BAC,0x2BAC,0x4CAC,0x6CAC,0x6CAC,0x4CA4,0xEB93,0x6A7B,0x0A6B,
0xA95A,0x4852,0x0742,0xC639,0xA631,0x8631,0x8531,0x8531,0x6531,0x6531,0x8531,0x8531,0x8531,0x8531,0x8531,0x8531,
0x8531,0x8639,0x8531,0x8531,0x6531,0x4529,0x0421,0xC320,0xC320,0xE320,0xE320,0xE320,0xE320,0xE320,0xE320,0x0421,
0x6B7B,0x6B7B,0x6B7B,0x6B7B,0x6B7B,0x6B7B,0x6A7B,0x6B7B,0x6B7B,0x8B83,0x8B83,0x6B7B,0x6B83,0x6B83,0x8B83,0x8B83,
0x8B83,0x8C83,0x8C83,0x8C83,0x8C83,0x8C83,0x8C83,0x6B83,0x6B83,0x6B83,0x6B83,0x6B83,0x6B83,0x8C83,0x8C83,0x8C83,
0x8C83,0x8C83,0x8C83,0x8C83,0x8C83,0x8C83,0x8C83,0x8C83,0xAC83,0xAC83,0xAC83,0xAC83,0xAC83,0xAC83,0xAC83,0x8C83,
0x8C83,0x8C83,0x8C83,0x8C83,0x8C83,0x8C83,0x8C83,0x8C83,0x8C83,0xAC8B,0xAC83,0xAC8B,0x4D9C,0xF0BC,0x50C5,0x91D5,
0xD1DD,0xF1E5,0xF0E5,0xCFE5,0x8EE5,0x6DDD,0x0CD5,0xABC4,0x49BC,0x09B4,0xE9AB,0xE9AB,0xEAAB,0x0BAC,0x0CAC,0xAB9B,
0x2993,0xC88A,0xA782,0x667A,0x4572,0x657A,0xE78A,0x2893,0x4993,0x6893,0x6893,0x689B,0x889B,0x889B,0xA8A3,0xC9AB,
0xE9AB,0xC8AB,0xC8AB,0xE8AB,0xE8AB,0xE7AB,0xC7AB,0xC7AB,0xC7AB,0xA7AB,0xA7AB,0xA7A3,0xA7A3,0x87A3,0xA7A3,0xA8A3,
0x87A3,0x679B,0x479B,0x4793,0x689B,0x899B,0xA99B,0xAA9B,0xCB9B,0xCB9B,0xCA93,0xAA93,0xAA93,0x8A93,0x698B,0x2983,
0xE87A,0xE77A,0x4983,0xAA93,0xCB93,0x0C9C,0x0CA4,0x0C9C,0x0C9C,0x0CA4,0xEBA3,0xCA9B,0x8993,0x488B,0x0783,0x0783,
0x0783,0x2783,0x288B,0x698B,0x6A93,0xAA93,0xAB93,0xAB93,0xAC93,0xAC8B,0x8C8B,0x6B8B,0x8C8B,0xAC8B,0xAC8B,0xAC8B,
0xAB93,0xAC93,0xAC93,0xAC93,0x8B8B,0x8B8B,0xAB8B,0xAB8B,0xAA93,0xAA93,0x8993,0x8993,0x8993,0xCAA3,0x0AAC,0x0AAC,
0xE9AB,0xC9AB,0xC9AB,0xC9AB,0xE9AB,0x2AB4,0x4BB4,0x8CBC,0xACC4,0xCDC4,0x0ECD,0x2ECD,0x0ECD,0x0ECD,0x0ECD,0xEECC,
0xCDC4,0xCDC4,0xADC4,0xACBC,0x6CBC,0x4BB4,0x2BB4,0x4BAC,0x4CAC,0x4CAC,0x4CAC,0x4CA4,0x2C9C,0xCA8B,0x4A7B,0xC962,
0x4752,0xE641,0xC639,0xC639,0xA631,0xA631,0x8631,0x8531,0x8539,0x8639,0x8531,0x8531,0x8639,0x8639,0xA639,0xA639,
0xA639,0xA639,0x8639,0x8531,0x6531,0x4531,0x0429,0xE320,0xC320,0xC320,0xE320,0xE320,0xE320,0xE320,0xE320,0xE320,
0x6B7B,0x6B7B,0x6B7B,0x6B7B,0x6B7B,0x6B7B,0x6A7B,0x6B7B,0x6B7B,0x8B83,0x8B83,0x6B7B,0x6B83,0x6B83,0x8B83,0x8B83,
0x8B83,0x6B83,0x6B83,0x6B83,0x6B83,0x6B83,0x6B83,0x6B7B,0x6B7B,0x6B7B,0x6B7B,0x6B7B,0x6B7B,0x6B7B,0x6B7B,0x6B7B,
0x6B7B,0x6B7B,0x6B7B,0x6B7B,0x6B83,0x8C83,0x8C83,0x8C83,0x8C83,0x8C83,0x8C83,0x8C83,0x8C83,0x8C83,0x8C83,0x8C83,
0x6B83,0x6B83,0x6B7B,0x6B7B,0x6B83,0x6B83,0x6B83,0x6B83,0x6B83,0x8B83,0x8B83,0xAC83,0x0D94,0xAEAC,0x30C5,0xB1D5,
0xD1DD,0xD1E5,0xB0E5,0x8FDD,0x6EDD,0x2DD5,0xCBCC,0x69BC,0x08B4,0xE8AB,0xC8AB,0xA9A3,0xA9A3,0xEAA3,0x0CAC,0xCBA3,
0x6A9B,0x098B,0xE88A,0xC782,0x8682,0x867A,0x088B,0x4993,0x699B,0x699B,0x899B,0x899B,0x889B,0x889B,0xA8A3,0xC9A3,
0xC9AB,0xC9AB,0x09AC,0x09B4,0x08B4,0xC7AB,0xA7AB,0xC8AB,0xA7AB,0xA7A3,0x87A3,0x87A3,0x87A3,0x88A3,0xA8A3,0x88A3,
0x889B,0x689B,0x689B,0x899B,0x899B,0xA99B,0xAA9B,0xAA93,0xAA93,0xAB93,0xAB93,0xAB93,0xAA93,0xAB93,0xAB93,0x8B8B,
0x2983,0x297B,0x4A83,0x8B8B,0xCB93,0xEC93,0xEC9B,0xEC9B,0xEC9B,0xEC9B,0xCB9B,0xAA93,0x698B,0x488B,0x2783,0x0783,
0x0783,0x2883,0x488B,0x498B,0x6A8B,0xAA8B,0xAB93,0xCC93,0xAC8B,0xAC8B,0xAC8B,0x8C8B,0xAD8B,0xCD8B,0xCD8B,0xAC8B,
0x8B8B,0x6B8B,0x8B8B,0x6B8B,0x6B83,0x6B83,0x8B8B,0x8B8B,0xAB8B,0xAA93,0xAA93,0x8993,0xA993,0x899B,0x6893,0x889B,
0xC9A3,0x09AC,0xE9AB,0xE9AB,0x09AC,0x4AB4,0x6BB4,0x8BBC,0x8CBC,0xCCC4,0xEDCC,0x0ECD,0xEDC4,0xEDCC,0xEDC4,0xCDC4,
0xCCC4,0xCCC4,0xCDC4,0x8CBC,0x6BB4,0x2BB4,0x2BAC,0x2BAC,0x2BAC,0x2CAC,0x4CAC,0x4DA4,0x2C9C,0xEB93,0xCC8B,0x4B73,
0xA962,0x274A,0xC639,0x8639,0xA631,0xA631,0x8631,0x8639,0x8639,0x8639,0x8639,0x8639,0x8639,0xA639,0xA639,0xA639,
0xA639,0xA639,0x8639,0x8531,0x6531,0x4531,0x0429,0xE320,0xC320,0xC320,0xC320,0xC320,0xE320,0xE320,0xE320,0xE320,
0x6B7B,0x6B7B,0x6B7B,0x6B7B,0x6B7B,0x6B7B,0x6B7B,0x6B7B,0x6B7B,0x6B7B,0x6B7B,0x6B83,0x6B83,0x6B83,0x6B83,0x6B83,
0x6B83,0x6B7B,0x6B7B,0x6B7B,0x6B7B,0x6B7B,0x6B7B,0x6B7B,0x6B7B,0x6B7B,0x6B7B,0x6B7B,0x6B7B,0x6B7B,0x6B7B,0x6B7B,
0x6B7B,0x6B7B,0x6B7B,0x6B83,0x6B83,0x8C83,0x8C83,0x8C83,0x8C83,0x8C83,0x6B7B,0x6B7B,0x6B7B,0x6B83,0x6B7B,0x6B7B,
0x6B7B,0x6B7B,0x6B7B,0x6B7B,0x6B7B,0x6B7B,0x6B7B,0x6B7B,0x6B7B,0x6B7B,0x6B7B,0x8B83,0xAB83,0x0C94,0xAEAC,0x50CD,
0xD1DD,0xF1E5,0xD0E5,0x8FDD,0x4DD5,0x0CD5,0xABC4,0x29B4,0xE8B3,0xC7AB,0x87A3,0x879B,0x889B,0xA99B,0xCA9B,0xAA9B,
0x6A9B,0x4993,0x088B,0xE88A,0xE78A,0xE78A,0x699B,0x899B,0xA9A3,0x899B,0x899B,0xA9A3,0xA8A3,0xA8A3,0xC9A3,0xE9AB,
0xE9AB,0xE9AB,0x09B4,0x09B4,0xC8AB,0x87A3,0xA7A3,0xA7A3,0x87A3,0x669B,0x669B,0x879B,0x679B,0x679B,0x679B,0x4793,
0x689B,0x889B,0xA99B,0xA99B,0x8993,0x6993,0x698B,0x6A8B,0x6A8B,0x6A8B,0x8A8B,0x8A8B,0x8A8B,0x8B8B,0xAC93,0xAC93,
0xAC8B,0x8B8B,0x8B8B,0xAB8B,0xCC93,0xEC93,0xEC93,0xEC93,0xEC93,0xCB93,0xAB93,0xAA93,0x898B,0x488B,0x2883,0x077B,
0x077B,0x2883,0x2883,0x498B,0x6A8B,0x8A8B,0xCB8B,0xCC93,0xAC8B,0xAC8B,0xAD8B,0x8D83,0xAD83,0x6C7B,0x0A73,0xC96A,
0x475A,0x4762,0x6762,0x6862,0x6762,0xA86A,0x0A73,0x2A7B,0x4A83,0x8A8B,0x8A8B,0x8A93,0x8993,0x6993,0x4893,0x4893,
0x4793,0x679B,0xE9AB,0x0AB4,0x2AB4,0x4AB4,0x6BB4,0x6BBC,0x6BBC,0x8CBC,0xACBC,0x8CBC,0x8BBC,0x8CBC,0x8CBC,0x8CBC,
0x8CBC,0x8CBC,0x8CBC,0x8CBC,0x6BB4,0x2BAC,0x0BAC,0x2BAC,0x2CAC,0x2CAC,0x4DA4,0x4DA4,0x2C9C,0xEB93,0xAC83,0x0A73,
0x6852,0xE641,0xA639,0xA639,0xA631,0xA631,0xA639,0xA639,0x8639,0x8639,0x8639,0x8531,0x8531,0xA639,0xA639,0xA639,
0xA639,0xA639,0x8531,0x8531,0x8531,0x4531,0x2429,0xE320,0xC320,0xC318,0xC320,0xC320,0xE320,0xE320,0xE320,0xE320,
0x6B7B,0x6B7B,0x6B7B,0x6B7B,0x6B7B,0x6B7B,0x6B7B,0x6B7B,0x6B7B,0x6B7B,0x6B7B,0x6B83,0x6B83,0x6B83,0x6B83,0x6B83,
0x6B83,0x6B7B,0x6B7B,0x6B7B,0x6B7B,0x6B7B,0x6B7B,0x6B7B,0x6B7B,0x6B7B,0x6B7B,0x6B7B,0x6B7B,0x6B7B,0x6B7B,0x6B7B,
0x6B7B,0x6B7B,0x6B7B,0x6B7B,0x6B7B,0x6B83,0x6B83,0x8C83,0x6B7B,0x6B7B,0x6B7B,0x4B7B,0x6B7B,0x6B7B,0x4B7B,0x4B7B,
0x4B7B,0x4B7B,0x4B7B,0x4B7B,0x6B7B,0x6B7B,0x6B7B,0x6B7B,0x6B7B,0x6B7B,0x6B7B,0x6B7B,0x6A7B,0x8A8B,0x2C9C,0xCEB4,
0x4FCD,0xB0DD,0xD0DD,0x8FDD,0x4DD5,0x0CCD,0xABC4,0x29B4,0x08B4,0xC8AB,0xA7A3,0x87A3,0x889B,0x889B,0x899B,0x8993,
0x8A9B,0x4993,0x2893,0x088B,0x2893,0x699B,0xAAA3,0xAAA3,0xCAA3,0xA9A3,0xCAA3,0xC9AB,0xC9A3,0x0AAC,0x2AB4,0x2AB4,
0x0AB4,0x0AB4,0x09B4,0x09AC,0x09B4,0xE9AB,0xA8A3,0x669B,0x669B,0x469B,0x669B,0x679B,0x4793,0x6793,0x4793,0x6893,
0x899B,0x899B,0x8993,0x6993,0x6A93,0x6A8B,0x6A8B,0x6A83,0x6B83,0x6B83,0x6B83,0x6B83,0x6A83,0x6A83,0x4A83,0x8C8B,
0xED93,0xED93,0xCC8B,0xAC8B,0xCC8B,0xEC93,0xEC93,0xCC93,0xCC8B,0xAB8B,0x8B93,0x8A93,0x8A8B,0x698B,0x4883,0x2783,
0x077B,0x0883,0x2983,0x498B,0x6A8B,0x8B8B,0xAB8B,0xAC8B,0xAC83,0x8C83,0x8D83,0xAD83,0x8D83,0x485A,0x2331,0xC220,
0x8118,0x6018,0x6118,0x6018,0x8118,0xE228,0x6439,0x0652,0xA86A,0x0973,0x297B,0x2983,0x498B,0x498B,0x4893,0x4893,
0x4793,0x4793,0x679B,0xC8A3,0x2AB4,0x6BB4,0x6BB4,0x4BB4,0x6BB4,0x6BB4,0x6BB4,0x6BB4,0x4AB4,0x4BB4,0x4BB4,0x6BB4,
0x6BB4,0x6BB4,0x6BB4,0x6BB4,0x6BB4,0x6CB4,0x4CB4,0x4CB4,0x4CB4,0x4DAC,0x4DAC,0x4DA4,0x0C9C,0xAB8B,0x6B7B,0xC962,
0x074A,0xA539,0x8531,0xA639,0xA631,0xA639,0xA639,0xA639,0xA639,0xA639,0xA639,0x8639,0x8639,0x8639,0xA639,0xA639,
0xA639,0xA639,0x8639,0x8639,0x8531,0x6531,0x2429,0x0421,0xC320,0xC320,0xC320,0xC320,0xE320,0xE320,0xE320,0xE320,
0x6B7B,0x6B7B,0x6B7B,0x6B7B,0x6B7B,0x6B7B,0x6B7B,0x6B7B,0x6B7B,0x6B7B,0x6B7B,0x6B7B,0x6B7B,0x6B7B,0x6B7B,0x6B7B,
0x6B7B,0x6B7B,0x6B7B,0x6B7B,0x6B7B,0x6B7B,0x6B7B,0x6B7B,0x6B7B,0x6B7B,0x6B7B,0x6B7B,0x6B7B,0x6B7B,0x6B7B,0x6B7B,
0x6B7B,0x6B7B,0x6B7B,0x6B7B,0x6B7B,0x6B7B,0x6B7B,0x6B83,0x6B7B,0x6B7B,0x4B7B,0x4B7B,0x4B7B,0x6B7B,0x4B7B,0x4B7B,
0x4B7B,0x4B7B,0x4B7B,0x6B7B,0x6B7B,0x6B7B,0x6B7B,0x6B7B,0x6B7B,0x6B7B,0x6B7B,0x6B7B,0x6A7B,0xAB8B,0x2C9C,0x0FBD,
0x70CD,0xB0D5,0xB0DD,0x8FD5,0x2DD5,0x0CCD,0xABC4,0x49B4,0x09B4,0xE8AB,0xA7A3,0xA7A3,0x889B,0x8893,0x8893,0x8993,
0xCA9B,0xAA9B,0x6993,0x6993,0x899B,0xAAA3,0xCAA3,0xEAAB,0xCAAB,0xCAAB,0xEAAB,0x0AAC,0x0AAC,0x6BBC,0x6BBC,0x4AB4,
0x2AB4,0x2AB4,0x0AB4,0x0AB4,0x2ABC,0x2ABC,0x09B4,0xA7A3,0x869B,0x669B,0x669B,0x6793,0x4793,0x6793,0x889B,0xA99B,
0x899B,0x6993,0x6993,0x498B,0x2983,0x297B,0x297B,0x2A7B,0x2A73,0x0A73,0xE96A,0xC96A,0xA862,0x8862,0x6762,0xA86A,
0x4B83,0xCD93,0xED93,0xCD93,0xCC8B,0xCC93,0xEC93,0xCC8B,0xCC8B,0xAB8B,0x8B8B,0x8A8B,0x6A8B,0x6983,0x4883,0x2883,
0x287B,0x087B,0x2983,0x4983,0x6A8B,0x8B83,0x8B83,0x8B83,0x8C83,0x8C83,0x8D83,0xAE83,0xCA62,0x0329,0x4010,0x2008,
0x4010,0x4010,0x4010,0x4010,0x6110,0x4010,0x4010,0x8018,0xE128,0x8441,0x265A,0x876A,0xA77A,0xE782,0xE782,0xE682,
0xE68A,0x068B,0x2693,0x4693,0x879B,0xC8A3,0x2AAC,0x4AB4,0x2AB4,0x2AB4,0x2AAC,0x2AAC,0x2AAC,0x09AC,0x09AC,0x2AAC,
0x2AB4,0x4AB4,0x4AB4,0x4BB4,0x6BB4,0x6CB4,0x6CB4,0x4CB4,0x4CB4,0x4DAC,0x4DAC,0x4EA4,0x0D9C,0xAB8B,0x2A73,0xA862,
0x064A,0x8539,0x8539,0xA639,0xC639,0xC739,0xC739,0xC639,0xC639,0xA639,0xA639,0xA639,0x8639,0x8639,0x8639,0xA639,
0xA639,0xA639,0xA639,0xA639,0xA639,0x6531,0x2529,0x0421,0xC320,0xC320,0xC320,0xC320,0xE320,0xE320,0xE320,0xE320,
0x6B7B,0x6B7B,0x6B7B,0x6B7B,0x6B7B,0x6B7B,0x6B7B,0x6B7B,0x6B7B,0x6B7B,0x6B7B,0x6B7B,0x6B7B,0x6B7B,0x6B7B,0x6B7B,
0x6B7B,0x6B7B,0x6B7B,0x6B7B,0x6B7B,0x6B7B,0x6B7B,0x6B7B,0x6B7B,0x6B7B,0x6B7B,0x6B7B,0x6B7B,0x6B7B,0x6B7B,0x6B7B,
0x6B7B,0x6B7B,0x6B7B,0x6B7B,0x6B7B,0x6B7B,0x6B7B,0x6B7B,0x6B83,0x6B7B,0x6B7B,0x6B7B,0x6B7B,0x6B7B,0x6B7B,0x6B7B,
0x6B7B,0x6B7B,0x6B7B,0x6B7B,0x6B7B,0x6B7B,0x6B7B,0x6B7B,0x6B7B,0x6B7B,0x6B7B,0x6B7B,0x6A7B,0x8B83,0x2C9C,0xEFBC,
0x70CD,0xB1DD,0xB0DD,0x8FDD,0x2DD5,0xECCC,0x8BC4,0x29B4,0x08B4,0xE8AB,0xA7A3,0xA7A3,0xA89B,0x889B,0x8893,0xA99B,
0xCBA3,0xCBA3,0xAA9B,0xAA9B,0xCAA3,0xEBA3,0xEBAB,0x0BAC,0x0BAC,0xEAAB,0x0BB4,0x2BB4,0x4BB4,0x8CBC,0x6BBC,0x2AB4,
0x0AB4,0x2AB4,0x2AB4,0x2AB4,0x2AB4,0x2AB4,0x0AB4,0x09AC,0xC8A3,0x879B,0x879B,0x679B,0x6793,0x889B,0xA99B,0x6993,
0x278B,0x288B,0x498B,0x2983,0x097B,0xA86A,0x475A,0x0652,0xC541,0x8439,0x2331,0xE228,0xC120,0xA128,0xC128,0xE230,
0xA549,0x0A73,0xAC8B,0xCC8B,0xAC8B,0xAC8B,0xCC8B,0xCC8B,0xAC8B,0xAB8B,0x8B8B,0x8A8B,0x6A8B,0x4983,0x4883,0x2883,
0x287B,0x087B,0x297B,0x4A83,0x6A8B,0x8B83,0x8B83,0x8B83,0x6C83,0x6C83,0x8D7B,0x4C73,0xA641,0x2008,0x4010,0x4008,
0x4008,0x8218,0xE320,0xA218,0x8210,0x4008,0x6110,0xA118,0x8118,0xA020,0x2239,0xC451,0x456A,0x8672,0xA67A,0x857A,
0x857A,0xC582,0xE58A,0x068B,0x4693,0x6793,0xA89B,0xC8A3,0xC8A3,0xC8A3,0xE9A3,0xE9A3,0x09AC,0xE9A3,0xE9AB,0x09AC,
0x2AAC,0x2AB4,0x2AB4,0x4BB4,0x4BB4,0x4BB4,0x4BB4,0x4CAC,0x4CAC,0x4DAC,0x6EAC,0x4EA4,0xEC9B,0x6B83,0x2A73,0xC962,
0x4752,0xE641,0xC641,0xC739,0xC739,0xC739,0xE741,0xE741,0xC641,0xC639,0xA639,0xA639,0x8639,0x8531,0x8639,0x8639,
0xA639,0xA639,0xA639,0xA639,0xA639,0x6531,0x4529,0x0429,0xE320,0xC318,0xC320,0xC320,0xE320,0xE320,0xE320,0xE320,
0x6A7B,0x6A7B,0x6A7B,0x6A7B,0x6A7B,0x6A7B,0x6B7B,0x6B7B,0x6B7B,0x6B7B,0x6B7B,0x6B7B,0x6B7B,0x6B7B,0x6B7B,0x6B7B,
0x6B7B,0x6B7B,0x6B7B,0x6B7B,0x6B7B,0x6B7B,0x6B7B,0x6B7B,0x6B7B,0x6B7B,0x6B7B,0x6B7B,0x6B7B,0x6B7B,0x6B7B,0x6B7B,
0x6B7B,0x6B7B,0x6B7B,0x6B7B,0x6B7B,0x6B7B,0x6B7B,0x6B7B,0x6B7B,0x6B7B,0x6B7B,0x6B7B,0x6B7B,0x6B7B,0x6B7B,0x6B7B,
0x6B7B,0x6B7B,0x6B7B,0x6B7B,0x6B7B,0x6B7B,0x6B7B,0x6B7B,0x6B7B,0x6B7B,0x6B7B,0x6B7B,0x4A7B,0x6A7B,0xAB8B,0x6DA4,
0x0FBD,0x70CD,0x90D5,0x6FD5,0x4ED5,0xECCC,0xABBC,0x49B4,0x09B4,0xE8AB,0xA8AB,0xA8A3,0x88A3,0x689B,0x899B,0x899B,
0xAA9B,0xCAA3,0xEBA3,0x0BAC,0x0BAC,0x0AAC,0x0AAC,0x0AAC,0x0AAC,0x2AAC,0x2AB4,0x2AB4,0x4BBC,0x4BBC,0x4BBC,0x4BBC,
0x4BBC,0x4BBC,0x4BBC,0x4BBC,0x2AB4,0x0AB4,0xE9AB,0xE9AB,0xC8A3,0x87A3,0x679B,0x679B,0x889B,0x4893,0x2893,0x078B,
0xE782,0xC77A,0xC872,0x6762,0xC549,0x4339,0xC120,0x4010,0x2008,0x0008,0x2010,0x0008,0x2010,0x4010,0x4010,0x2008,
0x4010,0x8539,0x0A6B,0x8C83,0xAC83,0xAC8B,0xAC8B,0xCB8B,0xAB83,0x8B8B,0x8B8B,0x8A8B,0x6A8B,0x4983,0x2983,0x287B,
0x287B,0x087B,0x297B,0x4A83,0x4A83,0x6B83,0x6B83,0x6B83,0x6B83,0x6C83,0x4C7B,0xA962,0xC320,0x6110,0x6110,0x8210,
0x0008,0xC320,0x0429,0x8210,0xA210,0xC318,0x4108,0xA218,0xC220,0x8118,0xA120,0x6339,0x055A,0x2562,0x6672,0x4572,
0x6472,0x8582,0xC582,0xC58A,0x0693,0x2693,0x4693,0x4793,0x679B,0x879B,0xA89B,0xC8A3,0xE9A3,0xE9A3,0xE9AB,0x09AC,
0x09AC,0x29AC,0x2AAC,0x2BAC,0x2BB4,0x2BAC,0x2BAC,0x4BAC,0x6CAC,0x6DAC,0x4DAC,0x4DA4,0x0D9C,0x6B83,0xEA6A,0x895A,
0x4852,0x274A,0x0742,0xE741,0xE739,0xE741,0xE741,0xE741,0xC741,0xC641,0xC639,0xA639,0xA639,0xA639,0x8639,0xA639,
0xA639,0xA639,0xA639,0xA639,0xA639,0x8531,0x2429,0xE320,0xC320,0xC320,0xC318,0xE320,0xE320,0xE320,0xE320,0xE320,
0x6B7B,0x6B7B,0x6B7B,0x6B7B,0x6B7B,0x6B7B,0x6B7B,0x6B7B,0x6B7B,0x6B7B,0x6B7B,0x6B7B,0x6B7B,0x6B7B,0x6B7B,0x6B7B,
0x6B7B,0x6B7B,0x6B7B,0x6B7B,0x6B7B,0x6B7B,0x6B7B,0x6B83,0x6B83,0x6B83,0x6B83,0x6B83,0x6B83,0x6B83,0x6B83,0x6B83,
0x6B83,0x6B83,0x8C83,0x8C83,0x8C83,0x8C83,0x8C83,0x8C83,0x6B83,0x6B83,0x8C83,0x8C83,0x8C83,0x8C83,0x6B7B,0x6B7B,
0x6B7B,0x6B7B,0x6B7B,0x6B7B,0x8C83,0x8C83,0x8C83,0x8C83,0x8C83,0x6B7B,0x8B7B,0x8B7B,0x6B7B,0x8B83,0xCB8B,0x0C94,
0x8DAC,0x0FBD,0x4FCD,0x2FCD,0x2ECD,0x0DCD,0xABC4,0x4AB4,0x09B4,0xE8AB,0xA8AB,0xA8A3,0x88A3,0x689B,0x689B,0x899B,
0x899B,0xCA9B,0xEBA3,0x2BAC,0x2BAC,0x2BAC,0x2BAC,0x2BAC,0x2BB4,0x4BB4,0x4AB4,0x4AB4,0x4BBC,0x4BBC,0x2AB4,0x6BBC,
0x8CC4,0x6BBC,0x6BBC,0x4BBC,0x2AB4,0x0AB4,0xE9AB,0xE9AB,0xC8AB,0xA8A3,0x679B,0x679B,0x479B,0x078B,0xE782,0xA67A,
0x8672,0x4662,0xE551,0x4339,0xA020,0x4010,0x4010,0x6110,0x4010,0x4110,0x8118,0x4110,0x8218,0x8218,0x8210,0x6110,
0x2008,0xA220,0x2752,0x4C7B,0x6C83,0x8C83,0x8B83,0x8B83,0x8B83,0x8B83,0x8B8B,0x8B8B,0x6A8B,0x4983,0x4983,0x287B,
0x087B,0x087B,0x297B,0x4A83,0x4A83,0x6A83,0x4A83,0x6B83,0x6B83,0x6C7B,0x2B73,0x2752,0x8118,0x4110,0x6110,0x6210,
0x0000,0x6210,0xA318,0x6210,0x8310,0xC318,0x6108,0xA218,0xC218,0xC220,0xA120,0x6439,0x2662,0x666A,0x8672,0x8572,
0x857A,0xC582,0xC68A,0xE692,0x0693,0x269B,0x479B,0x4693,0x4693,0x6793,0x679B,0x879B,0x879B,0xA8A3,0xC8A3,0xC8A3,
0xE9A3,0xE9A3,0xE9AB,0xEAAB,0x0AAC,0x2BAC,0x2BAC,0x4BAC,0x6CAC,0x8DAC,0x8EAC,0x8EAC,0x4EA4,0x0D9C,0xCD8B,0x4C73,
0xA95A,0x274A,0x0742,0xE741,0xE739,0xE741,0xE741,0xE741,0xE741,0xC741,0xC639,0xC639,0xC639,0xA639,0xA639,0xA639,
0xA639,0xA639,0xA639,0xA639,0xA639,0x8531,0x4529,0x0421,0xE320,0xE320,0xC320,0xC320,0xC320,0xE320,0xE320,0xE320,
0x6B83,0x6B83,0x6B83,0x6B83,0x6B83,0x6B83,0x6B7B,0x6B7B,0x6B7B,0x6B7B,0x6B7B,0x6B7B,0x6B7B,0x6B7B,0x6B7B,0x6B7B,
0x6B7B,0x8B83,0x8B83,0x8B83,0x8B83,0x8B83,0x8B83,0x8C83,0x8C83,0x8C83,0x8C83,0x8C83,0x8C83,0x8C83,0x8C83,0x8C83,
0x8C83,0x8C83,0x8C83,0x8C83,0x8C83,0x8C83,0x8C83,0x8C83,0x8C83,0x8C83,0x8C83,0x8C83,0x8C83,0x8C83,0x8C83,0x8C83,
0x8C83,0x8C83,0x8C83,0x8C83,0x8C83,0x8C83,0x8C83,0x8C83,0x8C83,0x8B83,0x8B7B,0x8B7B,0x8B7B,0x8B83,0xAB83,0xAB8B,
0x0C9C,0xCEB4,0x0FC5,0x0EC5,0xEDC4,0xEDC4,0xABBC,0x4AB4,0x29B4,0xC8AB,0xA8A3,0xA8A3,0x889B,0x689B,0x689B,0x689B,
0x899B,0xCA9B,0x0BA4,0x2BAC,0x4BB4,0x4BB4,0x2BB4,0x2BB4,0x4BB4,0x4BB4,0x4BB4,0x4BB4,0x4BBC,0x4BBC,0x4BBC,0x8BC4,
0x8CC4,0x8BC4,0x6BBC,0x4BBC,0x2AB4,0x0AB4,0x0AB4,0x09B4,0xA8A3,0x879B,0x88A3,0x4793,0xE68A,0xC67A,0x8672,0x456A,
0xE559,0x6341,0xA128,0x4010,0x6018,0x8118,0x8118,0x6110,0x4108,0xA218,0xE420,0x6110,0x8118,0xC320,0xA218,0xA218,
0x2008,0x0008,0x0331,0x6962,0x2B7B,0x6B83,0x8B83,0x6B83,0x6B83,0x8B83,0x6B8B,0x6A8B,0x6A83,0x4983,0x2983,0x087B,
0xE872,0xE872,0x097B,0x297B,0x2A7B,0x4A7B,0x4A7B,0x6B83,0x6B83,0x4B7B,0x0A6B,0x8539,0x4010,0x4110,0x8218,0xA318,
0xA218,0xC320,0xE420,0xC318,0x8210,0x6208,0x8210,0xA210,0xA218,0xA218,0x8118,0x6439,0x676A,0xA772,0xA672,0xA67A,
0xC682,0xE68A,0x2793,0x2793,0x479B,0x679B,0x679B,0x679B,0x6793,0x6793,0x6793,0x6793,0x679B,0x889B,0xA89B,0xA8A3,
0xC8A3,0xC8A3,0xC9A3,0xEAA3,0x0AAC,0x2BAC,0x4BAC,0x6CAC,0x8CAC,0x8DAC,0xAEB4,0xAFAC,0x6EA4,0x4EA4,0x2F94,0x8D83,
0xCA62,0x4852,0x274A,0x274A,0x0742,0xE741,0xE741,0xE741,0xC741,0xC741,0xC639,0xC639,0xC639,0xC639,0xC639,0xC639,
0xA639,0xA639,0xA639,0xA639,0xA639,0x8639,0x6531,0x2429,0x0429,0x0421,0xE320,0xC320,0xE320,0xE320,0xE320,0xE320,
0x6B83,0x6B83,0x6B83,0x6B83,0x6B83,0x6B83,0x6B7B,0x6B7B,0x6B7B,0x6B7B,0x6B7B,0x6B83,0x8B83,0x8B83,0x8B83,0x8B83,
0x8B83,0x8C83,0x8C83,0x8C83,0x8C83,0x8C83,0x8C83,0x8C83,0x8C83,0x8C83,0x8C83,0x8C83,0x8C83,0x8C83,0x8C83,0x8C83,
0x8C83,0x8C83,0x8C83,0x8C83,0x8C83,0x8C83,0x8C83,0x8C83,0x8C83,0x8C83,0x8C83,0x8C83,0x8C83,0x8C83,0x6B7B,0x6B7B,
0x6B7B,0x6B7B,0x6B7B,0x6B7B,0x6B7B,0x6B7B,0x6B7B,0x6B7B,0x6B7B,0x8B7B,0x6B7B,0x6B7B,0x8B7B,0x8B83,0x6B83,0x8A83,
0xEB93,0x8DAC,0x0FBD,0xEEC4,0xCDBC,0xACBC,0x6BB4,0x4AB4,0x09AC,0xC8AB,0xA8A3,0xA8A3,0x889B,0x689B,0x6893,0x6893,
0xAA9B,0xEAA3,0x2BAC,0x2BAC,0x4BAC,0x2BAC,0x2BB4,0x4BB4,0x4AB4,0x4AB4,0x6BB4,0x4AB4,0x4BBC,0x8BC4,0x6BBC,0x8CC4,
0x8CC4,0x6BBC,0x4BBC,0x0AB4,0xE9AB,0xE9AB,0xE9AB,0xE9AB,0xA7A3,0x669B,0x2693,0xE68A,0xA57A,0x8572,0x456A,0x255A,
0xC549,0x0231,0x6018,0x4010,0x8118,0xA118,0x8110,0x4108,0x2000,0x2108,0x8210,0x4108,0x8218,0xE420,0xA318,0x8218,
0x4110,0x0008,0x6120,0xA649,0xCA72,0x2B83,0x8C8B,0x8C8B,0x6B83,0x6B83,0x6A8B,0x4A83,0x2983,0x087B,0xE87A,0xE772,
0xC772,0xA772,0xC872,0xE97A,0x097B,0x2A7B,0x2A7B,0x4B7B,0x6B7B,0x2B7B,0xCA6A,0x2331,0x6010,0x4010,0x8218,0x0321,
0x4531,0x4531,0x8639,0x6631,0xE318,0xE318,0xC318,0xC218,0xA218,0x8118,0x8018,0xC541,0xA872,0x0883,0xC77A,0xE782,
0x288B,0x2793,0x689B,0x889B,0x88A3,0xA89B,0x889B,0xA89B,0x889B,0x889B,0x879B,0x879B,0x879B,0x889B,0x889B,0xA89B,
0xA89B,0xA8A3,0xC9A3,0xEAA3,0x0AA4,0x2BAC,0x2BAC,0x4CAC,0x8DAC,0x8DAC,0xAEAC,0xCFB4,0x8FAC,0x4E9C,0xEE8B,0x8D7B,
0x0B6B,0xA95A,0x8952,0x484A,0x2842,0x0742,0xE741,0xC639,0xA639,0xA639,0xC639,0xC639,0xC639,0xC639,0xC639,0xC639,
0xC639,0xC639,0xC639,0xC639,0xC639,0xA639,0x6531,0x4531,0x2429,0x0429,0xE320,0xE320,0xE320,0xE320,0xE320,0x0421,
0x8B83,0x8B83,0x8B83,0x8B83,0x8B83,0x8B83,0x6B83,0x6B83,0x6B83,0x6B83,0x6B83,0x8B83,0x8B83,0x8B83,0x8B83,0x8B83,
0x8B83,0x8C83,0x8C83,0x8C83,0x8C83,0x8C83,0x8C83,0xAC83,0xAC83,0xAC83,0xAC83,0xAC83,0xAC83,0xAC83,0xAC83,0x8C83,
0x8C83,0x8C83,0x8C83,0x8C83,0x8C83,0x8C83,0x8C83,0x8C83,0x8C83,0x8C83,0x8C83,0x6B83,0x6B83,0x6B83,0x6B7B,0x6B7B,
0x6B7B,0x6B7B,0x6B7B,0x6B7B,0x6B7B,0x6B7B,0x6B7B,0x6B7B,0x6B7B,0x6B7B,0x6B7B,0x6B7B,0x6B7B,0x6B7B,0x6B7B,0x6A83,
0xCB8B,0x6DA4,0xEFBC,0xEEBC,0xADB4,0x8CB4,0x6BB4,0x4AB4,0x09AC,0xC8A3,0xA8A3,0xA8A3,0x889B,0x689B,0x6893,0x6893,
0xCAA3,0x0BAC,0x4BAC,0x4BAC,0x2BAC,0x2BAC,0x2BB4,0x2AB4,0x4AB4,0x6BB4,0x6BB4,0x6BBC,0x6BBC,0x6BBC,0x8CC4,0xACC4,
0x6BBC,0x2AB4,0x0AB4,0xE9AB,0xC8AB,0xC8AB,0xC8AB,0xA8AB,0xA7A3,0x469B,0xC58A,0x847A,0x857A,0x6572,0x4562,0x055A,
0x0652,0x6339,0x8018,0x4010,0x6010,0xA218,0xA210,0x6108,0x6108,0x6208,0x6208,0x4208,0x6210,0x6210,0x8318,0x6210,
0x6218,0x0010,0x2010,0xC330,0xC651,0xCA72,0x4C83,0x6C83,0x8C8B,0x6B8B,0x4A8B,0x4A83,0x2983,0xE87A,0xC772,0xA772,
0xA772,0xA772,0xC87A,0xC87A,0xC872,0x097B,0x4A7B,0x4B7B,0x4B7B,0x4B7B,0xEA6A,0x8539,0x8118,0x2008,0x2008,0x6110,
0xE320,0x2431,0x6539,0xC741,0x4529,0xE320,0xA218,0xA218,0xA118,0x8018,0x2231,0x675A,0x097B,0x2983,0x288B,0x488B,
0x6893,0x689B,0xA9A3,0xA9A3,0xC9A3,0xC9A3,0xC9A3,0xC9A3,0xC8A3,0xA8A3,0xA89B,0x889B,0x879B,0x889B,0x889B,0x889B,
0x889B,0xA89B,0xA89B,0xC9A3,0xEAA3,0x0AA4,0x2BA4,0x2BA4,0x4CA4,0x6DAC,0x6EAC,0xAFAC,0xB0AC,0x4E9C,0xCD8B,0xAD83,
0x8D7B,0x4C73,0xCA5A,0x6952,0x2842,0x2742,0xE741,0xC639,0xA639,0xA639,0xA639,0xA639,0xA639,0xC639,0xC639,0xC741,
0xE741,0xE741,0xE741,0xE741,0xC741,0xA639,0x8639,0x6531,0x4531,0x2429,0x0421,0x0421,0x0421,0x0421,0x0421,0x0421,
0x8B83,0x8B83,0x8B83,0x8B83,0x8B83,0x8B83,0x8B83,0x8B83,0x8B83,0x8B83,0x8B83,0x8B83,0x8B83,0x8B83,0x8B83,0x8B83,
0x8B83,0x8C83,0x8C83,0x8C83,0x8C83,0x8C83,0x8C83,0x8C83,0x8C83,0x8C83,0x8C83,0x8C83,0x8C83,0x8C83,0x8C83,0x8C83,
0x8C83,0x8C83,0x8C83,0x8C83,0x8C83,0x8C83,0x8C83,0x8C83,0x8C83,0x8C83,0x8C83,0x6B83,0x6B7B,0x6B7B,0x6B7B,0x6B7B,
0x6B7B,0x6B7B,0x6B7B,0x6B7B,0x6B7B,0x6B7B,0x6B7B,0x6B7B,0x6B7B,0x6B7B,0x6B7B,0x4B7B,0x4B7B,0x4B7B,0x4B7B,0x6B7B,
0x6A83,0x8A8B,0x0C9C,0x4DA4,0x8DB4,0x8CB4,0x6CB4,0x4BB4,0x0AAC,0xC9A3,0xA8A3,0xA8A3,0xA8A3,0x889B,0x8893,0x889B,
0xC9A3,0x0AAC,0x4BAC,0x4BAC,0x4BAC,0x4BAC,0x4AB4,0x2AB4,0x4AB4,0x8BBC,0x8BBC,0x8BBC,0x8BBC,0x8BBC,0x8BC4,0x6BBC,
0x4ABC,0x29B4,0x09B4,0xE9AB,0xC8AB,0xA8A3,0xA7A3,0x679B,0x2693,0xE58A,0xA482,0xA482,0xA582,0xA67A,0x8672,0x4662,
0x4662,0xC549,0xA120,0x4010,0xA118,0xC218,0x2429,0x4529,0x0421,0x0421,0x0421,0x0421,0xE418,0xC318,0xE320,0x8218,
0x6218,0x0010,0x0010,0xA228,0xC651,0xA972,0x2B83,0x6B83,0x8C8B,0x6B8B,0x6B8B,0x4A8B,0x2983,0xE87A,0xC77A,0xA772,
0xA772,0xA772,0x8772,0x8772,0xA872,0xC872,0x4A83,0x4B83,0x4B83,0x2A7B,0xC96A,0x475A,0x8441,0x8439,0x2331,0xC120,
0x8018,0x6018,0x4010,0xC220,0x8539,0xE220,0x6010,0x4010,0x4010,0x0231,0x265A,0x0973,0x2983,0x298B,0x698B,0x8993,
0xA99B,0xCAA3,0x0AAC,0x0AAC,0xEAA3,0xEAA3,0xEAA3,0xC9A3,0xC9A3,0xA9A3,0x889B,0x889B,0x689B,0x889B,0x889B,0x889B,
0x889B,0x889B,0xA99B,0xC99B,0xCA9B,0xEAA3,0x0BA4,0x2BA4,0x4CA4,0x6DA4,0x6EA4,0x8FAC,0xAFAC,0x2E9C,0x6C83,0x0B6B,
0xCA62,0xCA62,0xA95A,0x6952,0x484A,0x284A,0x0742,0xE741,0xC641,0xA639,0xA639,0xA639,0xA639,0xA639,0xA639,0xC639,
0xC639,0xC639,0xE741,0xE741,0xE741,0xE741,0xC741,0xA639,0x6531,0x2429,0x0429,0xE320,0xE320,0xE320,0xE320,0xE320,
0x8C83,0x8C83,0x8C83,0x8C83,0x8C83,0x8C83,0x8B83,0x8B83,0x8B83,0x8B83,0x8B83,0x8B83,0x8B83,0x8B83,0x8B83,0x8B83,
0x8B83,0x8C83,0x8C83,0x8C83,0x8C83,0x8C83,0x8C83,0x8C83,0x8C83,0x8C83,0x8C83,0x8C83,0x8C83,0x8C83,0x8C83,0x8C83,
0x8C83,0x6B83,0x6B83,0x6B83,0x6B83,0x6B83,0x6B83,0x6B83,0x8C83,0x8C83,0x6B7B,0x6B7B,0x6B7B,0x6B7B,0x6B7B,0x6B7B,
0x6B7B,0x6B7B,0x6B7B,0x6B7B,0x6B7B,0x6B7B,0x6B7B,0x6B7B,0x6B7B,0x6B7B,0x6B7B,0x4B7B,0x4B7B,0x4B7B,0x4B7B,0x4A7B,
0x6A7B,0x8B83,0xCB93,0x0C9C,0x2CA4,0x6CB4,0x6CB4,0x6BB4,0x2AAC,0xE9AB,0xA8A3,0xA8A3,0xC8A3,0xA89B,0xA99B,0xC99B,
0x0AA4,0x2BAC,0x4BAC,0x4BB4,0x4BB4,0x6BB4,0x6BB4,0x6BB4,0x6BB4,0x8BBC,0x8BBC,0x6BBC,0x6BBC,0x8BC4,0x6ABC,0x09B4,
0x09AC,0xE9AB,0xE8AB,0xC8AB,0xA8A3,0x679B,0x469B,0x4693,0x0593,0x058B,0x0693,0x068B,0xE68A,0xA67A,0x8672,0x866A,
0x876A,0x6662,0x6339,0x4010,0x2010,0xA218,0x0321,0x4529,0x6529,0x4529,0x4529,0x4529,0x0429,0x0421,0xC320,0x6110,
0x0010,0x0010,0x8220,0x6549,0x2762,0xA972,0x0A7B,0x4B83,0x8B8B,0x6B8B,0x4A8B,0x2A83,0x0983,0xE87A,0xE77A,0x087B,
0x6A8B,0x8B93,0x4A83,0xE97A,0xE97A,0xA872,0xE87A,0x2983,0x2A83,0x097B,0xC872,0x6762,0x465A,0xC862,0xE96A,0xA862,
0x475A,0xA441,0x6439,0xC220,0xE228,0xA541,0xE228,0xC128,0x4339,0x6662,0x097B,0x297B,0x4983,0x488B,0x488B,0x6993,
0xA99B,0xEAA3,0x2BAC,0x2AAC,0x0AA4,0x0AA4,0xEAA3,0xEAA3,0xC9A3,0xC9A3,0xA9A3,0xA99B,0x889B,0x889B,0x889B,0x889B,
0x889B,0x889B,0x889B,0xA99B,0xCA9B,0xEA9B,0x0BA4,0x2BA4,0x2BA4,0x4DA4,0x6DA4,0x6EA4,0x4E9C,0xED8B,0x4C7B,0xCA62,
0x685A,0x895A,0xA95A,0x6952,0x684A,0x484A,0x284A,0x084A,0xE741,0xE741,0xC639,0xC639,0xA639,0xA639,0xA639,0xA639,
0xA639,0xA639,0xC639,0xE741,0xE741,0x0842,0xE741,0xC741,0x8639,0x4531,0x0429,0xE320,0xE320,0xE320,0xE320,0xE320,
0x8C83,0x8C83,0x8C83,0x8C83,0x8C83,0x8C83,0x8C83,0x8C83,0x8C83,0x8C83,0x8C83,0x8B83,0x8B83,0x8B83,0x8B83,0x8B83,
0x8B83,0x8B83,0x8B83,0x8B83,0x8B83,0x8B83,0x8B83,0x8C83,0x8C83,0x8C83,0x8C83,0x8C83,0x8C83,0x8C83,0x8C83,0x6B83,
0x6B83,0x6B7B,0x6B7B,0x6B7B,0x6B7B,0x6B7B,0x6B7B,0x6B7B,0x6B83,0x6B83,0x6B7B,0x6B7B,0x6B7B,0x6B7B,0x6B7B,0x6B7B,
0x6B7B,0x6B7B,0x6B7B,0x6B7B,0x6B7B,0x6B7B,0x6B7B,0x6B7B,0x6B7B,0x6B7B,0x6B7B,0x4B7B,0x4B7B,0x4B7B,0x6B7B,0x4B7B,
0x6B7B,0x8B83,0xAB8B,0xEC9B,0x2CA4,0x4CAC,0x6CB4,0x6CB4,0x4BB4,0x0AAC,0xC9A3,0xC9A3,0xC9A3,0xC99B,0xC99B,0x0AA4,
0x2BAC,0x4BB4,0x6CB4,0x6BB4,0x6BB4,0x6BB4,0x6BB4,0x6BB4,0x6BB4,0x8BBC,0xABBC,0x6BBC,0x4ABC,0x4ABC,0x29B4,0xE9AB,
0xE8AB,0xE8AB,0xC8AB,0xA8A3,0x87A3,0x669B,0x4693,0x2693,0x4693,0x679B,0x679B,0x679B,0x4793,0x068B,0xC682,0xC67A,
0xC77A,0xC77A,0x4762,0x0331,0x2008,0x6010,0x8110,0xA218,0xE320,0xE320,0xE318,0xC318,0xA218,0x8218,0x2008,0x6118,
0xE328,0x6539,0x285A,0xCA72,0xC972,0xC972,0xE97A,0x4A83,0x6B8B,0x4A83,0x2A83,0x0983,0x2983,0x8A8B,0xCB9B,0x6EAC,
0xF0BC,0x52CD,0x52CD,0x11C5,0xD0BC,0xECA3,0x298B,0xE87A,0x0983,0x0983,0x297B,0x097B,0xC872,0xE872,0x4A7B,0x8B7B,
0xAC83,0x4B83,0x2A7B,0x2A7B,0xC96A,0x2A73,0xE972,0xE972,0x0973,0x097B,0x2983,0x4983,0x498B,0x698B,0x8993,0xCA9B,
0xEAA3,0x0AAC,0x2AAC,0x0AAC,0x0AA4,0x0AA4,0x0AA4,0x0AA4,0xEAAB,0xE9A3,0xC9A3,0xC9A3,0xC9A3,0x889B,0x889B,0x889B,
0x889B,0x889B,0x889B,0xA99B,0xCA9B,0xEA9B,0x0A9C,0x0BA4,0x2B9C,0x4CA4,0x4DA4,0x2D9C,0x0D94,0x8C83,0xEA6A,0x8962,
0x6852,0x6952,0x8952,0x8952,0x6952,0x6952,0x684A,0x484A,0x284A,0x084A,0x0742,0xE741,0xC639,0xA639,0xA639,0xA639,
0x8531,0x8531,0x8639,0xA639,0xC741,0xE741,0xE741,0xE741,0xA639,0x6531,0x4529,0x0421,0x0421,0x0421,0x0421,0x0421,
0x8C83,0x8C83,0x8C83,0x8C83,0x8C83,0x8C83,0x8C83,0x8C83,0x8C83,0x8C83,0x8C83,0x8C83,0x8B83,0x8B83,0x8B83,0x8B83,
0x8B83,0x8B83,0x8B83,0x8B83,0x8B83,0x8B83,0x8B83,0x6B7B,0x6B7B,0x6B7B,0x6B7B,0x6B7B,0x6B7B,0x6B7B,0x6B7B,0x6B7B,
0x6B7B,0x6B7B,0x6B7B,0x6B7B,0x6B7B,0x6B7B,0x6B7B,0x6B7B,0x6B7B,0x6B7B,0x6B7B,0x6B7B,0x6B7B,0x6B7B,0x6B7B,0x6B7B,
0x6B7B,0x6B7B,0x6B7B,0x6B7B,0x6B7B,0x6B7B,0x6B7B,0x6B7B,0x6B7B,0x6B7B,0x4B7B,0x4B7B,0x4A7B,0x4B7B,0x4A7B,0x2A73,
0x6B7B,0xAB83,0xCC8B,0xEC93,0x0C9C,0x4CA4,0x6CAC,0x6CB4,0x4BAC,0x2AAC,0xE9A3,0xE9A3,0xC9A3,0xC99B,0xE9A3,0x2AAC,
0x6BAC,0x6CB4,0x6CB4,0x4BB4,0x4BB4,0x6BB4,0x6BB4,0x6BB4,0x6BB4,0x6BB4,0x6BBC,0x4AB4,0x2AB4,0x29B4,0x09B4,0x09AC,
0xE9AB,0xE8AB,0xA8A3,0x679B,0x469B,0x2693,0x2693,0x679B,0xA8A3,0xA8A3,0xA8A3,0xA8A3,0xC9A3,0xA9A3,0x6893,0x288B,
0x278B,0xE782,0xE87A,0x8762,0x6439,0x8018,0x2008,0x2008,0x2008,0x0008,0x0008,0x0008,0x4010,0xA120,0x6439,0x285A,
0xEA72,0x2B7B,0x2B7B,0x2A7B,0x2A83,0x097B,0xE87A,0x4983,0x6A8B,0x498B,0x4A8B,0x6A8B,0xEC9B,0xAFB4,0x51CD,0xD3DD,
0x14DE,0x14DE,0x35E6,0x35E6,0x35E6,0xB3D5,0x8EB4,0xAA93,0x8A93,0xAB93,0x8A8B,0x4983,0x4983,0x6A83,0xEC93,0x8EA4,
0xCFAC,0x10BD,0xCFB4,0xAFAC,0x6EA4,0x6EA4,0x4DA4,0x2C9C,0x0C9C,0xEB93,0xCA93,0xCA93,0xEB9B,0x0BA4,0x2CA4,0x4CAC,
0x6CAC,0x6CB4,0x4BAC,0x4BAC,0x2BA4,0x2BA4,0x0BA4,0xEAA3,0xEAA3,0xEAA3,0xC9A3,0xC9A3,0xC9A3,0xA99B,0xA99B,0x889B,
0x889B,0x889B,0x899B,0xA99B,0xCA9B,0xCA9B,0xEA9B,0x0B9C,0x2C9C,0x2DA4,0x4D9C,0x0D94,0xCC8B,0x6B83,0x2B73,0xCA62,
0xAA5A,0x695A,0x6952,0x8952,0x8952,0x8952,0x6952,0x4952,0x484A,0x484A,0x084A,0xE741,0xC641,0xA639,0x8639,0x8539,
0x8531,0x6531,0x6531,0x8531,0xA639,0xA639,0xC739,0xC741,0xC739,0x8639,0x4531,0x2429,0x0429,0x0429,0x0429,0x0429,
0x8C83,0x8C83,0x8C83,0x8C83,0x8C83,0x8C83,0x8C83,0x8C83,0x8C83,0x8C83,0x8C83,0x8C83,0x8C83,0x8C83,0x6B83,0x6B83,
0x6B83,0x6B7B,0x6B7B,0x6B7B,0x6B7B,0x6B7B,0x6B7B,0x6B7B,0x6B7B,0x6B7B,0x6B7B,0x6B7B,0x6B7B,0x6B7B,0x6B7B,0x6B7B,
0x6B7B,0x6B7B,0x6B7B,0x6B7B,0x6B7B,0x6B7B,0x6B7B,0x6B7B,0x6B7B,0x6B7B,0x6B7B,0x6B7B,0x6B7B,0x6B7B,0x6B7B,0x6B7B,
0x6B7B,0x6B7B,0x6B7B,0x6B7B,0x6B7B,0x6B7B,0x6B7B,0x6B7B,0x6B7B,0x4B7B,0x4A7B,0x4A7B,0x4A7B,0x4A7B,0x2A7B,0x2A73,
0x4A7B,0x8B83,0xED8B,0x0D94,0x2D9C,0x2CA4,0x4CA4,0x4BAC,0x2BA4,0x0AA4,0xE9A3,0xE9A3,0xE9A3,0xE9A3,0x0AA4,0x4BAC,
0x6CB4,0x8CB4,0x6CB4,0x4BAC,0x4BAC,0x4BB4,0x6BB4,0x4BB4,0x4BB4,0x2AB4,0x4AB4,0x4AB4,0x4AB4,0x4AB4,0x2AB4,0x29AC,
0x09B4,0xE9AB,0x88A3,0x479B,0x2693,0x0693,0x479B,0x88A3,0xA9A3,0xC9A3,0xC9A3,0xE9A3,0xEAA3,0xC9A3,0xC9A3,0xA99B,
0x6893,0x078B,0xE77A,0xE86A,0xE86A,0x465A,0xA441,0x2339,0xE230,0x0231,0x6441,0xE549,0x675A,0xE972,0x2B83,0x8C8B,
0xCD93,0xAC93,0xAC93,0x6B8B,0x6A8B,0x498B,0x498B,0xAA93,0xCB9B,0xCA9B,0xAA93,0x0BA4,0x0FBD,0xB2D5,0x13DE,0x55E6,
0x55E6,0x55E6,0x55E6,0x55E6,0x55E6,0x34E6,0x71CD,0x8EAC,0x2CA4,0x2C9C,0xEB9B,0xAA93,0xCB93,0x2CA4,0xCFB4,0x71CD,
0xD2D5,0xF3DD,0x13DE,0xF2DD,0xD2D5,0xD2D5,0xD2D5,0xB1D5,0x90CD,0x4FC5,0x0EBD,0x0EBD,0xEEBC,0xEEBC,0xEEBC,0xEEBC,
0xEEBC,0xCEBC,0xADB4,0x6CAC,0x4CAC,0x2CA4,0x0BA4,0xEBA3,0xEAA3,0xEAA3,0xCA9B,0xCA9B,0xA99B,0xA99B,0xA993,0x8993,
0x8993,0xA993,0xA993,0xA993,0xCA9B,0xEA9B,0xEB9B,0x0CA4,0x2DA4,0x2D9C,0x2D9C,0x0D9C,0xCC93,0x8C8B,0x6C7B,0xCA62,
0x8A5A,0x4852,0x2852,0x4852,0x484A,0x4952,0x4952,0x494A,0x484A,0x484A,0x084A,0x074A,0xC741,0xA639,0x8639,0x6531,
0x4531,0x4431,0x2429,0x4431,0x6531,0x8639,0x8639,0x8639,0xA639,0x8639,0x4531,0x2429,0x2429,0x0429,0x0429,0xE428,
0x8C83,0x8C83,0x8C83,0x8C83,0x8C83,0x8C83,0x8C83,0x8C83,0x8C83,0x8C83,0x8C83,0x8C83,0x8C83,0x6B83,0x6B7B,0x6B7B,
0x6B7B,0x6B7B,0x6B7B,0x6B7B,0x6B7B,0x6B7B,0x6B7B,0x6B7B,0x6B7B,0x6B7B,0x6B7B,0x6B7B,0x6B7B,0x6B7B,0x6B7B,0x6B7B,
0x6B7B,0x6B7B,0x6B7B,0x6B7B,0x6B7B,0x6B7B,0x6B7B,0x6B7B,0x6B7B,0x6B7B,0x6B7B,0x6B7B,0x6B7B,0x6B7B,0x6B7B,0x6B7B,
0x6B7B,0x6B7B,0x6B7B,0x6B7B,0x6B7B,0x6B7B,0x4B7B,0x4B7B,0x4B7B,0x4B7B,0x4A7B,0x4A7B,0x4A7B,0x4A7B,0x4A7B,0x4A7B,
0x4A7B,0x8B83,0xCC8B,0x2E94,0x4E9C,0x4DA4,0x6DAC,0x6CAC,0x4CAC,0x2BAC,0x2AAC,0x2AAC,0x2AAC,0x0AA4,0x2AA4,0x4BAC,
0x6CAC,0x8CB4,0x6CAC,0x4BAC,0x2BAC,0x4BAC,0x4BB4,0x4BB4,0x4BB4,0x4BBC,0x4AB4,0x4AB4,0x6AB4,0x49B4,0x29AC,0x09AC,
0xE8AB,0xC8A3,0x679B,0x269B,0x269B,0x469B,0x88A3,0xC9A3,0xA9A3,0xA9A3,0xEAAB,0xEAAB,0xEAA3,0x2BAC,0x2BAC,0x0AAC,
0xCAA3,0x8893,0x488B,0x287B,0x0873,0x087B,0x097B,0x097B,0x097B,0x097B,0x297B,0x4A83,0x6A83,0xAB8B,0x2DA4,0xAFB4,
0xD0BC,0xAFB4,0x6EAC,0x2DA4,0x0CA4,0xEB9B,0x0CA4,0xEBA3,0xEBA3,0x2CA4,0x2BA4,0x8DB4,0x50CD,0xD2DD,0xD3D5,0xB2D5,
0xB2D5,0x92CD,0xB3D5,0xF4D5,0x34DE,0x34E6,0x71CD,0xAEB4,0x0C9C,0xEB9B,0x0C9C,0x0C9C,0x6DAC,0xEFBC,0x71CD,0xD3D5,
0xF3DD,0xF3DD,0xD2D5,0xF3DD,0x33E6,0x33E6,0x54E6,0x54E6,0x33E6,0x33DE,0x12DE,0xF2DD,0xD2DD,0xB2D5,0x91CD,0x50CD,
0x30C5,0x0FBD,0xAEB4,0x8DAC,0x6CAC,0x4CAC,0x2CA4,0x0BA4,0x0BA4,0xEB9B,0xCA9B,0xCA9B,0xCA9B,0xA993,0x8993,0x8993,
0x8993,0x8993,0xA993,0xCA9B,0xEA9B,0xEA9B,0xEB9B,0x0C9C,0x2DA4,0x2D9C,0x0D9C,0x0D94,0xCC8B,0x4B7B,0x0B73,0x8A5A,
0x6952,0x084A,0x084A,0x074A,0xE741,0xE741,0x0742,0x0842,0x284A,0x284A,0xE749,0xE741,0xC741,0xA639,0xA639,0x8539,
0x6531,0x4531,0x4531,0x4531,0x6531,0x6531,0x6639,0x6639,0x8639,0x6531,0x2531,0x0429,0x0429,0x0429,0x0429,0xE428,
0x8C83,0x8C83,0x8C83,0x8C83,0x8C83,0x8C83,0x8C83,0x8C83,0x8C83,0x8C83,0x8C83,0x6B83,0x6B83,0x6B7B,0x6B7B,0x6B7B,
0x6B7B,0x6B7B,0x6B7B,0x6B7B,0x6B7B,0x6B7B,0x6B7B,0x6B7B,0x6B7B,0x6B7B,0x6B7B,0x6B7B,0x6B7B,0x6B7B,0x6B7B,0x6B7B,
0x6B7B,0x6B7B,0x6B7B,0x6B7B,0x6B7B,0x6B7B,0x6B7B,0x6B7B,0x6B7B,0x6B7B,0x6B7B,0x6B7B,0x6B7B,0x6B7B,0x6B7B,0x6B7B,
0x6B7B,0x6B7B,0x6B7B,0x6B7B,0x4B7B,0x4B7B,0x4B7B,0x4B7B,0x4B7B,0x4A7B,0x4A7B,0x4A7B,0x4A7B,0x4A7B,0x4B7B,0x4B7B,
0x4A7B,0x4B7B,0x6B7B,0xAC83,0xCC8B,0x0C9C,0x2CA4,0x4DAC,0x6DAC,0x4CAC,0x2BAC,0x2BAC,0x4BAC,0x2BAC,0x2BAC,0x4CAC,
0x8CB4,0x8CB4,0x6CB4,0x4BAC,0x2BAC,0x4BAC,0x4BB4,0x2AB4,0x4BB4,0x6BBC,0x4BBC,0x2AB4,0x29B4,0x28AC,0xE8AB,0xC7A3,
0xA7A3,0x669B,0x2693,0x469B,0x679B,0x87A3,0xA8A3,0xC9A3,0xC9A3,0xC9A3,0x0AAC,0x2BAC,0x2BAC,0x4BB4,0x4BB4,0x4BAC,
0x2BAC,0x0AA4,0xEA9B,0xA993,0x888B,0x698B,0x698B,0x698B,0x4983,0x698B,0xAA93,0xEB9B,0x2CA4,0xEFBC,0x51CD,0xB2D5,
0xD2D5,0xB2D5,0x91D5,0x71CD,0x51CD,0x10C5,0xCFBC,0x2CAC,0xCB9B,0x0CA4,0x6CAC,0xADB4,0x30C5,0x71CD,0x71CD,0x71CD,
0x31C5,0x10BD,0x11C5,0x72CD,0xB3D5,0xB3D5,0x92CD,0x8EAC,0xEC9B,0x0C9C,0x2DA4,0x4DA4,0xCFB4,0x72C5,0xD3D5,0xD3D5,
0xF3DD,0xF3D5,0xD3D5,0xF3D5,0x13DE,0x14DE,0x34DE,0x34E6,0x34DE,0x33DE,0x13DE,0x13DE,0x13DE,0xF3DD,0xD2D5,0x91CD,
0x50C5,0x0FBD,0xAEB4,0x8DAC,0x6DAC,0x6DAC,0x4CA4,0x2CA4,0x2BA4,0xEB9B,0xCA9B,0xCA9B,0xCA9B,0xAA93,0xAA93,0xA993,
0xA993,0xAA93,0xAA93,0xCA93,0xEA9B,0xEA9B,0xEB9B,0x0C9C,0x2DA4,0x2D9C,0xED93,0xAC8B,0x4B7B,0xA862,0xE749,0x6539,
0x8639,0x8539,0x8639,0x8639,0x6531,0x8531,0x8639,0xA639,0xC639,0xC639,0xC741,0xC741,0xC741,0xC641,0xC641,0xC641,
0xA639,0xA639,0xA639,0x8639,0x8539,0x8639,0x8631,0x6531,0x6531,0x4531,0x2429,0x0429,0x0429,0x0421,0x0421,0x0421,
0x8C83,0x8C83,0x8C83,0x8C83,0x8C83,0x8C83,0x8C83,0x8C83,0x8C83,0x8C83,0x8C83,0x6B83,0x6B7B,0x6B7B,0x6B7B,0x6B7B,
0x6B7B,0x6B7B,0x6B7B,0x6B7B,0x6B7B,0x6B7B,0x6B7B,0x6B7B,0x6B7B,0x6B7B,0x6B7B,0x6B7B,0x6B7B,0x6B7B,0x6B7B,0x6B7B,
0x6B7B,0x6B7B,0x6B7B,0x6B7B,0x6B7B,0x6B7B,0x6B7B,0x6B7B,0x6B7B,0x6B7B,0x6B7B,0x6B7B,0x6B7B,0x6B7B,0x6B7B,0x6B7B,
0x6B7B,0x6B7B,0x6B7B,0x6B7B,0x4B7B,0x4B7B,0x4B7B,0x4B7B,0x4B7B,0x2A7B,0x4A7B,0x4A7B,0x4A7B,0x4B7B,0x4B7B,0x4B7B,
0x4B7B,0x4B7B,0x6B7B,0x6B7B,0x8B83,0x8B8B,0xCB93,0x0CA4,0x2DAC,0x4CAC,0x4CAC,0x4CAC,0x4CAC,0x4CAC,0x6CAC,0x8DB4,
0x8DB4,0x8DB4,0x6CB4,0x4BAC,0x2BAC,0x4BB4,0x4BB4,0x2AB4,0x4AB4,0x6BBC,0x4BBC,0x09B4,0xE8AB,0xE7A3,0xA7A3,0x869B,
0x669B,0x669B,0x4593,0x4693,0x669B,0x879B,0xC9AB,0xE9A3,0xEAA3,0xEAA3,0xEAA3,0x0AAC,0x4BAC,0x4BAC,0x2BAC,0x2BAC,
0x2BA4,0x2BA4,0x2BA4,0x2BA4,0x4BAC,0x4BAC,0x6CAC,0x6CAC,0x8DB4,0xADB4,0xEEBC,0x0FC5,0x2FCD,0x91D5,0xB1D5,0xB1D5,
0xB1D5,0x91D5,0xB1D5,0x91D5,0xB1D5,0x92D5,0xEFC4,0x8EB4,0x0CAC,0xEBA3,0x0BA4,0x4CAC,0x8EB4,0xCFBC,0x30C5,0x51CD,
0x10C5,0xCFBC,0xD0BC,0x11C5,0x72CD,0x32C5,0x6EAC,0x2DA4,0xEC9B,0xCC93,0x2DA4,0x6EAC,0xF0BC,0x93CD,0xD4D5,0xF4D5,
0xD4D5,0xF4D5,0xD3D5,0xB2CD,0x92C5,0x92CD,0xD2CD,0xD3D5,0xF3D5,0xF3D5,0xF3D5,0xD3D5,0xD3D5,0xF3DD,0xF3DD,0xB2D5,
0x71CD,0x30C5,0xEFBC,0xCEB4,0x8EB4,0x8DAC,0x6DAC,0x4CA4,0x2CA4,0xEB9B,0xCA9B,0xCA93,0xCA9B,0xCA93,0xCA93,0xAA93,
0xAA93,0xCA93,0xCA93,0xCA93,0xEB9B,0xEB93,0xEB93,0x0C9C,0x2D9C,0x2D94,0xEC8B,0xAC8B,0x4B7B,0xA862,0xE649,0x2429,
0x0329,0xC320,0xE320,0x0429,0x0321,0x0321,0x2429,0x2429,0x4429,0x4531,0x4531,0x6531,0x6531,0x6531,0x8539,0x8539,
0x8639,0xA639,0xA639,0xA639,0xA639,0xC639,0xA639,0x8631,0x6531,0x4529,0x0429,0x0421,0x0421,0x0421,0x0421,0x0421,
0x8C83,0x8C83,0x8C83,0x8C83,0x8C83,0x8C83,0x8C83,0x8C83,0x8C83,0x8C83,0x8C83,0x8C83,0x8C83,0x8C83,0x8C83,0x8C83,
0x8C83,0x6B83,0x6B83,0x6B83,0x6B83,0x6B83,0x6B83,0x6B7B,0x6B7B,0x6B7B,0x6B7B,0x6B7B,0x6B7B,0x6B7B,0x6B7B,0x6B7B,
0x6B7B,0x6B7B,0x6B7B,0x6B7B,0x6B7B,0x6B7B,0x6B7B,0x6B7B,0x6B7B,0x6B7B,0x6B7B,0x6B7B,0x6B7B,0x6B7B,0x6B7B,0x6B7B,
0x6B7B,0x6B7B,0x6B7B,0x6B7B,0x6B7B,0x4B7B,0x4B7B,0x4B7B,0x4B7B,0x4B7B,0x4B7B,0x4B7B,0x4B7B,0x4B7B,0x4B7B,0x4B7B,
0x4B7B,0x4B7B,0x6B7B,0x6B7B,0x4B7B,0x4A83,0x8B8B,0xCB93,0x0CA4,0x2CAC,0x4CAC,0x4CAC,0x6DB4,0x6DB4,0x8DB4,0x8DB4,
0xADB4,0x8CB4,0x4CAC,0x4BAC,0x4BAC,0x4BAC,0x4BB4,0x2AB4,0x2AB4,0x2AB4,0x0AB4,0xE9AB,0xE8A3,0xC7A3,0xA79B,0x869B,
0x6693,0x4693,0x4693,0x6693,0x879B,0xA8A3,0xC8A3,0xE9A3,0xEAA3,0xEAA3,0xEAA3,0x0AA4,0x4BAC,0x6CB4,0x8CB4,0x8DB4,
0x8DB4,0x6CAC,0x8CB4,0xACB4,0xCDBC,0xEEC4,0x2ECD,0x6FCD,0x90D5,0x90D5,0x90D5,0x90D5,0x91D5,0xB1D5,0x90CD,0x6FCD,
0x6FCD,0x91D5,0xB1D5,0xB1D5,0xF3DD,0xF3DD,0x71D5,0x10C5,0x8EB4,0x0CA4,0x0CA4,0xEB9B,0x0CA4,0x4DAC,0x8FB4,0xD0BC,
0xB0BC,0x8FBC,0x90BC,0xB0BC,0x90BC,0x6FB4,0xAC9B,0xED9B,0xCC9B,0x8B93,0x0DA4,0xAFB4,0x52C5,0xD4D5,0x15DE,0x15DE,
0xD4D5,0xD4CD,0xB3CD,0x72C5,0x31BD,0x11BD,0x31BD,0x31BD,0x71C5,0xB2CD,0xB2CD,0x92CD,0x92CD,0x92CD,0x92CD,0xB2CD,
0x92CD,0x91CD,0x51C5,0x10BD,0xAEB4,0x8EAC,0x6DAC,0x4CA4,0x2CA4,0x0C9C,0xEB9B,0xEB9B,0xEB9B,0xEB9B,0xCA93,0xAA93,
0xCA93,0xEB9B,0xEB9B,0xEB93,0x0B9C,0x0C9C,0x0C9C,0x0C9C,0x2D9C,0x2D94,0xAC83,0x2A73,0xC96A,0x685A,0xE749,0x6539,
0xE328,0xA218,0xA220,0xC320,0xC218,0xC218,0xC320,0xE320,0xE320,0xE320,0xE320,0x0329,0x0429,0x2429,0x2429,0x2429,
0x4431,0x4531,0x6531,0x8539,0xA639,0xA639,0xA639,0xA639,0x6531,0x4529,0x2429,0xE320,0x0321,0x0321,0x0421,0x0421,
0x8C83,0x8C83,0x8C83,0x8C83,0x8C83,0x8C83,0x8C83,0x8C83,0x8C83,0x8C83,0x8C83,0x8C83,0x8C83,0x8C83,0x8C83,0x8C83,
0x8C83,0x8C83,0x8C83,0x8C83,0x8C83,0x8C83,0x8C83,0x8C83,0x8C83,0x8C83,0x8C83,0x8C83,0x8C83,0x6B7B,0x6B7B,0x6B7B,
0x6B7B,0x6B7B,0x6B7B,0x6B7B,0x6B7B,0x6B7B,0x6B7B,0x6B7B,0x6B7B,0x6B7B,0x6B7B,0x6B7B,0x6B7B,0x6B7B,0x6B7B,0x6B7B,
0x6B7B,0x6B7B,0x6B7B,0x6B7B,0x6B7B,0x6B7B,0x6B7B,0x6B7B,0x6B7B,0x4B7B,0x4B7B,0x4B7B,0x4B7B,0x6B7B,0x6B7B,0x4B7B,
0x6B7B,0x6B7B,0x6B7B,0x6B7B,0x6B83,0x6A83,0x8B8B,0xAB93,0xEC9B,0x0CA4,0x2CAC,0x4CAC,0x8DB4,0x8EB4,0xAEB4,0xCEB4,
0xADB4,0x8CB4,0x4CAC,0x4BAC,0x4BAC,0x4BB4,0x4BB4,0x2AB4,0x0AAC,0x09AC,0xE9AB,0xC8A3,0xC8A3,0xA7A3,0x879B,0x669B,
0x4693,0x4693,0x4693,0x879B,0xA89B,0xC8A3,0xE9A3,0xC99B,0x0AA4,0x4BAC,0x2AA4,0x2BA4,0x6CB4,0x8CB4,0x8DB4,0xADB4,
0xEEBC,0x0FC5,0x2FC5,0x0FC5,0x2FC5,0x4FCD,0x70CD,0x90D5,0x90D5,0x90D5,0x90CD,0x70CD,0x50CD,0x30C5,0x30C5,0x50C5,
0x70C5,0xB1CD,0xD2D5,0xF3DD,0xF3DD,0x14E6,0xB3DD,0x72CD,0xD0BC,0x4DAC,0xECA3,0x8B93,0xAC9B,0xCC9B,0xAC9B,0xAC9B,
0xCDA3,0xADA3,0xADA3,0xADA3,0x6C9B,0x6C93,0x4B8B,0x6B93,0x0A83,0xC97A,0xCD9B,0xF1BC,0xD4D5,0x36DE,0x36DE,0x36DE,
0xD4D5,0x93CD,0x93C5,0x73C5,0x72C5,0x73C5,0x31BD,0x11B5,0x11B5,0x31BD,0x51BD,0x31BD,0x31BD,0x10BD,0xEFB4,0x10BD,
0x31C5,0x51C5,0x30BD,0xEFB4,0xAFAC,0x8EAC,0x4DA4,0x4DA4,0x4CA4,0x2C9C,0x0C9C,0x0C9C,0x0C9C,0x0C9C,0xEB93,0xEB93,
0xEB9B,0x0C9C,0x0B9C,0x0C9C,0x0C9C,0x2C9C,0x0C94,0x0C94,0x0D94,0x0D94,0x6B7B,0xC96A,0x885A,0x4752,0xE749,0xA639,
0x4531,0x0329,0xE320,0xC320,0xC218,0xC218,0xA218,0xA218,0xA218,0xC218,0xC220,0xC320,0xC320,0xE320,0xE320,0xE320,
0xE320,0xE320,0xE320,0x0429,0x2429,0x4531,0x6531,0x6531,0x4529,0x0421,0xE320,0xE320,0xE320,0x0321,0x0321,0x0421,
0x8C83,0x8C83,0x8C83,0x8C83,0x8C83,0x8C83,0x8C83,0x8C83,0x8C83,0x8C83,0x8C83,0x8C83,0x8C83,0x8C83,0x8C83,0x8C83,
0x8C83,0x8C83,0x8C83,0x8C83,0x8C83,0x8C83,0x8C83,0x8C83,0x8C83,0x8C83,0x8C83,0x8C83,0x8C83,0x8C83,0x8C83,0x8C83,
0x6B7B,0x6B7B,0x8C83,0x8C83,0x6B7B,0x6B7B,0x6B7B,0x6B7B,0x6B7B,0x6B7B,0x6B7B,0x6B7B,0x6B7B,0x6B7B,0x6B7B,0x6B7B,
0x6B7B,0x6B7B,0x6B7B,0x6B7B,0x8C83,0x8C83,0x6B7B,0x6B7B,0x6B7B,0x6B7B,0x6B7B,0x6B7B,0x6C83,0x6C83,0x6C83,0x6C83,
0x8C83,0x8C83,0x8C83,0x8C83,0x8C83,0x8B8B,0xAB8B,0xCB93,0xEC9B,0x2CA4,0x4CAC,0x6CAC,0x8DB4,0xAEB4,0xCEB4,0xCEB4,
0xADB4,0x8CB4,0x4CAC,0x4BAC,0x4BAC,0x4BB4,0x4BB4,0x2AAC,0x09AC,0xE9AB,0xC9AB,0xA8A3,0xA8A3,0x88A3,0x679B,0x6793,
0x4693,0x4793,0x6793,0x6793,0x889B,0xC9A3,0x0AA4,0x0AA4,0x0AA4,0x2BAC,0x6CAC,0x8CB4,0x6CAC,0x8DB4,0xADB4,0xADB4,
0xEEBC,0x0FBD,0x30C5,0x51C5,0x50C5,0x50C5,0x70CD,0x90CD,0x50C5,0x30C5,0x30C5,0x10BD,0x10BD,0xF0BC,0x51C5,0x30BD,
0x51C5,0xD3D5,0xD3D5,0x72CD,0xB3D5,0x35E6,0x14DE,0xB3D5,0xF0BC,0xCC9B,0xE982,0xA87A,0x0A8B,0x4B93,0x2B93,0x0B8B,
0x2B93,0x0B93,0xCB8A,0xCB8A,0xCA8A,0xEA82,0xEA82,0xA97A,0x476A,0x4B8B,0x33C5,0x36E6,0x57E6,0x16DE,0x15D6,0x56DE,
0x77E6,0x77E6,0x77DE,0x77DE,0x36DE,0x15D6,0xB4CD,0x72BD,0x11B5,0xD0AC,0xAFA4,0x8FA4,0xCFB4,0xAFAC,0x8EAC,0x8FAC,
0x8EAC,0x8EAC,0xAFAC,0xAFB4,0xCFB4,0xCFB4,0x6EAC,0x4DA4,0x4DA4,0x2C9C,0x2C9C,0x0C9C,0x0C9C,0x0C9C,0xEC9B,0x0C9C,
0x0C9C,0x0C9C,0x0C9C,0x2C9C,0x2C9C,0x2C9C,0x0D94,0x0D94,0x0D94,0xED8B,0x6B7B,0x0A6B,0x685A,0x074A,0xE741,0xC741,
0x8639,0x6539,0x4431,0x2429,0x0321,0xE320,0xA218,0xA218,0xA218,0xA218,0xA218,0xA218,0xA218,0xC220,0xC220,0xC220,
0xC220,0xC220,0xC220,0xC320,0xE320,0x0321,0x2421,0x2421,0x0421,0xE318,0xC318,0xE320,0x0321,0xE320,0x0321,0x0321,
0x8C83,0x8C83,0x8C83,0x8C83,0x8C83,0x8C83,0xAC83,0xAC83,0xAC83,0xAC83,0xAC83,0xAC83,0xAC83,0xAC83,0xAC83,0xAC83,
0xAC83,0xAC83,0xAC83,0xAC83,0xAC83,0xAC83,0xAC83,0xAC83,0xAC83,0xAC83,0xAC83,0xAC83,0xAC83,0x8C83,0x8C83,0x8C83,
0x8C83,0x8C83,0x8C83,0x8C83,0x8C83,0x6B7B,0x6B7B,0x6B7B,0x6B7B,0x6B7B,0x6B7B,0x6B7B,0x6B7B,0x6B7B,0x6B7B,0x6B7B,
0x6B7B,0x8C83,0x8C83,0x8C83,0x8C83,0x8C83,0x8C83,0x8C83,0x8C83,0x6C83,0x6C83,0x8C83,0x8C83,0x8C83,0x8C83,0x8C83,
0x8C83,0x8C83,0x8C83,0xAC83,0xAC83,0xCB8B,0xAB93,0xCB93,0x0C9C,0x2CA4,0x4CAC,0x6DAC,0xADB4,0xCEB4,0xCEB4,0xAEB4,
0xADB4,0x6CB4,0x4CAC,0x4BAC,0x4BAC,0x6BB4,0x4BB4,0x2AAC,0x09AC,0xE9AB,0xC9AB,0xA8A3,0xA8A3,0x889B,0x679B,0x6793,
0x4793,0x6793,0x6893,0x889B,0xA99B,0xE9A3,0x0AA4,0x0AA4,0x2AA4,0x4BA4,0x6CAC,0x8CAC,0x8CAC,0xADB4,0xCEB4,0xEEBC,
0x0FBD,0x2FBD,0x30BD,0x51C5,0x31BD,0x30BD,0x50BD,0x50C5,0x50C5,0x30BD,0xEFB4,0xCFB4,0xB0B4,0xD0B4,0xF0B4,0xD0AC,
0x11BD,0xB3CD,0xB3CD,0x72C5,0x93CD,0xD4D5,0xD4D5,0x15DE,0x15DE,0x73CD,0x2EAC,0xE982,0x2772,0x076A,0x2772,0x697A,
0xAA8A,0xCB8A,0xAA8A,0xAA8A,0x8A82,0x4872,0x276A,0x6872,0x4C8B,0xD1BC,0x37E6,0x57E6,0x78EE,0x57E6,0x57E6,0x77E6,
0x57DE,0x57DE,0x57DE,0x77E6,0x77E6,0x57DE,0x56DE,0x15D6,0xB4C5,0x52BD,0xF1AC,0xAFA4,0x6EA4,0x6EA4,0x6EA4,0x8EAC,
0x6EAC,0x6EAC,0x6EAC,0x8EAC,0xAFAC,0xAFAC,0x8EAC,0x4DA4,0x4DA4,0x2C9C,0x2C9C,0x0C9C,0x0C9C,0x0C9C,0x0C9C,0x0C9C,
0x2C9C,0x2C9C,0x0C9C,0x2C9C,0x2C9C,0x2D9C,0x2D94,0x2D94,0x2D94,0xCD8B,0x6B7B,0xEA6A,0x6852,0x074A,0xE741,0xC741,
0xC641,0xC641,0xA639,0x8639,0x8531,0x4429,0x0321,0xC218,0xA218,0xA218,0xA218,0xA218,0xA218,0xA218,0xA218,0xC220,
0xA218,0xA218,0xA218,0xA218,0xC218,0xC318,0xC318,0xC318,0xC318,0xC318,0xC318,0xE318,0xE320,0xE320,0x0321,0x0321,
0x8C83,0x8C83,0x8C83,0x8C83,0x8C83,0x8C83,0x8C83,0x8C83,0x8C83,0xAC83,0xAC83,0xAC83,0xAC83,0xAC83,0xAC83,0xAC83,
0xAC83,0xAC83,0xAC83,0xAC83,0xAC83,0xAC83,0xAC83,0xAC83,0xAC83,0xAC83,0xAC83,0xAC83,0xAC83,0xAC83,0xAC83,0xAC83,
0x8C83,0x8C83,0x8C83,0x8C83,0x8C83,0x8C83,0x8C83,0x6B7B,0x8C83,0x8C83,0x8C83,0x8C83,0x8C83,0x8C83,0x8C7B,0x8C7B,
0x8C83,0x8C83,0x8C83,0x8C83,0x8C83,0x8C83,0x8C83,0x8C83,0x8C83,0x8C83,0x8B83,0x8B83,0x8C83,0x8C83,0x8C83,0x8C83,
0xAC83,0xAC83,0xCD83,0xCD83,0xCC8B,0xCC8B,0xCB93,0xCB93,0x0CA4,0x2CAC,0x6CB4,0x6DB4,0x8DB4,0xADB4,0xADB4,0x8DAC,
0x8DAC,0x8DAC,0x6CAC,0x6CAC,0x6CAC,0x6CB4,0x4BAC,0x2BAC,0x0AAC,0xE9A3,0xC9A3,0xC9A3,0xC99B,0xA89B,0x889B,0x6793,
0x6793,0x6893,0x8893,0xA89B,0xC99B,0xC99B,0xE99B,0x0AA4,0x4BAC,0x6CAC,0x6CAC,0x8CAC,0xADB4,0xCEB4,0xCEB4,0xEEBC,
0xEFB4,0xEFBC,0xEFBC,0x0FBD,0x30BD,0x30BD,0x30BD,0x30BD,0x10B5,0xCFAC,0xAFAC,0xAFAC,0xF1B4,0x32BD,0x93C5,0xB4CD,
0xB4CD,0xF5D5,0x36DE,0x36DE,0x36DE,0x16DE,0x16DE,0x16DE,0x16DE,0x16E6,0xD5DD,0xB1BC,0x6C93,0x897A,0x0772,0x0772,
0x4982,0x6982,0x898A,0x6982,0x4982,0x2772,0x2772,0xCA82,0x0FA4,0x12C5,0x94CD,0x74CD,0x94CD,0x94C5,0x73C5,0x74C5,
0x94C5,0xB4C5,0xD5CD,0xF5CD,0xF5CD,0xD5CD,0xD5CD,0xD5CD,0xD5CD,0xB4C5,0x53BD,0xF1AC,0x6EA4,0x6EA4,0x4EA4,0x4EA4,
0x6EA4,0x6EA4,0x4EA4,0x4EA4,0x4EA4,0x6EA4,0x6EA4,0x4DA4,0x4DA4,0x2D9C,0x0D9C,0x0C9C,0x0C94,0x0C9C,0x0C9C,0x0C9C,
0x0C9C,0x0C9C,0x0D9C,0x0D94,0x2D9C,0x2D9C,0x2D9C,0x2E9C,0x0D94,0xAC83,0x2A73,0x885A,0xE641,0xA539,0xA639,0xA639,
0xA639,0xA639,0xC639,0xC639,0xC639,0xA639,0x6531,0x2429,0xE320,0xC320,0xA320,0xA220,0xA220,0xA218,0xA218,0xA218,
0xA220,0xA220,0xA218,0xA218,0xA218,0x8218,0x8210,0x8210,0x8210,0xA218,0xC318,0xE320,0xE320,0xE320,0xE320,0xE320,
0x8C83,0x8C83,0x8C83,0x8C83,0x8C83,0x8C83,0x8C83,0x8C83,0x8C83,0x8C83,0x8C83,0xAC83,0xAC83,0xAC83,0xAC83,0xAC83,
0xAC83,0xAC83,0xAC83,0xAC83,0xAC83,0xAC83,0xAC83,0xAC83,0xAC83,0xAC83,0xAC83,0xAC83,0xAC83,0xAC83,0xAC83,0xAC83,
0xAC83,0xAC83,0xAC83,0xAC83,0xAC83,0x8C83,0x8C83,0x8C83,0x8C83,0x8C83,0x8C83,0x8C83,0x8C83,0x8C83,0xAC83,0xAC83,
0xAC83,0xAC83,0xAC83,0xAC83,0xAC83,0xAC83,0xAC83,0xAC83,0xAC83,0xAB83,0x8B83,0x8B83,0x8C83,0x8C83,0x8C83,0xAC83,
0xAC83,0xAC83,0xAC83,0xCC83,0xCC8B,0xAB8B,0xCB93,0xEB9B,0x0BA4,0x2CAC,0x4CB4,0x6CB4,0x6CB4,0x8CB4,0x8DAC,0x6DAC,
0x8DAC,0x8DAC,0x8DAC,0x6DAC,0x6CAC,0x6CAC,0x4BAC,0x2BAC,0x0AAC,0x0AA4,0xE9A3,0xE9A3,0xC99B,0xA99B,0xA89B,0x8893,
0x8893,0x889B,0xA99B,0xC99B,0xC9A3,0xE9A3,0xEAA3,0x2BAC,0x8CB4,0xADB4,0x8DB4,0xADB4,0xCEB4,0xADB4,0xADB4,0xAEB4,
0xCEB4,0xCEB4,0xCEB4,0xCEB4,0xCFB4,0xEFB4,0xCFB4,0xCFB4,0xAFAC,0x8FAC,0xD0AC,0x11B5,0x93C5,0xD4CD,0xF5D5,0x57DE,
0x57E6,0x57DE,0x36DE,0xF5D5,0xB4CD,0x74CD,0x74CD,0x94CD,0x53C5,0x32C5,0xF2BC,0x90B4,0xEEA3,0x2C93,0x8982,0x487A,
0x2882,0x2882,0x2882,0x2882,0x2882,0x487A,0xA982,0x2B93,0xEEA3,0x70AC,0xB1B4,0xB0AC,0x90A4,0x90A4,0xB0AC,0xF1AC,
0x12B5,0x32B5,0x12B5,0x32B5,0x53BD,0x94C5,0x32BD,0x32B5,0x32BD,0x53BD,0x32B5,0xF1AC,0x8FA4,0x6EA4,0x4E9C,0x4E9C,
0x4EA4,0x4EA4,0x4DA4,0x2DA4,0x2DA4,0x2DA4,0x2DA4,0x2D9C,0x2D9C,0x2D9C,0x0D9C,0x0D9C,0x0C9C,0x0D9C,0x0D9C,0x0D9C,
0x0D9C,0x0D9C,0x0D9C,0x2D9C,0x2D9C,0x0D94,0x2D9C,0x0D94,0xAC8B,0x6B7B,0xE962,0x6852,0xE641,0x8531,0x2429,0x2429,
0x4429,0x6531,0x8639,0xA639,0xA639,0xA639,0x8531,0x4531,0x2429,0x0321,0xC320,0xC320,0xC320,0xC320,0xA320,0xA218,
0xA218,0xA320,0xA218,0xA218,0x8218,0x8210,0x8210,0x8210,0x6110,0x8218,0xC318,0xE320,0xE320,0x0421,0x0421,0x0421,
0x6B83,0x8C83,0x8C83,0x8C83,0x8C83,0x8C83,0x8C83,0x8C83,0x8C83,0x8C83,0x8C83,0x8C83,0x8C83,0x8C83,0x8C83,0x8C83,
0x8C83,0x8C83,0x8C83,0x8C83,0x8C83,0x8C83,0x8C83,0xAC83,0xAC83,0xAC83,0xAC83,0xAC83,0xAC83,0xAC83,0xAC83,0xAC83,
0xAC83,0xAC83,0xAC83,0xAC83,0xAC83,0xAC83,0xAC83,0xAC83,0x8C83,0x8C83,0x8C83,0x8C83,0x8C83,0x8C83,0xAC83,0xAC83,
0xAC83,0xAC83,0xAC83,0xAC83,0xAC83,0xAC83,0xAC83,0xAC83,0xAC83,0x8B83,0x8B83,0x8B83,0x8C83,0x8C83,0xAC83,0xAD83,
0xAC83,0xAC83,0xAC83,0xAC83,0xCB8B,0xCB93,0xEB9B,0x0CA4,0x4CAC,0x6CBC,0x8CBC,0x8CBC,0x8CBC,0x8CB4,0x8DB4,0x8DAC,
0x8DAC,0x8DAC,0x6DAC,0x6DAC,0x6DAC,0x6CAC,0x4CAC,0x4BAC,0x2BAC,0x0AA4,0x0AA4,0xEAA3,0xC99B,0xC99B,0xA99B,0xA99B,
0xA99B,0xA99B,0xC99B,0xC99B,0xE99B,0xEAA3,0xEAA3,0x2BA4,0x4CAC,0x6CAC,0x6CAC,0x6CAC,0x6DAC,0x8DAC,0x8DAC,0x8DAC,
0x8DAC,0x8EAC,0x8EAC,0x8EAC,0xAEAC,0xAEAC,0x8EAC,0x8EAC,0x8EA4,0xAFAC,0xF0B4,0x11BD,0x52BD,0x72C5,0x93C5,0x73C5,
0x73C5,0x94C5,0x73C5,0xF1B4,0x6FA4,0x70AC,0x6FAC,0x4FA4,0x2FA4,0x70AC,0x90AC,0x2FA4,0xEEA3,0x6C9B,0xCA8A,0x4982,
0x2882,0x087A,0x087A,0x2882,0x4982,0x8982,0xEA8A,0x4C93,0xCE9B,0x4FAC,0x90AC,0x70A4,0x6FA4,0x90A4,0xD1AC,0xF1B4,
0x12B5,0x32B5,0x12B5,0x12B5,0x12B5,0x53BD,0x32B5,0x12B5,0xF1B4,0x12B5,0xF1B4,0xD1AC,0x8FA4,0x8FA4,0x6EA4,0x6EA4,
0x6EA4,0x6EA4,0x4DA4,0x2D9C,0x2D9C,0x2D9C,0x0D9C,0x0D9C,0x0D9C,0x0D9C,0x0D9C,0x0D9C,0x0D9C,0x0D9C,0x0D9C,0x0D9C,
0x0D9C,0x0D9C,0x0D9C,0x2D9C,0x2D9C,0x2D9C,0x2D9C,0x0D94,0xAC83,0x2A73,0x685A,0x074A,0xC639,0x4429,0x0321,0xE320,
0xC320,0xE320,0x0429,0x4429,0xA639,0x8639,0x6531,0x4531,0x2429,0x0429,0xE428,0xE320,0xE320,0xC320,0xC320,0xA320,
0xA218,0xA218,0xA218,0x8218,0x8218,0x8210,0x8210,0x8210,0x6110,0x8218,0xC318,0xE320,0x0421,0x0429,0x2429,0x2429,
0x6B83,0x6B83,0x6B83,0x8C83,0x8C83,0x8C83,0x8C83,0x8C83,0x8C83,0x8C83,0x8C83,0x8C83,0x8C83,0x8C83,0x8C83,0x8C83,
0x8C83,0x8C83,0x8C83,0x8C83,0x8C83,0x8C83,0x8C83,0xAC83,0xAC83,0xAC83,0xAC83,0xAC83,0xAC83,0xAC83,0xAC83,0xAC83,
0xAC83,0xAC83,0xAC83,0xAC83,0x8C83,0x8C83,0x8C83,0x8C83,0x8C83,0x8C83,0x8C83,0x8C83,0x8C83,0x8C83,0x8C7B,0x8C7B,
0x8C7B,0x8C7B,0x8C7B,0x8C7B,0x8C7B,0x8C7B,0x8C7B,0x8C7B,0x8C7B,0x8B7B,0x8B7B,0x8B83,0x8C83,0x8C83,0xAC83,0xAD8B,
0xAC83,0xAC83,0xAC83,0xCC8B,0xEC93,0xEB9B,0x2CA4,0x6CB4,0xCDC4,0x0DCD,0x0DCD,0xEDCC,0xCDC4,0xACBC,0x8CB4,0x8DB4,
0x8DAC,0x8DAC,0x6DAC,0x6DAC,0x6DAC,0x6CAC,0x4CAC,0x4CAC,0x4BAC,0x2BAC,0x2BA4,0x0BA4,0xEA9B,0xCA9B,0xC99B,0xC99B,
0xC99B,0xC99B,0xC99B,0xCA9B,0xEA9B,0xEA9B,0xEAA3,0x0BA4,0x0BA4,0x2BA4,0x4CA4,0x4CA4,0x4CA4,0x6DAC,0x6DAC,0x6DA4,
0x6DA4,0x6DA4,0x6DA4,0x6EAC,0x6EA4,0x6DA4,0x6DA4,0x6EA4,0x6EA4,0xAFAC,0x31BD,0x31BD,0x11B5,0x11B5,0x12B5,0x12B5,
0xD1AC,0xB0AC,0xD1AC,0x6FA4,0x2EA4,0x6FAC,0x6FAC,0x0E9C,0xED9B,0x0E9C,0x4FA4,0x2FA4,0xCEA3,0x6C9B,0xEB8A,0x8982,
0x4882,0x287A,0x287A,0x2882,0x4982,0xAA8A,0xEB8A,0x2B93,0x8C93,0xCE9B,0x2FA4,0x4FA4,0x70A4,0xB0A4,0xB0AC,0xB0A4,
0xD1AC,0x12B5,0x32B5,0x12B5,0xF1AC,0xF1AC,0xF1AC,0xD1AC,0xF1AC,0xF1B4,0xF1AC,0xD0AC,0x6FA4,0x6FA4,0x6EA4,0x6EA4,
0x8FA4,0x8FA4,0x6EA4,0x6EA4,0x4DA4,0x0D9C,0xEC9B,0x0D9C,0x2D9C,0x0D9C,0x0D9C,0x0D9C,0x0D9C,0x0D9C,0x0D9C,0x0D9C,
0x0D9C,0x2D9C,0x2D9C,0x2D9C,0x2D9C,0x2D9C,0x2D9C,0xEC93,0x8B83,0xC96A,0x0652,0x8439,0x6431,0x2329,0x0329,0x0429,
0xE320,0xE320,0xE320,0xE320,0x2429,0x4429,0x2429,0x2429,0x2429,0x0429,0xE428,0xE320,0xE320,0xC320,0xC320,0xA218,
0xA218,0xA218,0xA218,0x8218,0x8218,0x8210,0x8210,0x8210,0x6110,0x8218,0xC318,0xE320,0x0429,0x2429,0x2429,0x4529,
0x6B7B,0x6B83,0x6B7B,0x6B83,0x6B83,0x8C83,0x6B83,0x6B83,0x8C83,0x8C83,0x8C83,0x8C83,0x8C83,0x8C83,0x8C83,0x8C83,
0x8C83,0x8C83,0x8C83,0x8C83,0x8C83,0x8C83,0x8C83,0xAC83,0xAC83,0xAC83,0xAC83,0xAC83,0xAC83,0xAC83,0xAC83,0xAC83,
0x8C83,0x8C83,0xAC83,0xAC83,0x8C83,0x8C83,0x8C83,0x6B7B,0x8C83,0x8C83,0x6B7B,0x6B7B,0x6B7B,0x6B7B,0x8B7B,0x8B7B,
0x8B7B,0x8B7B,0x8B7B,0x8B7B,0x8B7B,0x8B7B,0x8B7B,0x8B7B,0x8B7B,0x8B7B,0x8B7B,0x8B83,0x8C83,0xAC83,0xAC83,0xAD8B,
0xAC8B,0xAC8B,0xCC8B,0xCC8B,0xCB93,0xEB9B,0x2BAC,0xACBC,0x0DCD,0x4EDD,0x6EDD,0x2DD5,0xECCC,0xACBC,0x8CB4,0x6CB4,
0x6DB4,0x8DB4,0x6DAC,0x6DAC,0x6DAC,0x6DAC,0x6CAC,0x4CAC,0x4CAC,0x4CAC,0x2CA4,0x2BA4,0x0B9C,0xEA9B,0xEA9B,0xCA9B,
0xCA9B,0xCA9B,0xCA9B,0xEA9B,0xEA9B,0xEB9B,0x0BA4,0x0B9C,0x0B9C,0x0B9C,0x0CA4,0x2CA4,0x2CA4,0x2CA4,0x2CA4,0x4DA4,
0x4DA4,0x4DA4,0x4DA4,0x4DA4,0x4EA4,0x4EA4,0x4DA4,0x4EA4,0x6EA4,0xAFAC,0x11BD,0x52BD,0x11B5,0x11B5,0x32BD,0x53BD,
0x12B5,0x90AC,0x90AC,0xB0AC,0x90AC,0x6FAC,0x90AC,0x90AC,0x4FA4,0x2FA4,0x2FA4,0xEE9B,0xAD9B,0x2B93,0xCA8A,0xAA8A,
0x6982,0x287A,0x087A,0x287A,0x487A,0x8982,0xCA8A,0xEA82,0x0A83,0x4B8B,0x8C8B,0xAD8B,0xEE93,0x0E94,0x2E9C,0x6FA4,
0x90A4,0x90A4,0xB0A4,0xB0A4,0x90A4,0x90A4,0x90A4,0x90A4,0xB0A4,0xB0AC,0xB0A4,0xB0A4,0x8FA4,0x6E9C,0x4E9C,0x4E9C,
0x4E9C,0x4EA4,0x6EA4,0x4EA4,0x4EA4,0x4EA4,0x4EA4,0x4EA4,0x2D9C,0x0D9C,0x2D9C,0x2D9C,0x2D9C,0x2D9C,0x2D9C,0x2D9C,
0x2D9C,0x2D9C,0x2D9C,0x2D9C,0x2D9C,0x0D9C,0x0C94,0xAB8B,0x0973,0x8762,0xE549,0xC541,0xE641,0xE641,0xC639,0xA639,
0x6531,0x0321,0xC218,0xA218,0xC218,0xC320,0xE320,0x0321,0x0321,0x0429,0xE428,0xE320,0xE320,0xC320,0xC320,0xA218,
0xA218,0xA218,0xA218,0x8218,0x8218,0x8210,0x8210,0x8210,0x6110,0x8218,0xC318,0xE320,0x0429,0x2429,0x4529,0x4529,
0x6B7B,0x6B7B,0x6B7B,0x6B83,0x6B83,0x8C83,0x6B83,0x6B83,0x6B83,0x8C83,0x8C83,0x8C83,0x8C83,0x8C83,0x8C83,0x8C83,
0x8C83,0x8C83,0x8C83,0x8C83,0x8C83,0x8C83,0x8C83,0xAC83,0xAC83,0xAC83,0xAC83,0xAC83,0xAC83,0xAC83,0xAC83,0xAC83,
0x8C83,0x8C83,0xAC83,0xAC83,0x8C83,0x8C83,0x8C83,0x8C83,0x8C83,0x8C83,0x6B7B,0x6B7B,0x6B7B,0x6B7B,0x6B7B,0x6B7B,
0x6B7B,0x6B7B,0x6B7B,0x6B7B,0x8B7B,0x8B7B,0x8B7B,0x8B7B,0x8B7B,0x8B7B,0x8B7B,0x8C7B,0x8C83,0xAC83,0xAC83,0xAC8B,
0xAC8B,0xCC8B,0xEC93,0xEC93,0xEB9B,0x0AA4,0x6BB4,0xECC4,0x2DD5,0x4DDD,0x6DDD,0x4DDD,0xCBCC,0x8BBC,0x6CBC,0x6CB4,
0x6DB4,0x6DAC,0x6DAC,0x6DAC,0x6DAC,0x6DAC,0x4DAC,0x4DAC,0x4DAC,0x4DA4,0x4CA4,0x2CA4,0x0BA4,0x0B9C,0x0B9C,0xEB9B,
0xCA9B,0xCA9B,0xCA9B,0xEB9B,0xEB9B,0x0B9C,0x0B9C,0x0CA4,0x0C9C,0x0B9C,0x0B9C,0x0C9C,0x0C9C,0x2C9C,0x2C9C,0x2D9C,
0x4D9C,0x4DA4,0x4DA4,0x4EA4,0x6EA4,0x6EA4,0x4EA4,0x4EA4,0x6EA4,0x8FAC,0x11B5,0x32BD,0x11B5,0x11BD,0x12BD,0x11B5,
0xD1AC,0x90AC,0x90AC,0xB0AC,0x4FA4,0x2FA4,0x70AC,0x90AC,0x4FA4,0x0E9C,0xAD93,0x6C8B,0x4B8B,0x0B8B,0xEA8A,0xCA8A,
0x6982,0x077A,0xE771,0x087A,0x6982,0x8982,0xCA8A,0x0B8B,0x2B8B,0x6C8B,0x8C8B,0xCD93,0xED93,0xEE93,0x0E94,0x2E9C,
0x4F9C,0x6F9C,0x6F9C,0x6FA4,0x4F9C,0x6F9C,0x6F9C,0x90A4,0x90A4,0x90A4,0x6FA4,0x6F9C,0x6F9C,0x4E9C,0x4E9C,0x2E9C,
0x2E9C,0x2E9C,0x2E9C,0x2E9C,0x2E9C,0x4EA4,0x6EA4,0x6EA4,0x4E9C,0x2D9C,0x0D94,0x0D94,0x2D9C,0x2E9C,0x2E9C,0x2D9C,
0x2D9C,0x2D9C,0x2D9C,0x2D9C,0x2D9C,0x0D9C,0x2D9C,0xEC93,0x4A7B,0xC86A,0x675A,0x685A,0x885A,0x4852,0xC639,0x6531,
0x0321,0xA218,0x8110,0x8110,0x8110,0xA218,0xA218,0xC218,0xC320,0xE320,0xC320,0xC320,0xC320,0xA218,0xA218,0xA218,
0xA218,0xA218,0x8218,0x8218,0x8218,0x8218,0x8210,0x8210,0x6110,0x8218,0xC318,0xE320,0x0429,0x4529,0x4531,0x4529,
0x6B7B,0x6B83,0x6B83,0x6B83,0x8C83,0x8C83,0x8C83,0x8C83,0x8C83,0x8C83,0x8C83,0x8C83,0x8C83,0x8C83,0xAC83,0xAC83,
0xAC83,0xAC83,0xAC83,0xAC83,0xAC83,0xAC83,0xAC83,0xAC83,0xAC83,0xAC83,0xAC83,0xAC83,0xAC83,0xAC83,0xAC83,0xAC83,
0xAC83,0xAC83,0xAC83,0xAC83,0xAC83,0xAC83,0xAC83,0x8C83,0xAC83,0x8C83,0x8C83,0x8C83,0x8C83,0x6B7B,0x6B7B,0x6B7B,
0x6B7B,0x6B7B,0x6B7B,0x6B7B,0x6B7B,0x6B7B,0x6B7B,0x6B7B,0x6B7B,0x8B7B,0x8B7B,0x8C7B,0x8C83,0xAC83,0xAC8B,0xAC8B,
0xAC8B,0x8B8B,0xAB8B,0xCB93,0x0B9C,0x4BAC,0xCCC4,0x6ED5,0x8DDD,0x8DE5,0x6CE5,0x4CDD,0xEBCC,0xABC4,0x6BBC,0x4CB4,
0x6CB4,0x6DAC,0x6DAC,0x6DAC,0x6DAC,0x6DAC,0x4DAC,0x4DAC,0x4DA4,0x4DA4,0x4DA4,0x2DA4,0x2CA4,0x2CA4,0x0C9C,0x0B9C,
0xEB9B,0xEB9B,0xEB9B,0xEB9B,0x0B9C,0x0B9C,0x0C9C,0x0C9C,0x0C9C,0x0C9C,0x0C9C,0x0C9C,0x0C9C,0x2D9C,0x2D9C,0x4D9C,
0x4DA4,0x4DA4,0x4EA4,0x4EA4,0x4EA4,0x4EA4,0x4EA4,0x6EA4,0x6FA4,0xD0AC,0x11B5,0xF0B4,0xD0AC,0xF0B4,0xD0AC,0x90A4,
0x6FA4,0x6FA4,0x6FA4,0x4FA4,0x2E9C,0x2E9C,0x4FA4,0x2EA4,0x0E9C,0xEE9B,0xAD93,0x6C8B,0x2B8B,0xEB82,0xCA82,0x8982,
0x287A,0xE771,0xC671,0x077A,0x487A,0x8982,0xCA8A,0x0B8B,0x4B8B,0x6C8B,0x8C8B,0xAC8B,0xCD93,0xEE93,0x0E94,0x2E9C,
0x2F9C,0x4F9C,0x6F9C,0x6F9C,0x2E9C,0x4F9C,0x6FA4,0x4F9C,0x4F9C,0x90A4,0xB0A4,0x90A4,0x2E9C,0x6F9C,0x4E9C,0x2E94,
0x2E9C,0x2E9C,0x2D9C,0x2D9C,0x2D9C,0x4E9C,0x4EA4,0x4EA4,0x8FA4,0xAFAC,0x4E9C,0x0D94,0x2D9C,0x2E9C,0x2E9C,0x2D9C,
0x2D9C,0x0D94,0x2D9C,0x2D9C,0x2D9C,0x2D9C,0x4EA4,0x6EA4,0x0D9C,0x8B83,0xE96A,0x885A,0x274A,0xE641,0xA639,0x8531,
0x2429,0xE320,0xA218,0x8110,0x6110,0x6110,0x8110,0x8218,0xA218,0xA218,0x8218,0x8218,0x8218,0x8218,0x8218,0x8218,
0x8218,0x8218,0x8218,0x8218,0x8218,0x8218,0x8210,0x8210,0x6110,0x8210,0xA218,0xE320,0x0421,0x2429,0x4529,0x4529,
0x6B83,0x8C83,0x8C83,0x8C83,0x8C83,0x8C83,0x8C83,0x8C83,0x8C83,0xAC83,0xAC83,0xAC83,0xAC83,0xAC83,0xAC83,0xAC83,
0xAC83,0xAC83,0xAC83,0xAC83,0xAC83,0xAC83,0xAC83,0xCD8B,0xCD8B,0xCD8B,0xCD8B,0xCD8B,0xCD8B,0xAC83,0xAC83,0xAC83,
0xCD8B,0xCD8B,0xCD8B,0xAC83,0xAC83,0xAC83,0xAC83,0xAC83,0xAC83,0xAC83,0xAC83,0x8C83,0x8C83,0x8C83,0x8B7B,0x8B7B,
0x8B7B,0x8B7B,0x8B7B,0x8B7B,0x6B7B,0x6B7B,0x6B7B,0x6B7B,0x6B7B,0x8B7B,0x8B7B,0x8C7B,0x8C83,0xAC83,0xAC8B,0xAC8B,
0xCC8B,0xAB8B,0x8A8B,0xAB93,0xEB9B,0x6BB4,0xECC4,0x6DD5,0x8DE5,0x8CE5,0x6BE5,0x4BE5,0x2CDD,0xECCC,0x8BC4,0x4BB4,
0x4CB4,0x6DAC,0x6DAC,0x4DAC,0x4DAC,0x4DAC,0x4DA4,0x4DA4,0x4DA4,0x4DA4,0x4DA4,0x4DA4,0x4DA4,0x2CA4,0x2C9C,0x0C9C,
0x0C9C,0x0C9C,0x0C9C,0x0C9C,0x0C9C,0x0C9C,0x0C9C,0x0CA4,0x0C9C,0x0C9C,0x0C9C,0x0C9C,0x2C9C,0x2D9C,0x2D9C,0x4DA4,
0x6EA4,0x6EA4,0x6EA4,0x4FA4,0x4EA4,0x4EA4,0x6FA4,0x6FAC,0xAFAC,0xF0B4,0xD0B4,0xAFAC,0xAFAC,0x8FA4,0x6FA4,0x4F9C,
0x4F9C,0x4FA4,0x2E9C,0x0E9C,0x2FA4,0xEE9B,0x0E9C,0x0E9C,0xCD93,0xEE9B,0xCD93,0x4B8B,0x0A83,0xEA82,0xAA82,0x697A,
0x487A,0x487A,0x487A,0x487A,0x487A,0x8982,0xA982,0xCA82,0xEA82,0x0A83,0x2B83,0xAC8B,0xCD93,0xEE93,0x0E94,0x0E94,
0x2E94,0x2E94,0x4F9C,0x6FA4,0x4F9C,0x4F9C,0x90A4,0x90A4,0x4F9C,0x4F9C,0x6F9C,0x6FA4,0x6F9C,0x4F9C,0x4E9C,0x2E9C,
0x2E9C,0x4E9C,0x4E9C,0x4E9C,0x4E9C,0x4E9C,0x4EA4,0x4EA4,0x8FA4,0xAFA4,0xAFA4,0x6FA4,0x2E9C,0x2E94,0x2E94,0x2D94,
0x2D94,0x0D94,0x0D94,0x2D9C,0x4DA4,0x4DA4,0x6EAC,0xAFAC,0x8FAC,0xCC8B,0xA862,0xE649,0x6431,0x8439,0xA539,0x8631,
0x6531,0x2429,0xE320,0xC218,0x8218,0x8218,0x8110,0x8110,0x8110,0x8110,0x8218,0x8218,0x8218,0x8218,0x8218,0x8218,
0x8218,0x8218,0x8218,0x8218,0x8218,0x8218,0x8210,0x6110,0x6110,0x6110,0xA218,0xC320,0xE320,0x2429,0x2429,0x2429,
0x8C83,0x8C83,0x8C83,0x8C83,0x8C83,0x8C83,0x8C83,0x8C83,0xAC83,0xAC83,0xAC83,0xAC83,0xAC83,0xAC83,0xAC83,0xAC83,
0xAC83,0xCD8B,0xCD8B,0xCD8B,0xCD8B,0xCD8B,0xCD8B,0xCD8B,0xCD8B,0xCD8B,0xCD8B,0xCD8B,0xCD8B,0xAC83,0xCD8B,0xCD8B,
0xCD8B,0xCD8B,0xCD8B,0xCD8B,0xCD8B,0xCD8B,0xCD8B,0xCD8B,0xCD8B,0xCD8B,0xAC83,0xAC83,0xAC83,0xAC83,0xAC83,0xAC83,
0xAC83,0xAC83,0xAC83,0x8C83,0x8C7B,0x8C7B,0x8C7B,0x8C7B,0x8C7B,0x8B7B,0x8B7B,0x8C83,0x8C83,0xAC83,0xAC8B,0xAC8B,
0xCC8B,0xCB93,0xAB93,0xEB9B,0x4CAC,0xACBC,0x0CCD,0x6DDD,0x8DE5,0x8CE5,0x6BE5,0x6CE5,0x4CDD,0xEBD4,0x8BC4,0x6CBC,
0x4CB4,0x6CAC,0x4CAC,0x4DAC,0x4DAC,0x4DAC,0x4DA4,0x6DA4,0x4EA4,0x4EA4,0x4DA4,0x4DA4,0x4DA4,0x4DA4,0x4DA4,0x2C9C,
0x2C9C,0x2C9C,0x2C9C,0x2C9C,0x2C9C,0x2C9C,0x2C9C,0x2C9C,0x0C9C,0x0D9C,0x0D9C,0x2D9C,0x2D9C,0x2D9C,0x4DA4,0x4EA4,
0x6EA4,0x6EA4,0x6EA4,0x4FA4,0x6EA4,0x6FA4,0x6FA4,0x8FAC,0x8FAC,0xAFAC,0x8FAC,0x8FA4,0xAFAC,0x8FA4,0x4E9C,0x4F9C,
0x4F9C,0x2E9C,0x0E94,0x0E9C,0x2E9C,0x0E9C,0x2E9C,0x4FA4,0xED93,0xED93,0xCD93,0x4B83,0xEA7A,0xCA7A,0xCA82,0xCA82,
0xCA82,0xCA8A,0xCA8A,0xCA8A,0xCA8A,0xEA8A,0x0B8B,0x2B8B,0x2B8B,0x0B83,0x2B83,0x6C83,0xAD8B,0xED93,0x0E94,0x2E94,
0x4F9C,0x2E94,0x2E9C,0x90A4,0x90A4,0x4F9C,0x4F9C,0x6FA4,0x90A4,0x4F9C,0x2E9C,0x4F9C,0x90A4,0x6F9C,0x4E94,0x4E9C,
0x4E9C,0x2E9C,0x4E9C,0x4E9C,0x2E9C,0x2D9C,0x4E9C,0x4E9C,0x4E9C,0x2E9C,0x8FA4,0xB0A4,0x6F9C,0x2E94,0x2D9C,0x2D94,
0x0D94,0x0D94,0x0D9C,0x2D9C,0x4DA4,0x4DA4,0x6EAC,0x8FAC,0x6EA4,0xCC8B,0xE972,0x2752,0x4331,0x2329,0x4429,0x4531,
0x6531,0x4531,0x4429,0x2429,0xE320,0xE320,0xC218,0xA218,0xA218,0x8210,0x6110,0x6110,0x6110,0x6210,0x6210,0x6110,
0x8218,0x8218,0x8218,0x8218,0x8218,0x8218,0x8210,0x6110,0x6110,0x6110,0x8218,0xC318,0xE320,0x0429,0x2429,0x2429,
0x8C83,0x8C83,0x8C83,0x8C83,0x8C83,0x8C83,0x8C83,0x8C83,0x8C83,0x8C83,0x8C83,0xAC83,0xAC83,0xAC83,0xAC83,0xAC83,
0xAC83,0xCD8B,0xCD8B,0xCD8B,0xCD8B,0xCD8B,0xCD8B,0xAC83,0xAC83,0xAC83,0xAC83,0xAC83,0xAC83,0xCD8B,0xCD8B,0xCD8B,
0xCD8B,0xCD8B,0xCD8B,0xCD8B,0xCD8B,0xCD8B,0xCD8B,0xCD8B,0xCD8B,0xCD8B,0xAC83,0xAC83,0xAC83,0xAC83,0xAC83,0xAC83,
0xAC83,0xAC83,0xAC83,0xAC83,0xAC83,0xAC83,0xAC83,0xAC83,0xAC83,0x8C83,0x8C83,0xAC83,0xAC83,0xAC83,0xAC8B,0xCC8B,
0xCB93,0xCB93,0x0BA4,0x2CAC,0x6CB4,0xACC4,0x0CD5,0x6DDD,0x8DE5,0x8CED,0x6BE5,0x4BE5,0x2CDD,0xEBD4,0x8BC4,0x4BBC,
0x4CB4,0x6CAC,0x6CAC,0x4CAC,0x4DAC,0x4DAC,0x6DAC,0x4EA4,0x4EA4,0x4EA4,0x4EA4,0x4EA4,0x4DA4,0x4DA4,0x4DA4,0x4D9C,
0x4D9C,0x4D9C,0x4D9C,0x4D9C,0x4D9C,0x2D9C,0x2D9C,0x2D9C,0x2D9C,0x2D9C,0x2DA4,0x2D9C,0x2D9C,0x4EA4,0x4EA4,0x4EA4,
0x6EA4,0x4EA4,0x4EA4,0x6E9C,0x8FA4,0xAFA4,0x8FA4,0x8FA4,0x8FA4,0x8FA4,0xB0A4,0xB0AC,0x6FA4,0x4F9C,0x6FA4,0x2F9C,
0x4FA4,0x4FA4,0x2E9C,0x2E9C,0x6FA4,0x70A4,0x2E9C,0x4FA4,0xEE93,0x8C8B,0xAD93,0xAD93,0x4B8B,0x2B83,0x2B83,0x4B83,
0x4B83,0x4B8B,0x4B8B,0x4B8B,0x4C8B,0x6C8B,0x4C8B,0x4B8B,0x6C8B,0x6C8B,0x8C8B,0x8C83,0xAC8B,0x0E94,0x0E94,0x2E94,
0x4F9C,0x4F9C,0x4F9C,0x6F9C,0x6F9C,0x4F9C,0x4F9C,0x6F9C,0x90A4,0x4F9C,0x0E94,0x2E94,0x4F9C,0x90A4,0x6F9C,0x2E94,
0x4E9C,0x4E9C,0x4E9C,0x4E9C,0x4E9C,0x4D9C,0x4D9C,0x2E9C,0x4E9C,0x4E9C,0x4E9C,0x6E9C,0x8FA4,0x4E9C,0x2D9C,0x2D9C,
0x2D9C,0x0D9C,0x0C9C,0x0C9C,0x4CA4,0x4DA4,0x6DAC,0x4DA4,0xCC93,0x4A83,0x8862,0xE649,0x4431,0x4429,0x2429,0x4429,
0x4431,0x6531,0x8531,0x8531,0x6531,0x6531,0x2529,0x0429,0x0421,0xA318,0x8218,0x8210,0x8210,0x8218,0x8210,0x8210,
0x8218,0x8218,0xA218,0xA218,0x8218,0x8210,0x8210,0x6110,0x6110,0x6110,0x8210,0xA218,0xC320,0x0429,0x2429,0x2429,
0x8C83,0x8C83,0x8C83,0x8C83,0x8C83,0x8C83,0x8C83,0x8C83,0x8C83,0x8C83,0x8C83,0x8C83,0x8C83,0x8C83,0xAC83,0xAC83,
0xAC83,0xAC83,0xAC83,0xAC83,0xAC83,0xAC83,0xAC83,0xAC83,0xAC83,0xAC83,0xAC83,0xAC83,0xAC83,0xCD8B,0xCD8B,0xCD8B,
0xCD8B,0xCD8B,0xCD8B,0xCD8B,0xCD8B,0xCD8B,0xCD8B,0xCD8B,0xCD8B,0xCD8B,0xAC83,0xAC83,0xAC83,0xAC83,0xAC83,0xAC83,
0xAC83,0xAC83,0xAC83,0xAC83,0xAC83,0xAC83,0xAC83,0xAC83,0xAC83,0xAC83,0xAC83,0xCD8B,0xCC8B,0xCC8B,0xCC8B,0xEC93,
0x0C9C,0x2CA4,0x8DB4,0xCEBC,0xEDC4,0x0DD5,0x4DDD,0x8DE5,0x8DED,0x8CED,0x6BE5,0x6BE5,0x2CDD,0xCBD4,0x6AC4,0x2AB4,
0x4BB4,0x4CAC,0x4CAC,0x4CAC,0x6DAC,0x6DAC,0x4DA4,0x4DA4,0x4EA4,0x4EA4,0x4EA4,0x4EA4,0x6DA4,0x6DA4,0x6DA4,0x4DA4,
0x4D9C,0x4D9C,0x4D9C,0x4D9C,0x4D9C,0x4D9C,0x4D9C,0x4EA4,0x4EA4,0x2D9C,0x2D9C,0x2D9C,0x4EA4,0x6EA4,0x4EA4,0x4EA4,
0x4EA4,0x4EA4,0x4E9C,0x4E9C,0x6EA4,0x8FA4,0x8FA4,0x6FA4,0x8FA4,0x8FA4,0x8FA4,0x8FA4,0x4F9C,0x4F9C,0x4FA4,0x4FA4,
0x6FA4,0x70A4,0x4FA4,0x2E9C,0x2E9C,0x6FA4,0x4FA4,0x0E9C,0x4FA4,0xAD93,0x8C8B,0xAD93,0xAD93,0x6C8B,0x6C8B,0x8C8B,
0x8C8B,0x8C8B,0x8C8B,0x8C8B,0x8C8B,0x8D93,0x8C93,0x8C8B,0x8C8B,0xAD93,0xCD93,0xCD8B,0xCD8B,0x0E94,0x0E94,0x0E94,
0x2E94,0x2E94,0x4F9C,0x4F9C,0x4F9C,0x6F9C,0x4F9C,0x6F9C,0x90A4,0x6F9C,0x2E94,0x2E94,0x2E9C,0x4E9C,0x8FA4,0x6F9C,
0x2E94,0x4E9C,0x4E9C,0x4E9C,0x4E9C,0x4E9C,0x4E9C,0x4E9C,0x4E9C,0x2E9C,0x2D94,0x4E9C,0x8FA4,0xAFAC,0x0D9C,0x2D9C,
0x2D9C,0x0C9C,0x2C9C,0x2CA4,0x4CA4,0x4CA4,0x4DA4,0x2C9C,0xCC93,0x297B,0x0652,0x8541,0x6431,0x4429,0x4429,0x4429,
0x4429,0x6531,0x8531,0x8639,0xA639,0xA639,0x6531,0x4531,0x2529,0xE320,0xA218,0x8218,0x8218,0x8218,0x8218,0x8218,
0xA218,0xA218,0xA218,0xA218,0xA218,0x8210,0x8210,0x6110,0x6110,0x6110,0x6110,0x8218,0xC318,0x0421,0x2429,0x2429,
0x6B83,0x6B83,0x6B83,0x6B83,0x6B83,0x6B83,0x6B7B,0x6B7B,0x6B7B,0x6B7B,0x6B7B,0x6B83,0x8C83,0x8C83,0x8C83,0x8C83,
0x8C83,0x8C83,0x8C83,0x8C83,0x8C83,0x8C83,0x8C83,0xAC83,0xAC83,0xAC83,0xAC83,0xAC83,0xAC83,0xAC83,0xAC83,0xAC83,
0xAC83,0xAC83,0xAC83,0xAC83,0xAC83,0xAC83,0xCD8B,0xCD8B,0xCD8B,0xCD8B,0xAC83,0xAC83,0xAC83,0xAC83,0xAC83,0xAC83,
0xAC83,0xAC83,0xAC83,0xAD83,0xCD8B,0xCD8B,0xCD8B,0xCD8B,0xAD83,0xAC83,0xCD8B,0xCD8B,0xED8B,0xED8B,0xED93,0xEC93,
0x0C9C,0x2CA4,0x8DB4,0xEEC4,0x2ED5,0x6EDD,0x8EE5,0xADED,0x8CED,0x8CED,0x6BE5,0x6BE5,0x4CE5,0xEBD4,0x6AC4,0x09B4,
0x0AAC,0x2BAC,0x2BAC,0x2CAC,0x2CAC,0x4CA4,0x4DA4,0x4DA4,0x4DA4,0x4EA4,0x4EA4,0x6EA4,0x6DA4,0x6DA4,0x6DA4,0x6DA4,
0x4DA4,0x4D9C,0x4E9C,0x4E9C,0x4E9C,0x4E9C,0x4E9C,0x4E9C,0x2D9C,0x2D9C,0x4E9C,0x4EA4,0x6EA4,0x6EA4,0x4EA4,0x4E9C,
0x2D9C,0x2D9C,0x4E9C,0x4E9C,0x6EA4,0x8FA4,0x8FA4,0x6FA4,0x6FA4,0xB0A4,0x8FA4,0x4F9C,0x4F9C,0x4F9C,0x4FA4,0x4FA4,
0x6FA4,0x90A4,0x70A4,0x0E9C,0xEE93,0x2F9C,0x2F9C,0xEE93,0x2F9C,0x0E9C,0xEE93,0xED93,0xCD93,0xAD93,0xAD93,0xCD93,
0xCD93,0xCD93,0xCD93,0xCD93,0xCD93,0xCD93,0xCD93,0xCD93,0xCD93,0xEE93,0x0E94,0x0E94,0x0E94,0x2E9C,0x2E94,0x2E94,
0x2E94,0x4F9C,0x4F9C,0x4F9C,0x4F9C,0x6F9C,0x4F9C,0x4F9C,0x90A4,0x90A4,0x4F9C,0x2E9C,0x4F9C,0x0E94,0x6F9C,0xB0A4,
0x6F9C,0x4E9C,0x4E9C,0x4E9C,0x4E9C,0x4E9C,0x4E9C,0x4E9C,0x2E9C,0x4E9C,0x2E9C,0x2D9C,0x2D9C,0xAFAC,0x2D9C,0x0D9C,
0x2D9C,0xEC9B,0x2C9C,0x2BA4,0x4CA4,0x4CAC,0x6DAC,0x4DA4,0xEC93,0x4A83,0xC86A,0x2752,0x8539,0x4531,0x4429,0x4429,
0x2429,0x4429,0x4531,0x6531,0x8639,0x8639,0x6531,0x4529,0x2429,0xE320,0xA218,0xA218,0xA218,0xA218,0xA218,0xA218,
0xC318,0xC318,0xA218,0xA218,0xA218,0x8218,0x8210,0x6110,0x6110,0x6110,0x6110,0x8218,0xA218,0xE320,0x0421,0x0429,
0x6B7B,0x6B7B,0x6B7B,0x6B7B,0x6B7B,0x6B7B,0x6B7B,0x6B7B,0x6B7B,0x6B7B,0x6B7B,0x6B7B,0x6B7B,0x6B7B,0x8C83,0x8C83,
0x8C83,0x8C83,0x8C83,0x8C83,0x8C83,0x8C83,0x8C83,0x8C83,0x8C83,0x8C83,0x8C83,0x8C83,0x8C83,0xAC83,0x8C83,0xAC83,
0xAC83,0xAC83,0xAC83,0xAC83,0xAC83,0xAC83,0xAC83,0xAC83,0xAC83,0xAC83,0x8C83,0x8C83,0x8C83,0xAC83,0xAC83,0xAC83,
0xAC83,0xAC83,0xAC83,0xAC83,0xAC83,0xAC83,0xAC83,0xAC83,0xAC83,0xAC83,0xAC83,0xCD8B,0xED8B,0xED8B,0x0D94,0x0C9C,
0x4DA4,0x8DB4,0xEEC4,0x2FCD,0x6EDD,0x8EE5,0x8DED,0xADED,0x8CED,0x6BED,0x4BE5,0x6BE5,0x4CE5,0xEBD4,0x6AC4,0x2ABC,
0xE9AB,0xCAA3,0xEAA3,0xEAA3,0x0BA4,0x0BA4,0x2CA4,0x4DA4,0x4DA4,0x4DA4,0x4DA4,0x4DA4,0x6DA4,0x6DA4,0x6DA4,0x6DA4,
0x6DA4,0x6EA4,0x6EA4,0x6EA4,0x6E9C,0x6E9C,0x6E9C,0x4E9C,0x4EA4,0x6EA4,0x6EA4,0x4EA4,0x4EA4,0x4E9C,0x4E9C,0x4EA4,
0x4E9C,0x2D9C,0x2D9C,0x4E9C,0x6EA4,0x8FA4,0x8FA4,0x6EA4,0x6FA4,0xB0AC,0x8FA4,0x2E9C,0x2E9C,0x4F9C,0x4F9C,0x4F9C,
0x4F9C,0x90AC,0x70A4,0x0E94,0x0E9C,0x2E9C,0x2E9C,0x2E9C,0x0E94,0x4F9C,0x2E9C,0x0E9C,0x0E9C,0x0E9C,0x0E9C,0x0E9C,
0x0E9C,0x0E94,0xEE93,0xEE93,0xEE93,0xEE9B,0xEE9B,0xEE93,0xEE93,0x0E94,0x0E9C,0x2E9C,0x2E94,0x6F9C,0x4F9C,0x4F9C,
0x6F9C,0x6FA4,0x90A4,0x4F9C,0x2E9C,0x6F9C,0x2E9C,0x2E94,0x90A4,0x90A4,0x4F9C,0x2E94,0x2E94,0x4E9C,0x2E94,0x4E9C,
0x8FA4,0x6F9C,0x2E94,0x4D9C,0x4E9C,0x4E9C,0x4E9C,0x2E9C,0x2E9C,0x4E9C,0x2D9C,0x0D94,0x0D94,0x4EA4,0x4EA4,0x0D9C,
0xEC9B,0x0C9C,0x0C9C,0x0B9C,0x2BA4,0x4CAC,0x8DB4,0x8DAC,0x2DA4,0xAB8B,0x0973,0x4752,0x8539,0x4431,0x2429,0x2429,
0x2429,0x2429,0x0429,0x0321,0x2429,0x2529,0x0429,0x0421,0xE420,0xA318,0xA218,0xA218,0xA218,0xC318,0xC320,0xC320,
0xC320,0xC318,0xC318,0xA218,0xA218,0x8218,0x8210,0x6110,0x6110,0x6110,0x6110,0x8210,0xA218,0xC320,0xE320,0x0421,
0x6B83,0x6B83,0x6B83,0x6B83,0x6B83,0x6B83,0x6B7B,0x6B7B,0x6B7B,0x6B7B,0x6B7B,0x6B7B,0x6B7B,0x6B7B,0x6B7B,0x6B7B,
0x6B7B,0x6B7B,0x6B7B,0x6B7B,0x6B7B,0x6B7B,0x6B7B,0x6B7B,0x6B7B,0x6B7B,0x6B7B,0x8C83,0x8C83,0x8C83,0x8C83,0x8C83,
0x8C83,0x8C83,0x8C83,0x8C83,0x8C83,0x8C83,0x8C83,0x8C83,0x8C83,0x6B7B,0x6B7B,0x6B7B,0x6B7B,0x6B7B,0x8C83,0x8C83,
0x8C83,0x6C7B,0x6C7B,0x6B7B,0x6C7B,0x6B7B,0x6C7B,0x8C83,0x8C83,0xAC83,0xAC83,0xAC83,0xAC83,0xCC8B,0xEC93,0x0C9C,
0x2CA4,0x8DB4,0x0EC5,0x4FD5,0x8EDD,0xADE5,0x8CED,0x8CED,0x8CED,0x6BED,0x6BE5,0x6CE5,0x6CE5,0x0BDD,0x6AC4,0x09BC,
0xC9AB,0xA9A3,0xA9A3,0xC9A3,0xEAA3,0xEBA3,0x0CA4,0x2CA4,0x4DA4,0x6DA4,0x6DA4,0x6DA4,0x6DA4,0x6DA4,0x6DA4,0x4DA4,
0x4DA4,0x6EA4,0x6EA4,0x6EA4,0x6E9C,0x6E9C,0x6E9C,0x6E9C,0x6EA4,0x6EA4,0x6EA4,0x6EA4,0x4E9C,0x4E9C,0x4E9C,0x4E9C,
0x4D9C,0x4E9C,0x4E9C,0x2D9C,0x6E9C,0xAFAC,0xAFA4,0x4E9C,0x6FA4,0x8FA4,0x6F9C,0x4E9C,0x4F9C,0x4F9C,0x4F9C,0x4F9C,
0x2E9C,0x6F9C,0x90A4,0x4F9C,0x2E9C,0x2E9C,0x2E9C,0x4F9C,0x4F9C,0x4F9C,0x2F9C,0x2F9C,0x2E9C,0x2E9C,0x0E9C,0x2E9C,
0x0E9C,0x0E9C,0x0E9C,0x0E9C,0x0E9C,0x2E9C,0x0E9C,0x0E9C,0x0E9C,0x2E9C,0x2E9C,0x2E9C,0x2E9C,0x4F9C,0x6F9C,0x4F9C,
0x6F9C,0x90A4,0x6F9C,0x2E9C,0x2E94,0x6FA4,0x4F9C,0x2E9C,0x90A4,0xB0A4,0x4F9C,0x2E94,0x2E94,0x2E9C,0x2E94,0x4E9C,
0x6F9C,0x6E9C,0x4E9C,0x4D9C,0x4E9C,0x4E9C,0x4E9C,0x2D9C,0x2D9C,0x2D9C,0x2D9C,0x0D94,0xEC93,0x0C9C,0x4DA4,0x4DA4,
0xEC9B,0xCB93,0xEB9B,0xEA9B,0x2BA4,0x4CAC,0x6DAC,0x6DAC,0x4DA4,0xCC93,0xE972,0x2652,0x8439,0x2329,0xE320,0xC220,
0xC218,0xC218,0xC218,0xC218,0xC318,0xC318,0xA318,0xA218,0xA318,0xA218,0xA218,0xA218,0xA218,0xC318,0xC318,0xC318,
0xC318,0xC320,0xC318,0xC318,0xA218,0x8218,0x6110,0x6110,0x6110,0x6110,0x6110,0x6110,0x8218,0xA218,0xC318,0xC320,
0x8C83,0x8C83,0x8C83,0x8C83,0x8C83,0x8C83,0x6B83,0x6B83,0x6B83,0x6B83,0x6B83,0x6B7B,0x6B7B,0x6B7B,0x6B7B,0x6B7B,
0x6B7B,0x6B7B,0x6B7B,0x6B7B,0x6B7B,0x6B7B,0x6B7B,0x6B7B,0x6B7B,0x6B7B,0x6B7B,0x6B7B,0x6B7B,0x8C83,0x8C83,0x6B7B,
0x6B7B,0x6B7B,0x6B7B,0x6B7B,0x6B7B,0x6B7B,0x6B7B,0x6B7B,0x6B7B,0x6B7B,0x6B7B,0x6B7B,0x6B7B,0x6B7B,0x6B7B,0x6B7B,
0x6B7B,0x6B7B,0x6B7B,0x6B7B,0x6B7B,0x6B7B,0x6B7B,0x6C7B,0x8C83,0x8C83,0xCD83,0xED8B,0xED8B,0x0D94,0x2D9C,0x2DA4,
0x6DAC,0xADBC,0x0ECD,0x4FDD,0x6EE5,0xACED,0x8CED,0x8CED,0x8BED,0x6BED,0x4BED,0x4CE5,0x4CE5,0xEBDC,0x69C4,0x08BC,
0xE9AB,0xA9A3,0x89A3,0xA9A3,0xCAA3,0xCAA3,0xEBA3,0x0BA4,0x2CA4,0x4DA4,0x4DA4,0x4DA4,0x6DA4,0x6DA4,0x6DA4,0x6DA4,
0x6DA4,0x6EA4,0x6EA4,0x6EA4,0x6EA4,0x6E9C,0x6E9C,0x8EA4,0x8EA4,0x8EA4,0x6EA4,0x6EA4,0x4E9C,0x6EA4,0x4E9C,0x4E9C,
0x4E9C,0x4E9C,0x4E9C,0x4E9C,0x6EA4,0xAFAC,0xAFA4,0x6FA4,0x8FA4,0x6FA4,0x6F9C,0x4F9C,0x4F9C,0x4F9C,0x4F9C,0x6F9C,
0x4F9C,0x6F9C,0xB0A4,0x6F9C,0x4F9C,0x4F9C,0x4F9C,0x6F9C,0x6F9C,0x4F9C,0x4F9C,0x4F9C,0x4F9C,0x4F9C,0x4F9C,0x4F9C,
0x2F9C,0x2E9C,0x2E9C,0x2F9C,0x4F9C,0x4F9C,0x2E9C,0x2E9C,0x2E9C,0x4F9C,0x4F9C,0x4F9C,0x4F9C,0x6F9C,0x6FA4,0x6F9C,
0x6F9C,0x90A4,0x6F9C,0x4F9C,0x4F9C,0x6FA4,0x4F9C,0x2E9C,0x90A4,0xB0A4,0x4F9C,0x2E94,0x4E9C,0x2E9C,0x2E9C,0x2E9C,
0x4E9C,0x4E9C,0x4E9C,0x4E9C,0x4E9C,0x4D9C,0x4D9C,0x2D9C,0x2D9C,0x2D9C,0x0D9C,0x0D9C,0xEC93,0xCC93,0x0C9C,0x0D9C,
0xEB93,0xCB93,0xEB9B,0xEA9B,0x2BA4,0x2BAC,0x6CAC,0x6CAC,0x4DA4,0xEB93,0xC86A,0xC449,0x2231,0xC220,0xC220,0xC218,
0xA218,0xA218,0xA218,0xA218,0xA218,0x8218,0x8218,0x8218,0x8218,0x8218,0xA218,0xA218,0xA218,0xC318,0xC318,0xC318,
0xC318,0xC318,0xA218,0xA218,0xA218,0x8210,0x6110,0x4110,0x6110,0x6110,0x4110,0x6110,0x8210,0x8218,0x8218,0x8218,
0x8C83,0x8C83,0x8C83,0x8C83,0x8C83,0x8C83,0x8C83,0x8C83,0x8C83,0x8C83,0x8C83,0x8C83,0x8C83,0x8C83,0x8C83,0x8C83,
0x8C83,0x8C83,0x8C83,0x8C83,0x8C83,0x8C83,0xAC83,0x8C83,0x8C83,0x8C83,0x8C83,0x8C83,0x8C83,0x6B7B,0x6B7B,0x6B7B,
0x6B7B,0x6B7B,0x6B7B,0x6B7B,0x6B7B,0x6B7B,0x6B7B,0x6B7B,0x6B7B,0x6B7B,0x4B7B,0x4B7B,0x4B7B,0x6B7B,0x4B7B,0x4B7B,
0x6B7B,0x6B7B,0x6B7B,0x6B7B,0x6B7B,0x6B7B,0x6B7B,0x6C7B,0x8C83,0x8C83,0xCD83,0xED8B,0xED8B,0xED93,0x0D94,0x2C9C,
0x6CAC,0xCDBC,0x0ED5,0x4FDD,0x8EE5,0xACED,0xABED,0x8BED,0x6BED,0x6BED,0x4BED,0x4CE5,0x2CE5,0xEBDC,0x8ACC,0x08BC,
0xC9B3,0xA9AB,0x88A3,0x88A3,0xA9A3,0xA99B,0xCA9B,0xEA9B,0xEB9B,0x0B9C,0x2C9C,0x4CA4,0x4DA4,0x4DA4,0x4DA4,0x6DA4,
0x6DA4,0x6EA4,0x6EA4,0x6EA4,0x6EA4,0x6E9C,0x6E9C,0x8FA4,0x8FA4,0x8EA4,0x6EA4,0x6E9C,0x6E9C,0x6E9C,0x6E9C,0x4E9C,
0x4E9C,0x4E9C,0x6E9C,0x6E9C,0x6EA4,0x8FA4,0x8FA4,0x8FA4,0x8FA4,0x6F9C,0x4E9C,0x4E9C,0x4F9C,0x4F9C,0x4F9C,0x6F9C,
0x4F9C,0x90A4,0x90A4,0x90A4,0x90A4,0x90A4,0x6FA4,0x6F9C,0x6F9C,0x6F9C,0x6F9C,0x6F9C,0x6F9C,0x6F9C,0x6F9C,0x6F9C,
0x4F9C,0x4F9C,0x4F9C,0x4F9C,0x6F9C,0x4F9C,0x4F9C,0x4F9C,0x4F9C,0x4F9C,0x4F9C,0x4F9C,0x4F9C,0x6F9C,0x90A4,0x6F9C,
0x90A4,0x90A4,0x6F9C,0x4F9C,0x4F9C,0x6F9C,0x4F9C,0x2E9C,0x6FA4,0x90A4,0x4F9C,0x2E9C,0x4E9C,0x2E9C,0x2E94,0x2E94,
0x2E9C,0x4E9C,0x6E9C,0x4E9C,0x4E9C,0x2D94,0x2D94,0x0D94,0x0D9C,0x0D9C,0x0C9C,0xEC93,0xCC93,0xCB93,0xEC93,0xEC9B,
0xCB93,0xCB93,0xEB9B,0xEA9B,0x0AA4,0x2BAC,0x6CB4,0xADB4,0xAEB4,0x6DA4,0x6A83,0x6762,0xC541,0x6439,0x2329,0xE320,
0xE320,0x0321,0x2429,0x0429,0x2429,0x0429,0xE320,0xC318,0xA318,0xA318,0xC318,0xA218,0xA218,0xA218,0xA218,0xC318,
0xC318,0xC318,0xA218,0xA218,0xA218,0x8218,0x6110,0x6110,0x4110,0x4110,0x4108,0x6110,0x6110,0x6110,0x6110,0x6110,
0x8C83,0x8C83,0x8C83,0x8C83,0x8C83,0x8C83,0x8C83,0x8C83,0x8C83,0x8C83,0x8C83,0x8C83,0x8C83,0x8C83,0x8C83,0x8C83,
0x8C83,0x8C83,0x8C83,0xAC83,0xAC83,0xAC83,0xAC83,0xAC83,0xAC83,0xAC83,0x8C83,0x8C83,0x8C83,0x8C83,0x8C83,0x8C83,
0x6B7B,0x6B7B,0x6B7B,0x6B7B,0x6B7B,0x6B7B,0x6B7B,0x6B7B,0x6B7B,0x6B7B,0x4B7B,0x4B7B,0x4B7B,0x4B7B,0x4B7B,0x6B7B,
0x6B7B,0x6C7B,0x8C83,0x8C83,0x8C83,0x6C7B,0x6C7B,0x8C83,0xAC83,0x8C83,0xAC83,0xCD83,0xCD8B,0xED8B,0x0D94,0x4DA4,
0xADB4,0x0ECD,0x6FDD,0x8FE5,0xAEED,0xABED,0xABED,0x8BED,0x6BE5,0x4BE5,0x4BE5,0x2BE5,0x0BDD,0xEBDC,0x8ACC,0x08BC,
0xC8B3,0x88AB,0x68A3,0x88A3,0xA9A3,0xA9A3,0xA99B,0xAA9B,0xCA93,0xEA9B,0x0B9C,0x0C9C,0x2C9C,0x2D9C,0x2D9C,0x4D9C,
0x4D9C,0x4D9C,0x6EA4,0x6EA4,0x6EA4,0x6EA4,0x6EA4,0x8EA4,0x8EA4,0x6E9C,0x6E9C,0x6E9C,0x6E9C,0x6EA4,0x6E9C,0x6E9C,
0x4E9C,0x6E9C,0x6E9C,0x6E9C,0x6E9C,0x6EA4,0x4E9C,0x8FA4,0x8FA4,0x4E9C,0x4E9C,0x4E9C,0x4E9C,0x4F9C,0x6F9C,0x4F9C,
0x6F9C,0x90A4,0x90A4,0x90A4,0x90A4,0x90A4,0x90A4,0x6F9C,0x6F9C,0x4F9C,0x4F9C,0x4F9C,0x6F9C,0x6F9C,0x6F9C,0x6F9C,
0x6F9C,0x4F9C,0x4F9C,0x6F9C,0x6F9C,0x4F9C,0x4F9C,0x4F9C,0x4F9C,0x4F9C,0x4F9C,0x4F9C,0x4F9C,0x6F9C,0x6FA4,0x6FA4,
0x6F9C,0x4F9C,0x2E94,0x2E94,0x4F9C,0x6F9C,0x4F9C,0x4F9C,0x6F9C,0x90A4,0x4F9C,0x4F9C,0x2E9C,0x2E94,0x2E94,0x2E94,
0x2E9C,0x4E9C,0x4E9C,0x4D9C,0x2D94,0x2D94,0x2D94,0x0D94,0x0D9C,0x0D9C,0xEC93,0xEC93,0xCB93,0xCB93,0xEC93,0xCB93,
0xCB9B,0xEB9B,0xEB9B,0x0AA4,0x2AA4,0x2AA4,0x6CAC,0xADB4,0xAEB4,0x8EAC,0xCC8B,0x0973,0x885A,0x2752,0xE741,0xC641,
0xC639,0xC641,0xC741,0xC639,0xA639,0x8631,0x4531,0x2529,0x0429,0x0429,0x4529,0x0429,0xE320,0xE320,0xE320,0xE320,
0xE320,0xE320,0x0421,0x0421,0xE320,0xE320,0xC318,0xA218,0x8218,0x8210,0x6110,0x6110,0x6110,0x6110,0x6110,0x4110,
0x8C83,0x8C83,0x8C83,0x8C83,0x8C83,0x8C83,0x8C83,0x8C83,0x8C83,0x8C83,0x8C83,0x8C83,0x8C7B,0x8C7B,0x8C7B,0x8C7B,
0x8C7B,0x8C7B,0x8C83,0x8C83,0x8C83,0xAC83,0xAC83,0xAC83,0xAC83,0xAC83,0xAC83,0x8C83,0x8C83,0x8C83,0x8C83,0x8C83,
0x8C7B,0x8C7B,0x6C7B,0x6B7B,0x6B7B,0x6B7B,0x6B7B,0x6B7B,0x6B7B,0x6B7B,0x4B7B,0x4B7B,0x6B7B,0x6B7B,0x6B7B,0x6C7B,
0x6C7B,0x8C83,0x8C83,0x8C83,0x8C83,0x8C83,0x8C83,0xAC83,0xAC83,0xCD83,0xED8B,0x0E94,0x2E9C,0x6EA4,0xAFB4,0xCEBC,
0xEEC4,0x2FD5,0x8FE5,0xAFE5,0xAEED,0xACED,0x8BED,0x6BE5,0x6BE5,0x4BE5,0x2BE5,0x0ADD,0xEADC,0xAAD4,0x28C4,0xC7B3,
0x87AB,0x88A3,0x68A3,0x88A3,0x88A3,0x899B,0xA99B,0xA99B,0xAA9B,0xCA9B,0xCA9B,0xEB9B,0xEC9B,0x0C9C,0x0CA4,0x2DA4,
0x4DA4,0x4DA4,0x4DA4,0x4DA4,0x6EA4,0x6EA4,0x6EA4,0x6EA4,0x6E9C,0x6E9C,0x6E9C,0x6E9C,0x6E9C,0x6E9C,0x6E9C,0x6E9C,
0x6E9C,0x6E9C,0x6E9C,0x6E9C,0x6E9C,0x4E9C,0x4E9C,0x8FA4,0x8FA4,0x6E9C,0x4E9C,0x4E9C,0x4E9C,0x4E9C,0x6F9C,0x4F9C,
0x6F9C,0x6FA4,0x8FA4,0x90A4,0x90A4,0x6FA4,0x6FA4,0x6F9C,0x4F9C,0x4F9C,0x4F9C,0x6F9C,0x6F9C,0x6F9C,0x6F9C,0x6F9C,
0x6F9C,0x6F9C,0x6F9C,0x6F9C,0x6F9C,0x4F9C,0x4F9C,0x4F9C,0x4F9C,0x4F9C,0x4F9C,0x4F9C,0x4F9C,0x4F9C,0x6F9C,0x4F9C,
0x4F9C,0x4F9C,0x2E94,0x2E94,0x4F9C,0x6F9C,0x4F9C,0x6FA4,0x90A4,0x6F9C,0x4F9C,0x4F9C,0x2E94,0x2E94,0x2E94,0x2E94,
0x2E94,0x2E9C,0x2E9C,0x2E9C,0x2D94,0x0D94,0x0D94,0x0D9C,0x0C9C,0xEC93,0xEC93,0xCB93,0xAB93,0xCB93,0xCB93,0xCB93,
0xCB9B,0xCB9B,0xCB9B,0xEA9B,0x0A9C,0x0AA4,0x6CAC,0xCDBC,0xAEB4,0x6DAC,0xEC93,0x2A7B,0xC862,0x685A,0x6952,0x6952,
0x284A,0x284A,0x284A,0x284A,0x084A,0x0842,0x0842,0xE741,0xC741,0xC741,0xE741,0xC739,0xA639,0x8631,0x6531,0x8631,
0x8639,0x8639,0xA639,0xA639,0x8639,0x8631,0x6531,0x2429,0xE320,0xA318,0x8218,0x6110,0x6110,0x6110,0x6110,0x6110,
0x8C83,0x8C83,0x8C83,0x8C83,0x8C83,0x8C83,0x8C83,0x8C83,0x8C83,0x8C83,0x6C7B,0x6C7B,0x6C7B,0x6C7B,0x6C7B,0x6C7B,
0x6C7B,0x8C7B,0x8C83,0x8C83,0xAC83,0xAD83,0xAD83,0xCD83,0xCD83,0xCD83,0xAC83,0xAC83,0xAC83,0xAC83,0xAC83,0xAC83,
0x8C83,0x8C7B,0x8C83,0x8C83,0x8C83,0x8C83,0x6C83,0x6C7B,0x6C7B,0x6C7B,0x6B7B,0x6B7B,0x6C7B,0x8C83,0x6C7B,0x6C83,
0x8C83,0x8C83,0x8C83,0x8C83,0xAC83,0xAC83,0xAC83,0xAC83,0xCC83,0xAC83,0xAC83,0xCC8B,0xCC93,0x0DA4,0x6DB4,0xAEC4,
0xEECC,0x4EDD,0x8EE5,0xAFED,0xAEED,0xADED,0x8CED,0x6CED,0x6BE5,0x6BE5,0x4BE5,0x2BDD,0xEADC,0x8ACC,0x08BC,0xA7B3,
0x87A3,0x87A3,0x67A3,0x679B,0x689B,0x889B,0x889B,0x899B,0x8993,0xAA93,0xAA93,0xAA93,0xCB9B,0xECA3,0x0CA4,0x0CA4,
0x2DA4,0x2DA4,0x2DA4,0x4DA4,0x4DA4,0x6EA4,0x6EA4,0x6E9C,0x6E9C,0x6E9C,0x6E9C,0x6E9C,0x6E9C,0x6E9C,0x6E9C,0x6E9C,
0x6E9C,0x6E9C,0x6E9C,0x6EA4,0x6E9C,0x4E9C,0x6EA4,0xAFA4,0x8FA4,0x6E9C,0x4E9C,0x4E9C,0x6E9C,0x4E9C,0x6F9C,0x4F9C,
0x4F9C,0x6F9C,0x6FA4,0x6FA4,0x6FA4,0x6F9C,0x6F9C,0x6FA4,0x4F9C,0x4F9C,0x4F9C,0x6F9C,0x6F9C,0x6F9C,0x6F9C,0x6F9C,
0x6F9C,0x6F9C,0x6F9C,0x6F9C,0x4F9C,0x4F9C,0x4F9C,0x4F9C,0x4F9C,0x4F9C,0x4F9C,0x4F9C,0x2E9C,0x4F9C,0x4F9C,0x4F9C,
0x4F9C,0x4E9C,0x4E9C,0x2E9C,0x4E9C,0x4F9C,0x4F9C,0x90A4,0x90A4,0x4F9C,0x4F9C,0x4E9C,0x2E94,0x2E94,0x2E94,0x2E94,
0x2E94,0x2E94,0x2E9C,0x2E9C,0x0E9C,0x0D94,0x0D94,0x0D9C,0xEC9B,0xEC93,0xCC93,0xCB93,0xAB93,0xCB93,0xCB93,0xCB9B,
0xCB9B,0xCB93,0xCB93,0xCA93,0x0B9C,0x0AA4,0x4BAC,0xADB4,0xCEBC,0xEFBC,0xAEAC,0xEC93,0x4A7B,0xC962,0xAA5A,0x8A52,
0x284A,0x284A,0x284A,0x294A,0x4952,0x6952,0x6952,0x6952,0x6952,0x6952,0x4952,0x494A,0x284A,0x284A,0x0842,0x084A,
0x084A,0x084A,0x0842,0xE741,0xE741,0xE741,0xC739,0x8639,0x4529,0xE420,0xA318,0x8210,0x6210,0x6110,0x4110,0x4110,
0x8C83,0x8C83,0x8C83,0x8C83,0x6C7B,0x6C7B,0x8C83,0x8C83,0x8C83,0x6B7B,0x6B7B,0x6C7B,0x6C7B,0x6C7B,0x6C7B,0x6C7B,
0x6C7B,0x8C7B,0x8C7B,0x8C83,0xAC83,0xAD83,0xAD83,0xCD83,0xCD83,0xCD83,0xCD83,0xCD83,0xCD83,0xAC83,0xAC83,0xAC83,
0xAC83,0xAC83,0x8C83,0x8C83,0x8C83,0x8C83,0x8C7B,0x8C7B,0x6C7B,0x6B7B,0x6B7B,0x6B7B,0x8C7B,0x8C7B,0x6C83,0x8C83,
0x8C83,0x8C83,0x8C83,0x8C83,0x8C83,0x8C83,0x8C83,0xAC83,0xAC83,0xAC83,0xAC83,0x8C83,0xAB8B,0xEC9B,0x6DB4,0xEECC,
0x4ED5,0x8EE5,0xAEE5,0xADED,0xADED,0xADED,0x8CED,0x8CED,0x6BE5,0x6BE5,0x6BE5,0x4BE5,0xEBDC,0x89CC,0x08BC,0xA7B3,
0x67A3,0x67A3,0x679B,0x679B,0x679B,0x689B,0x889B,0x899B,0x899B,0x8993,0xA993,0xAA93,0xCB9B,0xECA3,0x0CA4,0x0CA4,
0x2DA4,0x2DA4,0x2DA4,0x2DA4,0x4DA4,0x4DA4,0x6EA4,0x6EA4,0x6E9C,0x6E9C,0x6E9C,0x6E9C,0x6E9C,0x6E9C,0x6E9C,0x6E9C,
0x6E9C,0x6E9C,0x6E9C,0x6E9C,0x6E9C,0x6E9C,0x6EA4,0xAFAC,0x8FA4,0x6E9C,0x4E9C,0x4E9C,0x6E9C,0x4E9C,0x4E9C,0x4F9C,
0x4F9C,0x4F9C,0x6FA4,0x6FA4,0x6FA4,0x4F9C,0x6F9C,0x6FA4,0x4F9C,0x4F9C,0x4F9C,0x4F9C,0x4F9C,0x4F9C,0x4F9C,0x4F9C,
0x4F9C,0x4F9C,0x4F9C,0x4F9C,0x4F9C,0x4F9C,0x4F9C,0x4F9C,0x4F9C,0x4F9C,0x4F9C,0x2E9C,0x2E94,0x4F9C,0x4F9C,0x4F9C,
0x4E9C,0x2E94,0x2E94,0x2E9C,0x4E9C,0x4F9C,0x4F9C,0x8FA4,0x6FA4,0x4F9C,0x4F9C,0x4E9C,0x2E9C,0x2E9C,0x2E94,0x2E9C,
0x2E9C,0x2E9C,0x2E9C,0x2E9C,0x0D9C,0x0D94,0xED93,0xEC93,0xEC93,0xCC93,0xCC93,0xCB93,0xCB93,0xCB93,0xCB93,0xCB9B,
0xCB9B,0xCB93,0xCB93,0xCA9B,0xEA9B,0xEAA3,0x2BAC,0x6CB4,0xADBC,0xEFC4,0xCFB4,0x2D9C,0x6B7B,0xA862,0x074A,0xE741,
0xC741,0xC741,0x084A,0x494A,0x6952,0x6952,0x6952,0x6952,0x8A52,0x8A52,0x6952,0x6952,0x6952,0x6952,0x6952,0x4952,
0x494A,0x284A,0x084A,0x0842,0xE741,0xC739,0xC739,0xA739,0x6631,0x0421,0xC318,0x8210,0x6210,0x6110,0x4110,0x4108,
0xAC83,0xAC83,0xAC83,0xAC83,0x8C83,0x8C83,0x8C83,0x8C83,0x8C83,0x8C83,0x8C83,0xAC83,0xAC83,0xAC83,0xAC83,0xAC83,
0xAC83,0xAD83,0xAD83,0xCD83,0xCD83,0xCD83,0xCD83,0xED8B,0xED8B,0xED8B,0xED8B,0xED8B,0xED8B,0xED8B,0xED8B,0xED8B,
0xCD83,0xCD83,0xCD83,0xCD83,0xCD83,0xCD83,0xAD83,0xAD83,0x8C83,0x8C7B,0x6C7B,0x6C7B,0x6C7B,0x6C7B,0x6C7B,0x6C7B,
0x6C7B,0x6C7B,0x6C7B,0x6C7B,0x8C83,0x8C83,0x8C83,0xAC83,0xAC83,0xAC83,0xCD8B,0xCC8B,0xEC93,0x4CAC,0xADBC,0x2ED5,
0x8EE5,0xAEE5,0x8CE5,0x8CE5,0xACED,0xACED,0x8CED,0x6CED,0x6BE5,0x6BE5,0x6BE5,0x2BE5,0xEAD4,0x69CC,0xE8BB,0xA7B3,
0x66A3,0x479B,0x479B,0x479B,0x479B,0x679B,0x689B,0x899B,0x8993,0x8993,0x8993,0xAA93,0xCB9B,0xEB9B,0xEC9B,0xEC9B,
0x0C9C,0x0C9C,0x0C9C,0x0C9C,0x2D9C,0x2D9C,0x4D9C,0x4D9C,0x4D9C,0x4E9C,0x4E9C,0x4E9C,0x4E9C,0x6EA4,0x6EA4,0x6EA4,
0x6EA4,0x6EA4,0x6E9C,0x6E9C,0x6E9C,0x4E9C,0x6E9C,0x8FA4,0x8FA4,0x6E9C,0x4E9C,0x4E9C,0x6E9C,0x4E9C,0x4E9C,0x4E9C,
0x4E9C,0x4E9C,0x6F9C,0x6F9C,0x6F9C,0x4E9C,0x6F9C,0x6FA4,0x6F9C,0x4F9C,0x4F9C,0x4F9C,0x4F9C,0x4F9C,0x4F9C,0x4F9C,
0x4F9C,0x4F9C,0x4F9C,0x4F9C,0x4F9C,0x4F9C,0x4F9C,0x4F9C,0x4F9C,0x4F9C,0x4F9C,0x2E94,0x2E94,0x2E9C,0x4F9C,0x4F9C,
0x2E94,0x0E94,0x2E94,0x2E94,0x2E9C,0x4E9C,0x4F9C,0x6F9C,0x4E9C,0x2E9C,0x4E9C,0x2E94,0x2E94,0x2E94,0x2E94,0x0E94,
0x0E94,0x0E94,0x0D9C,0x0D9C,0x0D94,0xED93,0xEC93,0xCC93,0xCC93,0xCC93,0xCB93,0xCB93,0xCB93,0xCB93,0xCB93,0xCB9B,
0xCB9B,0xCB93,0xCB9B,0xCA9B,0xEBA3,0xEAA3,0x0BAC,0x4CB4,0x8DBC,0xCFC4,0xAFB4,0xEC9B,0xE872,0xE549,0x6439,0x8631,
0xA639,0xC741,0x084A,0x494A,0x6952,0x4952,0x494A,0x284A,0x494A,0x494A,0x4952,0x6952,0x6952,0x6952,0x6952,0x494A,
0x284A,0x0842,0xE741,0xC739,0xC739,0x8631,0x6631,0x8631,0x4531,0x0429,0xC320,0xA318,0x8218,0x8210,0x6110,0x4110,
0xED8B,0xCD8B,0xCD8B,0xCD8B,0xCD8B,0xCD8B,0xAD83,0xCD8B,0xCD8B,0xCD8B,0xED8B,0xED8B,0xED8B,0xED8B,0xED8B,0xED8B,
0xED8B,0xEE8B,0xEE8B,0x0E8C,0x0E8C,0x0E8C,0x0E8C,0x0E8C,0x0E8C,0x2E8C,0x2F94,0x2F94,0x2F94,0x2F94,0x2F94,0x2E94,
0x0E8C,0x2E8C,0x0E8C,0x0E8C,0x0E8C,0x0E8C,0xEE8B,0xEE8B,0xED8B,0xCD83,0xAD83,0xAD83,0x8C7B,0x8C7B,0x6C7B,0x6C7B,
0x6C7B,0x6C7B,0x6B7B,0x6B7B,0x4B7B,0x6B7B,0x6B7B,0x8C83,0x8B83,0x8C83,0xAC8B,0xEC93,0x0C9C,0x6CAC,0xCCC4,0x4DD5,
0x6DE5,0x8CE5,0x8CE5,0x8BED,0xACED,0x8CED,0x8CED,0x6CE5,0x6BE5,0x4BE5,0x4BE5,0x2BDD,0xCAD4,0x69C4,0xE7BB,0xA7B3,
0x66A3,0x479B,0x269B,0x269B,0x279B,0x479B,0x489B,0x6893,0x6993,0x8993,0x8993,0x8A93,0xAA93,0xAB9B,0xCB9B,0xCB9B,
0xCB9B,0xEC9B,0x0C9C,0x0C9C,0x0C9C,0x0C9C,0x2D9C,0x2D9C,0x2D9C,0x2D9C,0x2D9C,0x2D9C,0x4D9C,0x4EA4,0x4EA4,0x6EA4,
0x6EA4,0x4EA4,0x4E9C,0x4E9C,0x4E9C,0x4E9C,0x4E9C,0x6EA4,0x6EA4,0x6E9C,0x4E9C,0x4E9C,0x4E9C,0x4E9C,0x4E9C,0x4E9C,
0x4E9C,0x4E9C,0x4E9C,0x6E9C,0x4E9C,0x4E9C,0x4E9C,0x6F9C,0x4E9C,0x4E9C,0x4F9C,0x4F9C,0x4F9C,0x4F9C,0x4F9C,0x2E9C,
0x2E9C,0x4F9C,0x4F9C,0x4F9C,0x4F9C,0x4F9C,0x4F9C,0x4F9C,0x4F9C,0x2E9C,0x2E9C,0x2E94,0x2E94,0x2E94,0x4F9C,0x4F9C,
0x2E94,0x0E94,0x0E94,0x2E9C,0x2E9C,0x2E9C,0x2E9C,0x4E9C,0x2E9C,0x0E94,0x2E9C,0x0E94,0x0E94,0x0E94,0x0E94,0x0D94,
0x0D94,0x0D94,0x0D94,0x0D94,0xED93,0xCC93,0xCC93,0xCC93,0xCB93,0xCB93,0xCB93,0xCB93,0xCB93,0xCB93,0xCB93,0xCB93,
0xCB9B,0xCB93,0xCB9B,0xCA9B,0xEBA3,0xEAA3,0xEBAB,0x4BB4,0x6CBC,0xAEBC,0xAEBC,0x0C9C,0x097B,0x0652,0xA541,0xC741,
0x084A,0x284A,0x084A,0x284A,0x084A,0xE741,0xC741,0xC739,0xA639,0xA639,0xC741,0xE741,0x284A,0x284A,0x084A,0xE741,
0xC739,0x8639,0x6531,0x4531,0x4531,0x4529,0x6531,0x6631,0x6531,0x4529,0x2529,0x0429,0xE420,0xC318,0xA218,0x8210,
0xED8B,0xED8B,0xED8B,0xED8B,0xEE8B,0xEE8B,0xED8B,0x0E94,0x0E94,0x0E94,0x0E94,0x0E8C,0x2E8C,0x2E8C,0x2E8C,0x2E8C,
0x2E8C,0x2E8C,0x2E8C,0x2E8C,0x2E8C,0x2E8C,0x2F8C,0x4F94,0x4F94,0x4F94,0x2F94,0x2F94,0x2F94,0x2F94,0x2F94,0x2F94,
0x4F94,0x4F94,0x4F94,0x4F94,0x2F94,0x2F94,0x2F94,0x2F94,0x0E8C,0x0E8C,0x0E8C,0xEE8B,0xCD83,0xAD83,0x6C7B,0x6C7B,
0x6C7B,0x6B7B,0x6B7B,0x4B7B,0x4B7B,0x4B7B,0x6B7B,0x6B7B,0x6B7B,0x6B7B,0xAC83,0xCC93,0x0CA4,0xACB4,0x2DCD,0x6DDD,
0x8CE5,0x8CE5,0x8CED,0x8BED,0x8CED,0x8CED,0x8CED,0x6CED,0x6BE5,0x4BE5,0x4BE5,0x0ADD,0xA9D4,0x48C4,0xC7B3,0x86AB,
0x46A3,0x269B,0x269B,0x269B,0x279B,0x2793,0x489B,0x689B,0x6993,0x8993,0x8993,0x8993,0x8A93,0x8A93,0x8A93,0xAA93,
0xAA93,0xAB93,0xCB93,0xCB93,0xEC9B,0x0C9C,0x0C9C,0x0C94,0x0D94,0x0D94,0x0D9C,0x2D9C,0x2D9C,0x4E9C,0x4EA4,0x4EA4,
0x4EA4,0x4E9C,0x4E9C,0x4E9C,0x4E9C,0x4E9C,0x4E9C,0x4E9C,0x4E9C,0x4E9C,0x4E9C,0x4E9C,0x4E9C,0x4E9C,0x2E9C,0x2E9C,
0x4E9C,0x4E9C,0x4E9C,0x4E9C,0x4E9C,0x4E9C,0x4E9C,0x4E9C,0x4E9C,0x4E9C,0x4F9C,0x4F9C,0x4F9C,0x4F9C,0x4F9C,0x4F9C,
0x4F9C,0x4F9C,0x4F9C,0x4F9C,0x4F9C,0x2E9C,0x2E9C,0x2E9C,0x2E9C,0x2E9C,0x2E9C,0x2E94,0x2E94,0x2E94,0x0E94,0x2E94,
0x2E9C,0x2E9C,0x2E9C,0x2E9C,0x2E9C,0x2E9C,0x2E9C,0x2E9C,0x0E9C,0x0E94,0x0E94,0x0E94,0x0D94,0x0D94,0x0D94,0x0D94,
0xED93,0xED93,0xED93,0xEC93,0xCC93,0xCC93,0xCC93,0xCB93,0xCB93,0xCB93,0xCB93,0xCB93,0xCB93,0xCB93,0xCB93,0xCB93,
0xAB93,0xAB93,0xAB9B,0xAA9B,0xCAA3,0xCAA3,0xCAA3,0x2BB4,0x6CBC,0xAEBC,0xAEBC,0x4DA4,0x8A8B,0xA86A,0x6852,0x284A,
0x284A,0x494A,0x0842,0xC741,0xC739,0x6531,0x6531,0x4529,0x2429,0x6531,0x6531,0xA639,0xC739,0xC739,0xA639,0x8631,
0x6531,0x4529,0x2429,0x2429,0x2429,0x4531,0x8639,0xA739,0x8639,0x6631,0x8631,0x6631,0x4531,0x2429,0xE420,0xC320,
0xCD8B,0xCD8B,0xED8B,0xEE8B,0x0E94,0x2E94,0x2E94,0x2E94,0x2E94,0x2F94,0x2E94,0x4F94,0x4F94,0x4F94,0x4F94,0x4F94,
0x4F94,0x4F94,0x4F94,0x4F94,0x4F94,0x4F94,0x4F94,0x4F94,0x4F94,0x4F94,0x4F94,0x4F94,0x4F94,0x4F94,0x4F94,0x4F94,
0x4F94,0x4F94,0x4F94,0x4F94,0x4F94,0x4F94,0x4F94,0x4F94,0x4F94,0x4F94,0x2F94,0x0F8C,0x0E8C,0xEE8B,0xCD8B,0xCD8B,
0xAD83,0xAC83,0x8C83,0x8C83,0x8C83,0x8C83,0x8C83,0x8C83,0x8B83,0x8B83,0xAC8B,0x0C9C,0x8DB4,0x0EC5,0x8FDD,0xAEE5,
0xADED,0xADED,0x8CED,0x8CED,0x6CED,0x6CE5,0x6BE5,0x4BE5,0x2BE5,0x2ADD,0x0ADD,0xC9D4,0x68CC,0x08BC,0xA6B3,0x66AB,
0x46A3,0x269B,0x069B,0x069B,0x279B,0x279B,0x689B,0x689B,0x699B,0x899B,0x8993,0x8993,0x8993,0x8A93,0x8A93,0x8A93,
0x8A93,0x8A93,0xAA93,0xAB93,0xCB93,0xEC9B,0xEC9B,0x0C94,0xEC93,0xEC93,0xEC93,0x0D9C,0x0D9C,0x2D9C,0x2D9C,0x2D9C,
0x2D9C,0x2D9C,0x2D9C,0x2D9C,0x2D9C,0x4E9C,0x4E9C,0x4E9C,0x4E9C,0x4E9C,0x4E9C,0x4E9C,0x2D9C,0x2D9C,0x2D9C,0x2D9C,
0x2D9C,0x2D9C,0x2D9C,0x2D9C,0x2D9C,0x2D9C,0x2D9C,0x2D9C,0x2D9C,0x2E9C,0x4F9C,0x4F9C,0x4F9C,0x4F9C,0x4F9C,0x2E9C,
0x2E9C,0x2E9C,0x2E9C,0x2E9C,0x2E9C,0x2E94,0x2E94,0x2E94,0x2E94,0x2E94,0x2E94,0x2E9C,0x2E94,0x0E94,0x0E94,0x0E94,
0x0E94,0x0E94,0x0E94,0x0E94,0x0E94,0x0E94,0x0E9C,0x0E94,0x0D94,0xED93,0xED93,0xED93,0xED93,0xED93,0xED93,0xED93,
0xED93,0xEC93,0xEC93,0xCC93,0xCC93,0xCC93,0xAC93,0xCB93,0xCB93,0xCB93,0xCB93,0xCB93,0xCB93,0xAB93,0xAB93,0xAB93,
0xAB93,0xAB93,0xAA93,0xAA9B,0xCA9B,0xCAA3,0xCAA3,0x0BAC,0x6CB4,0xADBC,0xAEBC,0x4DA4,0xCB93,0x297B,0xEA6A,0x6952,
0x0842,0xE741,0xA639,0x6531,0x2429,0x0421,0x0429,0x2429,0x6531,0x8631,0x6531,0x6531,0x6531,0x4529,0x2429,0x0429,
0x0429,0x2429,0x4529,0x8631,0xA639,0xC741,0xE741,0xE741,0xC741,0xC739,0xC739,0xC739,0xA739,0x8639,0x6531,0x4531,
0xAD83,0xCD8B,0xCD8B,0xED8B,0x0E94,0x2E94,0x2E94,0x2F94,0x4F9C,0x4F9C,0x2F94,0x4F94,0x4F94,0x4F94,0x4F94,0x4F94,
0x4F94,0x4F94,0x4F94,0x4F94,0x4F94,0x4F94,0x4F94,0x4F94,0x4F94,0x4F94,0x4F94,0x4F94,0x4F94,0x4F94,0x4F94,0x4F94,
0x4F94,0x5094,0x5094,0x5094,0x5094,0x5094,0x5094,0x5094,0x7094,0x7094,0x4F94,0x4F94,0x4F94,0x2F94,0x0F94,0x0E94,
0x0E94,0xEE8B,0xED8B,0xED8B,0xEE8B,0xED8B,0x0E94,0x0E94,0x0D94,0x0D94,0x4E9C,0x8EAC,0x0FC5,0x6FD5,0xAFDD,0xAEE5,
0xADED,0x8DED,0x8DED,0x6DED,0x6CED,0x8CED,0x6CE5,0x4BE5,0x2BE5,0x2ADD,0x0ADD,0xC9D4,0x68C4,0xE7BB,0xA6AB,0x66AB,
0x46A3,0x269B,0x269B,0x269B,0x279B,0x489B,0x689B,0x699B,0x899B,0x899B,0x8A9B,0x8A9B,0x8A9B,0x8A9B,0x8A9B,0x8A93,
0x8A93,0xAA93,0xAA93,0xCB93,0xCB93,0xEB9B,0x0C9C,0xEC93,0xEC93,0xEC93,0xEC93,0xEC93,0xEC93,0x0D9C,0x0D9C,0x2D9C,
0x2D9C,0x0D9C,0x0D94,0x2D94,0x2D94,0x2D94,0x2D9C,0x2D9C,0x2D9C,0x2D9C,0x2D9C,0x2D94,0x2D94,0x2D94,0x2D9C,0x2D94,
0x2D94,0x2D94,0x2D94,0x2D94,0x2D94,0x2D94,0x2D94,0x2D94,0x2D94,0x2E94,0x2E94,0x2E94,0x2E94,0x2E94,0x2E94,0x2E94,
0x2E94,0x2E94,0x2E94,0x2E94,0x2E94,0x2E94,0x2E94,0x2E94,0x2E94,0x2E94,0x2E94,0x2E9C,0x2E94,0x0E94,0x0E94,0x0E94,
0x0E94,0xED93,0xED93,0xED93,0xED93,0xED93,0xED93,0xED93,0xCD93,0xCD93,0xCD93,0xCD93,0xED93,0xED93,0xEC93,0xCC93,
0xCC93,0xCC93,0xCC93,0xCC93,0xCC93,0xAB93,0xAB93,0xAB93,0xCB93,0xCB93,0xCB93,0xCB93,0xCB93,0xAB93,0xAB93,0xAA93,
0xAA93,0x8A93,0x8A93,0x8A93,0xAA9B,0xAA9B,0xA9A3,0xEAAB,0x6CB4,0xCDBC,0xEEBC,0xAEB4,0x4C9C,0x8A83,0x0A6B,0x4952,
0xA639,0x6531,0x2429,0x0429,0x0421,0x4531,0x8631,0xA639,0xC741,0xA639,0x8631,0x6531,0x4529,0x2429,0x2429,0x0429,
0x2429,0x6531,0xA639,0xE741,0x084A,0x284A,0x0842,0xE841,0xE841,0x0842,0xE841,0x0842,0x0842,0xE841,0xE841,0xE741,
0xAC83,0xAC83,0xCD8B,0xED8B,0x0E8C,0x0E94,0x2E94,0x2E94,0x2F94,0x2E94,0x2E94,0x2F94,0x4F94,0x4F94,0x4F94,0x4F94,
0x4F94,0x4F94,0x4F94,0x4F94,0x4F94,0x4F94,0x4F94,0x4F94,0x4F94,0x4F94,0x4F94,0x4F94,0x4F94,0x4F94,0x4F94,0x4F94,
0x5094,0x5094,0x5094,0x5094,0x5094,0x7094,0x7094,0x7094,0x709C,0x7094,0x5094,0x5094,0x7094,0x709C,0x4F94,0x4F9C,
0x4F9C,0x4F9C,0x4F9C,0x4F9C,0x4F9C,0x4F9C,0x4F9C,0x4F9C,0x4E9C,0x6EA4,0xAFAC,0xEFBC,0x4FCD,0x8FD5,0x8EDD,0x8DE5,
0x8DED,0x8DED,0x6DED,0x6DED,0x6DED,0x6CED,0x4BE5,0x2BE5,0x0ADD,0x0ADD,0x0ADD,0xCAD4,0x69CC,0x07BC,0xA6B3,0x66AB,
0x26A3,0x069B,0x069B,0x069B,0x279B,0x479B,0x689B,0x699B,0x899B,0x8A9B,0xAA9B,0xAA9B,0xAA9B,0xAA9B,0xAA9B,0xAA93,
0x8A93,0xAA93,0xAA93,0xCB93,0xCB93,0xCB93,0xEB93,0xEC93,0xEC93,0xCC93,0xCC93,0xCC93,0xEC93,0xEC9B,0x0D9C,0x0D9C,
0x0D9C,0x0D9C,0x0D94,0x0D94,0x0D94,0x0D94,0x2D94,0x2D94,0x2D9C,0x2D94,0x2D94,0x0D94,0x0D94,0x0D94,0x2D9C,0x2D9C,
0x2D94,0x0D94,0x0D94,0x0D94,0x0D94,0x0D94,0x0D94,0x0D94,0x0D94,0x0D94,0x2E94,0x2E94,0x2E94,0x2E94,0x2E94,0x2E94,
0x2E94,0x2E94,0x2E94,0x2E94,0x2E94,0x2E94,0x2E94,0x2E94,0x2E94,0x2E94,0x2E94,0x2E9C,0x2E94,0x0E94,0x0E94,0x0E94,
0xED93,0xED93,0xED93,0xED93,0xED93,0xED93,0xED93,0xCD93,0xCD93,0xCC93,0xCC8B,0xCC8B,0xCC93,0xCC93,0xCC93,0xCC8B,
0xCC93,0xAC93,0xAC93,0xAC93,0xAB93,0xAB93,0xAB93,0xAB93,0xCB93,0xCB93,0xCB93,0xCB93,0xCB93,0xAB93,0xAB93,0xAA93,
0x8A93,0x8A93,0x8A93,0x8A93,0xAA93,0xAA9B,0xA99B,0xEAA3,0x4BB4,0xCDBC,0x2FC5,0xEFB4,0x6D9C,0x8A7B,0x0A6B,0x8A5A,
0xE741,0x8531,0x4529,0x4531,0x8639,0xE741,0xE741,0x0842,0x0842,0xC739,0xC739,0xA639,0x8631,0x6531,0x6531,0x8631,
0xA639,0xE741,0x284A,0x4952,0x494A,0x284A,0xE741,0xC741,0xE741,0x0842,0x0842,0x084A,0x284A,0x284A,0x494A,0x4952,
0xCD8B,0xCD8B,0xED8B,0xED8B,0x0E8C,0x0E94,0x2E94,0x2E94,0x4F94,0x2E94,0x2E94,0x2F94,0x4F94,0x4F94,0x4F94,0x4F94,
0x4F94,0x4F94,0x4F94,0x4F94,0x4F94,0x4F94,0x2F94,0x2F94,0x2F94,0x2F94,0x2F94,0x2F94,0x2F94,0x2F94,0x4F94,0x5094,
0x5094,0x5094,0x7094,0x7094,0x7094,0x7094,0x7094,0x7094,0x7094,0x7094,0x7094,0x7094,0x7094,0x7094,0x4F94,0x4F94,
0x709C,0x709C,0x90A4,0x70A4,0x90A4,0xB0A4,0xB0AC,0xAFAC,0xAFAC,0xEEB4,0x0EBD,0x2EC5,0x8FD5,0xAEDD,0x8DE5,0x8DED,
0x6DED,0x6CED,0x6CED,0x6CE5,0x4CE5,0x2BE5,0x2BE5,0x0BDD,0xEADC,0xEADC,0xCAD4,0xAAD4,0x69CC,0x08BC,0xA6B3,0x66AB,
0x46A3,0x269B,0x0593,0xE592,0x0693,0x2693,0x479B,0x689B,0x899B,0xA9A3,0xA9A3,0xAA9B,0xAA9B,0xAA9B,0xCA9B,0xCA9B,
0xCB9B,0xCB9B,0xCA93,0xCB93,0xCB93,0xCB93,0xCB9B,0xCB93,0xCB9B,0xCB9B,0xCB93,0xCB9B,0xEC9B,0xEC93,0xEC93,0xEC93,
0xEC93,0xEC93,0xEC93,0xEC93,0xEC93,0xEC93,0xEC93,0xEC93,0xEC93,0x0C94,0xEC93,0xEC93,0x0C94,0xEC93,0x0D9C,0x0D9C,
0x0D94,0xEC93,0xEC93,0xEC93,0x0D94,0xEC93,0xEC93,0xEC93,0xEC93,0xEC93,0xED93,0xED93,0x0D94,0x0E9C,0x2E9C,0x0D94,
0x0D94,0x0D94,0x0D94,0x0D94,0x0D94,0x0D94,0x0D94,0x0D94,0x0E94,0x0E94,0x0E94,0x0E94,0x0E94,0x0E94,0xED93,0xED93,
0xED93,0xED93,0xED93,0xED93,0xED93,0xCD93,0xCC93,0xCC93,0xCC93,0xCC93,0xCC8B,0xCC8B,0xCC93,0xAC93,0xAC93,0xAC93,
0xAC93,0xAC93,0xCC93,0xCC93,0xCC93,0xCC93,0xCC93,0xCB8B,0xCB8B,0xCB93,0xCB93,0xAB8B,0xAB93,0xAB8B,0xAB93,0xAB93,
0xAB93,0xAB93,0xAB93,0xAA93,0x8A93,0x8993,0x899B,0xC9A3,0x0AAC,0x8DB4,0xEEBC,0xCEB4,0x2C9C,0x6A7B,0xC962,0x8952,
0x284A,0xE741,0xE741,0xC641,0xE741,0x074A,0x084A,0x284A,0x2952,0x294A,0x284A,0x284A,0x084A,0x084A,0x284A,0x284A,
0x6952,0x6952,0x8A52,0x6952,0x4952,0x494A,0x0842,0xE741,0xE741,0x0842,0x284A,0x4952,0x4952,0x4952,0x6952,0x695A,
0x0E94,0x0E8C,0x0E94,0x2E94,0x2E94,0x2E94,0x2E94,0x2E94,0x4F94,0x2E94,0x2E94,0x2F94,0x4F94,0x4F94,0x4F94,0x4F94,
0x4F94,0x4F94,0x4F94,0x4F94,0x4F94,0x4F94,0x2F94,0x2F94,0x2F94,0x2F94,0x2F94,0x2F94,0x2F94,0x2F94,0x4F94,0x5094,
0x5094,0x5094,0x7094,0x7094,0x7094,0x7094,0x7094,0x7094,0x7094,0x7094,0x7094,0x7094,0x7094,0x7094,0x4F94,0x4F94,
0x7094,0x709C,0x919C,0x91A4,0xB1A4,0xF1AC,0xF1B4,0x11B5,0x31BD,0x30BD,0x2EC5,0x4ECD,0x8ED5,0xAEE5,0x8DE5,0x8DED,
0x6CED,0x6CED,0x6CE5,0x4CE5,0x4CE5,0x2BE5,0x2BE5,0x2BE5,0x0BDD,0x0BDD,0xCAD4,0xAACC,0x69C4,0x08BC,0xA6AB,0x66A3,
0x46A3,0x269B,0x0593,0x0593,0x0693,0x2693,0x2693,0x4793,0x689B,0x899B,0xA99B,0xA99B,0xAA9B,0xAA9B,0xCA9B,0xCA9B,
0xCA9B,0xCB9B,0xCA93,0xCB9B,0xCB9B,0xCB9B,0xCB9B,0xCB9B,0xCB9B,0xCB9B,0xCB9B,0xCB93,0xCB93,0xCB93,0xCB93,0xCB93,
0xCC93,0xCC93,0xCC93,0xEC93,0xEC93,0xEC93,0xEC93,0xEC93,0xEC93,0xEC93,0xEC93,0xEC93,0xEC93,0xEC93,0xEC93,0xEC93,
0xEC93,0xEC93,0xEC93,0xEC93,0xEC93,0xCC93,0xCC93,0xCC93,0xCC93,0xCC93,0xEC93,0xED93,0xED93,0xED93,0x0D94,0x0D94,
0xED93,0xED93,0xED93,0xED93,0x0D94,0xED93,0xED93,0xED93,0x0D94,0x0D94,0x0E94,0x0E94,0x0E94,0x0D94,0xED93,0xED93,
0xED93,0xED93,0xED93,0xCD93,0xCD93,0xCD93,0xCC93,0xCC93,0xCC93,0xCC93,0xCC8B,0xCC8B,0xAC93,0xAC93,0xAC93,0xAC93,
0xAC93,0xAC93,0xCC93,0xCC93,0xCC93,0xCC93,0xCC93,0xCC8B,0xCB8B,0xCB93,0xCB93,0xCB93,0xAB93,0xCB93,0xCB93,0xCB93,
0xCB93,0xAB93,0xAB93,0xAA93,0x8A93,0x8993,0x899B,0xCAA3,0x0BAC,0x8CB4,0xCEBC,0xCEB4,0x2C9C,0xE872,0x064A,0xC641,
0xC639,0xE741,0x284A,0x4852,0x4852,0x4952,0x6952,0x6952,0x6A5A,0x8A5A,0x8A5A,0x8A5A,0x8A52,0x8A5A,0x8A5A,0x8A5A,
0xAA5A,0xAA5A,0xCB5A,0xAA5A,0x8A5A,0x6952,0x484A,0x284A,0x284A,0x484A,0x484A,0x6952,0x6952,0x6952,0x695A,0x895A,
0x2E94,0x0E8C,0x0E8C,0x2E94,0x2E94,0x2E94,0x2E94,0x2E94,0x4F94,0x2E94,0x2E94,0x2F94,0x4F94,0x4F94,0x4F94,0x4F94,
0x4F94,0x4F94,0x4F94,0x4F94,0x4F94,0x4F94,0x2F94,0x2F94,0x2F94,0x2F94,0x2F94,0x2F94,0x2F94,0x2F94,0x4F94,0x5094,
0x5094,0x5094,0x7094,0x7094,0x7094,0x7094,0x7094,0x7094,0x7094,0x7094,0x7094,0x7094,0x7094,0x7094,0x6F94,0x6F94,
0x7094,0x709C,0x909C,0x91A4,0xD1AC,0xD1AC,0xF1AC,0xF1B4,0x31BD,0x50BD,0x4FC5,0x8FD5,0x8FDD,0x8EE5,0x8DE5,0x8DED,
0x6CED,0x6CED,0x4CE5,0x4CE5,0x2CE5,0x2BE5,0x2BE5,0x2BE5,0x0BDD,0xEBDC,0xEBD4,0xAAD4,0x49C4,0x08BC,0xA6AB,0x86A3,
0x469B,0x269B,0x0693,0x0693,0x0693,0x0693,0x0693,0x2793,0x4893,0x689B,0x899B,0x899B,0x8993,0xA993,0xAA9B,0xCA9B,
0xCA9B,0xCB9B,0xCB9B,0xCB9B,0xCB9B,0xEB9B,0xEB9B,0xEB9B,0xCB9B,0xCB9B,0xCB9B,0xCB93,0xCB93,0xCB93,0xCB93,0xCB93,
0xCB93,0xCB93,0xCC93,0xEC93,0xEC93,0xEC93,0xEC93,0xEC93,0xEC93,0xEC93,0xEC93,0xEC93,0xEC93,0xEC93,0xEC93,0xEC93,
0xCC93,0xCC93,0xCC93,0xCC93,0xCC93,0xCC93,0xCC93,0xCC93,0xCC93,0xCC93,0xCC8B,0xCC93,0xCC93,0xCC93,0xEC93,0xED93,
0xED93,0xED93,0xED93,0xED93,0xED93,0xED93,0xED93,0xED93,0xED93,0xED93,0xED93,0xED93,0xED93,0xED93,0xED93,0xED93,
0xED93,0xED93,0xCD93,0xCD93,0xCD93,0xCD93,0xCC93,0xCC93,0xCC93,0xCC93,0xCC8B,0xCC8B,0xAC93,0xAC93,0xAC93,0xAC93,
0xAC93,0xAC93,0xCC93,0xCC93,0xCC93,0xCC93,0xCC93,0xCC8B,0xCB8B,0xCB93,0xCB93,0xCB93,0xCB93,0xCB93,0xCB93,0xCB93,
0xCB93,0xCB93,0xAB93,0xAA93,0xAA93,0x8993,0xA99B,0xCAA3,0x0BAC,0x6CB4,0xADB4,0xAEB4,0x2C9C,0xC76A,0x2752,0x4852,
0x6852,0xAA5A,0xCA62,0xCA62,0xCA62,0xCA62,0xCB62,0xCB62,0xCB62,0xCB62,0xEB62,0xEB62,0xEB62,0xEB62,0xEB62,0xEB62,
0xEB62,0xEB62,0xEB62,0xCB62,0xCB5A,0xAA5A,0x8952,0x6952,0x6952,0x6952,0x6952,0x6952,0x695A,0x695A,0x895A,0x8A5A,
0x2E94,0x0E8C,0x0E8C,0x0E8C,0x2E94,0x2E94,0x2E94,0x2E94,0x4F94,0x2E94,0x2E94,0x2F94,0x4F94,0x4F94,0x4F94,0x4F94,
0x4F94,0x4F94,0x4F94,0x4F94,0x4F94,0x4F94,0x2F94,0x2F94,0x2F94,0x2F94,0x2F94,0x2F94,0x2F94,0x2F94,0x4F94,0x5094,
0x5094,0x5094,0x7094,0x709C,0x709C,0x709C,0x709C,0x709C,0x7094,0x7094,0x7094,0x7094,0x7094,0x7094,0x6F94,0x6F94,
0x7094,0x709C,0x919C,0x709C,0x4F9C,0x4F9C,0x6F9C,0x6E9C,0x8EA4,0xEFB4,0x6FCD,0xB0DD,0xAFDD,0x8EE5,0x8DE5,0x8DED,
0x6CED,0x6CED,0x4CE5,0x4CDD,0x2BDD,0x0BDD,0xEADC,0xEADC,0xCAD4,0xCAD4,0xCAD4,0xAACC,0x49BC,0xC7B3,0x86AB,0x66A3,
0x269B,0x269B,0x0693,0x0693,0x0693,0x0693,0x2693,0x2793,0x4893,0x689B,0x889B,0x8993,0x8993,0x8993,0xA993,0xAA9B,
0xCA9B,0xCA9B,0xCB9B,0xCB9B,0xEB9B,0xEB9B,0xEB9B,0xCB9B,0xCB9B,0xCB9B,0xCB9B,0xCB9B,0xCB9B,0xCB93,0xCB93,0xCB93,
0xCC93,0xCC93,0xCC93,0xEC93,0xEC93,0xEC93,0xEC93,0xEC93,0xEC93,0xEC93,0xEC93,0xEC93,0xEC93,0xEC93,0xCC93,0xCC93,
0xCC93,0xCC93,0xCC93,0xCC93,0xCC93,0xCC93,0xCC93,0xCC93,0xCC93,0xCC93,0xAC8B,0xCC8B,0xCC8B,0xCC8B,0xCC8B,0xCC93,
0xEC93,0xEC93,0xEC93,0xEC93,0xEC93,0xCC93,0xED93,0xED93,0xED93,0xED93,0xED93,0xED93,0xED93,0xED93,0xED93,0xED93,
0xED93,0xCD93,0xCD93,0xCD93,0xCC93,0xCC93,0xCC93,0xCC93,0xCC93,0xCC93,0xCC8B,0xCC8B,0xAC93,0xAC93,0xAC93,0xAC93,
0xAC93,0xAC93,0xCC93,0xCC93,0xCC93,0xCC93,0xCC93,0xCC8B,0xCB8B,0xCB93,0xCB93,0xCB93,0xCC93,0xEB93,0xEC9B,0xEB9B,
0xEB93,0xCB93,0xAB93,0x8A93,0x8A93,0x6993,0x8993,0xA9A3,0xEAA3,0x2BAC,0xADB4,0xEFBC,0xCEAC,0xEC93,0x4B73,0x2C6B,
0x4C73,0x6D73,0x8D7B,0x6D73,0x6D73,0x6D73,0x6D73,0x6D73,0x6D73,0x6D73,0x4D73,0x6D73,0x6D73,0x6D73,0x4D73,0x4D73,
0x4D6B,0x4D6B,0x2C6B,0x2C6B,0x0C6B,0x0C63,0xEB62,0xCA5A,0xCA5A,0xCA5A,0xCA5A,0x8A5A,0x8A5A,0x8A5A,0x8A5A,0xAA5A,
0x0E8C,0x0E8C,0x0E8C,0x2E8C,0x2E94,0x2E94,0x4F94,0x4E94,0x4E94,0x4E94,0x2E94,0x4F94,0x4F94,0x4F94,0x4F94,0x4F94,
0x2F94,0x4F94,0x4F94,0x2F94,0x2F94,0x2E8C,0x2F8C,0x2F94,0x2F94,0x2F94,0x2F94,0x2F94,0x2F94,0x2F94,0x2F94,0x2F94,
0x5094,0x7094,0x7094,0x5094,0x5094,0x5094,0x5094,0x5094,0x7094,0x5094,0x5094,0x4F94,0x2F94,0x4F94,0x4F94,0x6F94,
0x7094,0x909C,0xB1A4,0xD1A4,0xD1AC,0xD1AC,0xD1AC,0xF0AC,0x10B5,0x30C5,0x6FCD,0x8FD5,0x8FDD,0x8EE5,0x6DE5,0x8CED,
0x6CED,0x6CE5,0x4CE5,0x4BDD,0x2BDD,0x0ADD,0xEADC,0xCAD4,0xCAD4,0xCAD4,0xCAD4,0x8ACC,0x28BC,0xC7B3,0x86A3,0x46A3,
0x259B,0x269B,0x0693,0x2693,0x0693,0x0693,0x0693,0x2793,0x689B,0x889B,0x899B,0x899B,0xA993,0xA993,0xA993,0xAA9B,
0xCA9B,0xEA9B,0xEB9B,0xEB9B,0xEB9B,0x0B9C,0xEB9B,0xCB9B,0xCB9B,0xEB9B,0xEB9B,0xEC9B,0xEC9B,0xEC93,0xEC93,0xEC93,
0xEC93,0xEC93,0xEC93,0xEC93,0xEC93,0xEC93,0xEC93,0xEC93,0xEC93,0xEC93,0xEC93,0xEC93,0xCC93,0xCB93,0xCC93,0xCC93,
0xCC93,0xAB8B,0xAB8B,0xCC93,0xCC93,0xCC93,0xCC93,0xCC93,0xCC93,0xCC93,0xCC8B,0xCC8B,0xCC8B,0xCC8B,0xCC8B,0xCC93,
0xCC93,0xCC93,0xCC93,0xCC93,0xEC93,0xEC93,0xEC93,0xED93,0xED93,0xED93,0xED93,0xEC93,0xEC93,0xED93,0xED93,0xED93,
0xCD93,0xCD93,0xCD93,0xCD93,0xCD93,0xCD93,0xCC93,0xCC93,0xCC93,0xCC93,0xCC93,0xCC93,0xCC93,0xCC93,0xCC93,0xCC93,
0xCC93,0xAC93,0xAC93,0xAC93,0xAC93,0xAC93,0xAC93,0xAB8B,0xCB8B,0xCB93,0xCB93,0xEC93,0xCC93,0xEB93,0xCB93,0xCB93,
0xCB93,0xAB93,0xAA93,0x698B,0x698B,0x6993,0x8993,0xA99B,0xC9A3,0x0AA4,0x8DB4,0xCEB4,0xCFAC,0x8EA4,0x4F94,0x0F8C,
0xEF83,0xEF83,0x0F8C,0xEF83,0x0F8C,0x0F8C,0xEF83,0xEF83,0xEF83,0xEF83,0xCF7B,0xCF7B,0xCF7B,0xAE7B,0xAE7B,0xAE7B,
0xAE7B,0xAE7B,0xAE7B,0xAE7B,0xAE7B,0x8E73,0x8D73,0x8D73,0x6D73,0x8D73,0x8D73,0x4D73,0x4D73,0x4D73,0x4D73,0x4D73,
0x0E8C,0x2E8C,0x2E8C,0x2E8C,0x2E8C,0x4E8C,0x4E94,0x4E94,0x4E94,0x4E94,0x4E94,0x4F94,0x4F94,0x4F94,0x4F94,0x4F94,
0x2F94,0x2E8C,0x2E8C,0x2E8C,0x2E8C,0x0E8C,0x0E8C,0x0F8C,0x0F8C,0x0F8C,0x0F8C,0x2F8C,0x2F8C,0x2F94,0x2F94,0x2F94,
0x2F8C,0x2F8C,0x2F8C,0x2F8C,0x2F8C,0x2F8C,0x2F94,0x2F94,0x2F94,0x2F8C,0x2F8C,0x2F8C,0x2F94,0x4F94,0x6F94,0x6F94,
0x7094,0x919C,0xB19C,0xF2A4,0x12B5,0x32B5,0x32B5,0x52BD,0x72BD,0x71CD,0x90D5,0x8FDD,0x8FE5,0x8EE5,0x6CE5,0x6CED,
0x6CED,0x6CE5,0x4BE5,0x4BDD,0x2BDD,0x0BDD,0xEBDC,0xEAD4,0xEBD4,0xEBD4,0xCBD4,0x8ACC,0x28BC,0xC7AB,0x86A3,0x469B,
0x259B,0x269B,0x269B,0x269B,0x2693,0x2693,0x2793,0x4793,0x689B,0x889B,0xA9A3,0xC99B,0xCA9B,0xCA9B,0xCA9B,0xCA9B,
0xEA9B,0xEB9B,0x0B9C,0x0BA4,0x0B9C,0x0B9C,0x0B9C,0xEB9B,0xEB9B,0xEB9B,0xEB9B,0xEC9B,0xEC9B,0xEC9B,0xEC93,0xEC93,
0xEC93,0xEC93,0xEC93,0x0C9C,0xEC93,0xEC93,0xEC93,0xEC93,0xEC93,0xEC93,0xEC93,0xEC93,0xCC93,0xCB93,0xCC93,0xCC93,
0xCC93,0xCC93,0xCC93,0xCC93,0xCC93,0xCC93,0xCC93,0xCC93,0xCC93,0xCC93,0xCC8B,0xCC8B,0xCC8B,0xCC8B,0xCC8B,0xCC93,
0xCC93,0xCC93,0xCC93,0xCC93,0xEC93,0xEC93,0xEC93,0xEC93,0xEC93,0xEC93,0xEC93,0xEC93,0xEC93,0xEC93,0xEC93,0xEC93,
0xCD93,0xCD93,0xCD93,0xCD93,0xCD93,0xCD93,0xCC93,0xCC93,0xCC93,0xCC93,0xCC93,0xCC93,0xCC93,0xCC93,0xCC93,0xCC93,
0xCC93,0xCC93,0xCC93,0xCC93,0xCC93,0xCC93,0xCC93,0xCC93,0xCC93,0xCC93,0xCC93,0xCB93,0xAB93,0xCB93,0xAB93,0xAA93,
0x8A8B,0x8A8B,0x8A8B,0x4983,0x498B,0x488B,0x4893,0x689B,0xA99B,0xEAA3,0x6CAC,0xCEB4,0xEFB4,0xF0B4,0xF1AC,0xD29C,
0xB19C,0x929C,0x919C,0x7194,0x919C,0x919C,0x7194,0x7194,0x7194,0x7194,0x5194,0x5194,0x5194,0x518C,0x308C,0x308C,
0x518C,0x308C,0x308C,0x308C,0x308C,0x1084,0x0F84,0x0F84,0x0F84,0x0F84,0x0F84,0x308C,0x108C,0x108C,0x108C,0x108C,
0x2E8C,0x2E8C,0x2E8C,0x2E8C,0x2E8C,0x2E8C,0x4E8C,0x4E8C,0x4E94,0x4F94,0x4F94,0x4F94,0x4F94,0x4F94,0x4F94,0x4F94,
0x2E8C,0x2F94,0x2E8C,0x2E8C,0x0E8C,0x0E8C,0xEE8B,0xEE8B,0xEE8B,0xEE8B,0xEE83,0xEE83,0xEE83,0xEE83,0xEE8B,0x0F8C,
0x0E8C,0xEE8B,0x0E8C,0x0F8C,0x0F8C,0x2F8C,0x2F8C,0x2F8C,0x2F94,0x2F94,0x2F94,0x5094,0x7094,0x7094,0xB09C,0xB19C,
0xD1A4,0xF2A4,0x12AD,0x12AD,0x12AD,0x32B5,0x52B5,0x72BD,0x92C5,0x91D5,0x90DD,0x8FDD,0x8EE5,0x8DE5,0x6CED,0x6CED,
0x6CED,0x6BE5,0x4BE5,0x4BDD,0x2BDD,0x0BDD,0xEBDC,0xEBD4,0xEBD4,0xEBD4,0xCBD4,0x8ACC,0x29BC,0xC7AB,0x86A3,0x469B,
0x059B,0x0593,0x0693,0x2693,0x2693,0x2693,0x4793,0x4793,0x4893,0x689B,0x899B,0xC99B,0xC99B,0xC99B,0xC99B,0xCA9B,
0xCA9B,0xEA9B,0x0B9C,0x0BA4,0x0B9C,0x0B9C,0x0B9C,0xEB9B,0xEB9B,0xEB9B,0xEB9B,0xEB9B,0xEC9B,0xEC9B,0xEC9B,0xEC9B,
0xEC9B,0xEC9B,0x0C9C,0x0C9C,0x0C9C,0xEC93,0xEC93,0xEC93,0xEC93,0xEC93,0xEC93,0xEC93,0xCC93,0xCB93,0xCC93,0xCC93,
0xCC93,0xCC93,0xCC93,0xCC93,0xCC93,0xCC93,0xCC93,0xCC93,0xCC93,0xCC93,0xCC93,0xCC93,0xCC93,0xCC93,0xCC93,0xCC93,
0xCC93,0xCC93,0xCC93,0xCC93,0xEC93,0xCC93,0xCC93,0xCC93,0xCC93,0xCC93,0xCC93,0xCC93,0xCC93,0xCC93,0xCC93,0xCC93,
0xCD93,0xCD93,0xCD93,0xCD93,0xCD93,0xCD93,0xEC93,0xEC93,0xEC93,0xEC93,0xEC93,0xEC93,0xEC93,0xEC93,0xEC93,0xCC93,
0xCC93,0xCC93,0xEC93,0xEC93,0xEC93,0xEC93,0xEC93,0xEC93,0xEC93,0xEC93,0xCB93,0xAB93,0xAB8B,0xAA8B,0x8A8B,0x8A8B,
0x6A8B,0x6A8B,0x698B,0x4983,0x498B,0x488B,0x488B,0x6893,0x899B,0xCA9B,0x4CAC,0xAEB4,0xEFB4,0x10B5,0x33B5,0x13AD,
0xF3A4,0xF3A4,0xD2A4,0xB29C,0xB29C,0xB29C,0xB29C,0xB29C,0xB29C,0xB29C,0x929C,0x929C,0x929C,0x9294,0x9294,0x9294,
0x9294,0x9294,0x7194,0x7194,0x7194,0x7194,0x9194,0x9194,0x9194,0x9194,0x9194,0x919C,0x719C,0x719C,0x719C,0x719C,
0x2E8C,0x2E8C,0x2E8C,0x2E8C,0x2E8C,0x2E8C,0x2E8C,0x4E8C,0x4E94,0x4F94,0x6F94,0x4F94,0x4F94,0x4F94,0x4F94,0x2F94,
0x2E8C,0x2E8C,0x0E8C,0x0E8C,0xEE8B,0xED83,0xCD83,0xAD83,0xCD83,0xCD83,0xCE83,0xCE83,0xCE83,0xEE83,0xEE8B,0x0E8C,
0x0F8C,0x2F8C,0x2F94,0x2F94,0x5094,0x5094,0x7094,0x7094,0x7094,0x7094,0x709C,0x909C,0x919C,0xD19C,0xF1A4,0x12A5,
0x32AD,0x33AD,0x33AD,0x33AD,0x12AD,0x32B5,0x32B5,0x52BD,0x92C5,0x91D5,0x90DD,0x8FDD,0x6EE5,0x6DE5,0x6CED,0x6CED,
0x6BED,0x6BE5,0x6BE5,0x4BDD,0x2BDD,0xEBD4,0xEBD4,0xEBD4,0xEBD4,0xEBD4,0xCBD4,0x8AC4,0x08BC,0xC7AB,0x87A3,0x66A3,
0x269B,0x269B,0x269B,0x269B,0x269B,0x2693,0x2793,0x4793,0x489B,0x689B,0x889B,0xA99B,0xC99B,0xA99B,0xA993,0xA993,
0xA993,0xCA93,0xCA9B,0xEA9B,0xEB9B,0xEB9B,0xEB9B,0xEB9B,0xEB9B,0xEB9B,0xEB9B,0xEB9B,0xEC9B,0x0C9C,0x0C9C,0x0C9C,
0x0C9C,0x0C9C,0x0C9C,0x0C9C,0x0C9C,0x0C9C,0x0C94,0x0C9C,0xEC93,0xEC93,0xEC93,0xEC93,0xCC93,0xCB93,0xCC93,0xCC93,
0xCC93,0xEC93,0xEC93,0xEC93,0xEC93,0xEC93,0xEC93,0xEC93,0xEC93,0xEC93,0xCC93,0xCC93,0xCC93,0xCC93,0xCC93,0xCC93,
0xCC93,0xCC93,0xCC93,0xEC93,0xEC93,0xCC93,0xCC93,0xCC93,0xCC93,0xCC93,0xCC93,0xCC93,0xCC93,0xCC93,0xCC93,0xCC93,
0xCD93,0xCD93,0xCD93,0xCD93,0xCD93,0xCD93,0xED93,0xEC93,0xEC93,0xEC93,0xEC93,0xEC93,0xED93,0xED93,0xEC93,0xEC93,
0xEC93,0xEC93,0xCC93,0xCC93,0xCC93,0xCC93,0xCC93,0xEC93,0xEC93,0xEC93,0xCB93,0xAB93,0xAB8B,0x8A8B,0x8A8B,0x6A8B,
0x6A8B,0x698B,0x498B,0x498B,0x498B,0x488B,0x488B,0x6893,0x889B,0xC99B,0x2BA4,0x8DAC,0xEFB4,0x30B5,0x32B5,0x33AD,
0x13A5,0xF3A4,0xF3A4,0xF3A4,0xF3A4,0xF3A4,0xD3A4,0xD3A4,0xD3A4,0xD3A4,0xD39C,0xD39C,0xD39C,0xD39C,0xD39C,0xB39C,
0xB29C,0xB29C,0xB29C,0xB29C,0xB29C,0xB29C,0xB29C,0xB29C,0xB29C,0xB29C,0xB29C,0x929C,0x929C,0x929C,0x929C,0x929C,
0x2E8C,0x2E8C,0x2E8C,0x2E8C,0x2E8C,0x2F8C,0x4F94,0x2F8C,0x2F8C,0x2E8C,0x2E8C,0x2E8C,0x0E8C,0x0E8C,0x0E8C,0x0E8C,
0x0E8C,0xED83,0xCD83,0xCD83,0xCD83,0xCD83,0xCD83,0xCE83,0xEE83,0xEE83,0x0E8C,0x0F8C,0x0F8C,0x2F8C,0x2F8C,0x5094,
0x5094,0x7094,0x709C,0x919C,0x919C,0x919C,0xB19C,0xB19C,0xB1A4,0xB19C,0xB19C,0xB1A4,0xD2A4,0xD2A4,0xF29C,0xF2A4,
0x12A5,0x12A5,0x12A5,0x12A5,0x12AD,0xF1AC,0xF0AC,0x11B5,0x71BD,0x71CD,0x8FD5,0x8FDD,0x8EDD,0x6DE5,0x6CE5,0x6CED,
0x6CED,0x6CE5,0x6BE5,0x4BDD,0x2BDD,0xEAD4,0xEAD4,0xCAD4,0xEBD4,0xEBD4,0xCBCC,0x6AC4,0x08B4,0xC7AB,0xA7A3,0x87A3,
0x67A3,0x679B,0x679B,0x679B,0x679B,0x479B,0x4793,0x689B,0x689B,0x899B,0x899B,0xA99B,0xC99B,0xA99B,0xA99B,0xA99B,
0xA99B,0xA993,0xC993,0xCA9B,0xEA9B,0xEA9B,0xEB9B,0xEB9B,0xEB9B,0xEB9B,0xEB9B,0xEB9B,0xEC9B,0x0C9C,0x0C9C,0x0C9C,
0x0D9C,0x0D9C,0x0D9C,0x0D9C,0x0D9C,0x0C9C,0x0C9C,0x0C9C,0xEC93,0xEC93,0xEC93,0xEC93,0xCC93,0xCC93,0xCC93,0xCC93,
0xEC93,0xEC93,0xEC93,0xEC93,0xEC93,0xEC93,0xEC93,0xEC93,0xEC93,0xEC93,0xEC93,0xEC93,0xEC93,0xEC93,0xEC93,0xEC8B,
0xEC8B,0xEC93,0xEC93,0xEC93,0xEC93,0xEC93,0xEC93,0xEC93,0xEC93,0xEC93,0xEC93,0xEC93,0xEC93,0xEC93,0xEC93,0xEC93,
0xCC93,0xCC8B,0xCD93,0xCC93,0xED93,0xCD93,0xED93,0xEC93,0xEC93,0xEC93,0xEC93,0xEC93,0xEC93,0xEC93,0xEC93,0xEC93,
0xEC93,0xEC93,0xEC93,0xEC93,0xEC93,0xCC93,0xCC93,0xEC93,0xEC93,0xCC93,0xCB93,0xAB93,0xAB93,0x8A8B,0x8A8B,0x6A8B,
0x698B,0x498B,0x498B,0x498B,0x498B,0x288B,0x278B,0x4893,0x6893,0xA99B,0x0BA4,0x6DAC,0xEFB4,0x51BD,0x32B5,0x13A5,
0x13A5,0xF3A4,0xF3A4,0xF3A4,0xF3A4,0xF3A4,0xF3A4,0xD3A4,0xD3A4,0xD3A4,0xD39C,0xD39C,0xD3A4,0xD3A4,0xF3A4,0xD3A4,
0xD39C,0xD39C,0xD39C,0xD39C,0xD29C,0xB29C,0xB29C,0xB29C,0xB29C,0xB29C,0xB29C,0xB29C,0xB29C,0x929C,0x929C,0x929C,
0x2F8C,0x2F8C,0x0F8C,0x0F8C,0x0F8C,0x2F8C,0x0F8C,0x0E8C,0xEE83,0xEE83,0xCE83,0xCD83,0xCD83,0xCD83,0xCD83,0xCD83,
0xCD83,0xEE83,0xEE83,0xCE83,0xCE83,0xEE83,0xEE83,0xEE83,0x0F8C,0x2F8C,0x308C,0x5094,0x5094,0x7094,0x9194,0xB19C,
0xB19C,0xB19C,0xD29C,0xD2A4,0xD2A4,0xD2A4,0xD2A4,0xF2A4,0xD2A4,0xD2A4,0xD2A4,0xD29C,0xB19C,0xB19C,0xB29C,0xD29C,
0xD29C,0xD29C,0xD29C,0xD19C,0xD1A4,0xD0A4,0xD0A4,0xF0AC,0x30BD,0x50CD,0x90D5,0xAFDD,0x8DE5,0x6CE5,0x6BE5,0x4BE5,
0x4CE5,0x4CE5,0x4BDD,0x2ADD,0x0AD5,0xEAD4,0xCAD4,0xEBD4,0xEBD4,0xCBD4,0xAACC,0x6AC4,0x28B4,0xC7AB,0x87A3,0x87A3,
0x879B,0x879B,0x679B,0x679B,0x689B,0x689B,0x689B,0x689B,0x889B,0xA99B,0xA9A3,0xA9A3,0xA99B,0xC99B,0xC99B,0xA99B,
0xA99B,0xA99B,0xCA9B,0xCA9B,0xEA9B,0xEA9B,0xEB9B,0xEB9B,0xEB93,0x0B9C,0x0B9C,0x0B9C,0x0B9C,0xEC9B,0x0C9C,0x0D9C,
0x2D9C,0x0D9C,0x0D9C,0x0D9C,0x0D9C,0x0D9C,0x0D9C,0x0D9C,0x0D94,0xED93,0xEC93,0xEC93,0xEC93,0xEC93,0xEC93,0xEC93,
0xEC93,0xEC93,0xEC93,0xEC93,0x0D9C,0x0D9C,0xEC93,0xEC93,0xEC93,0xEC93,0xEC93,0xEC93,0xEC8B,0xEC8B,0xEC8B,0xEC8B,
0xEC8B,0xEC8B,0xEC8B,0xEC8B,0xEC8B,0xED93,0xED93,0xED93,0xED93,0xED93,0xED93,0xED93,0xED93,0xED93,0xED93,0xED93,
0xEC8B,0xCC8B,0xCC8B,0xEC8B,0xEC8B,0xEC8B,0xED93,0xED93,0xED93,0xED93,0xED93,0xED93,0xEC93,0xEC93,0xEC93,0xEC93,
0xEC93,0xEC93,0xEC93,0xEC93,0xEC93,0xEC93,0xEC93,0xEC93,0xCC93,0xAB93,0xAB93,0x8B93,0x8B93,0x6A8B,0x6A8B,0x698B,
0x498B,0x298B,0x298B,0x288B,0x288B,0x288B,0x278B,0x478B,0x6893,0xC99B,0x0BA4,0x6CAC,0x0FB5,0x51BD,0x32B5,0x13A5,
0x13A5,0x13A5,0xF3A4,0xF3A4,0xF3A4,0xF3A4,0xF3A4,0xF3A4,0xD3A4,0xD2A4,0xD39C,0xD39C,0xD3A4,0xF3A4,0xF3A4,0xF39C,
0xF39C,0xF39C,0xD39C,0xD39C,0xD39C,0xD29C,0xB29C,0xB29C,0xB29C,0xB29C,0xB29C,0xB29C,0xB29C,0x929C,0x929C,0x929C,
0xEE8B,0xEE83,0xCE83,0xCE83,0xCD83,0xAD83,0xAD83,0xAD83,0xAD83,0xAD83,0xAD7B,0xAD7B,0xAD83,0xCD83,0xCE83,0xEE83,
0xEE83,0x0F8C,0x0F8C,0x0F8C,0x0F8C,0x2F8C,0x4F94,0x508C,0x5094,0x9194,0xB19C,0xD2A4,0xD2A4,0xF2A4,0xF2A4,0xF2A4,
0xF2A4,0xF2A4,0xF2A4,0xF2A4,0xF2A4,0xD2A4,0xD2A4,0xD2A4,0xD2A4,0xD2A4,0xD2A4,0xD19C,0xB19C,0xB19C,0xB19C,0xB194,
0xB194,0xB194,0x9194,0x9094,0xB09C,0xB0A4,0xAFA4,0xEFAC,0x10B5,0x50C5,0x70D5,0xAFDD,0x8DDD,0x6CDD,0x4BDD,0x2BDD,
0x2BDD,0x2BDD,0x0BDD,0x0AD5,0x0AD5,0xEAD4,0xEBD4,0xEBD4,0xEBD4,0xCBCC,0xAACC,0x6AC4,0x08B4,0xA7AB,0x86A3,0x66A3,
0x679B,0x679B,0x679B,0x679B,0x689B,0x889B,0x889B,0x889B,0x899B,0xA9A3,0xA9A3,0xA9A3,0xC99B,0xC99B,0xC99B,0xA99B,
0xA99B,0xA99B,0xC99B,0xCA9B,0xEA9B,0xEA9B,0xEA9B,0xEA93,0xEA93,0xEB93,0xEB93,0x0B9C,0x0B9C,0xEC9B,0x0C9C,0x0C9C,
0x0D9C,0x0D9C,0x0D9C,0x0D9C,0x0D9C,0x0D9C,0x0D9C,0x0D9C,0x0D94,0x0D94,0xED93,0x0C94,0xEC93,0xEC93,0xEC93,0xEC93,
0x0D9C,0x0D94,0x0D9C,0x0D9C,0x0D9C,0x0D9C,0x0D94,0xEC93,0xEC93,0xEC93,0x0D94,0xEC93,0xEC93,0xEC93,0xEC93,0xEC8B,
0xEC8B,0xEC8B,0xEC8B,0xEC8B,0xEC8B,0xED93,0xED93,0xED93,0xED93,0xED93,0xED93,0xED93,0xED93,0xED93,0xED93,0xED93,
0xED93,0xEC8B,0xEC8B,0xEC8B,0xEC8B,0xEC8B,0xED93,0xED93,0xED93,0xED93,0xED93,0xED93,0xEC93,0xEC93,0xEC93,0xEC93,
0xEC93,0xEC93,0xEC93,0xEC93,0xEC93,0xCC93,0xEC93,0xCC93,0xAB93,0xAB93,0x8A8B,0x6A8B,0x6A8B,0x4A8B,0x498B,0x498B,
0x298B,0x2983,0x2883,0x0883,0x0883,0x0783,0x078B,0x478B,0x688B,0xA993,0x0B9C,0x6DAC,0xEFB4,0x31BD,0x32B5,0x33AD,
0x33A5,0x13A5,0x13A5,0xF3A4,0xF3A4,0xF3A4,0xF3A4,0xF3A4,0xF3A4,0xF3A4,0xD3A4,0xD3A4,0xD3A4,0xD39C,0xD39C,0xD39C,
0xD39C,0xD39C,0xD39C,0xD39C,0xD39C,0xD39C,0xD39C,0xB29C,0xB29C,0xB29C,0xD39C,0xB29C,0xB29C,0xB29C,0xB29C,0x929C,
0x8D7B,0x8D7B,0x8C7B,0x8C7B,0x8D7B,0x8D7B,0xAD7B,0xAD7B,0xCE83,0xEE83,0xEE83,0x0E8C,0x0F8C,0x0F8C,0x2F8C,0x2F8C,
0x2F94,0x5094,0x5094,0x7094,0x7094,0x7094,0x7094,0xB19C,0xB19C,0xD29C,0xD2A4,0xF2A4,0xF2A4,0x13AD,0x13AD,0x13AD,
0xF2A4,0xF2A4,0xF2A4,0xD2A4,0xD2A4,0xD2A4,0xD2A4,0xD29C,0xD2A4,0xD2A4,0xB19C,0xB19C,0x919C,0x9194,0x7194,0x9194,
0x9194,0x9194,0x9094,0x9094,0xB09C,0xD0A4,0xD0A4,0xEFAC,0xF0B4,0x0FC5,0x4FCD,0x8EDD,0x8DDD,0x4BDD,0x2BDD,0x0BDD,
0x0BDD,0x0BDD,0x0BDD,0x2BDD,0x2BD5,0xEBD4,0xCBD4,0xEBD4,0xEBD4,0xABCC,0x8AC4,0x49BC,0x08B4,0xA7AB,0x86A3,0x67A3,
0x679B,0x679B,0x679B,0x679B,0x689B,0x689B,0x889B,0x889B,0x889B,0x899B,0xA9A3,0xA99B,0xC99B,0xC99B,0xC99B,0xC99B,
0xC99B,0xCA9B,0xEA9B,0xEA9B,0xEB9B,0xEB9B,0xEA9B,0x0B9C,0x0B9C,0x0B9C,0x0B9C,0x0B9C,0x0B9C,0x0C9C,0xEC9B,0xEC9B,
0x0C9C,0x0D9C,0x0D9C,0x0D9C,0x0D9C,0x0D9C,0x0D9C,0x0D9C,0x0D9C,0x0D94,0x0D94,0x0D94,0x0D94,0x0D94,0x0D94,0x0D94,
0x0D9C,0x0D9C,0x0D9C,0x0D9C,0x0D9C,0x0D9C,0x0D9C,0x0D94,0x0D94,0x0D94,0x0D94,0x0D94,0x0D94,0x0D94,0x0D94,0xEC93,
0xEC93,0xEC93,0xEC93,0xEC93,0xEC93,0xED93,0xED93,0xED93,0xED93,0xED93,0xED93,0x0D94,0x0D94,0x0D94,0x0D94,0x0D94,
0x0D94,0xED93,0xED93,0xEC8B,0xEC8B,0xEC8B,0xED93,0xED93,0xED93,0xED93,0xED93,0xED93,0xEC93,0xEC93,0xEC93,0xEC93,
0xEC93,0xEC93,0xCC93,0xCC93,0xCC93,0xCC93,0xCC93,0xCC93,0xAB93,0x8B8B,0x6A8B,0x4983,0x2983,0x498B,0x498B,0x2983,
0x2983,0x0883,0x0883,0xE882,0x0783,0x0783,0x0783,0x278B,0x478B,0x8993,0xEB9B,0x6DA4,0xEFB4,0x31BD,0x32B5,0x33AD,
0x33AD,0x13A5,0x13A5,0xF3A4,0xF4A4,0xF3A4,0xF3A4,0xF3A4,0xF3A4,0xF3A4,0xD3A4,0xD3A4,0xD3A4,0xD39C,0xD39C,0xD39C,
0xD39C,0xD39C,0xD39C,0xF39C,0xF39C,0xD39C,0xD39C,0xD39C,0xD39C,0xD3A4,0xD3A4,0xD39C,0xD39C,0xB29C,0xB29C,0xB29C,
0x8C73,0x8D73,0x8D7B,0xAD7B,0xCE7B,0xCE83,0xEE83,0xEE83,0x0F84,0x2F8C,0x2F8C,0x508C,0x5094,0x5094,0x7094,0x7094,
0x7094,0x7094,0x9094,0x7094,0x919C,0xB19C,0xD2A4,0xD2A4,0xF2A4,0xF2A4,0x13A5,0x13AD,0x13AD,0x13AD,0x13AD,0x13AD,
0x13A5,0xF2A4,0xF2A4,0xD2A4,0xD2A4,0xD2A4,0xD2A4,0xD2A4,0xD29C,0xB19C,0xB19C,0x919C,0x9194,0x9194,0x9194,0x9194,
0x9194,0x9194,0x7094,0x9094,0xB09C,0xB0A4,0xD0A4,0xCFAC,0xF0B4,0x0FBD,0x2ECD,0x6ED5,0x6CDD,0x2BD5,0xEAD4,0xCAD4,
0xCBD4,0xCBD4,0xEBD4,0xEAD4,0x0AD5,0xCAD4,0xAACC,0xAACC,0x8ACC,0x8ACC,0x6AC4,0x29BC,0xC8AB,0xA7A3,0x87A3,0x87A3,
0x879B,0x879B,0x679B,0x679B,0x689B,0x689B,0x889B,0x889B,0x889B,0x889B,0x899B,0x899B,0xA99B,0xC99B,0xC99B,0xCA9B,
0xEA9B,0xEAA3,0x0BA4,0x0BA4,0x0BA4,0x0BA4,0x0B9C,0x2B9C,0x2B9C,0x0B9C,0x0B9C,0x0B9C,0x0B9C,0x0C9C,0xEC93,0xEC93,
0xEC9B,0x0D9C,0x0D9C,0x2D9C,0x2D9C,0x0D9C,0x0D9C,0x0D9C,0x0D9C,0x0D94,0x0D9C,0x0D94,0x2D9C,0x2D9C,0x0D9C,0x0D9C,
0x0D9C,0x2D9C,0x2D9C,0x2D9C,0x2D9C,0x2D9C,0x0D9C,0x0D9C,0x0D9C,0x0D94,0x0D94,0x0D94,0x0D94,0x0D94,0x0D94,0xEC93,
0xEC93,0xEC93,0xEC93,0xEC93,0xEC93,0xED93,0xED93,0xED93,0xED93,0xED93,0xED93,0x0D94,0x0D94,0x0D94,0x0D94,0x0D94,
0x0D94,0x0D94,0xED93,0xED93,0xEC8B,0xEC8B,0xED93,0xED93,0xED93,0xED93,0xED93,0xED93,0xEC93,0xEC93,0xEC93,0xEC93,
0xEC93,0xEC93,0xCC93,0xCC93,0xCC93,0xCC93,0xCC93,0xAB93,0x8B8B,0x6A8B,0x4983,0x2983,0x2983,0x2983,0x2983,0x2983,
0x0883,0x0883,0x0883,0xE782,0xE782,0xE782,0xE782,0x278B,0x478B,0x8993,0xEB9B,0x4DA4,0xCFB4,0x11BD,0x32AD,0x33AD,
0x33AD,0x13A5,0x13A5,0x14A5,0xF4A4,0xF3A4,0xF3A4,0xF3A4,0xF3A4,0xF3A4,0xD3A4,0xD3A4,0xD3A4,0xD39C,0xD39C,0xD29C,
0xD39C,0xD39C,0xD39C,0xF39C,0xF39C,0xD39C,0xD39C,0xD3A4,0xD3A4,0xD3A4,0xF3A4,0xF3A4,0xD3A4,0xD3A4,0xD3A4,0xD3A4,
0xCE7B,0xCE7B,0xEE83,0xEE83,0x0F84,0x0F84,0x2F8C,0x2F8C,0x2F8C,0x508C,0x508C,0x7094,0x7094,0x9094,0x9194,0xB19C,
0xB19C,0xB19C,0xB19C,0xD29C,0xF2A4,0xF2A4,0x12A5,0xF2A4,0xF2A4,0x13A5,0x13AD,0x13AD,0x13A5,0xF2A4,0x13A5,0x13A5,
0xF2A4,0xF2A4,0xF2A4,0xD2A4,0xD2A4,0xD2A4,0xD2A4,0xD2A4,0xD29C,0xD29C,0xB19C,0xB19C,0xB19C,0xB19C,0xB19C,0xB194,
0xB194,0xB194,0xB19C,0xD19C,0xD1A4,0xF1A4,0xF0AC,0x10B5,0x10B5,0x2FC5,0x4FCD,0x6ED5,0x4CD5,0x0AD5,0xC9CC,0xA9CC,
0xAAD4,0xAACC,0xAACC,0x89C4,0x89C4,0x8ACC,0x69C4,0x49C4,0x69C4,0x6AC4,0x49BC,0x09B4,0xA8AB,0x87A3,0x87A3,0x87A3,
0x879B,0x879B,0x889B,0x889B,0x889B,0x689B,0x689B,0x689B,0x689B,0x689B,0x889B,0x899B,0x889B,0xA99B,0xA99B,0xCA9B,
0xEA9B,0xCA9B,0xEA9B,0xEA9B,0xEB9B,0xEB9B,0xEA9B,0xEB9B,0xEB93,0xEB93,0xEB93,0xEB93,0xEB93,0xEC93,0xEC93,0xCC93,
0xEC93,0x0D9C,0x0D9C,0x2D9C,0x0D9C,0x0D9C,0x0D9C,0x0D9C,0x0D9C,0x0D9C,0x0D9C,0x2D9C,0x2D9C,0x2D9C,0x2D9C,0x2D9C,
0x2D9C,0x2D9C,0x2D9C,0x2D9C,0x2D9C,0x2D9C,0x2D9C,0x0D94,0x0D94,0x0D94,0x2D94,0x2D94,0x2D94,0x2D94,0x2D94,0x0D94,
0x0D94,0x0D94,0xEC93,0xEC93,0xEC93,0xED93,0xED93,0xEC8B,0xEC8B,0xED93,0xED93,0xED93,0x0D94,0x0D94,0x0D94,0x0D94,
0x0D94,0x0D94,0x0D94,0xED93,0xED93,0xED93,0xEC8B,0xEC8B,0xEC8B,0xEC8B,0xEC8B,0xEC8B,0xEC8B,0xEC8B,0xEC8B,0xEC93,
0xEC93,0xEC93,0xCC93,0xCC93,0xCC8B,0xAB8B,0x8B8B,0x6A8B,0x4A83,0x2983,0x2983,0x0983,0x087B,0x0883,0x0883,0x0883,
0xE882,0xE882,0xE882,0xE782,0xE782,0xE782,0x0783,0x078B,0x488B,0x8993,0xCB9B,0x4DA4,0xD0B4,0x11B5,0x12AD,0x33AD,
0x13A5,0x13A5,0x13A5,0x14A5,0x14A5,0x14A5,0xF3A4,0x13A5,0x13A5,0xF3A4,0xD3A4,0xF3A4,0xF3A4,0xD39C,0xD39C,0xD29C,
0xD39C,0xD39C,0xF39C,0xF39C,0xF39C,0xF3A4,0xF3A4,0xF3A4,0xF3A4,0xF3A4,0xF3A4,0xF3A4,0xF3A4,0xF3A4,0xF3A4,0xF3A4,
0x0F84,0x0F84,0x0F84,0x0F84,0x2F8C,0x308C,0x508C,0x7094,0x7194,0x9194,0xB19C,0xD29C,0xD29C,0xD29C,0xD29C,0xF2A4,
0xF2A4,0xF2A4,0xF3A4,0xF3A4,0xF3A4,0xF3A4,0x13A5,0xF2A4,0xF2A4,0xF2A4,0xF2A4,0xF2A4,0xF2A4,0xF2A4,0xF2A4,0xF2A4,
0xF2A4,0xF2A4,0xD2A4,0xD2A4,0xD2A4,0xD2A4,0xF2A4,0xF2A4,0xD2A4,0xD2A4,0xD2A4,0xD2A4,0xD29C,0xD29C,0xD29C,0xD29C,
0xD29C,0xF29C,0xF29C,0xF2A4,0xF1A4,0x11AD,0x31B5,0x51B5,0x51BD,0x50C5,0x6FD5,0x6ED5,0x4CD5,0x0AD5,0xA9CC,0x89CC,
0x8ACC,0x6ACC,0x69C4,0x69C4,0x69C4,0x49C4,0x49C4,0x49C4,0x6AC4,0x6AC4,0x29BC,0xE8B3,0xA8AB,0x87A3,0x87A3,0x67A3,
0x679B,0x879B,0x679B,0x6793,0x4793,0x2793,0x4793,0x4793,0x4793,0x689B,0x889B,0x899B,0xA99B,0xA99B,0xA99B,0xA99B,
0xC99B,0xC99B,0xC99B,0xAA93,0xAA93,0xCA9B,0xCA93,0xEB9B,0xEB93,0xEA93,0xEB93,0xCB93,0xCB93,0xCB93,0xCB93,0xCC93,
0xEC93,0x0C9C,0x0D9C,0x0D9C,0x0D9C,0x0D9C,0x0D9C,0x0D9C,0x0D9C,0x0D9C,0x0D9C,0x2D9C,0x2D9C,0x2D9C,0x2D9C,0x2D9C,
0x2D9C,0x2D9C,0x2D9C,0x2D9C,0x2D9C,0x2D9C,0x2D9C,0x2D94,0x0D94,0x0D94,0x2D94,0x2D94,0x2D94,0x2D94,0x2D94,0x0D94,
0x0D94,0x0D94,0x0D94,0x0D94,0xEC93,0xED93,0xED93,0xEC8B,0xEC8B,0xED93,0xED93,0xED93,0x0D94,0x0D94,0x0D94,0x0D94,
0x0D94,0x0D94,0x0D94,0xED93,0xED93,0xED93,0xED93,0xED93,0xEC8B,0xEC8B,0xEC8B,0xEC8B,0xCC8B,0xCC8B,0xCC8B,0xEC93,
0xEC93,0xEC93,0xCC8B,0xCC8B,0xAB8B,0x8B8B,0x6A83,0x4A83,0x2983,0x097B,0x097B,0x087B,0xE87A,0x0883,0x0883,0x0883,
0xE882,0xE882,0xE882,0xE782,0xE782,0xE782,0x0783,0x078B,0x488B,0x6993,0xCB9B,0x4DA4,0xB0B4,0xF1B4,0x12AD,0x33AD,
0x13A5,0x13A5,0x13A5,0x14A5,0x14A5,0x14AD,0x14AD,0x14AD,0x13AD,0x13A5,0xF3A4,0xF3A4,0xF3A4,0xF3A4,0xF3A4,0xD39C,
0xD39C,0xD39C,0xF39C,0xF39C,0x13A5,0x14A5,0x14AD,0x14AD,0x14AD,0x14AD,0x14AD,0xF3A4,0xF3A4,0xF3A4,0xF3A4,0xF3A4,
0x9194,0x9194,0xB19C,0xB29C,0xD29C,0xD29C,0xF2A4,0xF2A4,0xF2A4,0xF3A4,0xF3A4,0x13A5,0x13A5,0x13A5,0x13A5,0x13A5,
0x13A5,0x13A5,0x13A5,0x13A5,0xF3A4,0xF2A4,0xF2A4,0xF2A4,0xF2A4,0xF2A4,0xF2A4,0xF2A4,0xF2A4,0xF2A4,0xF2A4,0xF2A4,
0xF2A4,0xD2A4,0xD2A4,0xD2A4,0xD2A4,0xF2A4,0xF2A4,0xF2A4,0xF2A4,0xF2A4,0xF2A4,0xF2A4,0xF2A4,0xF2A4,0xD29C,0xF29C,
0xF29C,0x13A5,0x12A5,0x12A5,0x12A5,0x12AD,0x31B5,0x71BD,0x72C5,0x70CD,0x6FD5,0x8ED5,0x4CD5,0xEAD4,0xA9CC,0xAAD4,
0x6ACC,0x49C4,0x29C4,0x69C4,0x89C4,0x8ACC,0x6AC4,0x8AC4,0x8AC4,0x6AC4,0x29BC,0xC8AB,0xA7AB,0x87A3,0x67A3,0x67A3,
0x479B,0x6793,0x6793,0x4793,0x4793,0x4793,0x4793,0x4793,0x4893,0x689B,0x899B,0xA99B,0xA99B,0xC99B,0xC99B,0xC99B,
0xC99B,0xCA9B,0xCA9B,0xCA9B,0xCA9B,0xCA9B,0xCA93,0xEA93,0xEA93,0xEA93,0xEB93,0xEB93,0xEB93,0xCB93,0xCB93,0xCC93,
0xEC9B,0xEC9B,0xEC9B,0x0D9C,0x0D9C,0xED9B,0xED9B,0x0D9C,0x0D94,0x0D94,0x0D9C,0x0D94,0x2D9C,0x2D9C,0x2D94,0x2D94,
0x2D94,0x2D94,0x2D94,0x2D94,0x2D94,0x2D94,0x2D94,0x2D94,0x2D94,0x2D94,0x2D94,0x2D94,0x2D94,0x2D94,0x2D94,0x0D94,
0x0D94,0x0D94,0x0D94,0x0D94,0x0D94,0xED93,0xED93,0xEC8B,0xEC8B,0xED93,0xED93,0xED93,0x0D94,0x0D94,0x0D94,0x0D94,
0x0D94,0x0D94,0x0D94,0xED93,0xED93,0xED93,0xED93,0xED93,0xEC8B,0xEC8B,0xEC8B,0xEC8B,0xCC8B,0xCC8B,0xCC8B,0xCC8B,
0xCC8B,0xCC8B,0xAB8B,0xAB8B,0x8B8B,0x4A83,0x2A83,0x297B,0x2983,0x2983,0x0983,0x0983,0x0983,0x0883,0x0883,0x0883,
0x0883,0x0883,0x0883,0x0783,0xE782,0x0783,0x078B,0x278B,0x488B,0x698B,0xAB93,0x2DA4,0xB0AC,0xF1B4,0x12AD,0x33AD,
0x13A5,0x13A5,0x13A5,0x14A5,0x14A5,0x14A5,0x14AD,0x34AD,0x34AD,0x34AD,0x14AD,0x14AD,0x14A5,0x13A5,0xF3A4,0xD39C,
0xD39C,0xF39C,0xF39C,0x13A5,0x14A5,0x14A5,0x14AD,0x14AD,0x14AD,0x14AD,0x14AD,0x14A5,0x14A5,0x14A5,0xF4A4,0xF3A4,
0x54AD,0x54AD,0x54AD,0x54AD,0x54AD,0x54AD,0x34AD,0x34AD,0x34AD,0x34AD,0x34AD,0x13A5,0x13A5,0x13A5,0x33A5,0x33AD,
0x33AD,0x33AD,0x33AD,0x33AD,0x33A5,0x13A5,0x13A5,0x33AD,0x33AD,0x13AD,0x13AD,0x13AD,0x13AD,0x13AD,0x13AD,0x13AD,
0x13AD,0x13A5,0x13AD,0x13AD,0x13AD,0x13A5,0x13A5,0x13A5,0x13A5,0x13A5,0xF2A4,0xF2A4,0xF2A4,0xF2A4,0xF3A4,0x13A5,
0x13A5,0x33A5,0x33AD,0x33AD,0x32AD,0x52B5,0x72BD,0x92C5,0x92CD,0x91D5,0x8FD5,0x8ED5,0x4CD5,0xEAD4,0xA9CC,0x8ACC,
0x6ACC,0x6ACC,0x6AC4,0x6AC4,0x69C4,0x6AC4,0x6AC4,0x6AC4,0x6AC4,0x4AC4,0x29BC,0xC8AB,0x87A3,0x67A3,0x67A3,0x67A3,
0x679B,0x679B,0x679B,0x679B,0x679B,0x689B,0x689B,0x689B,0x889B,0x899B,0xA9A3,0xC9A3,0xC99B,0xC99B,0xC99B,0xCA9B,
0xCA9B,0xEA9B,0xEA9B,0xEA9B,0xEA9B,0xCA9B,0xCA93,0xCA93,0xEA93,0xEB93,0xEB93,0x0B9C,0x0C9C,0xEC9B,0xEC9B,0xEC9B,
0xEC9B,0xEC9B,0xEC9B,0xED9B,0xED9B,0xEC9B,0xEC9B,0xEC93,0xEC93,0x0D94,0x0D9C,0x0D94,0x0D94,0x2D9C,0x2D94,0x2D94,
0x2D94,0x2D94,0x2D94,0x2D94,0x0D94,0x2D94,0x2D94,0x2D94,0x2D94,0x2D94,0x2D94,0x2D94,0x2D94,0x2D94,0x2D94,0x0D94,
0x0D94,0x0D94,0x0D94,0x0D94,0x0D94,0xED93,0xED93,0xEC8B,0xEC8B,0xED93,0xED93,0xED93,0x0D94,0x0D94,0x0D94,0x0D94,
0x0D94,0x0D94,0x0D94,0xED93,0xED93,0xED93,0xED93,0xED93,0xED8B,0xEC8B,0xCC8B,0xCC8B,0xEC8B,0xCC8B,0xCC8B,0xCC8B,
0xAB8B,0xAB8B,0x8B8B,0x8B83,0x6A83,0x4A83,0x297B,0x097B,0x097B,0x097B,0x0983,0x2983,0x2983,0x2983,0x2983,0x2983,
0x2983,0x2983,0x2983,0x2883,0x0783,0x0783,0x278B,0x488B,0x488B,0x498B,0xAB93,0x2DA4,0x90AC,0xD1B4,0x12AD,0x33AD,
0x13A5,0x13A5,0x13A5,0x14A5,0xF4A4,0xF3A4,0x14A5,0x14AD,0x34AD,0x34AD,0x14AD,0x14AD,0x14A5,0xF3A4,0xF3A4,0xD39C,
0xD39C,0xF39C,0xF39C,0x13A5,0x34A5,0x14A5,0x14AD,0x14AD,0x14AD,0x14AD,0x14AD,0x14AD,0x14A5,0x14A5,0x14A5,0x13A5,
0x74B5,0x74B5,0x74AD,0x54AD,0x54AD,0x54AD,0x54AD,0x54AD,0x54AD,0x54AD,0x54AD,0x33AD,0x33AD,0x33AD,0x33AD,0x33AD,
0x33AD,0x53AD,0x53AD,0x53AD,0x53AD,0x53AD,0x53AD,0x53AD,0x53AD,0x53AD,0x33AD,0x33AD,0x33AD,0x33AD,0x33AD,0x33AD,
0x33AD,0x33AD,0x33AD,0x33AD,0x33AD,0x33AD,0x33AD,0x33AD,0x13A5,0x13A5,0x13A5,0x13A5,0x13A5,0x13A5,0x13AD,0x13AD,
0x13AD,0x14AD,0x14AD,0x33AD,0x53AD,0x73B5,0x93BD,0x93CD,0x93D5,0x90D5,0x8FDD,0x6EDD,0x2DD5,0xEBD4,0xAACC,0x89CC,
0x8ACC,0x8ACC,0x8ACC,0x69C4,0x49C4,0x29BC,0x4AC4,0x6AC4,0x6AC4,0x4ABC,0x29BC,0xE9B3,0xA8AB,0x87A3,0x87A3,0x88A3,
0xA8A3,0xA8A3,0x889B,0x889B,0x689B,0x679B,0x679B,0x4793,0x679B,0x689B,0x689B,0x889B,0xA99B,0xA99B,0xC99B,0xCA9B,
0xEAA3,0xEAA3,0xEA9B,0xEA9B,0xEA9B,0xEA9B,0xEA9B,0xCA9B,0xCA93,0xCA93,0xEB93,0x0B9C,0x0C9C,0x0C9C,0xEC9B,0xEC93,
0xEC93,0x0C94,0x0D9C,0x0D9C,0x0D9C,0x0D9C,0xEC93,0xEC93,0xEC93,0x0D9C,0x0D9C,0x0D9C,0x0D9C,0x0D9C,0x0D94,0x0D94,
0x0D94,0x0D94,0x0D94,0x0D94,0x0D94,0x0D94,0x0D94,0x0D94,0x0D94,0x2D94,0x2D94,0x2D94,0x2D94,0x2D94,0x2D94,0x0D94,
0x0D94,0x0D94,0x0D94,0x0D94,0x0D94,0x0D94,0x0D94,0xED8B,0xED8B,0xEC8B,0xEC8B,0xED93,0x0D94,0x0D94,0x0D94,0x0D94,
0x0D94,0xED93,0xED93,0xED93,0xED93,0xED93,0xED93,0xED93,0xED8B,0xCD8B,0xCD8B,0xCC8B,0xCC8B,0xCC8B,0xAC8B,0xAB8B,
0xAB8B,0x8B83,0x6A83,0x6A83,0x4A83,0x297B,0x297B,0x297B,0x0883,0x0983,0x2983,0x2983,0x2983,0x4983,0x4983,0x4983,
0x4983,0x4983,0x4983,0x4983,0x498B,0x498B,0x498B,0x498B,0x498B,0x6A8B,0x8B8B,0x2D9C,0xD0AC,0xF1B4,0xF2AC,0x13A5,
0xF3A4,0x13A5,0x13A5,0x13A5,0x13A5,0x14A5,0x14AD,0x14AD,0x14AD,0x14AD,0x14AD,0x13A5,0xF3A4,0xD3A4,0xD29C,0xB29C,
0xB29C,0xF3A4,0xF3A4,0xF3A4,0x13A5,0x34AD,0x33AD,0x13AD,0x13AD,0x13AD,0x13A5,0x13A5,0x13A5,0x13A5,0x13A5,0x13A5,
0x54AD,0x54AD,0x54AD,0x54AD,0x53AD,0x53AD,0x53AD,0x53AD,0x53AD,0x53AD,0x53AD,0x33AD,0x33AD,0x33AD,0x33AD,0x33AD,
0x33AD,0x33AD,0x33AD,0x33AD,0x33AD,0x33AD,0x33AD,0x33AD,0x33AD,0x33AD,0x33AD,0x33AD,0x33AD,0x33AD,0x33AD,0x33AD,
0x33AD,0x33AD,0x33AD,0x33AD,0x33AD,0x33AD,0x33AD,0x33AD,0x13A5,0x13A5,0x13A5,0x13A5,0x13A5,0x33A5,0x33AD,0x33AD,
0x13B5,0x14B5,0x34B5,0x34AD,0x53AD,0x53B5,0x73BD,0x93CD,0x92D5,0x90DD,0x8EDD,0x6EDD,0x2DD5,0xEBD4,0xAACC,0x89CC,
0x69CC,0x69C4,0x49C4,0x29BC,0x29BC,0x29BC,0x4AC4,0x4AC4,0x4ABC,0x2ABC,0xE9B3,0xC8AB,0xA8AB,0xA8A3,0xA8A3,0xA8A3,
0x88A3,0x889B,0x889B,0x689B,0x679B,0x4793,0x4793,0x4793,0x4793,0x4793,0x679B,0x6893,0x6893,0x889B,0xA99B,0xA99B,
0xCA9B,0xEAA3,0xEAA3,0xEA9B,0xEA9B,0xEA9B,0xEAA3,0xEB9B,0xEB9B,0xEB93,0xEB93,0xEB93,0x0B9C,0xEC93,0xEC93,0xEC93,
0x0C9C,0x2D9C,0x2D9C,0x0D9C,0x0D9C,0xEC93,0xEC93,0xEC93,0xEC93,0x0D9C,0x0D9C,0x0D9C,0x0D9C,0x0D9C,0x0D94,0x0D94,
0x0D94,0x0D94,0x0D94,0x0D94,0x0D94,0x0D94,0x0D94,0x0D94,0x0D94,0x0D94,0x2D94,0x2D94,0x0D94,0x0D94,0x0D94,0x0D94,
0x0D94,0x0D94,0x0D94,0x0D94,0x0D94,0x0D94,0xED8B,0xED8B,0xEC8B,0xEC8B,0xEC8B,0xEC8B,0xED8B,0xED8B,0x0D94,0x0D94,
0xED93,0xED8B,0xCD8B,0xCD8B,0xCD8B,0xCD8B,0xCD8B,0xCD8B,0xCD8B,0xCD8B,0xAD8B,0xAC8B,0xAC83,0x8B83,0x8B83,0x6B83,
0x8B83,0x8B83,0x6A83,0x6A83,0x4A83,0x4A83,0x4983,0x2983,0x2983,0x4983,0x4983,0x4983,0x4983,0x4983,0x4983,0x4983,
0x4983,0x4983,0x4983,0x498B,0x498B,0x698B,0x498B,0x698B,0x6A8B,0x8A8B,0xAB8B,0x0D94,0xD0AC,0x12B5,0x13AD,0x13A5,
0x13A5,0x13A5,0x13A5,0x13A5,0x34AD,0x34AD,0x34AD,0x34AD,0x34AD,0x34AD,0x34AD,0x13A5,0xF3A4,0xD29C,0xB29C,0xB29C,
0xB29C,0xF3A4,0xF3A4,0xF3A4,0x13A5,0x33AD,0x13AD,0x13AD,0x13A5,0x13A5,0x13A5,0x13A5,0x13A5,0x13A5,0x13A5,0x13A5,
0x33AD,0x33AD,0x33AD,0x33AD,0x33AD,0x33AD,0x33AD,0x33AD,0x33AD,0x33AD,0x33AD,0x33AD,0x13A5,0x13A5,0x13A5,0x13A5,
0x13A5,0x12A5,0x12A5,0x12A5,0x12A5,0x12A5,0x12A5,0x13A5,0x13A5,0x13A5,0x13A5,0x13A5,0x13A5,0x13A5,0x12A5,0x12A5,
0x12A5,0x13A5,0x13A5,0x13A5,0x13A5,0x13A5,0x13A5,0x13A5,0x12A5,0x12A5,0x12A5,0x12A5,0x12A5,0x12A5,0x12A5,0x13AD,
0xF3AC,0xF3AC,0x13AD,0x13AD,0x12A5,0x11A5,0x31B5,0x31C5,0x51CD,0x90DD,0x8EDD,0x6EDD,0x2CD5,0xCBCC,0xAACC,0x8ACC,
0x89CC,0x69C4,0x69C4,0x49C4,0x49C4,0x29BC,0x2ABC,0x4ABC,0x2ABC,0x29B4,0xE8AB,0xA8AB,0xA8AB,0xA8AB,0xA8A3,0xA8A3,
0x889B,0x689B,0x689B,0x4793,0x4793,0x4793,0x679B,0x4793,0x4793,0x689B,0x689B,0x689B,0x6893,0xA99B,0xA99B,0xA99B,
0xCAA3,0xEAA3,0xEAA3,0xEA9B,0xEA9B,0xEA9B,0xEA9B,0xEB9B,0xEB9B,0x0B9C,0x0C9C,0x2C9C,0x2C9C,0x2C9C,0x2D9C,0x2D9C,
0x0D9C,0x2D9C,0x0D9C,0x0D9C,0xEC93,0xEC93,0xEC93,0x0D9C,0x0D9C,0xEC93,0xEC93,0xEC93,0xEC93,0xEC93,0xED93,0xED93,
0xED93,0x0D94,0x0D94,0x0D94,0x0D94,0x0D94,0x0D94,0x0D94,0x0D94,0x0D94,0x0D94,0x0D94,0x0C94,0x0C94,0x0C94,0xEC8B,
0xEC8B,0xEC8B,0xEC8B,0xEC8B,0xEC8B,0xED8B,0xED8B,0xED8B,0xED8B,0xEC8B,0xEC8B,0xEC8B,0xED8B,0xEC8B,0xED8B,0xED8B,
0xED8B,0xED8B,0xED8B,0xCD8B,0xCD8B,0xCD8B,0xCD8B,0xCD8B,0xCD8B,0xAD8B,0xAC8B,0xAC83,0x8B83,0x8B83,0x6B83,0x6B83,
0x6A83,0x6A83,0x6A83,0x4A83,0x4A83,0x4A83,0x4A83,0x4A83,0x6A83,0x6A83,0x6A8B,0x6A8B,0x8A8B,0x6A8B,0x6A8B,0x6A8B,
0x6A8B,0x6A8B,0x6A8B,0x6A8B,0x6A8B,0x6A8B,0x6A8B,0x6A8B,0x8A93,0xAB93,0xAB93,0x0D94,0xD0AC,0x32B5,0x33B5,0x34AD,
0x34AD,0x34AD,0x34AD,0x34AD,0x34AD,0x34AD,0x34AD,0x34AD,0x34AD,0x34AD,0x54AD,0x34AD,0x13A5,0xF3A4,0xF3A4,0xD29C,
0xD2A4,0xF3A4,0x13A5,0x13A5,0x13AD,0x13AD,0x13AD,0x13A5,0x13A5,0x13A5,0x13A5,0x13A5,0x13A5,0x13A5,0x13A5,0x13A5,
0x13A5,0x13A5,0x13A5,0x13A5,0x13A5,0x13A5,0x33AD,0x33AD,0x33AD,0x33AD,0x33AD,0x13A5,0x12A5,0x12A5,0x12A5,0x12A5,
0x12A5,0xF2A4,0xF2A4,0xF2A4,0xF2A4,0xF2A4,0xF2A4,0x12A5,0x12A5,0x12A5,0x12A5,0x12A5,0x12A5,0x12A5,0xF2A4,0xF2A4,
0xF2A4,0x12A5,0xF2A4,0xF2A4,0xF2A4,0xF2A4,0xF2A4,0xF2A4,0xF2A4,0xF2A4,0xF2A4,0xF2A4,0xF2A4,0xF2A4,0xF2A4,0xF2A4,
0xF2AC,0xF3AC,0xF3AC,0xF2A4,0xF1A4,0xF0A4,0xF0AC,0x10BD,0x30CD,0x6FDD,0x8EDD,0x4DDD,0x0CD5,0xCACC,0x8ACC,0x6ACC,
0x8ACC,0x69C4,0x49C4,0x29BC,0x09B4,0x09BC,0x2ABC,0x4ABC,0x4ABC,0x2ABC,0x09B4,0xE9AB,0xC9AB,0xC8AB,0xA8A3,0xA8A3,
0x889B,0x679B,0x4793,0x2793,0x4793,0x4793,0x4793,0x4793,0x4793,0x4793,0x689B,0x689B,0x899B,0xA99B,0xA99B,0xA99B,
0xC99B,0xEA9B,0xCA9B,0xCA9B,0xCA9B,0xCA9B,0xEA9B,0xEB9B,0xEB9B,0x0B9C,0x0C9C,0x2C9C,0x2C9C,0x2C9C,0x2C9C,0x0C9C,
0xEC93,0xEC93,0xCC93,0xEC93,0xEC93,0xEC93,0x0D9C,0x0D9C,0xEC93,0xEC93,0xEC93,0xEC93,0xEC93,0xEC93,0xEC93,0xEC93,
0xEC93,0xEC93,0xEC93,0xEC93,0xEC93,0x0C94,0x0C94,0x0C94,0x0C94,0x0C94,0xED8B,0xEC8B,0xEC8B,0xEC8B,0xEC8B,0xEC8B,
0xEC8B,0xEC8B,0xEC8B,0xEC8B,0xEC8B,0xED8B,0xED8B,0xED8B,0xED8B,0xCC8B,0xCC8B,0xCC8B,0xCC8B,0xCC8B,0xED8B,0xED8B,
0xED8B,0xCD8B,0xCD8B,0xCD8B,0xCD8B,0xCD8B,0xAD8B,0xAC8B,0xAC83,0x8C83,0x8C83,0x6B83,0x6B83,0x6A7B,0x4A7B,0x4A7B,
0x4A7B,0x4A7B,0x4A83,0x4A83,0x4A83,0x6A83,0x6A83,0x6A83,0x6A83,0x6A8B,0x6A8B,0x8A8B,0x8A8B,0x8A8B,0x8A8B,0x8A8B,
0x8A8B,0x8A8B,0x8A8B,0x8A8B,0x8A8B,0x8A8B,0x8A93,0x8A93,0xAB93,0xCB93,0xEC93,0x2D9C,0xD0AC,0x32B5,0x53B5,0x54AD,
0x54AD,0x54AD,0x54AD,0x54AD,0x54AD,0x54AD,0x54AD,0x54AD,0x54AD,0x54AD,0x54AD,0x34AD,0x34AD,0x13AD,0x13A5,0x13A5,
0x34AD,0x34AD,0x34AD,0x13AD,0x34AD,0x13AD,0x13A5,0x13A5,0x13A5,0x13A5,0x13A5,0x13A5,0x13A5,0x13A5,0x13A5,0x13A5,
0x13A5,0x13A5,0x13A5,0x12A5,0x12A5,0x13A5,0x13A5,0x13A5,0x13A5,0x13A5,0x13A5,0x13A5,0x12A5,0x12A5,0xF2A4,0xF2A4,
0xF2A4,0xF2A4,0xF2A4,0xF2A4,0xF2A4,0xF2A4,0xF2A4,0xF2A4,0xF2A4,0xF2A4,0xF2A4,0xF2A4,0xF2A4,0x12A5,0xF2A4,0xF2A4,
0xF2A4,0xF2A4,0xF2A4,0xF2A4,0xF2A4,0xF2A4,0xF2A4,0xF2A4,0xD19C,0xD19C,0xD19C,0xD19C,0xD19C,0xD19C,0xF29C,0xF2A4,
0xD2A4,0xD2A4,0xD2A4,0xF2A4,0xF19C,0xF0A4,0xEFAC,0x10BD,0x30CD,0x4FD5,0x6EDD,0x4DDD,0x0BD5,0xAACC,0x49C4,0x08BC,
0x08BC,0x08BC,0x08B4,0x09B4,0x09B4,0x29BC,0x2ABC,0x4ABC,0x4ABC,0x2ABC,0x0AB4,0x0AB4,0xE9AB,0xC9AB,0xA8A3,0x88A3,
0x88A3,0x889B,0x689B,0x689B,0x889B,0x689B,0x689B,0x4793,0x4793,0x4793,0x679B,0x689B,0xA99B,0xA99B,0xA99B,0xA99B,
0xA99B,0xCA9B,0xCA9B,0xCA9B,0xCA9B,0xCA9B,0xCA9B,0xEB9B,0xEB9B,0x0B9C,0x0B9C,0x0B9C,0xEB93,0xEC9B,0x0C9C,0x0C9C,
0xEC93,0xCB8B,0xCC93,0xEC93,0xEC93,0x0D9C,0x0D9C,0x0D9C,0xEC93,0xEC93,0xEC93,0xEC93,0xEC93,0xEC93,0xEC93,0xEC93,
0xEC93,0xEC93,0xEC93,0xEC93,0xEC93,0x0C94,0x0C94,0xEC8B,0xEC8B,0xEC8B,0xED8B,0xED8B,0xEC8B,0xCC8B,0xCC8B,0xCC8B,
0xCC8B,0xCC8B,0xCC8B,0xCC8B,0xEC8B,0xED8B,0xCD8B,0xCD8B,0xCD8B,0xCC8B,0xCC8B,0xCC8B,0xCC8B,0xCC8B,0xCC8B,0xCC8B,
0xCD8B,0xAD8B,0xAD8B,0xAC8B,0xAC8B,0xAC83,0x8C83,0x6C83,0x6B83,0x6B7B,0x4B7B,0x6B7B,0x4B7B,0x4A7B,0x2A7B,0x2A7B,
0x4A7B,0x4A7B,0x4A83,0x6A83,0x6A83,0x8B8B,0x8A8B,0x6A8B,0x6A8B,0x6A8B,0x8A8B,0x8A8B,0x8B8B,0x8B8B,0x8B8B,0x8B8B,
0x8B8B,0x8B8B,0x8B8B,0x8B8B,0xAB8B,0xAA8B,0xAA93,0xAB93,0xAB8B,0xCB93,0xEC93,0x2E9C,0xD0AC,0x32B5,0x74B5,0x75B5,
0x75B5,0x74B5,0x74B5,0x54B5,0x54AD,0x54AD,0x54AD,0x54AD,0x54AD,0x54AD,0x54AD,0x54AD,0x54AD,0x54AD,0x34AD,0x34AD,
0x34AD,0x54AD,0x34AD,0x34AD,0x33AD,0x33AD,0x13AD,0x13A5,0x13A5,0x13A5,0x13A5,0x13A5,0x13A5,0x13A5,0x13A5,0x13A5,
0x13A5,0x13A5,0x13A5,0x13A5,0x13A5,0x13A5,0x33AD,0x33AD,0x33AD,0x33AD,0x33AD,0x13A5,0x12A5,0x12A5,0x12A5,0x12A5,
0x12A5,0xF2A4,0xF2A4,0x12A5,0x12A5,0x12A5,0x12A5,0xF2A4,0xF2A4,0xF2A4,0xF2A4,0xF2A4,0xF2A4,0x12A5,0x12A5,0x12A5,
0x12A5,0x12A5,0xF2A4,0xF2A4,0xF2A4,0xF2A4,0xD29C,0xD29C,0xF2A4,0xF2A4,0xF2A4,0xF2A4,0xF2A4,0xF29C,0xF19C,0xD19C,
0xD1A4,0xD1A4,0xD1A4,0xD19C,0xF09C,0x10A5,0x10B5,0x30C5,0x50D5,0x6FDD,0x6DDD,0x4CDD,0xEBD4,0x8AC4,0x28BC,0x08BC,
0x08BC,0x08BC,0x29BC,0x49BC,0x4ABC,0x4ABC,0x4ABC,0x4ABC,0x4BBC,0x4ABC,0x0AB4,0xE9AB,0xE9AB,0xC9A3,0xA8A3,0x88A3,
0x889B,0x889B,0x889B,0x889B,0x889B,0x689B,0x889B,0x689B,0x4793,0x4793,0x679B,0x889B,0xA99B,0xA99B,0xA99B,0xA99B,
0xA99B,0xA99B,0xAA9B,0xCA9B,0xCA9B,0xCA9B,0xCA9B,0xEB9B,0x0B9C,0x0B9C,0x0B9C,0x0B9C,0x0B9C,0xEB93,0xEC93,0x0C9C,
0xEC93,0xEC93,0xEC93,0x0D9C,0x0D9C,0x0D9C,0x0D9C,0x0D9C,0x0D9C,0xEC93,0xEC93,0xCC93,0xCC93,0xEC93,0xEC93,0xEC93,
0xEC93,0xEC93,0xEC93,0xEC93,0xEC93,0xEC8B,0xEC8B,0xEC8B,0xEC8B,0xEC8B,0xCC8B,0xCC8B,0xCC8B,0xCC8B,0xCC8B,0xCC8B,
0xCC8B,0xCC8B,0xCC8B,0xCC8B,0xCC8B,0xCC8B,0xCC8B,0xCC8B,0xCC8B,0xAC8B,0xAC8B,0xAC83,0xAC8B,0xAC8B,0xAC83,0xAC83,
0xAC83,0x8C83,0x8C83,0x8C83,0x6C83,0x6B83,0x6B7B,0x4B7B,0x4B7B,0x2B7B,0x2B7B,0x2A7B,0x2A7B,0x2A7B,0x2A7B,0x2A7B,
0x4A7B,0x4A7B,0x4A83,0x6A83,0x8B83,0x8B8B,0x8A8B,0x8B8B,0x8B8B,0x8B8B,0x8B8B,0xAB8B,0xAB8B,0xAB8B,0xAB8B,0xAB8B,
0xAB8B,0xAB8B,0xAB8B,0xAB8B,0xAB8B,0xAB8B,0xAB93,0xAB93,0xAB8B,0xCC93,0x0D94,0x4E9C,0xD1AC,0x53B5,0x74B5,0x95B5,
0x95B5,0x95B5,0x74B5,0x74B5,0x54B5,0x54B5,0x54B5,0x54B5,0x54B5,0x54B5,0x74B5,0x74B5,0x74B5,0x54B5,0x54AD,0x54AD,
0x54AD,0x54AD,0x54AD,0x54AD,0x54AD,0x34AD,0x33AD,0x13AD,0x13AD,0x33AD,0x33AD,0x13AD,0x13AD,0x13A5,0x13A5,0x13A5,
0x33AD,0x33AD,0x33AD,0x33AD,0x33AD,0x33AD,0x33AD,0x33AD,0x33AD,0x33AD,0x33AD,0x33AD,0x33AD,0x33AD,0x33AD,0x33AD,
0x33AD,0x33AD,0x33AD,0x33AD,0x33AD,0x33AD,0x33AD,0x33AD,0x33AD,0x33AD,0x33AD,0x33AD,0x13A5,0x13A5,0x13A5,0x12A5,
0x12A5,0x12A5,0x12A5,0x12A5,0x12A5,0xF2A4,0xF2A4,0xF2A4,0xF2A4,0xF2A4,0xF2A4,0xF2A4,0xF2A4,0x12A5,0x129D,0x12A5,
0xF2A4,0xF2A4,0xF2A4,0xF1A4,0x11A5,0x30AD,0x50BD,0x70CD,0x90DD,0x6EDD,0x6DDD,0x2CD5,0xCBCC,0x69C4,0x08BC,0xE7B3,
0xE7B3,0x08B4,0x09B4,0x29B4,0x4ABC,0x6BBC,0x4ABC,0x2AB4,0x2AB4,0x0AB4,0xE9AB,0xE9AB,0xC9A3,0xC9A3,0xA8A3,0x889B,
0xA8A3,0x889B,0x889B,0x889B,0x889B,0x889B,0x889B,0x689B,0x4793,0x4793,0x689B,0x889B,0xA99B,0xA99B,0xA99B,0xA99B,
0xA99B,0xA99B,0xA99B,0xA993,0xAA9B,0xAA9B,0xCA9B,0xCA9B,0xCA93,0xCA93,0xCA93,0xCA93,0xCB93,0xAB93,0xCB93,0xCC93,
0xEC93,0x0C94,0x0D9C,0x0D9C,0x0D9C,0x0D9C,0x0D9C,0x0D9C,0x0D9C,0xEC93,0xEC93,0xCC93,0xCC93,0xCC93,0xEC93,0xEC93,
0xEC93,0xEC93,0xEC93,0xEC93,0xEC8B,0xEC8B,0xEC8B,0xEC8B,0xEC8B,0xCC8B,0xCC8B,0xCC8B,0xAC8B,0xAC8B,0xAC83,0xAC8B,
0xCC8B,0xAC8B,0xAC83,0xAC83,0xAC83,0xAC83,0xAC83,0xAC83,0xAC83,0xAC83,0xAC83,0xAC83,0xAC83,0xAC83,0x8C83,0x8C83,
0x8C83,0x6C83,0x6B83,0x4B7B,0x4B7B,0x4B7B,0x2A7B,0x2A73,0x0A73,0x0A73,0x0A73,0x0A73,0x0A73,0x2973,0x297B,0x2A7B,
0x4A7B,0x4A7B,0x6A83,0x6A83,0x8B83,0x8B8B,0x8B8B,0x8B8B,0xAB8B,0xAB8B,0xAB8B,0xAB8B,0xAB8B,0xAB8B,0xAB8B,0xAB8B,
0xAB8B,0xAB8B,0xAB8B,0xAB8B,0xAB8B,0xAB8B,0xAB93,0xAB93,0xAB8B,0xCC93,0xEC93,0x4E9C,0xF1AC,0x53B5,0x74B5,0x95B5,
0x95B5,0x95B5,0x95B5,0x95B5,0x94B5,0x94B5,0x94B5,0x94B5,0x94B5,0x94B5,0x94B5,0x74B5,0x74B5,0x74B5,0x74B5,0x74B5,
0x74B5,0x74B5,0x74B5,0x74B5,0x54AD,0x54AD,0x54AD,0x34AD,0x34AD,0x34AD,0x54AD,0x34AD,0x34AD,0x33AD,0x33AD,0x33AD,
0x33AD,0x33AD,0x33AD,0x33AD,0x33AD,0x33AD,0x53AD,0x53AD,0x53AD,0x53AD,0x53AD,0x53AD,0x53AD,0x53AD,0x53AD,0x53AD,
0x54AD,0x53AD,0x53AD,0x53AD,0x53AD,0x33AD,0x33AD,0x53AD,0x53AD,0x53AD,0x53AD,0x53AD,0x53AD,0x33AD,0x33AD,0x33AD,
0x33AD,0x33AD,0x33AD,0x33AD,0x33AD,0x33AD,0x33AD,0x13A5,0x12A5,0x12A5,0x12A5,0x13A5,0x12A5,0x12A5,0x32A5,0x32A5,
0x12A5,0x12AD,0x12AD,0x32A5,0x31AD,0x71B5,0x91C5,0xB1D5,0xB0DD,0x8FE5,0x6DDD,0x0CD5,0xAACC,0x49C4,0x28BC,0xE7B3,
0xE7B3,0xC7AB,0xE8AB,0xE8AB,0xE8AB,0xC8AB,0xA8A3,0xA8A3,0xC9AB,0xC9AB,0xC9AB,0xC9AB,0xC9A3,0xC9A3,0xA8A3,0xA8A3,
0xA8A3,0x889B,0x889B,0x889B,0x889B,0x689B,0x689B,0x4793,0x4793,0x4793,0x4793,0x689B,0x8893,0x8893,0x6893,0x8893,
0x8893,0x6993,0x8993,0x8993,0x8993,0x8993,0x8993,0xA993,0x898B,0x898B,0x898B,0x898B,0x898B,0x6A83,0x8A8B,0xAB8B,
0xCB93,0xEC93,0x0C94,0xEC93,0xEC93,0xEC93,0xEC93,0x0D9C,0xEC93,0xEC93,0xCC93,0xCC93,0xCC93,0xCC93,0xCC93,0xCC93,
0xCC93,0xEC93,0xEC93,0xEC93,0xCC8B,0xEC8B,0xEC8B,0xCC8B,0xCC8B,0xCC8B,0xCC8B,0xCC8B,0xAC8B,0xAC8B,0xAC83,0xAC83,
0xAC83,0xAC83,0xAC83,0x8C83,0x8C83,0x8C83,0x8C83,0x8C83,0x8C83,0x8C83,0x8C83,0x8C83,0x8C83,0x8C83,0x6B7B,0x4B7B,
0x4B7B,0x2A7B,0x2A7B,0x2A73,0x0A73,0x0A73,0x0A73,0xEA72,0xE972,0xE972,0xE972,0xE972,0x0A73,0x2A73,0x4A7B,0x4A7B,
0x4A7B,0x4A7B,0x6A83,0x6A83,0x8B8B,0x8B8B,0x8B8B,0xAB8B,0xAB8B,0xAB8B,0xAB8B,0xAB8B,0xAB8B,0xAB8B,0xAB8B,0xAB8B,
0xAB8B,0xAB8B,0xAB8B,0xAB8B,0xAB8B,0xAB8B,0xAB8B,0xAB8B,0xAB8B,0xCC8B,0xCC8B,0x4E9C,0x12B5,0x73BD,0x94BD,0xB5BD,
0xB5BD,0xB5BD,0xB5BD,0xB5BD,0xB5BD,0xB5BD,0xB5BD,0xB5BD,0xB5BD,0xB5BD,0xB5BD,0xB5BD,0xB5BD,0x95B5,0x95B5,0x95B5,
0x95B5,0x95B5,0x95B5,0x95B5,0x94B5,0x74B5,0x54B5,0x54AD,0x54AD,0x54AD,0x74B5,0x54AD,0x54AD,0x54AD,0x54AD,0x34AD,
0x33AD,0x33AD,0x33AD,0x33AD,0x33AD,0x33AD,0x33AD,0x33AD,0x33AD,0x33AD,0x33AD,0x33AD,0x53AD,0x53AD,0x54AD,0x54AD,
0x74B5,0x74B5,0x54AD,0x54AD,0x54AD,0x53AD,0x53AD,0x54AD,0x54AD,0x54AD,0x54AD,0x74B5,0x74B5,0x74B5,0x74B5,0x74B5,
0x74B5,0x74B5,0x54AD,0x54AD,0x54AD,0x53AD,0x53AD,0x53AD,0x33AD,0x33AD,0x33AD,0x33AD,0x33AD,0x33AD,0x54AD,0x54AD,
0x34AD,0x33B5,0x53B5,0x52B5,0x52B5,0x71BD,0xB1CD,0xB0D5,0xB0DD,0x8EE5,0x4CDD,0x0BD5,0xCACC,0x69C4,0x48BC,0x08BC,
0xE8B3,0xC7AB,0xC7AB,0xA8A3,0xA8A3,0xA8A3,0xA8A3,0xA8A3,0xC9AB,0xE9AB,0xE9AB,0xE9AB,0xC9AB,0xC9A3,0xC9A3,0xC9A3,
0xA8A3,0x889B,0x889B,0x889B,0x889B,0x689B,0x689B,0x4793,0x2793,0x2793,0x4793,0x4793,0x6893,0x6893,0x6893,0x6893,
0x6893,0x6893,0x488B,0x688B,0x688B,0x6993,0x8993,0x8993,0x898B,0x698B,0x4983,0x6983,0x6983,0x4983,0x4983,0x6A83,
0x8A8B,0xCB93,0xCC93,0xCC93,0xCC93,0xEC93,0xEC93,0xEC93,0xEC93,0xEC93,0xCC93,0xCC93,0xCC93,0xCC93,0xCC93,0xCC8B,
0xCC8B,0xCC8B,0xCC8B,0xCC8B,0xCC8B,0xCC8B,0xCC8B,0xCC8B,0xCC8B,0xCC8B,0xCC8B,0xCC8B,0xAC8B,0xAC8B,0xAC8B,0xAC83,
0xAC83,0x8C83,0x8C83,0x8B83,0x8B83,0x8C83,0x8C83,0x8C83,0x6B83,0x6B7B,0x6B7B,0x6B7B,0x4B7B,0x4B7B,0x2A73,0x0A73,
0xE972,0xC96A,0xE96A,0xE96A,0xE96A,0xE96A,0xC96A,0xC96A,0xE96A,0xE96A,0x0A73,0x0A73,0x2A7B,0x2A7B,0x4A7B,0x4A7B,
0x4A7B,0x4A83,0x6B83,0x6B83,0x8B8B,0x8B8B,0x8B8B,0x8B8B,0x8B8B,0x8B8B,0xAB8B,0xAB8B,0xAB8B,0xAB8B,0xAB8B,0xAB8B,
0xAB8B,0xAB8B,0xAB8B,0xAB8B,0xAB8B,0xAB8B,0xAB8B,0xAB8B,0xAB93,0xCC8B,0xED93,0x90A4,0x53BD,0xB5C5,0xB5BD,0xD6BD,
0xD6BD,0xD6C5,0xD6C5,0xF6C5,0xF6C5,0xD6C5,0xF6C5,0xD6C5,0xD6C5,0xF6C5,0xD6C5,0xD6C5,0xD6C5,0xD6C5,0xD6C5,0xD6BD,
0xD6BD,0xD6BD,0xD6BD,0xB5BD,0xB5BD,0x95B5,0x74B5,0x74B5,0x74B5,0x74B5,0x74B5,0x54B5,0x54B5,0x54B5,0x54B5,0x54AD,
0x33AD,0x33AD,0x33AD,0x33AD,0x33AD,0x33AD,0x13A5,0x13A5,0x33AD,0x33AD,0x33AD,0x33AD,0x33AD,0x33AD,0x53AD,0x54AD,
0x74B5,0x74B5,0x74B5,0x54AD,0x54AD,0x54AD,0x54AD,0x54AD,0x54AD,0x54AD,0x54AD,0x74B5,0x74B5,0x94B5,0x94B5,0x94B5,
0x94B5,0x94B5,0x74B5,0x74B5,0x74B5,0x54AD,0x54AD,0x54AD,0x74B5,0x54AD,0x53AD,0x33AD,0x53AD,0x54B5,0x55B5,0x55B5,
0x55B5,0x54B5,0x54B5,0x53B5,0x52BD,0x71C5,0x90D5,0xB0DD,0xAFDD,0x8DE5,0x4CDD,0x2BD5,0xEACC,0x89C4,0x49BC,0x08B4,
0xC7AB,0x87A3,0x87A3,0x679B,0x679B,0xA8A3,0xA8A3,0xC8A3,0xC9A3,0xE9AB,0xE9AB,0xE9AB,0xEAAB,0xC9AB,0xC9A3,0xA9A3,
0xA9A3,0xA9A3,0x889B,0x889B,0x889B,0x689B,0x4793,0x4793,0x4793,0x4793,0x4793,0x4793,0x4793,0x4793,0x4893,0x4893,
0x4893,0x488B,0x488B,0x4893,0x488B,0x688B,0x8993,0x8993,0x8A93,0x6A8B,0x698B,0x6A8B,0x6A8B,0x6A8B,0x6A8B,0x6A83,
0x6A8B,0x8A8B,0x8B8B,0xAB93,0xAB93,0xCC93,0xCC93,0xEC93,0xEC93,0xCC93,0xCC93,0xCC8B,0xCC8B,0xCC8B,0xCC8B,0xCC8B,
0xCC8B,0xCC8B,0xCC8B,0xCC8B,0xCC8B,0xCC8B,0xCC8B,0xAC8B,0xAB83,0xAC83,0xAC83,0xAC83,0xAC83,0xAC83,0xAC83,0x8C83,
0x8C83,0x8C83,0x8C83,0x8C83,0x6B83,0x6B7B,0x6B83,0x6B83,0x6B7B,0x4B7B,0x4B7B,0x4B7B,0x4B7B,0x2A73,0x0A73,0xE96A,
0xC96A,0xC96A,0xC96A,0xA862,0xA862,0xC86A,0xA862,0xC96A,0xC96A,0xE96A,0x0A73,0x2A7B,0x2A7B,0x4A83,0x6A83,0x4A83,
0x4A83,0x6B83,0x6B8B,0x8B8B,0x8B8B,0x8B8B,0x8B8B,0x8B8B,0x8B8B,0xAB8B,0xAB8B,0xAB8B,0xAB8B,0xAB8B,0xAB8B,0xAB8B,
0xAB8B,0xAB8B,0xAB8B,0xAB8B,0xAB8B,0xAB8B,0xAB93,0xAB93,0xAB8B,0xAC8B,0x0D94,0xD1AC,0x94C5,0xD6C5,0xD6C5,0xD6C5,
0xD6C5,0xD6C5,0xF6C5,0xF6C5,0xF6C5,0xF6C5,0xF6C5,0xF7CD,0xF7CD,0xF7C5,0xF6C5,0xF6C5,0xF6C5,0xF6C5,0xF6C5,0xF6C5,
0xF6C5,0xF6C5,0xD6C5,0xD6C5,0xB6C5,0xB5BD,0x95BD,0x95BD,0x74B5,0x74B5,0x54B5,0x54B5,0x54B5,0x54B5,0x54B5,0x54B5,
0x54AD,0x54AD,0x54AD,0x54AD,0x54AD,0x54AD,0x54AD,0x53AD,0x33AD,0x33AD,0x13A5,0x33AD,0x33AD,0x33AD,0x33AD,0x53AD,
0x54AD,0x74B5,0x74B5,0x54AD,0x54AD,0x54AD,0x54AD,0x54AD,0x53AD,0x53AD,0x53AD,0x54AD,0x74B5,0x74B5,0x74B5,0x74B5,
0x74B5,0x74B5,0x74B5,0x54AD,0x54AD,0x54AD,0x54AD,0x53AD,0x54AD,0x54AD,0x54AD,0x54AD,0x54AD,0x54AD,0x54B5,0x34B5,
0x34B5,0x54B5,0x54B5,0x53B5,0x52BD,0x71C5,0x90D5,0xB0DD,0x8FDD,0x6DE5,0x4CDD,0x0BD5,0xEACC,0x89C4,0x48BC,0xE7AB,
0xA7A3,0x66A3,0x66A3,0x679B,0x879B,0xA8A3,0xA8A3,0xA8A3,0xC8A3,0xC9A3,0xC9A3,0xC9A3,0xC9A3,0xC9A3,0xC9A3,0xA9A3,
0xA9A3,0xA89B,0x889B,0x889B,0x889B,0x689B,0x4793,0x4793,0x4793,0x4793,0x2793,0x2793,0x2793,0x2793,0x278B,0x278B,
0x278B,0x278B,0x488B,0x488B,0x288B,0x288B,0x488B,0x698B,0x8A93,0xAA93,0xAA93,0xAA93,0xAA93,0xAA8B,0xAA8B,0x8A8B,
0x8A8B,0x6A8B,0x8A8B,0xAB8B,0xAB93,0xCC93,0xCC93,0xCC93,0xCC93,0xCC93,0xCC93,0xCC8B,0xCC8B,0xCC8B,0xCC8B,0xCC8B,
0xCC8B,0xCC8B,0xCC8B,0xCC8B,0xAC8B,0xAC8B,0xAC8B,0xAB83,0x8B83,0x8B83,0x8C83,0x8C83,0x8C83,0x8C83,0xAC83,0x8C83,
0x8C83,0x8C83,0x8C83,0x6B83,0x6B83,0x6B7B,0x6B7B,0x6B7B,0x6B7B,0x4B7B,0x4B7B,0x2A7B,0x2A73,0x0A73,0xE96A,0xC96A,
0xA86A,0xA862,0xA862,0x8862,0x8862,0xA862,0x8862,0xA862,0xC96A,0xC96A,0x0A73,0x2A7B,0x4A83,0x6B83,0x6B8B,0x6B83,
0x6B83,0x6B8B,0x6B8B,0x8B8B,0x8B8B,0x8B8B,0x8B8B,0x8B8B,0x8B8B,0xAB8B,0xAB8B,0xAB8B,0xAB8B,0xAB8B,0xAB8B,0xAB8B,
0xAB8B,0xAB8B,0xAB8B,0xAB8B,0xAB8B,0xAB8B,0xAB93,0xAB93,0xAB8B,0xAC8B,0x2E9C,0xF1AC,0x94C5,0xB5C5,0xD6C5,0xD6C5,
0xB6C5,0xB6C5,0xD6C5,0xD6C5,0xF6C5,0xF6C5,0xD6C5,0xD6C5,0xD6C5,0xD6C5,0xD6C5,0xD6C5,0xD6C5,0xD6C5,0xD6C5,0xD6C5,
0xD6C5,0xF6C5,0xF6C5,0xF6C5,0xD6C5,0xD6C5,0xD6BD,0xB5BD,0x95B5,0x54B5,0x54B5,0x54B5,0x54B5,0x54B5,0x54B5,0x54B5,
0x74B5,0x74B5,0x74B5,0x74B5,0x74B5,0x94B5,0x95B5,0x74B5,0x54AD,0x33AD,0x33AD,0x33AD,0x33AD,0x33AD,0x33AD,0x33AD,
0x33AD,0x54AD,0x74B5,0x54AD,0x54AD,0x54AD,0x54AD,0x54AD,0x54AD,0x54AD,0x54AD,0x54AD,0x54AD,0x74B5,0x74B5,0x74B5,
0x74B5,0x74B5,0x54AD,0x54AD,0x54AD,0x54AD,0x54AD,0x54AD,0x53AD,0x53AD,0x53AD,0x54AD,0x54AD,0x54B5,0x34B5,0x34B5,
0x34B5,0x54B5,0x53B5,0x52B5,0x51BD,0x71C5,0xB1D5,0xB0DD,0x8FDD,0x6DDD,0x4BDD,0x0BD5,0xCACC,0x89C4,0x28BC,0xE7AB,
0xA7A3,0x66A3,0x679B,0x669B,0x679B,0x879B,0x879B,0x889B,0x889B,0x889B,0xA8A3,0xC9A3,0xC9A3,0xC9A3,0xA9A3,0xA9A3,
0xA9A3,0x889B,0x889B,0x889B,0x689B,0x689B,0x4793,0x4793,0x4793,0x2793,0x2793,0x2793,0x2793,0x2793,0x278B,0x278B,
0x278B,0x278B,0x278B,0x288B,0x288B,0x288B,0x488B,0x498B,0x698B,0x8A8B,0x8A93,0xAA93,0xAA93,0xAA8B,0xAA8B,0x8A8B,
0x8A8B,0x6A83,0x4A83,0x6A8B,0xAB8B,0xCC93,0xEC93,0xEC93,0xCC93,0xCC93,0xCC93,0xCC8B,0xCC8B,0xCC8B,0xAC8B,0xAC8B,
0xAC8B,0xAC8B,0xAC8B,0xAC8B,0xAC83,0xAC83,0xAC83,0x8B83,0x8B83,0x8B83,0x6B83,0x6B83,0x8C83,0x8C83,0x8C83,0x8C83,
0x8C83,0x6B83,0x6B83,0x6B7B,0x6B7B,0x6B7B,0x6B7B,0x6B7B,0x6B7B,0x4B7B,0x4B7B,0x2A73,0x2A73,0x0A73,0xE96A,0xC96A,
0xA862,0x8862,0x8862,0x8862,0x8862,0xA862,0x8862,0xA862,0xC96A,0xE96A,0x0A73,0x2A7B,0x4A7B,0x4A83,0x6B83,0x4A83,
0x6B83,0x6B83,0x6B8B,0x8B8B,0x8B8B,0x8B8B,0x8B8B,0x8B8B,0x8B8B,0xAB8B,0xAB8B,0xAB8B,0xAB8B,0xAB8B,0xAB8B,0xAB8B,
0xAB8B,0xAB8B,0xAB8B,0xAB8B,0xAB8B,0xAB8B,0xAB8B,0xAB8B,0xAB8B,0xAC8B,0x4E9C,0xF1AC,0x54BD,0x74BD,0x95BD,0x95BD,
0x95BD,0x95BD,0x95BD,0x95BD,0xB5BD,0xB5BD,0x95BD,0x95BD,0x95BD,0x95BD,0x74B5,0x74B5,0x74B5,0x74B5,0x74B5,0x75BD,
0x95BD,0x95BD,0xB5BD,0x95BD,0x95BD,0xB5BD,0xB5BD,0x95BD,0x74B5,0x54B5,0x54B5,0x54B5,0x54B5,0x54B5,0x54B5,0x54B5,
0x94B5,0x94B5,0x74B5,0x74B5,0x74B5,0x74B5,0x74B5,0x74B5,0x94B5,0x94B5,0x74B5,0x74B5,0x54AD,0x54AD,0x53AD,0x54AD,
0x54AD,0x74B5,0x74B5,0x54AD,0x54AD,0x54AD,0x54AD,0x54AD,0x53AD,0x33AD,0x33AD,0x53AD,0x54AD,0x53AD,0x53AD,0x54AD,
0x54AD,0x53AD,0x53AD,0x53AD,0x33AD,0x33AD,0x33AD,0x33AD,0x33AD,0x33AD,0x33AD,0x33AD,0x53AD,0x54B5,0x54B5,0x54B5,
0x54B5,0x54B5,0x53B5,0x52B5,0x52BD,0x91CD,0xB1DD,0xD0E5,0xAFE5,0x6DE5,0x4CDD,0x2BD5,0xEBD4,0x8AC4,0x49BC,0x08B4,
0xC8AB,0x87A3,0x87A3,0x679B,0x679B,0x4793,0x6793,0x6793,0x679B,0x679B,0x889B,0xA9A3,0xA9A3,0xC9A3,0xA9A3,0xA9A3,
0x889B,0x889B,0x889B,0x689B,0x689B,0x689B,0x4793,0x4793,0x4793,0x2793,0x2793,0x2793,0x2793,0x2793,0x2793,0x478B,
0x478B,0x278B,0x278B,0x288B,0x288B,0x488B,0x688B,0x698B,0x698B,0x698B,0x698B,0x8A8B,0x8A93,0x8A8B,0x8A8B,0x8A8B,
0x6A8B,0x4983,0x4A83,0x4A83,0x8B8B,0xAB8B,0xAC93,0xAC8B,0xAC8B,0xAC8B,0xAC8B,0xAC8B,0xAC8B,0xAC8B,0xAC83,0xAC83,
0xAC83,0xAC83,0xAC83,0xAC83,0xAC83,0xAC83,0xAC83,0x8B83,0x8B83,0x6B83,0x6B7B,0x6B7B,0x6B7B,0x6B83,0x6B83,0x6B83,
0x6B83,0x6B7B,0x6B7B,0x6B7B,0x6B7B,0x6B7B,0x6B7B,0x6B7B,0x4B7B,0x4B7B,0x4B7B,0x2A73,0x2A73,0x0A73,0xE96A,0xC96A,
0xA862,0x8862,0x8862,0x8862,0x8862,0xA862,0x8862,0xA862,0xC96A,0xE96A,0x2A73,0x4B7B,0x4A83,0x6B83,0x6B83,0x6B83,
0x6B83,0x6B83,0x6B8B,0x8B8B,0x8B8B,0x8B8B,0x8B8B,0x8B8B,0x8B8B,0xAB8B,0xAB8B,0xAB8B,0xAB8B,0xAB8B,0xAB8B,0xAB8B,
0xAB8B,0xAB8B,0xAB8B,0xAB8B,0xAB8B,0xAB8B,0xAB8B,0xAB8B,0x8B8B,0xAC8B,0x6F9C,0x12B5,0x74BD,0x95BD,0x95BD,0x95BD,
0x95BD,0x94BD,0x94BD,0x95BD,0x95BD,0x95BD,0x94BD,0x74BD,0x74B5,0x74B5,0x74B5,0x74B5,0x74B5,0x74B5,0x74B5,0x54B5,
0x54B5,0x74B5,0x74B5,0x54B5,0x54B5,0x54B5,0x54B5,0x54B5,0x53B5,0x53B5,0x53AD,0x54B5,0x54B5,0x54B5,0x54B5,0x54B5,
0x74B5,0x74B5,0x74B5,0x74B5,0x74B5,0x74B5,0x54AD,0x74B5,0x95B5,0xB5BD,0xB5BD,0xB5BD,0x95B5,0x94B5,0x74B5,0x74B5,
0x74B5,0x94B5,0x94B5,0x94B5,0x94B5,0x94B5,0x94B5,0x74B5,0x74B5,0x54AD,0x54AD,0x74B5,0x74B5,0x54AD,0x74B5,0x74B5,
0x74B5,0x74B5,0x54AD,0x54AD,0x54AD,0x54AD,0x54AD,0x54AD,0x53AD,0x53AD,0x53AD,0x54AD,0x74B5,0x95B5,0x75B5,0x95B5,
0x75B5,0x74B5,0x94BD,0xB4C5,0xD3CD,0xD2D5,0xD1DD,0xB0E5,0x8EE5,0x4DDD,0x2BDD,0x0BD5,0xCBCC,0x8AC4,0x49BC,0xE8B3,
0xA7AB,0x87A3,0x679B,0x269B,0x2693,0x068B,0x268B,0x268B,0x2693,0x2793,0x4793,0x889B,0xA9A3,0xC9A3,0xA9A3,0xA99B,
0xA99B,0x889B,0x889B,0x689B,0x6793,0x4793,0x4793,0x4793,0x4793,0x4793,0x4793,0x4793,0x2793,0x2793,0x4793,0x4893,
0x4893,0x4893,0x4893,0x6993,0x8993,0x8993,0x8993,0x8993,0x898B,0x6A8B,0x698B,0x6A8B,0x6A8B,0x8A8B,0x8A8B,0x8A8B,
0x6A83,0x4983,0x4A83,0x2A83,0x2A83,0x6B83,0x6B8B,0x6B83,0x6B83,0x6B83,0x6B83,0x8B83,0x8C83,0x8C83,0x8C83,0x8C83,
0x8C83,0x8C83,0xAC83,0xAC83,0x8C83,0x8C83,0x8B83,0x6B83,0x6B83,0x6B7B,0x6B7B,0x6B7B,0x6B7B,0x6B7B,0x6B7B,0x6B83,
0x6B7B,0x6B7B,0x4B7B,0x4B7B,0x4B7B,0x4B7B,0x4B7B,0x4B7B,0x4B7B,0x4B7B,0x4B7B,0x2A73,0x2A73,0x0A73,0xE96A,0xA86A,
0x8862,0x8862,0x8862,0x8862,0x8862,0xA862,0x8862,0xA862,0xE96A,0x0A73,0x4B7B,0x4B7B,0x4B83,0x6B83,0x6B83,0x6B83,
0x6B83,0x6B83,0x6B8B,0x6B8B,0x8B8B,0x8B8B,0x8B8B,0x8B8B,0x8B8B,0x8B8B,0x8B8B,0x8B8B,0x8B8B,0xAB8B,0xAB8B,0xAB8B,
0xAB8B,0xAB8B,0xAB8B,0xAB8B,0x8B8B,0x8A8B,0x8A8B,0xAB8B,0x8B8B,0xAB8B,0x4F9C,0x32B5,0xB5C5,0xD5C5,0xD5C5,0xD5C5,
0xD5C5,0xD5C5,0xD5C5,0xD5C5,0xD5C5,0xD5C5,0xB5BD,0xB5BD,0xB5BD,0xB5BD,0xB5BD,0xB5BD,0x95BD,0x95BD,0x95BD,0x95BD,
0x74B5,0x74B5,0x54B5,0x54B5,0x54B5,0x53B5,0x53B5,0x53AD,0x53B5,0x53B5,0x53B5,0x53B5,0x53B5,0x53B5,0x53B5,0x53B5,
0x95B5,0x94B5,0x94B5,0x74B5,0x74B5,0x74B5,0x95B5,0x95B5,0x95B5,0xB5BD,0xB5BD,0xB5BD,0xB5BD,0xB5BD,0x95B5,0x95B5,
0x95B5,0x95B5,0x94B5,0x94B5,0x94B5,0x94B5,0x94B5,0x95B5,0x74B5,0x74B5,0x74B5,0x74B5,0x74B5,0x95B5,0x74B5,0x74B5,
0x74B5,0x74B5,0x74B5,0x74B5,0x74B5,0x74B5,0x54AD,0x54AD,0x74B5,0x54AD,0x54AD,0x74B5,0x95B5,0xB5BD,0x95B5,0xB5BD,
0xB5BD,0xB5BD,0xD5C5,0xF4CD,0xF4D5,0xD2D5,0xD1DD,0x8FE5,0x6EDD,0x2CDD,0x0BD5,0xCBCC,0x8AC4,0x49BC,0x08B4,0xE8B3,
0xA7AB,0x87A3,0x679B,0x269B,0x2693,0x268B,0x268B,0x268B,0x2793,0x4793,0x4793,0x889B,0xA99B,0xA9A3,0xA9A3,0xA9A3,
0x899B,0x889B,0x889B,0x6793,0x4793,0x4793,0x2793,0x2793,0x2793,0x2793,0x2793,0x2793,0x2793,0x2793,0x4793,0x4893,
0x6893,0x6893,0x8993,0x899B,0xA99B,0x8993,0x8993,0x8993,0x898B,0x6A8B,0x698B,0x698B,0x6A8B,0x6983,0x8A8B,0x8A8B,
0x6A8B,0x4983,0x2983,0x097B,0x2A7B,0x4A83,0x6B83,0x4B83,0x4B83,0x6B83,0x6B83,0x6B83,0x6B83,0x6B83,0x8B83,0x8C83,
0x8C83,0x8C83,0x8C83,0x8C83,0x8B83,0x6B83,0x6B83,0x6B83,0x6B83,0x6B7B,0x6B7B,0x6B7B,0x6B7B,0x6B7B,0x6B7B,0x8C83,
0x6B83,0x6B7B,0x4B7B,0x4B7B,0x4B7B,0x4B7B,0x4B7B,0x4B7B,0x2A7B,0x2A73,0x2A73,0x2A73,0x2A73,0x0A73,0xE96A,0xA86A,
0x8862,0x675A,0x675A,0x8862,0x8862,0x8862,0xA862,0xC96A,0xE96A,0x2A73,0x4B7B,0x4B7B,0x4B83,0x6B83,0x6B83,0x6B83,
0x6B83,0x6B83,0x6B8B,0x6B8B,0x8B8B,0x8B8B,0x8B8B,0x8B8B,0x8B8B,0x8B8B,0x8B8B,0x8B8B,0x8B8B,0xAB8B,0xAB8B,0xAB8B,
0xAB8B,0xAB8B,0xAB8B,0xAB8B,0x8B83,0x8A83,0xAA8B,0xAB8B,0xAB8B,0xCC8B,0x6F9C,0x32B5,0xD5C5,0xF6C5,0xF6CD,0x16CE,
0x16CE,0x16CE,0x16CE,0x16CE,0x16CE,0xF6C5,0xF6C5,0xF6C5,0xF6C5,0xF6C5,0x17CE,0xF7CD,0xF6C5,0xF6C5,0xF6C5,0xF6C5,
0xD6C5,0xD6C5,0xD6C5,0xB6C5,0xB5C5,0xB5BD,0xD5BD,0xD5BD,0xD5BD,0xD5BD,0xD5BD,0x94BD,0x94BD,0x94BD,0x94BD,0x94BD,
0xB5BD,0xB5BD,0xB5BD,0xB5BD,0xB5BD,0xB5BD,0xB5BD,0xD5BD,0xD6BD,0xD6BD,0xD5BD,0xD5BD,0xD5BD,0xB5BD,0xB5BD,0xB5BD,
0x95B5,0x74B5,0x74B5,0x74B5,0x74B5,0x74B5,0x74B5,0x54AD,0x54AD,0x54AD,0x54AD,0x74B5,0x74B5,0x95B5,0x74B5,0x54AD,
0x54AD,0x54AD,0x53AD,0x53AD,0x53AD,0x54AD,0x54AD,0x54AD,0x74B5,0x74B5,0x74B5,0x74B5,0x95B5,0x95B5,0x95B5,0xB5BD,
0xB5BD,0xB5BD,0xF5C5,0xF4CD,0xD3CD,0xB2D5,0xB0DD,0x8FE5,0x6EE5,0x2CDD,0xEBD4,0xAACC,0x69C4,0x29BC,0x08B4,0xE8AB,
0xA8AB,0x87A3,0x679B,0x269B,0x2693,0x268B,0x268B,0x268B,0x2793,0x4793,0x4793,0x6893,0x899B,0xA9A3,0xCAA3,0xA9A3,
0xA99B,0x889B,0x889B,0x689B,0x4793,0x4793,0x2793,0x2793,0x2793,0x2793,0x2793,0x2793,0x2793,0x2793,0x4793,0x4893,
0x4893,0x6893,0x6993,0x8993,0x8993,0x6993,0x688B,0x698B,0x698B,0x698B,0x698B,0x698B,0x498B,0x4983,0x6A83,0x8A8B,
0x8A8B,0x6A83,0x4A83,0x2A83,0x0A7B,0x2A83,0x4B83,0x4B83,0x4B83,0x4B83,0x4B83,0x4B83,0x4B83,0x4B83,0x6B83,0x6B83,
0x6B83,0x6B7B,0x6B7B,0x6B7B,0x4B7B,0x4B7B,0x4B7B,0x4B7B,0x4B7B,0x4B7B,0x4B7B,0x4B7B,0x6B7B,0x6B7B,0x6B7B,0x6B7B,
0x6B7B,0x4B7B,0x4B7B,0x4B7B,0x4B7B,0x2A7B,0x2A73,0x2A73,0x2A73,0x0A73,0x0A73,0x0A73,0x0A73,0xE96A,0xC96A,0x8862,
0x675A,0x475A,0x675A,0x675A,0x8862,0x8862,0xA86A,0xC96A,0x0A73,0x2A73,0x4B7B,0x4B7B,0x6B83,0x6B83,0x6B8B,0x6B8B,
0x6B83,0x6B83,0x6B8B,0x6B8B,0x6B8B,0x8B8B,0x8B8B,0x8B8B,0x8B8B,0x8B8B,0x8B8B,0x8B8B,0x8B8B,0x8B8B,0x8B8B,0x8B8B,
0x8B8B,0x8B8B,0x8B8B,0xAB83,0xAB83,0x8A83,0xAA8B,0xAB8B,0xAB8B,0xEC8B,0x8FA4,0x73BD,0xF6C5,0x17CE,0x17CE,0x16CE,
0x16CE,0x16CE,0x16CE,0x16CE,0x16CE,0x16CE,0x16CE,0x16CE,0x16CE,0x16CE,0xF6CD,0xF7CD,0xF7CD,0xF7CD,0xF7CD,0xF7CD,
0xF7CD,0xF7CD,0xF7CD,0xF7CD,0xF6C5,0x16CE,0x16CE,0x16CE,0x16CE,0x16CE,0x16CE,0xF6C5,0xF6C5,0xF6C5,0xF6C5,0xF6C5,
0x95B5,0xB5BD,0xB5BD,0xB5BD,0xB5BD,0xB5BD,0xB5BD,0xB5BD,0xD6BD,0xD6BD,0xD5BD,0xB5BD,0xB5BD,0xD5BD,0xB5BD,0xB5BD,
0x95B5,0x95B5,0x95B5,0x95B5,0x95B5,0x95B5,0x95B5,0xB5BD,0x95B5,0x94B5,0x74B5,0x74B5,0x94B5,0x95B5,0x95B5,0x95B5,
0x74B5,0x74B5,0x54AD,0x53AD,0x54AD,0x54AD,0x54AD,0x54AD,0x74B5,0x54AD,0x54AD,0x54AD,0x74B5,0x94B5,0xB5BD,0xD5BD,
0xD5BD,0xD5BD,0xF5C5,0xF5CD,0xD3CD,0xD2D5,0xB0DD,0x8FE5,0x4DE5,0x0CD5,0xCACC,0x89C4,0x49BC,0x28B4,0xE8B3,0xE8AB,
0xA8AB,0x87A3,0x679B,0x269B,0x2693,0x268B,0x268B,0x278B,0x478B,0x478B,0x4793,0x4893,0x899B,0xA99B,0xCAA3,0xC9A3,
0xA9A3,0xA99B,0x889B,0x889B,0x689B,0x4793,0x4793,0x4793,0x4793,0x4793,0x4793,0x4793,0x4893,0x4793,0x2793,0x478B,
0x4893,0x4893,0x4893,0x4893,0x6893,0x488B,0x488B,0x488B,0x2883,0x2883,0x2883,0x2883,0x2983,0x4983,0x6983,0x8A8B,
0x8A8B,0x8A8B,0x6A8B,0x4A83,0x2A83,0x2A83,0x4A83,0x2B83,0x4B83,0x4B83,0x4B83,0x4B7B,0x2B7B,0x2B7B,0x4B7B,0x4B7B,
0x4B7B,0x2B7B,0x2B7B,0x2A7B,0x2A7B,0x2A7B,0x2A7B,0x2A7B,0x2A7B,0x2A7B,0x2A73,0x2A7B,0x4B7B,0x4B7B,0x4B7B,0x4B7B,
0x4B7B,0x2A73,0x2A73,0x2A73,0x2A73,0x2A73,0x0A73,0x0A73,0x0A73,0xE96A,0xE96A,0xE96A,0xE96A,0xC96A,0xA862,0x6762,
0x475A,0x475A,0x475A,0x675A,0x6762,0x8862,0xC96A,0xE96A,0x0A73,0x2A7B,0x4B7B,0x4B7B,0x6B83,0x6B83,0x6B8B,0x8B8B,
0x6B8B,0x6B8B,0x6B8B,0x6B8B,0x6B8B,0x6B83,0x6B83,0x6B8B,0x8B8B,0x8B8B,0x8B8B,0x8B8B,0x8B8B,0x8B8B,0x8B8B,0x8B8B,
0x8B8B,0x8B8B,0x8B8B,0xAB83,0xAB83,0x8A83,0xAA8B,0xAB8B,0xAB8B,0x0D94,0xD0A4,0x94BD,0x16CE,0x17CE,0x37CE,0x36CE,
0x36CE,0x36CE,0x36CE,0x36CE,0x16CE,0x16CE,0x16CE,0x16CE,0x16CE,0x16CE,0xF6CD,0x17CE,0x17CE,0x17CE,0x17CE,0xF7CD,
0xF6C5,0xF6C5,0xF6C5,0xF7CD,0xF6CD,0x16C6,0x16C6,0x16C6,0x16C6,0x16C6,0x16C6,0xF5C5,0xF5C5,0xF5C5,0xF5C5,0xF5C5,
0x74B5,0x74B5,0x74B5,0x74B5,0x74B5,0x94B5,0x95B5,0x95B5,0x95B5,0x95B5,0xB5BD,0xB5BD,0x95BD,0x95BD,0x95BD,0x95BD,
0x95BD,0x95B5,0x95B5,0x95B5,0x74B5,0x74B5,0x74B5,0x95BD,0x95BD,0x95BD,0x95B5,0x74B5,0x94B5,0xB5BD,0xB5BD,0xD6BD,
0xD6BD,0xB5BD,0x95BD,0x94B5,0x94B5,0x95BD,0x95BD,0xB5BD,0xB5BD,0xB5BD,0xB5BD,0xB5BD,0xB5BD,0xB5BD,0xB5BD,0xD5BD,
0xD5BD,0xD5BD,0xD6C5,0xD5C5,0xD4CD,0xD3D5,0xB1DD,0x6FDD,0x2DDD,0xCBD4,0x8AC4,0x29BC,0x08B4,0xE8B3,0xE8AB,0xC8AB,
0xA8A3,0x679B,0x479B,0x2693,0x068B,0x278B,0x278B,0x278B,0x2793,0x478B,0x278B,0x478B,0x6893,0x899B,0xC99B,0xEAA3,
0xCAA3,0xA99B,0xA99B,0x899B,0x689B,0x689B,0x689B,0x689B,0x689B,0x489B,0x4793,0x4793,0x6893,0x4893,0x4893,0x4893,
0x4893,0x4893,0x4893,0x4893,0x488B,0x488B,0x488B,0x288B,0x288B,0x488B,0x498B,0x498B,0x498B,0x6A8B,0x6A8B,0x6A8B,
0x6A8B,0x6A8B,0x6A8B,0x6A83,0x4A83,0x2A7B,0x2A7B,0x4B83,0x4B7B,0x4B7B,0x2B7B,0x2B7B,0x2B7B,0x2B7B,0x2A7B,0x2A7B,
0x2A7B,0x2A73,0x0A73,0x0A73,0x0973,0x0A73,0x0A73,0x0A73,0x0A73,0x0A73,0x2A73,0x2A73,0x2A73,0x2B73,0x2B73,0x2B73,
0x2A73,0x2A73,0x0A73,0x0A73,0x0A73,0x0A73,0x0A73,0x0A73,0xE96A,0xC96A,0xC96A,0xC96A,0xC96A,0xA862,0x6862,0x675A,
0x4752,0x2652,0x2652,0x475A,0x675A,0x8862,0xE96A,0x0A73,0x2A7B,0x4B7B,0x6B83,0x6B83,0x6B83,0x6B8B,0x6B8B,0x6B8B,
0x6B8B,0x6B8B,0x6B8B,0x6B8B,0x6B8B,0x6B8B,0x6B8B,0x8B8B,0x8A83,0x8A83,0x8A83,0x8A83,0x8A83,0x8B8B,0x8B8B,0x8B8B,
0x8B8B,0x8B8B,0x8A8B,0x8A8B,0x8A8B,0xAA8B,0xAB8B,0xAB8B,0xAB8B,0x2E94,0x12AD,0xB4C5,0xF6CD,0xF6C5,0x16CE,0x16CE,
0x16CE,0x16CE,0x17CE,0x37CE,0x16CE,0x16CE,0x16CE,0x16CE,0x16CE,0x16CE,0xF6C5,0xF7CD,0xF7CD,0x17CE,0x17CE,0xF7CD,
0xF6C5,0xF6C5,0xF6C5,0xF6C5,0xF6C5,0xF6C5,0xF6C5,0xF6C5,0xF6C5,0xF6C5,0xF6C5,0xF6C5,0xF6C5,0xF6C5,0xF6C5,0xF6C5,
0x54AD,0x54AD,0x54AD,0x54AD,0x54AD,0x74B5,0x74B5,0x54AD,0x54AD,0x54AD,0x74B5,0x74B5,0x54B5,0x54B5,0x54B5,0x54B5,
0x74B5,0x74B5,0x74B5,0x54B5,0x54B5,0x54B5,0x54AD,0x33AD,0x54B5,0x74B5,0x74B5,0x74B5,0x74B5,0x95B5,0x95BD,0x95BD,
0xB5BD,0x95BD,0xB5BD,0xB5BD,0xB5BD,0xB5BD,0xD5C5,0xD6C5,0x16C6,0x16CE,0xF6C5,0xF6C5,0xD5BD,0xB5BD,0xD5BD,0xD5BD,
0xD5BD,0xD6BD,0xD6C5,0xD5C5,0xB4CD,0xB3D5,0x91D5,0x2ED5,0xEDD4,0xABCC,0x6AC4,0x29B4,0xE8B3,0xE8AB,0xC8AB,0xA8A3,
0x879B,0x679B,0x4793,0x2693,0x068B,0x078B,0x278B,0x278B,0x278B,0x278B,0x278B,0x278B,0x488B,0x6893,0xA99B,0xCA9B,
0xEAA3,0xCAA3,0xCA9B,0xA99B,0xA99B,0x899B,0x889B,0x689B,0x689B,0x689B,0x689B,0x6893,0x6893,0x6893,0x6893,0x6893,
0x6893,0x6893,0x6893,0x6893,0x4893,0x4893,0x488B,0x488B,0x488B,0x488B,0x698B,0x698B,0x698B,0x698B,0x6A8B,0x698B,
0x4A83,0x4A83,0x6A83,0x4A83,0x2A83,0x2A7B,0x2A7B,0x2A7B,0x2A7B,0x2B7B,0x2A7B,0x0B73,0x0A73,0x0A73,0x0A73,0x0A73,
0x0A7B,0x0A73,0xE972,0xE96A,0xE96A,0xE96A,0xE96A,0xE96A,0xE96A,0x096B,0x0A73,0x0A73,0x2A73,0x2A73,0x2A73,0x2A73,
0x0A73,0x0A73,0x0A73,0x0A73,0x0A73,0x0A73,0x0A73,0xEA6A,0xE96A,0xC96A,0xC96A,0xA862,0x8862,0x685A,0x475A,0x475A,
0x2652,0x2652,0x2652,0x4752,0x885A,0xA862,0xEA72,0x2A7B,0x2A7B,0x4B83,0x6B83,0x6B83,0x6B8B,0x6B8B,0x6B8B,0x6B8B,
0x6B8B,0x6B8B,0x6B8B,0x6B8B,0x6B8B,0x6B8B,0x6B8B,0x6A83,0x8A83,0x8A83,0x8A83,0x8A83,0x8A83,0x8A8B,0x8A8B,0x8A8B,
0x8A8B,0x8A8B,0x8A8B,0x8A8B,0x8A8B,0x8B8B,0xAB8B,0xAB8B,0xCC8B,0x4E9C,0x52B5,0xB4BD,0xD5C5,0xD5C5,0xD5C5,0xD5C5,
0xF5C5,0xF6C5,0xF6C5,0x16CE,0xF6C5,0xF6C5,0xF6C5,0xF6C5,0xF6C5,0xF6C5,0xF6C5,0xF6C5,0xF6C5,0xF6C5,0xF6C5,0xF6C5,
0xD6C5,0xD6C5,0xD6C5,0xF6C5,0xF6C5,0xF6C5,0xF6C5,0xF6C5,0xF6C5,0xF6C5,0xF6C5,0xF6C5,0xF6C5,0xF6C5,0xF6C5,0xF6C5,
0x74B5,0x74B5,0x74B5,0x74B5,0x74B5,0x74B5,0x54AD,0x54AD,0x54AD,0x53AD,0x54AD,0x54AD,0x54AD,0x33AD,0x54AD,0x54B5,
0x54B5,0x54B5,0x54B5,0x54AD,0x54AD,0x33AD,0x33AD,0x33AD,0x33AD,0x33AD,0x54B5,0x54B5,0x54B5,0x74B5,0x74B5,0x74B5,
0x95B5,0x95B5,0x95BD,0x95BD,0x95BD,0xB5BD,0xD5BD,0xD6C5,0xF6C5,0xF6C5,0x16C6,0x16C6,0xF6C5,0xF6C5,0xF5C5,0xF6C5,
0xF6BD,0xD6BD,0xD6C5,0xD5C5,0xD4CD,0xB3D5,0x91D5,0x2FD5,0xEDCC,0x8BC4,0x49BC,0x08B4,0xC8AB,0xC8A3,0xA8A3,0x88A3,
0x679B,0x4793,0x2793,0x068B,0xE68A,0x078B,0x078B,0x078B,0x078B,0x078B,0x078B,0x078B,0x278B,0x6893,0xA993,0xCA9B,
0xEAA3,0xEAA3,0xCAA3,0xCA9B,0xA99B,0xA99B,0x899B,0x899B,0x899B,0x889B,0x689B,0x689B,0x8893,0x8893,0x8893,0x8893,
0x8893,0x8893,0x8893,0x8893,0x6893,0x6893,0x6893,0x4893,0x4893,0x6993,0x6993,0x6993,0x698B,0x698B,0x698B,0x498B,
0x4983,0x4983,0x4983,0x4A83,0x4A83,0x297B,0x2A7B,0x2A7B,0x2A7B,0x2A7B,0x0A73,0xEA72,0xEA72,0xE96A,0xEA72,0xEA72,
0xEA72,0xE972,0xE96A,0xC96A,0xC96A,0xC96A,0xC96A,0xC96A,0xC96A,0xE96A,0xE96A,0xE96A,0x0A6B,0x0A6B,0x0A6B,0x0A6B,
0xE96A,0xE96A,0xE96A,0xE96A,0xE96A,0xE96A,0xE96A,0xE96A,0xC96A,0xA862,0xA862,0xA862,0x8862,0x675A,0x475A,0x4752,
0x2752,0x2652,0x2652,0x4752,0xA862,0xC96A,0x0A73,0x2A7B,0x4A7B,0x4B83,0x6B83,0x6B83,0x6B8B,0x6B8B,0x6B8B,0x6B8B,
0x6B8B,0x6B8B,0x6A83,0x6A83,0x6A83,0x6A83,0x6A83,0x6A83,0x6A83,0x6A83,0x6A83,0x6A83,0x6A83,0x8A8B,0x8A8B,0x8A8B,
0x8A8B,0x8A8B,0x8A8B,0x8A8B,0x8A8B,0x8B8B,0xAB8B,0xAB8B,0xCC8B,0x8F9C,0x73BD,0xB4BD,0xB4BD,0xB4BD,0xD5BD,0xD5C5,
0xD5C5,0xD5C5,0xD6C5,0xF6C5,0xD6C5,0xD6C5,0xD6C5,0xD6C5,0xD6C5,0xD6C5,0xF6C5,0xF6C5,0xF6C5,0xD6C5,0xD6C5,0xD6C5,
0xD6C5,0xD6C5,0xD6C5,0xD6C5,0xF6C5,0xF6C5,0xF6C5,0xF6C5,0xF6C5,0xF6C5,0xF6C5,0xF6C5,0xF6C5,0xF6C5,0xF6C5,0xF6C5,
0x54AD,0x74B5,0x74B5,0x74B5,0x74B5,0x74B5,0x74B5,0x54AD,0x54AD,0x54AD,0x74B5,0x54B5,0x54B5,0x54B5,0x54B5,0x74B5,
0x74B5,0x74B5,0x74B5,0x54B5,0x54B5,0x54AD,0x54AD,0x74B5,0x54B5,0x54AD,0x33AD,0x54AD,0x54B5,0x54B5,0x54AD,0x54AD,
0x54B5,0x74B5,0x94B5,0x95BD,0x95BD,0xB5BD,0xD5BD,0xD6C5,0xF6C5,0xF6C5,0xD6C5,0xD6C5,0xF6C5,0xF6C5,0x16C6,0x16C6,
0xF6C5,0xF6C5,0xF6C5,0xD5C5,0xB4C5,0xB3CD,0x71CD,0x2FCD,0xCDC4,0x6BBC,0x2AB4,0xE9AB,0xC8A3,0xA8A3,0x879B,0x679B,
0x4793,0x2793,0x2793,0x068B,0xE68A,0xE682,0xE782,0xE782,0xE782,0x0783,0xE782,0x0783,0x278B,0x488B,0x8993,0xA99B,
0xEAA3,0xEBA3,0xEAA3,0xEAA3,0xEAA3,0xCAA3,0xA9A3,0xA9A3,0xA99B,0xA99B,0x899B,0x899B,0xA99B,0xA99B,0xA99B,0xA99B,
0xA99B,0xA99B,0x899B,0x899B,0x899B,0x8893,0x6893,0x6893,0x6993,0x6993,0x6993,0x6993,0x6993,0x698B,0x6A8B,0x6A8B,
0x6A8B,0x6A8B,0x6A8B,0x6A8B,0x6A83,0x4A83,0x297B,0x097B,0x0973,0x0A73,0x0A73,0xEA72,0xE972,0xE96A,0xE972,0xE972,
0xE972,0xE96A,0xC96A,0xC96A,0xC96A,0xC962,0xC962,0xA862,0xA862,0xA862,0xA962,0xC962,0xC96A,0xC96A,0xC96A,0xC96A,
0xC962,0xC962,0xC962,0xC962,0xC96A,0xC96A,0xC962,0xC962,0xA962,0x8862,0x885A,0x885A,0x685A,0x675A,0x475A,0x4752,
0x2752,0x2752,0x2652,0x4752,0xA862,0xE96A,0x2A7B,0x4A7B,0x4A7B,0x6B83,0x6B83,0x8B8B,0x8B8B,0x6A8B,0x6A8B,0x6A8B,
0x6A8B,0x6A8B,0x6A83,0x6A83,0x6A83,0x6A83,0x6A83,0x6A83,0x6A83,0x6A83,0x6A83,0x6A83,0x6A83,0x8A8B,0x8A8B,0x8A8B,
0x8A8B,0x8A8B,0x8A8B,0x8A8B,0x8A8B,0x8B8B,0xAB8B,0xAB8B,0xCC8B,0x8FA4,0x93BD,0xD5C5,0xD5C5,0xD5C5,0xD5C5,0xD5C5,
0xD5C5,0xF6C5,0xF6C5,0xF6C5,0xF6C5,0xF6C5,0xF6C5,0xF6C5,0xF6C5,0xF6C5,0xF6C5,0xF6C5,0xF6C5,0xF6C5,0xF6C5,0xF6C5,
0xF6C5,0xF6C5,0xF6C5,0xF6C5,0xF6C5,0xF6C5,0xF6C5,0xF6C5,0xF6C5,0xF6C5,0xF6C5,0x16C6,0x16C6,0x16C6,0x16C6,0x16C6,
0x74B5,0x74B5,0x54AD,0x54AD,0x74B5,0x74B5,0x74B5,0x54AD,0x54AD,0x54AD,0x54AD,0x54B5,0x54B5,0x54B5,0x74B5,0x74B5,
0x95BD,0x74B5,0x74B5,0x74B5,0x74B5,0x74B5,0x74B5,0x74B5,0x74B5,0x54B5,0x54B5,0x74B5,0x74B5,0x54B5,0x54B5,0x54B5,
0x74B5,0x74B5,0x94B5,0x94BD,0x95BD,0xB5BD,0xD5BD,0xD6C5,0xF6C5,0xD6C5,0xD5C5,0xD6C5,0xF6C5,0x16C6,0xF6C5,0x16C6,
0x16C6,0x16C6,0x16CE,0xF6CD,0xD5CD,0xD4CD,0x92CD,0x50C5,0xEEBC,0x6CB4,0x2AAC,0xE9A3,0xC8A3,0xA89B,0x689B,0x689B,
0x4793,0x2793,0x078B,0xE68A,0xC682,0xC682,0xC682,0xE682,0xE782,0xE782,0xE782,0x0783,0x278B,0x488B,0x8993,0xAA9B,
0xEA9B,0xEBA3,0xEAA3,0xCAA3,0xCA9B,0xCAA3,0xCAA3,0xC9A3,0xA9A3,0xA99B,0xA99B,0x899B,0xA99B,0xA99B,0xA99B,0xA99B,
0xA99B,0xA99B,0xA99B,0xA99B,0x899B,0x899B,0x899B,0x699B,0x6993,0x6993,0x6993,0x6993,0x8993,0x8A93,0x8A93,0x8A93,
0x8A93,0x8A8B,0x8A8B,0x8A8B,0x6A83,0x4A83,0x297B,0x097B,0x0973,0x0973,0xEA72,0x0A73,0x0A73,0x0A73,0xEA72,0xEA72,
0xEA72,0xE96A,0xE96A,0xC96A,0xC96A,0xC962,0xC962,0xC962,0xC962,0xA862,0xA962,0xA962,0xC962,0xC962,0xC962,0xA962,
0xA962,0xA962,0xA962,0xC962,0xC962,0xC962,0xC962,0xA962,0xA962,0x885A,0x885A,0x685A,0x685A,0x475A,0x4752,0x4752,
0x2752,0x2752,0x4752,0x685A,0xC962,0x0A73,0x2A7B,0x4A7B,0x4A7B,0x6B83,0x8B83,0x8B8B,0x8A8B,0x6A8B,0x6A8B,0x6A8B,
0x4A8B,0x4A8B,0x4A83,0x4A83,0x4A83,0x4A8B,0x6A8B,0x6A83,0x6A83,0x6983,0x6983,0x6A83,0x6A83,0x6A83,0x6A83,0x6A8B,
0x6A8B,0x6A8B,0x6A8B,0x8A8B,0x8A8B,0xAB8B,0xAB8B,0xAB8B,0xCC8B,0x8F9C,0x94BD,0xF5C5,0xD5C5,0xF5C5,0xF5C5,0xF5C5,
0xF5C5,0xF6C5,0xF6C5,0xF6C5,0xF6C5,0xF6C5,0xF6C5,0xF6C5,0xF6C5,0xF6C5,0xF6C5,0xF6C5,0xF6C5,0xF6C5,0xF6C5,0xF6C5,
0xF6C5,0xF6C5,0xF6C5,0xF6C5,0xF6C5,0xF6C5,0x16C6,0xF6C5,0xF6C5,0xF6C5,0xF6C5,0x16C6,0x16C6,0x16C6,0xF6C5,0xF6C5,
0xD6BD,0xD5BD,0xB5BD,0xB5BD,0xD6BD,0xD6BD,0xB5BD,0xB5BD,0x95B5,0x95B5,0x95B5,0x74B5,0x74B5,0x95B5,0x95BD,0xB5BD,
0xB5BD,0x95B5,0x74B5,0x74B5,0x95B5,0x95B5,0x95BD,0x95BD,0x95B5,0x95B5,0x95B5,0x74B5,0x74B5,0x74B5,0x74B5,0x74B5,
0x74B5,0x74B5,0x94B5,0x95BD,0x95BD,0xB5BD,0xB5BD,0xB5BD,0xB5BD,0xB5BD,0xB5BD,0xB5BD,0xD5BD,0xD5BD,0xF6C5,0x16C6,
0x16C6,0x16C6,0x16CE,0x16CE,0xD5CD,0xB4CD,0xB3CD,0x71C5,0xEFB4,0x8CB4,0x2AAC,0xC9A3,0xA99B,0xA99B,0x6893,0x6893,
0x2793,0x078B,0xE68A,0xC682,0xA582,0xC67A,0xC682,0xC682,0xC682,0xC67A,0xE682,0x0783,0x2783,0x288B,0x688B,0xA993,
0xCA9B,0xEBA3,0xEBA3,0xCA9B,0xCA9B,0xEAA3,0xCAA3,0xCAA3,0xCA9B,0xA9A3,0xA99B,0xA99B,0x899B,0x899B,0x899B,0x899B,
0x899B,0xA9A3,0xA9A3,0xA9A3,0x899B,0x899B,0x899B,0x899B,0x899B,0x899B,0x899B,0x899B,0x8993,0xAA93,0xAA93,0xAA93,
0x8A93,0x8A93,0x8A8B,0x8A8B,0x6A83,0x4A83,0x297B,0x297B,0x0973,0xE972,0xE972,0xE96A,0xE96A,0xE972,0xEA72,0xEA6A,
0xEA6A,0xE96A,0xE96A,0xE96A,0xC962,0xC962,0xC962,0xA862,0xA862,0xA962,0xA962,0xA962,0xC962,0xC962,0xC962,0xA962,
0xA962,0xA962,0xC962,0xC962,0xC962,0xA962,0xA962,0x885A,0x885A,0x885A,0x685A,0x685A,0x4752,0x4752,0x4752,0x4752,
0x4752,0x4752,0x4852,0x885A,0xC96A,0x0A73,0x2A7B,0x2A7B,0x4A7B,0x6A83,0x6A83,0x8A83,0x6A8B,0x6A8B,0x6A8B,0x6A8B,
0x498B,0x4983,0x2983,0x2983,0x2983,0x498B,0x4A8B,0x6A8B,0x6983,0x4983,0x4983,0x4983,0x6983,0x4983,0x4983,0x6983,
0x6983,0x6983,0x6983,0x6A8B,0x8A8B,0x8B8B,0x8B8B,0xAB8B,0xCC8B,0x4E94,0x53B5,0xD5C5,0xD5C5,0xF5C5,0xF5C5,0xD5C5,
0xD5C5,0xD5C5,0xD5C5,0xD5C5,0xD5C5,0xB6C5,0xB6C5,0xB5BD,0xB5BD,0xB5BD,0xB5BD,0xB5BD,0xB5BD,0x95BD,0x95BD,0x95BD,
0x95BD,0x95BD,0xB5BD,0xB5BD,0xB5BD,0xD5BD,0xD5BD,0xD5BD,0xD6C5,0xD6C5,0xF6C5,0xD6C5,0xD6C5,0xD6C5,0xD6C5,0xD6C5,
0xD5BD,0xD6BD,0xF6C5,0xF6C5,0x17C6,0x16C6,0xF6C5,0xF6C5,0xD6BD,0xD6BD,0xF6C5,0xD6C5,0xD6C5,0xD6C5,0xD6C5,0xD6C5,
0xF6C5,0xB5BD,0xB5BD,0xB5BD,0xB5BD,0xB5BD,0xB5BD,0xB5BD,0xB5BD,0xB5BD,0xB5BD,0xB5BD,0xB5BD,0xB5BD,0xB5BD,0x95BD,
0x95BD,0x95B5,0x94BD,0x95BD,0xB5BD,0x95BD,0x94BD,0x74B5,0x74B5,0x74B5,0x74B5,0x94B5,0x95BD,0xB5BD,0xD5BD,0xD5BD,
0xF5BD,0xF6C5,0xF6C5,0xD6C5,0xD5C5,0xD4CD,0xD4CD,0x93C5,0x10B5,0x8DAC,0x0BA4,0xCA9B,0xA99B,0x8993,0x6893,0x4893,
0x278B,0xE68A,0xE682,0xA582,0x857A,0xA67A,0xA67A,0xC67A,0xC67A,0xC67A,0xE67A,0x0783,0x0783,0x2783,0x2883,0x698B,
0xAA9B,0xCA9B,0xCA9B,0xCA9B,0xCA9B,0xEBA3,0xEBA3,0xEAA3,0xEAA3,0xEAA3,0xCAA3,0xCAA3,0xAAA3,0xAAA3,0xAAA3,0xAAA3,
0xAAA3,0xCAA3,0xCAA3,0xAAA3,0xA9A3,0xA9A3,0xA9A3,0xA99B,0xA99B,0xA99B,0xAA9B,0xAA9B,0xAA9B,0xCA9B,0xAA9B,0xAA93,
0x8A93,0x8A93,0x8A8B,0x8A8B,0x6A8B,0x6A83,0x497B,0x297B,0x0973,0xE972,0xE972,0xC96A,0xC96A,0xC96A,0xC96A,0xC96A,
0xC96A,0xC96A,0xE96A,0xC96A,0xC962,0xC962,0xC962,0xA85A,0xA85A,0xA85A,0xA95A,0xA962,0xA962,0xA962,0xA962,0xA962,
0xA962,0xA962,0xA962,0xA962,0xA962,0x885A,0x885A,0x885A,0x885A,0x685A,0x685A,0x4752,0x4752,0x4752,0x4752,0x4752,
0x2752,0x4852,0x4852,0x885A,0xC96A,0x0A73,0x2A73,0x2A7B,0x4A7B,0x4A83,0x6A83,0x6A83,0x6A8B,0x498B,0x498B,0x4983,
0x4983,0x2983,0x2983,0x2883,0x0883,0x2983,0x2983,0x2983,0x2983,0x2983,0x2983,0x4983,0x4983,0x4983,0x4983,0x4983,
0x4983,0x4983,0x4983,0x6983,0x8A8B,0x8A8B,0x8B83,0xAB8B,0xEC8B,0x8F9C,0x73BD,0xB4BD,0xB4BD,0xD5BD,0xB5BD,0xB5BD,
0xB5BD,0xB5BD,0xB5BD,0xB5BD,0x74B5,0x74B5,0x74B5,0x74B5,0x74B5,0x74B5,0x54B5,0x54B5,0x54B5,0x54B5,0x54B5,0x54B5,
0x54B5,0x54B5,0x54B5,0x54B5,0x54B5,0x54B5,0x54B5,0x54B5,0x54B5,0x74B5,0x74B5,0x74B5,0x74B5,0x74B5,0x74B5,0x74B5,
0x95B5,0x95B5,0xB5BD,0xD5BD,0xF6C5,0xD6BD,0xB5BD,0xB5BD,0xB5BD,0xD5BD,0xD6BD,0xD6BD,0xB5BD,0xB5BD,0xB5BD,0xB5BD,
0xB5BD,0xB5BD,0xB5BD,0xB5BD,0xB5BD,0xB5BD,0xB5BD,0xB5BD,0xB5BD,0xB5BD,0xB5BD,0xB5BD,0xB5BD,0xB5BD,0xB5BD,0xB5BD,
0x95BD,0x95BD,0x95BD,0x95BD,0x95BD,0x95BD,0x94B5,0x74B5,0x74B5,0x74B5,0x74B5,0x74B5,0x94BD,0xB5BD,0xB4B5,0xB5B5,
0xB5BD,0xD5BD,0xB5C5,0xD5C5,0xD5C5,0xB4C5,0xD4C5,0xB4C5,0x52BD,0xCEB4,0x2BA4,0xCA9B,0x8993,0x6893,0x488B,0x278B,
0x0783,0xE682,0xC682,0xA57A,0x857A,0xA67A,0xA67A,0xA67A,0xA67A,0xA67A,0xC67A,0xE77A,0xE77A,0xE77A,0x077B,0x2783,
0x698B,0xAA93,0xEB9B,0xEBA3,0xEBA3,0xEBA3,0xEBA3,0xEBA3,0xEAA3,0xEAA3,0xEAA3,0xEAA3,0xCAA3,0xCAA3,0xCAA3,0xCAA3,
0xCAA3,0xCAA3,0xCAA3,0xCAA3,0xCAA3,0xCAA3,0xCAA3,0xCAA3,0xCAA3,0xCAA3,0xCAA3,0xCAA3,0xCAA3,0xCB9B,0xCB9B,0xCB9B,
0xAA93,0xAA93,0xAA8B,0x8A8B,0x8A8B,0x6A83,0x6A83,0x4A7B,0x4A7B,0x297B,0x0973,0xE972,0xE972,0xE96A,0xC96A,0xC96A,
0xC96A,0xC96A,0xC96A,0xC96A,0xC962,0xC962,0xA962,0xA85A,0x885A,0x885A,0x885A,0x895A,0x895A,0x895A,0x895A,0x895A,
0x895A,0x895A,0x895A,0x895A,0x885A,0x885A,0x885A,0x685A,0x685A,0x685A,0x6852,0x4852,0x4852,0x4852,0x4752,0x4752,
0x4852,0x4852,0x4852,0x885A,0xC96A,0x0A73,0x0A73,0x2A73,0x297B,0x4A7B,0x6A83,0x6A83,0x4983,0x4983,0x2983,0x2983,
0x2983,0x2883,0x0883,0x0883,0xE87A,0xE87A,0xE87A,0x087B,0x087B,0x287B,0x2883,0x2983,0x2883,0x2883,0x2983,0x4983,
0x4983,0x4983,0x4983,0x6983,0x6A83,0x8A8B,0xAB8B,0xCC8B,0x4E9C,0x73BD,0x36D6,0x16CE,0xD5C5,0x94BD,0x94BD,0x94BD,
0x94BD,0x94BD,0x94BD,0x94BD,0x54B5,0x54B5,0x54B5,0x54B5,0x54B5,0x54B5,0x54B5,0x54B5,0x74B5,0x74B5,0x74B5,0x74B5,
0x54B5,0x54B5,0x74B5,0x74B5,0x74B5,0x74B5,0x74B5,0x74B5,0x74B5,0x74B5,0x74B5,0x95BD,0x74B5,0x74B5,0x74B5,0x74B5,
0x95B5,0x95B5,0x95B5,0xB5BD,0xD6BD,0xD6BD,0xB5BD,0xB5BD,0xB5BD,0xD5BD,0xD6BD,0xD6C5,0xD6C5,0xD6C5,0xD6BD,0xB5BD,
0xB5BD,0xB5BD,0xB5BD,0xB5BD,0xB5BD,0xB5BD,0xB5BD,0x74B5,0x74B5,0x95BD,0xB5BD,0xB5BD,0x95BD,0x95BD,0x95BD,0xB5BD,
0xB5BD,0xB5BD,0xB5BD,0xB5BD,0x95BD,0x94BD,0x94BD,0x95BD,0xB5BD,0x95BD,0x94BD,0x94B5,0x74B5,0x74B5,0x94B5,0x94B5,
0x94BD,0xB5BD,0xB5BD,0xD5C5,0xD5C5,0xB5C5,0xD5C5,0xD4C5,0x93BD,0xF0B4,0x4DA4,0xAA93,0x698B,0x498B,0x288B,0xE782,
0xC782,0xC682,0xA682,0xA582,0x857A,0x867A,0x8672,0x8672,0xA67A,0xA67A,0xA67A,0xC67A,0xA67A,0xA672,0xA672,0xC67A,
0x0883,0x8993,0xEB9B,0x0BA4,0x0BA4,0x0BA4,0xEBA3,0xEAA3,0xEAA3,0xEAA3,0xEAA3,0xEAA3,0xEAA3,0xEAA3,0xEAA3,0xEAA3,
0xCAA3,0xCAA3,0xCAA3,0xCAA3,0xCAA3,0xCAA3,0xCAA3,0xEAA3,0xEAA3,0xEAA3,0xEAA3,0xEAA3,0xEAA3,0xCA9B,0xCB9B,0xCB9B,
0xCA9B,0xAA93,0xAA93,0xAA8B,0x8A8B,0x6A83,0x6A83,0x4A83,0x4A7B,0x4A7B,0x2A7B,0x0973,0x0973,0x0973,0xEA72,0xEA6A,
0xEA6A,0xCA6A,0xC96A,0xC962,0xC962,0xA962,0xA962,0x895A,0x885A,0x885A,0x685A,0x885A,0x885A,0x885A,0x895A,0x895A,
0x895A,0x885A,0x885A,0x885A,0x685A,0x885A,0x885A,0x885A,0x685A,0x685A,0x685A,0x6852,0x6852,0x6852,0x4852,0x4852,
0x4852,0x4852,0x4852,0x885A,0xC96A,0x0A73,0x0A73,0x0973,0x297B,0x497B,0x4983,0x6983,0x4983,0x2883,0x2883,0x2883,
0x2883,0x0883,0x0883,0x087B,0xE77A,0xC77A,0xC77A,0xE77A,0xE87A,0x0883,0x2883,0x2883,0x2883,0x4983,0x4983,0x6983,
0x698B,0x698B,0x4983,0x4983,0x6983,0x6A83,0x8A83,0xAB8B,0x8FA4,0x56D6,0x19EF,0xD8E6,0x77D6,0x16CE,0xB4BD,0x74BD,
0x74B5,0x74B5,0x74B5,0x74B5,0x74B5,0x74B5,0x74B5,0x54B5,0x54B5,0x74B5,0xB5BD,0xB5BD,0xB5BD,0xB5BD,0xB5BD,0xB5BD,
0xB5BD,0xB5BD,0xB5BD,0xB5BD,0xB5BD,0xD6BD,0xD6BD,0xD6BD,0xD6C5,0xD6C5,0xF6C5,0xD6C5,0xB5BD,0xB5BD,0xB5BD,0x95BD,
0xD6BD,0xF6C5,0xF6C5,0xF6C5,0xF6C5,0xF6C5,0xD6BD,0xD6BD,0xD6BD,0xD6BD,0xF6C5,0xD6C5,0xD6C5,0xD6C5,0xF6C5,0xF6C5,
0xD6C5,0xD6C5,0xD6C5,0xD6C5,0xD6C5,0xD6C5,0xF6C5,0xD6C5,0xD5BD,0xD6C5,0xF6C5,0xD6C5,0x95BD,0x94BD,0xB5BD,0xB5BD,
0x95BD,0x95BD,0x95BD,0x95BD,0x95BD,0x95BD,0x95BD,0x95BD,0x95BD,0x95BD,0x95BD,0x95BD,0x74BD,0x54B5,0x54B5,0x74B5,
0x74B5,0x74B5,0x74B5,0x94BD,0x95BD,0x95BD,0xB5BD,0xD5C5,0xB5C5,0x32BD,0x8FAC,0xCC93,0x6A8B,0x4A8B,0x298B,0xE882,
0xC782,0xC682,0xA682,0x8682,0x867A,0x8672,0x8672,0x8672,0x8672,0x8672,0x8672,0x8672,0x8672,0x8572,0x8572,0xC67A,
0x0783,0x8A93,0x0BA4,0x2CAC,0x2BAC,0x2BAC,0x0BA4,0x0AA4,0x0AA4,0x0AA4,0x0AA4,0xEAA3,0x0AA4,0xEAA3,0xEAA3,0xEAA3,
0xEAA3,0xEAA3,0xEAA3,0xEAAB,0xEAAB,0xEAAB,0xEAAB,0xEAA3,0xEAA3,0xEAA3,0xEAA3,0xEAA3,0xEA9B,0xCA9B,0xEA9B,0xEA9B,
0xEA9B,0xAA93,0xAA93,0xAB93,0xAB8B,0x8B8B,0x8A8B,0x8B83,0x6A83,0x4A83,0x2A7B,0x2A7B,0x0A7B,0x0A73,0x0A73,0x0A73,
0xEA72,0xC96A,0xC96A,0xA962,0x8862,0x885A,0x885A,0x685A,0x685A,0x6852,0x4852,0x4852,0x6852,0x6852,0x6852,0x895A,
0x895A,0x885A,0x885A,0x685A,0x685A,0x685A,0x6852,0x6852,0x6852,0x6852,0x6852,0x4852,0x4852,0x4852,0x4852,0x4852,
0x4752,0x484A,0x6852,0xA85A,0xE96A,0x0A73,0x2A7B,0x297B,0x297B,0x497B,0x4983,0x6983,0x4883,0x4883,0x4883,0x2883,
0x2883,0x2883,0x0883,0x077B,0xE77A,0xC77A,0xC77A,0xE77A,0x087B,0x0883,0x2883,0x4983,0x6A8B,0x698B,0x6A8B,0x8A8B,
0x8A8B,0x8A8B,0x6A8B,0x698B,0x6983,0x6983,0x6983,0xAB8B,0xAFA4,0x97DE,0x7BF7,0x5AF7,0x5AEF,0xF9E6,0x57D6,0xB5C5,
0x74B5,0x54B5,0x53B5,0x74B5,0x74B5,0x74B5,0x74B5,0x75B5,0x75B5,0x95B5,0xB5BD,0xD6C5,0xD6C5,0xD5C5,0xD6C5,0xF6C5,
0xF6C5,0xF6C5,0xF6C5,0xF6C5,0xF6C5,0xD6C5,0xD6C5,0xF6C5,0xD6C5,0xD6C5,0xD6BD,0xB5BD,0xB5BD,0xB5BD,0x95BD,0x95BD,
0xD6BD,0xF6C5,0x17C6,0x17C6,0xF6C5,0xF6C5,0x17C6,0x17C6,0x17C6,0xF6C5,0xF6C5,0xF6C5,0xF6C5,0xF6C5,0xF6C5,0xF6C5,
0xF6C5,0xF6C5,0xF6C5,0xF6C5,0x17C6,0x17CE,0x17CE,0xF6C5,0xF6C5,0xF6C5,0x16C6,0xF6C5,0xD5C5,0xD5BD,0xF6C5,0xD6C5,
0xB5BD,0xB5BD,0xB5BD,0xB5BD,0xB5BD,0xB5BD,0xB5BD,0xB5BD,0xB5BD,0x95BD,0x95BD,0x95BD,0x74B5,0x53B5,0x74B5,0x74B5,
0x74B5,0x74B5,0x74B5,0x74B5,0x33AD,0x33AD,0x54B5,0x74B5,0x94BD,0x53BD,0x12BD,0x6FA4,0xAB8B,0x4A83,0x2983,0xC87A,
0xC77A,0xA67A,0xA67A,0x867A,0x867A,0x6672,0x6672,0x666A,0x6672,0x6672,0x6672,0x8672,0x6572,0x656A,0x8572,0xA67A,
0x0883,0x8A93,0x0CA4,0x2CA4,0x0BA4,0x0BA4,0x0AA4,0x0AA4,0x0AA4,0x0AA4,0x0AA4,0x0AA4,0x0AA4,0x0AA4,0x0AAC,0x0AAC,
0x0AAC,0x0AAC,0x0AAC,0x0AAC,0xEAAB,0xEAAB,0xEAAB,0xEAA3,0xEAA3,0x0AA4,0xEAA3,0xEAA3,0xEAA3,0xEA9B,0xEA9B,0xEA9B,
0xCA9B,0xCA9B,0xCA93,0xCB93,0xAB93,0xAB8B,0x8B8B,0x8B8B,0x6B83,0x4A83,0x4A7B,0x2A7B,0x2A7B,0x2A7B,0x0A73,0x0A73,
0x0A73,0xEA72,0xC96A,0xC96A,0x885A,0x685A,0x685A,0x4852,0x4752,0x4752,0x4852,0x4752,0x4852,0x4852,0x6852,0x885A,
0x895A,0x885A,0x885A,0x685A,0x685A,0x6852,0x6852,0x6852,0x6852,0x6852,0x6852,0x4852,0x4852,0x4852,0x4852,0x4852,
0x484A,0x684A,0x6852,0xA95A,0xE96A,0x0A73,0x2A7B,0x297B,0x297B,0x497B,0x4983,0x6983,0x4983,0x4883,0x4883,0x2883,
0x2883,0x2883,0x0883,0xE87A,0xE77A,0xE77A,0xE77A,0xE87A,0x0883,0x2983,0x4983,0x6A8B,0xAA93,0xAB93,0xCB93,0xEC9B,
0xEB93,0xCB93,0xAA8B,0x8A8B,0x6A8B,0x6A83,0x6A83,0x8A83,0x8FA4,0x97DE,0x7BFF,0x5AF7,0x7BF7,0x5BF7,0x1AEF,0x78DE,
0xF6CD,0xB5BD,0x94BD,0xB5BD,0xB5BD,0xB5BD,0xB5BD,0xB5BD,0xB5BD,0xB5BD,0xF6C5,0xF6C5,0xF6C5,0xF6C5,0xF6C5,0xF6C5,
0xF6C5,0xF6C5,0xF6C5,0xF6C5,0xF6C5,0xD6C5,0xD6C5,0xD6BD,0xB5BD,0x95BD,0x95BD,0xB5BD,0x95BD,0x95BD,0x95BD,0x74B5,
0xB5BD,0xB5BD,0xB5BD,0xD6BD,0xD6BD,0xF6C5,0xF6C5,0x16C6,0xF6C5,0xF6C5,0xD6BD,0xB5BD,0xD6BD,0xD6C5,0xD6C5,0xD6C5,
0xD6C5,0xD6C5,0xD6C5,0xD6C5,0xD6C5,0xD6C5,0xB5BD,0xD5BD,0xF6C5,0xF6C5,0xF6C5,0xF6C5,0x16C6,0x16CE,0x17CE,0xF6C5,
0xD5C5,0xB5BD,0xB5BD,0xB5BD,0xB5BD,0xB5BD,0xB5BD,0xB5BD,0xB5BD,0xB5BD,0xB5BD,0xB5BD,0x95BD,0x74B5,0x54B5,0x74B5,
0x74B5,0x74B5,0x94BD,0x74B5,0x54B5,0x33AD,0x13AD,0x13AD,0xF2AC,0xF2AC,0x12B5,0xD0AC,0xED93,0x4A7B,0xE872,0xC872,
0xA772,0x866A,0x8672,0x6672,0x666A,0x466A,0x466A,0x466A,0x466A,0x466A,0x466A,0x456A,0x456A,0x2562,0x456A,0x656A,
0xC77A,0x6A8B,0xEC9B,0x0CA4,0xEB9B,0xEB9B,0xEBA3,0x0AA4,0x0AA4,0x0AA4,0x2AA4,0x2AA4,0x2BAC,0x2BAC,0x4BAC,0x4BAC,
0x4BAC,0x2BAC,0x2BAC,0x2BAC,0x2BAC,0x0BAC,0x0AAC,0x2BAC,0x2BAC,0x2BAC,0x2BA4,0x0AA4,0x0BA4,0x2BA4,0x2BA4,0x0BA4,
0xEB9B,0xEA9B,0xEB9B,0xCB93,0xCB93,0xAB93,0xAB8B,0xAB8B,0x8B83,0x6B83,0x4B83,0x4A7B,0x2A7B,0x2A7B,0x2A7B,0x2A73,
0x0A73,0x0A73,0xEA6A,0xC96A,0xA962,0x8862,0x685A,0x4852,0x4752,0x4752,0x4852,0x4852,0x4852,0x4852,0x6852,0x885A,
0x895A,0x895A,0x885A,0x685A,0x685A,0x6852,0x6852,0x4852,0x4852,0x4852,0x4852,0x4852,0x4852,0x4852,0x4852,0x4852,
0x4852,0x6852,0x6852,0xA962,0xE96A,0x0A73,0x2A7B,0x297B,0x297B,0x4983,0x4983,0x6983,0x4983,0x4883,0x4883,0x2883,
0x2883,0x2883,0x0883,0x0883,0xE87A,0xE882,0xE882,0x0883,0x2883,0x498B,0x8A8B,0xCB93,0x0C9C,0x2DA4,0x4DA4,0x6EAC,
0x6DA4,0x4DA4,0x2C9C,0xEB93,0xAA8B,0x8A8B,0x6A83,0x6A83,0x0D94,0xF4CD,0x7BFF,0x9BFF,0x9BFF,0x7BF7,0x5BF7,0x1AEF,
0xB8E6,0x37D6,0xB5C5,0xB5C5,0xD5C5,0xD5C5,0xD6C5,0xF6C5,0x16C6,0x16C6,0xF6C5,0x16CE,0xF6C5,0xD6C5,0xD5C5,0xD5C5,
0xB5BD,0xB5BD,0xB5BD,0xB5BD,0xB5BD,0xB5BD,0xD6BD,0xD6BD,0xB5BD,0xB5BD,0x95BD,0x95BD,0x95B5,0x74B5,0x74B5,0x74B5,
0xB5BD,0xB5BD,0xB5BD,0xB5BD,0x95B5,0x94B5,0x94B5,0x95B5,0x95B5,0x94B5,0x74AD,0x54B5,0x74B5,0x74B5,0x74B5,0x74B5,
0x74B5,0x74B5,0x95B5,0x95BD,0xB5BD,0x95BD,0x95BD,0xB5BD,0xF6C5,0xF6C5,0xF6C5,0xF6C5,0xF6C5,0xF6C5,0x16CE,0x16C6,
0xF6C5,0xF6C5,0xD6C5,0xD6C5,0xD6C5,0xD6C5,0xD6C5,0xD6C5,0xB5BD,0x95BD,0xB5BD,0xB5BD,0xB5BD,0x95BD,0x74B5,0x74B5,
0x74B5,0x74B5,0x74B5,0x74B5,0x74B5,0x54B5,0x54B5,0x33AD,0x13AD,0xF2AC,0x12AD,0xB0A4,0x0E94,0xAC83,0x4A7B,0xE872,
0xA76A,0x6662,0x6662,0x4662,0x4662,0x255A,0x255A,0x055A,0x255A,0x255A,0x055A,0x055A,0x055A,0x055A,0x2562,0x666A,
0xA772,0x4A83,0xEC9B,0x0C9C,0xEB9B,0xCB9B,0xEB9B,0xEAA3,0x0AA4,0x0AA4,0x2AA4,0x2BAC,0x4BAC,0x4BAC,0x4BB4,0x6CB4,
0x6CB4,0x6CB4,0x6CB4,0x6CB4,0x6CB4,0x6CB4,0x6CB4,0x6CB4,0x6CB4,0x8CB4,0x8CB4,0x8CB4,0x8DB4,0x8DB4,0x8DAC,0x8DAC,
0x6CAC,0x2BA4,0x0B9C,0xEC93,0xCC93,0xCB93,0xAB93,0xAB8B,0x8B8B,0x6B83,0x6B83,0x4B7B,0x4B7B,0x4B7B,0x2A7B,0x2A73,
0x0A73,0xEA72,0xE96A,0xC96A,0xC962,0x8962,0x685A,0x4752,0x2752,0x4752,0x274A,0x274A,0x2752,0x4752,0x4852,0x6852,
0x6852,0x6852,0x4852,0x4852,0x4852,0x4752,0x4752,0x4752,0x2752,0x2752,0x2752,0x4852,0x4852,0x4852,0x4852,0x4852,
0x4852,0x6852,0x685A,0xA962,0xE96A,0x0A7B,0x2A7B,0x297B,0x2983,0x4983,0x4983,0x6983,0x4983,0x2983,0x2983,0x2983,
0x2983,0x2983,0x2983,0x2883,0x0883,0x0883,0x0883,0x0883,0x2983,0x8A8B,0xCB9B,0x2DA4,0x6EAC,0xCFB4,0xF0B4,0x10BD,
0x10BD,0xF0BC,0xEFB4,0x8EAC,0x4DA4,0x0C9C,0xCB8B,0xAB8B,0x8B83,0xF1AC,0x19F7,0x7BFF,0x9BFF,0x9BFF,0x7BFF,0x3BF7,
0x1AEF,0x98DE,0x16CE,0x16CE,0xD5C5,0xD5C5,0xD5C5,0xD5C5,0xF6C5,0xD6C5,0xD5BD,0xD6C5,0xD5C5,0xB5BD,0xD5C5,0xB5BD,
0xB5BD,0xB5BD,0xD5BD,0xD6C5,0xD6C5,0xD6C5,0xD6C5,0xD6BD,0xB5BD,0x95BD,0x95B5,0x95B5,0x74B5,0x54B5,0x54B5,0x74B5,
0xB5BD,0x95B5,0x95B5,0x74B5,0x74B5,0x74B5,0x74B5,0x94B5,0x94B5,0x74B5,0x74B5,0x54AD,0x54B5,0x74B5,0x74B5,0x74B5,
0x74B5,0x95B5,0x95BD,0x95BD,0x95B5,0x75B5,0x74B5,0x94BD,0xB5BD,0xB5BD,0x95BD,0x74B5,0x74B5,0x94BD,0x94B5,0x94BD,
0xB5BD,0xD5C5,0xD6C5,0xD5C5,0xB5BD,0xB5BD,0xB5BD,0xB5C5,0xD5C5,0xB5BD,0x95BD,0xB5BD,0xB5BD,0xB5BD,0x95BD,0x95BD,
0x95BD,0x95BD,0x95BD,0x95BD,0x74BD,0x74B5,0x74B5,0x54B5,0x53B5,0x33AD,0x32AD,0xF1A4,0xB09C,0x4F94,0xED8B,0x8C83,
0x2A73,0xA862,0x8762,0x465A,0x0552,0xE551,0x0552,0xE551,0xC551,0xC449,0xC449,0xE451,0xE551,0x055A,0x255A,0x465A,
0x6662,0xC872,0x6B83,0xAB8B,0xCB93,0xEB9B,0x0B9C,0xEB9B,0xEA9B,0x0BA4,0x2BAC,0x4BAC,0x6CB4,0x6CB4,0x8CB4,0x8CBC,
0xCDBC,0xCDBC,0xADBC,0xADBC,0xCDBC,0xCDBC,0xCDBC,0x0EC5,0x2FC5,0x70CD,0x91D5,0x91D5,0x91CD,0x70C5,0x50C5,0x2FBD,
0xEEB4,0x6DA4,0x2C9C,0x0C9C,0xCB93,0xCB93,0xCC93,0xCC93,0x8B8B,0x8B83,0x4B83,0x4B7B,0x4B7B,0x4B7B,0x2B7B,0x2A73,
0x0A73,0x0A73,0xEA6A,0xC96A,0xC962,0xA962,0x685A,0x2752,0x0752,0x074A,0x074A,0x274A,0x274A,0x274A,0x274A,0x4752,
0x4852,0x4752,0x4752,0x4752,0x4752,0x274A,0x274A,0x074A,0x074A,0x274A,0x274A,0x274A,0x2752,0x4852,0x4852,0x4852,
0x4752,0x4852,0x685A,0x8862,0xC96A,0xEA72,0x0A7B,0x097B,0x2983,0x2983,0x4983,0x4983,0x2983,0x2983,0x2983,0x2983,
0x4983,0x4983,0x4983,0x4983,0x2983,0x2983,0x298B,0x2983,0x2983,0x8A93,0x0DA4,0xAFB4,0x10C5,0x31C5,0x51C5,0x72C5,
0x72CD,0x72C5,0x72C5,0x51C5,0xF0B4,0x8EAC,0x0D9C,0xCC8B,0x8B83,0x2E94,0x77DE,0x7BFF,0x7BFF,0x9CFF,0x7BFF,0x5BFF,
0x5AFF,0x1AF7,0xF9EE,0xD9EE,0x98DE,0x77DE,0x36D6,0xF5CD,0xD5C5,0xD5C5,0xD5C5,0xB5BD,0xD5C5,0xD5BD,0xD5BD,0xD5BD,
0xD5BD,0xD6C5,0xD6C5,0xD6C5,0xD6C5,0xD6BD,0xB5BD,0xB5BD,0x95BD,0x74B5,0x74B5,0x74B5,0x54B5,0x54B5,0x74B5,0x95BD,
0xB5BD,0x95B5,0x94B5,0x74B5,0x74B5,0x74B5,0x74B5,0x95B5,0x95B5,0x95B5,0x74B5,0x54B5,0x54B5,0x74B5,0x95B5,0x95BD,
0x95BD,0x95BD,0x95BD,0x95BD,0x95BD,0x95B5,0x95B5,0x95BD,0xB5BD,0xB5BD,0xB5BD,0xB5BD,0xD5BD,0xD5C5,0xB5BD,0x95BD,
0x94BD,0x95BD,0x95BD,0x94BD,0x74B5,0x74B5,0x74BD,0x95BD,0xD5C5,0xB5BD,0xB5BD,0xB5BD,0xB5C5,0xB5BD,0xB5BD,0xB5BD,
0xB5BD,0x95BD,0x95BD,0x94BD,0x74BD,0x74B5,0x74B5,0x74B5,0x74B5,0x74B5,0x74B5,0x53B5,0x33AD,0xD1A4,0x909C,0x2F94,
0xED8B,0x8C7B,0x4B73,0xE96A,0x8862,0x275A,0x0652,0xC549,0xA441,0x8441,0x6341,0x8441,0xA449,0xC449,0xC449,0xA449,
0xA449,0x0652,0x6762,0xE972,0x6A83,0xCC93,0xEC9B,0xEB9B,0xEB9B,0x0BA4,0x4BAC,0x6CB4,0xADBC,0xEDC4,0x0EC5,0x0EC5,
0xEEC4,0xEEC4,0xEDBC,0xCDBC,0xEDBC,0x0EC5,0x2FCD,0x90D5,0xD2D5,0x12DE,0x13DE,0x13DE,0xF2D5,0xF2D5,0xD2D5,0xB1CD,
0x30BD,0xAEAC,0x4C9C,0x0C9C,0xEC9B,0xEC93,0xCC93,0xAB8B,0x8B83,0x6B83,0x4A83,0x2A7B,0x2A7B,0x4A7B,0x2B7B,0x2A73,
0x0A73,0x0A73,0xEA6A,0xC96A,0xA962,0x8962,0x685A,0x2752,0x074A,0x074A,0x074A,0x074A,0x274A,0x274A,0x274A,0x274A,
0x274A,0x274A,0x274A,0x274A,0x274A,0x074A,0x074A,0x064A,0xE649,0x064A,0x074A,0x074A,0x274A,0x274A,0x2752,0x2752,
0x4752,0x4852,0x4852,0x8862,0xC96A,0x0A7B,0x2A7B,0x2983,0x2983,0x2983,0x4983,0x4983,0x2983,0x2983,0x4983,0x2983,
0x4983,0x4983,0x498B,0x498B,0x498B,0x498B,0x298B,0x2983,0x4A8B,0xCC9B,0x8FB4,0x52CD,0xB3D5,0xD3D5,0xF4D5,0xF4DD,
0xF4DD,0xF4D5,0xD4D5,0xD4D5,0x92CD,0x11BD,0x8FAC,0x2D9C,0x0D94,0xCC8B,0x31B5,0x19F7,0x3AF7,0x5AFF,0x5AFF,0x5AFF,
0x5AFF,0x3AFF,0x3AF7,0x39F7,0x3AF7,0x1AF7,0xF9EE,0xB8E6,0x77DE,0x37D6,0xF6C5,0x95BD,0xB5BD,0xD6C5,0xB5BD,0xB5BD,
0xD5C5,0xB5BD,0xB5BD,0xB5BD,0xB5BD,0x95BD,0x74B5,0x74B5,0x74B5,0x74B5,0x95B5,0x95B5,0x95B5,0x95BD,0xB5BD,0xD6C5,
0x74B5,0x54AD,0x54AD,0x54AD,0x54AD,0x54AD,0x74B5,0x54AD,0x53AD,0x54AD,0x74AD,0x74B5,0x54B5,0x74B5,0x74B5,0x74B5,
0x74B5,0x74B5,0x74B5,0x74B5,0x74B5,0x74B5,0x74B5,0x95BD,0x95BD,0x95BD,0xB5BD,0xD5C5,0xF6C5,0xD6C5,0xD5C5,0xB5BD,
0xB5BD,0xB5BD,0x95BD,0x95BD,0x95BD,0x95BD,0xB5BD,0xD5C5,0xB5BD,0x95BD,0x95BD,0x95BD,0xB5BD,0x95BD,0xB5BD,0x95BD,
0x95BD,0x74BD,0x74B5,0x74B5,0x74BD,0x94BD,0x94BD,0x95BD,0x95BD,0x94BD,0x74B5,0x54B5,0x53B5,0x12AD,0xD2A4,0x919C,
0x709C,0x4F94,0x0E8C,0xAC83,0x4B73,0x0A6B,0xA962,0x475A,0x0652,0xC549,0xA441,0x8441,0x6439,0x6339,0x4339,0x4339,
0x2331,0x4339,0x6441,0xE551,0xC86A,0x8B8B,0xAB8B,0xCB93,0x0B9C,0x2CAC,0x8DB4,0xCEBC,0x0ECD,0x2ECD,0x0EC5,0xEEC4,
0xEEC4,0x2EC5,0x4FCD,0x6FCD,0x90D5,0xB0D5,0xD1D5,0x12DE,0x33DE,0x53E6,0x53E6,0x33DE,0x33DE,0x13DE,0x13D6,0xF2D5,
0xB1CD,0x2FBD,0xCFB4,0x8EAC,0x4DA4,0x4DA4,0xEC9B,0xCC93,0x8B8B,0x6B83,0x4A83,0x2A7B,0x2A7B,0x2A7B,0x2B7B,0x2A73,
0x0A73,0x0A73,0xEA6A,0xC96A,0xA962,0x885A,0x4752,0x0752,0x074A,0x074A,0x074A,0x074A,0x064A,0x064A,0x064A,0x064A,
0x074A,0x074A,0x074A,0x074A,0x074A,0xE649,0xE649,0xE641,0xE641,0xC641,0xC641,0xC641,0xE641,0xE641,0x064A,0x074A,
0x274A,0x274A,0x4752,0x685A,0xC96A,0x0A7B,0x2A83,0x2A83,0x2983,0x2983,0x4983,0x4983,0x2983,0x2983,0x2983,0x2983,
0x2983,0x2983,0x498B,0x498B,0x6A8B,0x6A8B,0x298B,0x2983,0x6B8B,0x0DA4,0xF0BC,0xB3D5,0x15DE,0x35E6,0x35E6,0x55E6,
0x55E6,0x35DE,0x15DE,0xF4D5,0xD3D5,0x52C5,0xF0B4,0x8FAC,0x6FA4,0x0D94,0x4E9C,0xF5D5,0x5AFF,0x5AFF,0x19F7,0x39F7,
0x39FF,0x39F7,0x39F7,0x19F7,0x19F7,0x39F7,0x39F7,0xF9EE,0xB8E6,0x98DE,0x16CE,0x95BD,0xB5BD,0xD6C5,0xD5BD,0xB5BD,
0x95BD,0x74B5,0x74B5,0x74B5,0x74B5,0x74B5,0x74B5,0x74B5,0x74B5,0x95BD,0xB5BD,0xB5BD,0xB5BD,0xD6C5,0xD6C5,0xF6C5,
0xB5BD,0x95B5,0x94B5,0x74B5,0x74B5,0x74B5,0x94B5,0x95B5,0x95B5,0x95B5,0x95B5,0x95BD,0x95BD,0x74B5,0x74B5,0x33AD,
0x33AD,0x54AD,0x54B5,0x54B5,0x54B5,0x74B5,0x74B5,0x54B5,0x74B5,0x74B5,0x74B5,0x95BD,0xB5BD,0x95BD,0x95BD,0x95BD,
0x95BD,0x95BD,0x95BD,0x94BD,0x94BD,0x95BD,0xB5BD,0xD6C5,0xB5BD,0x95BD,0x74BD,0x95BD,0x95BD,0x95BD,0xB5BD,0xB5BD,
0xB5BD,0x95BD,0x95BD,0x95BD,0x95BD,0x95BD,0x95BD,0x95BD,0x95BD,0x95BD,0x74B5,0x54B5,0x54B5,0x33B5,0x13AD,0xF2AC,
0xF2AC,0xD2A4,0x919C,0x5094,0x0F94,0xCE83,0x8C7B,0x4B73,0x0B73,0xC962,0x685A,0x2752,0x064A,0xC541,0xA441,0xA441,
0x6439,0x4439,0x6439,0xA441,0x6762,0x097B,0x8A8B,0xCB93,0x0BA4,0x4CAC,0xADB4,0xEEC4,0xEEC4,0x0EC5,0x0ECD,0x2FCD,
0x90D5,0xB0D5,0xD1DD,0x12DE,0x32E6,0x53E6,0x53E6,0x53E6,0x54E6,0x74E6,0x95EE,0x95EE,0x95EE,0x75E6,0x74E6,0x74E6,
0x54DE,0x13D6,0xF3D5,0x71C5,0xF0B4,0xAFB4,0x0D9C,0xAC8B,0xCC93,0xAC8B,0x8B83,0x4B83,0x4A7B,0x4A7B,0x2B7B,0x2A73,
0x0A73,0x0A73,0xEA6A,0xC96A,0xA962,0x685A,0x2752,0x074A,0x064A,0x064A,0xE649,0xE649,0xE641,0xE641,0xE641,0xC641,
0xC641,0xC641,0xC641,0xC641,0xC641,0xC541,0xC641,0xC541,0xA539,0x8539,0x8539,0x8539,0x8539,0xA539,0xC641,0xE641,
0x064A,0x274A,0x485A,0xA962,0xEA72,0x0A7B,0x2A83,0x2A83,0x2983,0x2983,0x2983,0x2983,0x4983,0x4983,0x4983,0x4983,
0x4983,0x4A8B,0x6A8B,0x6A8B,0xAB93,0xAB93,0x4A8B,0x0983,0x4A8B,0x0DA4,0x11BD,0xB3D5,0x15DE,0x35E6,0x56E6,0x76E6,
0x76E6,0x76E6,0x56E6,0x56E6,0x15DE,0xB3CD,0x31BD,0xD0AC,0xAFAC,0x8FAC,0x8FAC,0xD0AC,0x35DE,0xF8F6,0xD8F6,0xF8F6,
0x18F7,0x39F7,0x39F7,0x39F7,0x59FF,0x5AFF,0x5AFF,0x3AF7,0x19F7,0xF9EE,0x78D6,0xF6C5,0xB5BD,0x74B5,0x74B5,0x94BD,
0x95BD,0xB5BD,0xB5BD,0xB5BD,0xB5BD,0xD6C5,0xD6C5,0xD6C5,0xD6C5,0xF6C5,0xF6C5,0xF6C5,0xF6C5,0xF6C5,0xF6C5,0xF6C5,
0x17C6,0x17C6,0x16C6,0xF6C5,0xF6C5,0xF6C5,0xF6C5,0xF6C5,0x17C6,0x17C6,0xF6C5,0xD6BD,0xD6C5,0xD6BD,0x74B5,0x33AD,
0x13AD,0x74B5,0x74B5,0x74B5,0x54B5,0x54B5,0x54B5,0x54B5,0x54B5,0x74B5,0x74B5,0x74B5,0x74B5,0x95BD,0x95BD,0x95BD,
0x95BD,0x95BD,0x94B5,0x74B5,0x94BD,0x95BD,0xB5BD,0xD5C5,0xD5C5,0xB5BD,0xB5BD,0xD5C5,0xD6C5,0xB5BD,0xD5C5,0xB5BD,
0xD5BD,0xD6C5,0xD5C5,0xB5BD,0xB5BD,0xB5BD,0xB5BD,0xB5BD,0x95BD,0x95BD,0x74BD,0x74B5,0x74BD,0x74B5,0x54B5,0x54B5,
0x54B5,0x33B5,0x12AD,0xD2A4,0xB19C,0x7094,0x2F8C,0xEE8B,0xCE83,0x8C7B,0x2B73,0x0A6B,0xC962,0x885A,0x4752,0x274A,
0x064A,0xE649,0xC549,0xE549,0x475A,0xE86A,0xAB8B,0xEB93,0x0CA4,0x6CAC,0xCEBC,0x2FC5,0x4FCD,0x70CD,0x90D5,0xB1D5,
0xF2DD,0x12E6,0x33E6,0x33E6,0x54E6,0x74EE,0x95EE,0xB5EE,0xB5EE,0xD6EE,0xD6F6,0xD6EE,0xD6EE,0xD6EE,0xD6EE,0xD6EE,
0xB6EE,0xB6E6,0xB6E6,0x96E6,0x14D6,0x92C5,0xD0AC,0x2D9C,0xEC93,0xCC8B,0xAC8B,0x8B83,0x6B83,0x4B7B,0x2B7B,0x0A73,
0x0A73,0x0A73,0xEA6A,0xC96A,0xA962,0x885A,0x2752,0x064A,0x064A,0x064A,0xE649,0xE641,0xE641,0xE641,0xE641,0xA539,
0xA539,0xA539,0xA539,0xA539,0xA539,0x8539,0xA539,0x8539,0x8539,0x6431,0x4431,0x6431,0x4431,0x6431,0x8539,0xC641,
0xE641,0x2752,0x8862,0xEA6A,0x4B7B,0x4B83,0x4A83,0x2A83,0x2983,0x2983,0x2983,0x2983,0x4983,0x698B,0x6A8B,0x6A8B,
0x6A8B,0x8A8B,0x8A93,0xAB93,0xCB93,0xAB93,0x6A8B,0x6A8B,0xAC93,0x6EAC,0x52C5,0xD4D5,0xF4D5,0x15DE,0x35DE,0x56DE,
0x56E6,0x76E6,0x76E6,0x56DE,0x36DE,0xD4D5,0x52BD,0xD0B4,0xB0AC,0xF1B4,0x11B5,0xB0AC,0x32BD,0x56DE,0x77E6,0xB7EE,
0xF8F6,0x19F7,0x39FF,0x3AFF,0x5AFF,0x7AFF,0x7BFF,0x7BFF,0x7BFF,0x5BF7,0x3BEF,0xB9DE,0x37CE,0xD5C5,0xB5BD,0xB5BD,
0xD6C5,0xF6C5,0xF6C5,0xF6C5,0xF6C5,0xF6C5,0xF7C5,0xF7C5,0xF7C5,0xF6C5,0xF6C5,0xF6C5,0xF6C5,0xF6C5,0xF6C5,0xD6C5,
0x37CE,0x37CE,0x17C6,0x17C6,0x17C6,0xF6C5,0xF6C5,0xF6C5,0xF6C5,0xF6C5,0xF6C5,0xD6BD,0xF6C5,0x37CE,0xF6C5,0xB5BD,
0x95B5,0x74B5,0x74B5,0x74B5,0x74B5,0x54AD,0x54AD,0x54B5,0x54AD,0x54B5,0x74B5,0x74B5,0x74B5,0x74B5,0x74B5,0x74B5,
0x74B5,0x54B5,0x54B5,0x74B5,0x74B5,0x95BD,0x95BD,0xB5BD,0xD5BD,0xD5C5,0xD5C5,0xD6C5,0xD6C5,0xD6C5,0xB5BD,0xB5BD,
0xD5C5,0xF6C5,0xD6C5,0xB5BD,0xB5BD,0xB5BD,0xB5BD,0xB5BD,0xB5BD,0xB5BD,0x95BD,0x95BD,0x95BD,0x95BD,0x74BD,0x74BD,
0x74B5,0x54B5,0x33AD,0x33AD,0x13AD,0xF2A4,0xB19C,0x709C,0x4F94,0xEE83,0x8D7B,0x4C73,0x0A6B,0xA95A,0x6852,0x4852,
0x2752,0x2652,0x2652,0x4752,0xA862,0x0973,0x8B83,0xEC93,0x2CA4,0xADB4,0x0FC5,0x70D5,0xD1DD,0xF2DD,0x13E6,0x33E6,
0x33E6,0x54E6,0x74EE,0x95EE,0x95EE,0xB6F6,0xD6F6,0xD6F6,0xD6F6,0xD7F6,0xD7EE,0xD7EE,0xD7EE,0xF7EE,0xD7EE,0xD7EE,
0xD7EE,0xD7EE,0xD7EE,0xB7E6,0x96E6,0x35DE,0xF4D5,0x72C5,0xD0AC,0x2D94,0xAC8B,0xAB83,0x8B83,0x2A7B,0x2A7B,0x2A73,
0x0A73,0x0A73,0xEA6A,0xC962,0xA962,0x885A,0x2752,0x064A,0x0642,0xE641,0xC641,0xC641,0xC541,0xC541,0xC541,0xA539,
0x8539,0x8539,0x8539,0x8539,0x8539,0x6539,0x6531,0x6431,0x4431,0x2329,0x0329,0x0329,0x0329,0xE328,0x0329,0x4431,
0xA541,0x4752,0xC962,0x2A73,0x6B7B,0x6B83,0x4A83,0x4A83,0x2983,0x2983,0x298B,0x4983,0x4983,0x6A8B,0x8A8B,0x8A93,
0xAB93,0xAB93,0xCB9B,0xCC93,0xAB93,0x8B8B,0x6A8B,0x8B8B,0x0D9C,0xD0B4,0x72C5,0xD4D5,0x15DE,0x35DE,0x36DE,0x36DE,
0x56DE,0x56DE,0x56DE,0x15D6,0x15D6,0xD4CD,0x32BD,0xB0AC,0x6FA4,0xD0AC,0xF1B4,0xB0AC,0x11B5,0xB4CD,0xF5D5,0x56DE,
0xB8EE,0xD8EE,0x19F7,0x3AFF,0x5BFF,0x7BFF,0x7BFF,0x7BFF,0x5BFF,0x7BFF,0x9CFF,0x7CF7,0x1AEF,0xB9DE,0x57D6,0x17CE,
0xF6CD,0xF6CD,0xF7CD,0xF7CD,0xF7CD,0x17CE,0x17CE,0xF7C5,0xF7C5,0xF7C5,0xF7C5,0xF6C5,0xF6C5,0xF6C5,0xD6C5,0xD6C5,
0xD6BD,0xF6C5,0xF6C5,0x16C6,0x17C6,0x17C6,0x16C6,0x17C6,0x17C6,0x16C6,0xD6BD,0xD5BD,0xF6C5,0x17C6,0x17C6,0xF6C5,
0xD6BD,0xF6C5,0xF6C5,0xD6BD,0xB5BD,0xB5BD,0xB5BD,0xB5BD,0x74B5,0x54B5,0x74B5,0x95BD,0x95BD,0x95BD,0x74B5,0x74B5,
0x74B5,0x74B5,0x74B5,0x74B5,0x74B5,0x94BD,0x95BD,0x95BD,0x94BD,0xB5BD,0xB5BD,0x94BD,0x94BD,0xB5BD,0x95BD,0xD5BD,
0xD6C5,0xD5C5,0xF6C5,0xD6C5,0xB5BD,0xB5BD,0xB5BD,0xB5BD,0xD5BD,0xB5BD,0xB5BD,0xB5BD,0xB5C5,0xB5BD,0xB5BD,0xB5BD,
0x94BD,0x74B5,0x54B5,0x54B5,0x54B5,0x53B5,0x13AD,0xD2A4,0x919C,0x2F8C,0xAD83,0x6C7B,0x2B6B,0xCA62,0x895A,0x885A,
0x675A,0x675A,0x675A,0x885A,0xC862,0xE96A,0x8B83,0x0C94,0x6DAC,0xADB4,0x0FC5,0x70D5,0xD1DD,0xF2DD,0x33E6,0x53E6,
0x54E6,0x74EE,0x74EE,0x95EE,0x95EE,0xB5EE,0xB6F6,0xD6F6,0xD6F6,0xD7F6,0xD7EE,0xD7EE,0xD7EE,0xD7EE,0xD7EE,0xD7EE,
0xD7EE,0xD7EE,0xD7EE,0xD7EE,0xB7E6,0x96E6,0x96E6,0x35DE,0x93C5,0xD0AC,0x0D94,0xCC8B,0xAB83,0x6B83,0x4B7B,0x2B7B,
0x2A73,0x0A73,0xE96A,0xA962,0xA962,0x885A,0x274A,0xE641,0xC541,0xA539,0x8539,0x8539,0x8539,0x8539,0x8439,0x6431,
0x6431,0x6431,0x6431,0x4431,0x4431,0x2329,0x0329,0x0329,0xC220,0xA220,0xA118,0xA118,0xA220,0xC220,0xE220,0x0329,
0x8439,0x4752,0xC96A,0x2A73,0x4B7B,0x6B83,0x4A83,0x4A83,0x4A83,0x4A8B,0x6A8B,0x6A8B,0x6A8B,0x8A93,0xAB93,0xCB93,
0xEC9B,0x0D9C,0x2DA4,0x0D9C,0xAB93,0x4A8B,0x4A8B,0x6B8B,0xEC9B,0x8FAC,0x11BD,0x93CD,0x15DE,0x36DE,0x16DE,0x16DE,
0x16DE,0x16D6,0x16D6,0xF5D5,0xF5D5,0xD4CD,0x32B5,0x6F9C,0x2E94,0x4F9C,0x8FA4,0x90A4,0xF1B4,0x73C5,0x94C5,0xF5D5,
0x57DE,0xB8E6,0xF9F6,0x1AF7,0x1AF7,0x3AF7,0x3AF7,0x3AF7,0x1AF7,0x1AEF,0x3BEF,0x3BEF,0x1AEF,0xB9DE,0x58D6,0xF6C5,
0xB5BD,0x95BD,0x95BD,0x95BD,0xB5BD,0xB5BD,0xB5BD,0x95BD,0x95BD,0x95BD,0x95BD,0x95BD,0x95BD,0x95BD,0x95B5,0x95B5,
0x95B5,0xB5BD,0xD6BD,0xF6C5,0x17C6,0x17C6,0xD5BD,0xB5BD,0xD6BD,0x17C6,0xD6BD,0xD6BD,0xD6BD,0xB5BD,0x95B5,0xB5BD,
0xB5BD,0xD6BD,0xD6BD,0xB5BD,0x95B5,0xB5BD,0xD6BD,0xD6C5,0x95BD,0x74B5,0x95B5,0xB5BD,0xB5BD,0x95BD,0x95B5,0x74B5,
0x74B5,0x95BD,0x94B5,0x74B5,0x94B5,0x94BD,0x95BD,0x95BD,0x94B5,0x94B5,0x74B5,0x74B5,0x74B5,0x74B5,0x94B5,0x94B5,
0x95BD,0xB5BD,0xB5BD,0xB5BD,0xD5BD,0xB5BD,0xB5BD,0xB5BD,0xD5BD,0xB5BD,0xB5BD,0xB5BD,0xD6C5,0xD6C5,0xB5C5,0xB5C5,
0xB5BD,0x95BD,0x94BD,0x74B5,0x74B5,0x54B5,0x33AD,0xF2A4,0xB19C,0x2F8C,0xCD83,0x6C73,0x2B6B,0xEA62,0xA95A,0x895A,
0x685A,0x685A,0x685A,0x885A,0xA862,0xC862,0x4A7B,0xEC93,0x4DA4,0x8DAC,0xEEBC,0x90D5,0x12E6,0xF2DD,0x13E6,0x33E6,
0x54E6,0x74EE,0x95EE,0x95EE,0xB5EE,0xB6F6,0xD6F6,0xD6F6,0xD6F6,0xD7F6,0xD7EE,0xD7EE,0xD7EE,0xD7EE,0xD7EE,0xD7EE,
0xF7EE,0xD7EE,0xD7EE,0xD7EE,0xB7E6,0xB7E6,0xB7E6,0x76DE,0xF4D5,0xB3C5,0x52BD,0x8FA4,0xED93,0xAC8B,0x6C83,0x4B7B,
0x0A73,0xE96A,0xC96A,0xA962,0x885A,0x685A,0x274A,0xC541,0xA539,0x8439,0x6431,0x4431,0x4431,0x4431,0x4431,0x4431,
0x4431,0x2331,0x2329,0x2329,0x2329,0x0329,0xE220,0xC220,0xA118,0xA118,0xA118,0xA118,0xC220,0xE220,0x0329,0x4431,
0x8539,0x485A,0x0A73,0x4B7B,0x6B7B,0x6B83,0x4B83,0x4A83,0x6A83,0x6A8B,0x6A8B,0x8B8B,0xAB93,0xCB93,0xEC93,0xEC9B,
0x2D9C,0x4EA4,0x8FAC,0x6FAC,0xED9B,0x6B8B,0x6B8B,0x6B8B,0xAC93,0x0D9C,0x6FAC,0xF1BC,0x32C5,0xB4D5,0xD5D5,0xD5D5,
0xD5D5,0xD5D5,0xD5D5,0xD5CD,0xD5CD,0x94C5,0x11B5,0x2E9C,0xED8B,0xCD8B,0xED8B,0x2E9C,0x90A4,0x11B5,0x32B5,0x53BD,
0x94C5,0xF5CD,0x16D6,0x16D6,0xF6CD,0x16CE,0x16CE,0x16CE,0xF6CD,0xF6CD,0xF6C5,0xF6C5,0xD5C5,0xB5BD,0x94BD,0x54B5,
0x33AD,0x33AD,0x33AD,0x33AD,0x34AD,0x34AD,0x33AD,0x33AD,0x33AD,0x33AD,0x13AD,0x13AD,0x13AD,0x13AD,0x33AD,0x33AD,
0xB5BD,0xB5BD,0xB5BD,0xB5BD,0xD6BD,0xD6BD,0xF6C5,0x17C6,0xF6C5,0xF6C5,0x17C6,0x37CE,0x17C6,0x16C6,0xF6C5,0xD6BD,
0xF6C5,0xF6C5,0x16C6,0xF6C5,0xF6C5,0xF6C5,0x16C6,0xD6BD,0xB5BD,0xD6BD,0xB5BD,0x95B5,0x74B5,0x74B5,0x74B5,0x95B5,
0x74B5,0x54B5,0x54B5,0x54B5,0x54B5,0x74B5,0x94B5,0x94BD,0x95BD,0x94BD,0x74B5,0x94BD,0x74B5,0x74B5,0x95BD,0x94B5,
0x95BD,0xB5BD,0x95BD,0x95BD,0xB5BD,0xB5BD,0xB5BD,0xB5BD,0xB5BD,0xB5BD,0x95BD,0xB5BD,0xB5C5,0xB5C5,0xB5BD,0xB5BD,
0xB5C5,0xB5C5,0xB5C5,0xB5BD,0xB5BD,0x74B5,0x53B5,0x33AD,0xF2A4,0x709C,0x0E8C,0x8D7B,0x2B6B,0xC962,0x895A,0x895A,
0x6852,0x675A,0x675A,0x6752,0x675A,0xA862,0x0973,0x8A83,0x0C9C,0x8DAC,0x0FC5,0x91D5,0xB1D5,0xB1D5,0xF2DD,0x33E6,
0x74EE,0x74EE,0x74EE,0x95EE,0x95EE,0xB5EE,0xB6EE,0xB6EE,0xD6EE,0xD6F6,0xD7EE,0xD7EE,0xD7EE,0xD7EE,0xD7EE,0xD7EE,
0xF7EE,0xF7EE,0xD7EE,0xD7EE,0xB7E6,0x97E6,0x97E6,0x76DE,0x35D6,0x35DE,0xF5D5,0x72BD,0xD0AC,0x2E9C,0xCD8B,0x6B7B,
0x0A73,0xE96A,0xC96A,0xA862,0x685A,0x4752,0xE641,0xA539,0x8431,0x4431,0x2431,0x2329,0x2329,0x0329,0x0329,0x0329,
0x0329,0x0329,0x0329,0x0329,0x0329,0x0329,0xE220,0xC220,0xC220,0xC220,0xC220,0xC220,0xE220,0x0329,0x2329,0x4431,
0x8539,0x0752,0xEA6A,0x4C7B,0x6B7B,0x6B7B,0x4B7B,0x4A83,0x6A83,0x8B8B,0xAB8B,0xAB93,0xEC93,0xEC93,0x0D9C,0x0D9C,
0x4EA4,0x90AC,0xD0B4,0xB0AC,0x0E9C,0xAC8B,0xAC8B,0xAC93,0x8C93,0xAC93,0x0E9C,0x4FA4,0x6FAC,0xD1B4,0x12BD,0x12BD,
0x33BD,0x33BD,0x53BD,0x53BD,0x53BD,0x12B5,0xD1AC,0x0E94,0xAD8B,0x8C83,0x8C83,0xCD8B,0x0E94,0x6F9C,0xB0A4,0xD1AC,
0x12B5,0x32B5,0x33B5,0x33B5,0x13B5,0x33B5,0x33B5,0x33B5,0x33AD,0x13AD,0x12AD,0x33AD,0x33AD,0x13AD,0x13AD,0x13AD,
0x33AD,0x33AD,0x34AD,0x34AD,0x33AD,0x33AD,0x33AD,0x33AD,0x33AD,0x33AD,0x13AD,0x13AD,0x13AD,0x13AD,0x33AD,0x33AD,
0x74B5,0x74B5,0x54AD,0x54AD,0x54AD,0x54AD,0xB5BD,0xD5BD,0xB5BD,0xB5BD,0xF6C5,0xF6C5,0x17C6,0x16C6,0xD6BD,0xD6BD,
0x37CE,0x16C6,0xF6C5,0xB5BD,0x17C6,0xF6C5,0xD6BD,0xB5BD,0xB5BD,0xF6C5,0xF6C5,0xD6C5,0xD6BD,0xB5BD,0xB5BD,0xB5BD,
0x95BD,0x95BD,0x94B5,0x74B5,0x74B5,0x74B5,0x94B5,0x74B5,0x74B5,0x94B5,0x94BD,0x94B5,0x74B5,0x74B5,0x94BD,0x95BD,
0xB5BD,0xB5BD,0x95BD,0xB5BD,0xB5BD,0x95BD,0x95BD,0xB5BD,0xD5C5,0xD5C5,0xD5C5,0xD6C5,0xD5C5,0xB5BD,0xB5BD,0xB5BD,
0xD5C5,0xD6C5,0xD6C5,0xD6C5,0xD6C5,0xB5BD,0x95BD,0xB5BD,0x74B5,0x33AD,0xF2A4,0x5094,0x8D7B,0xEA6A,0xA95A,0x885A,
0x4852,0x4852,0x885A,0x885A,0x6752,0x875A,0x8762,0x0873,0xCB93,0x8EB4,0x30C5,0x70CD,0x90D5,0xB1D5,0xF2DD,0x33E6,
0x54E6,0x74EE,0x74EE,0x74EE,0x95EE,0x95EE,0x95EE,0xB5EE,0xB6EE,0xD6EE,0xD6EE,0xD7EE,0xD7EE,0xD7EE,0xD7EE,0xD7EE,
0xF7EE,0xF7EE,0xF7EE,0xF8EE,0xD8EE,0xD8EE,0xD7EE,0xD8EE,0x97E6,0x76E6,0x15D6,0xF4CD,0xB3C5,0xD1AC,0x2F9C,0xAD8B,
0x2B7B,0xEA6A,0xA862,0x475A,0x2752,0xE641,0x6439,0x4331,0x2329,0x0329,0x0329,0xE220,0xC220,0xC220,0xC220,0xC220,
0xC220,0xC220,0xC220,0xC220,0xC220,0xE220,0xE220,0xE220,0xE220,0xE220,0xE220,0xE220,0xE328,0x0329,0x0329,0x4431,
0x6539,0x8541,0x695A,0x2B73,0x2B73,0x4B7B,0x4B7B,0x6B83,0x8B83,0xAC8B,0xCC93,0xEC93,0x0D94,0x0D9C,0x2E9C,0x4E9C,
0x90AC,0xF1B4,0x12BD,0xD1AC,0x0E9C,0xAC8B,0xAD8B,0xCD93,0xAC93,0x6C8B,0xAD93,0x0E9C,0x0E9C,0x2FA4,0x70A4,0x90A4,
0x90AC,0x90AC,0x91AC,0xB1A4,0x90A4,0x90A4,0x4F9C,0xCD8B,0x4B7B,0x2B73,0x0B73,0x2B73,0x4B7B,0x8C83,0xCE8B,0x2F94,
0x709C,0xB1A4,0xD1A4,0xF2AC,0x13AD,0x33AD,0x54B5,0x34B5,0x33AD,0x33AD,0x33AD,0x33AD,0x33AD,0x33AD,0x33AD,0x33AD,
0x34AD,0x34AD,0x34AD,0x34AD,0x34AD,0x33AD,0x33AD,0x33AD,0x33AD,0x33AD,0x33AD,0x33AD,0x33AD,0x33AD,0x33AD,0x33AD,
0x54AD,0x54AD,0x54AD,0x54AD,0x74B5,0x74B5,0x95B5,0x95B5,0x95B5,0x95B5,0x74B5,0x54AD,0xD6BD,0xF6C5,0xB5BD,0xD6BD,
0xB5BD,0xF6C5,0xD6BD,0x95B5,0x17C6,0x16C6,0xD6BD,0xD6BD,0xF6C5,0xB5BD,0xD6C5,0x17CE,0xF6C5,0xF6C5,0x17C6,0x17C6,
0xF6C5,0xF6C5,0xF6C5,0xD6C5,0xD5BD,0xB5BD,0x95BD,0x74B5,0x74B5,0x94B5,0x95BD,0x95BD,0x95BD,0x94B5,0x94B5,0x95BD,
0x95BD,0xB5BD,0xB5BD,0x95BD,0xB5BD,0xB5BD,0xB5BD,0xD5BD,0xF6C5,0xF6C5,0xF6C5,0xF6C5,0xD6C5,0xD6C5,0xB5C5,0xB5BD,
0xD5C5,0xD6C5,0xF6C5,0xD6C5,0xD6C5,0xD5C5,0xD6C5,0xF6CD,0xF6C5,0xB5BD,0x74B5,0x13AD,0x909C,0xEE83,0x4C73,0xEA62,
0x6852,0x4752,0x4752,0x4752,0x264A,0x2652,0x465A,0xC76A,0xAB8B,0xAEAC,0x50CD,0xB1D5,0xB1D5,0xD2DD,0xF2DD,0x13E6,
0x33E6,0x54E6,0x54E6,0x54E6,0x74E6,0x95EE,0x95EE,0x95EE,0xB6EE,0xB6EE,0xD6EE,0xD7EE,0xD7EE,0xF7F6,0xF7F6,0xF7F6,
0x17F7,0xF8F6,0xF8F6,0x18F7,0xF8F6,0xF8EE,0xF8EE,0xD8EE,0xB7EE,0x97E6,0x36DE,0x35D6,0x15D6,0x73C5,0xD1AC,0x2E94,
0x8C83,0x0A73,0x8862,0x2752,0xE649,0x6439,0x0329,0xE220,0xE220,0xC220,0xC220,0xC220,0xC220,0xC220,0xC220,0xC220,
0xC220,0xC220,0xC220,0xC220,0xC220,0xE220,0xE220,0xE220,0xE220,0xE220,0x0329,0x0329,0x0329,0x2329,0x2329,0x2329,
0x4431,0x8541,0x485A,0xCA6A,0xEA72,0x0B73,0x4B7B,0x6B7B,0x8C83,0xAC8B,0xCC8B,0xEC93,0xED93,0x0D94,0x0E9C,0x4F9C,
0x90A4,0xD1AC,0x12BD,0x12B5,0xB1AC,0x2F9C,0x0E94,0xEE93,0xAD8B,0x4B83,0x4B83,0x8C8B,0xCD93,0xCD8B,0xAD8B,0xCE8B,
0xEE93,0xEE93,0xEE8B,0xEE8B,0xCD8B,0x8D83,0x6C7B,0x2B73,0xEA6A,0xA962,0x685A,0x475A,0x475A,0x685A,0x895A,0xEA6A,
0x4C7B,0xCE83,0x2F94,0x7094,0xB2A4,0xF3A4,0x13AD,0x13AD,0x13AD,0x33AD,0x33AD,0x33AD,0x13A5,0x33AD,0x33AD,0x34AD,
0x34AD,0x34AD,0x34AD,0x34AD,0x34AD,0x13AD,0x13AD,0x13AD,0x13AD,0x13AD,0x13AD,0x13AD,0x13AD,0x13AD,0x13AD,0x13AD,
0x54AD,0x53AD,0x33AD,0x33AD,0x33AD,0x54AD,0x74B5,0x95B5,0x74B5,0x95B5,0x95B5,0x74B5,0xB5BD,0xB5BD,0x74B5,0xB5BD,
0x94B5,0x74B5,0xB5BD,0xB5BD,0xB5BD,0x94B5,0x95B5,0xD6C5,0xF6C5,0xB5BD,0xD6BD,0x17CE,0x17CE,0x17C6,0x17CE,0x17CE,
0x17CE,0x17CE,0x17CE,0x16CE,0xF6C5,0xF6C5,0xF6C5,0xD5C5,0x94B5,0x94B5,0x94B5,0x94BD,0x94BD,0x94BD,0x95BD,0x95BD,
0xB5BD,0x95BD,0x95BD,0x95BD,0xB5BD,0xB5BD,0x95BD,0x95BD,0xD5BD,0xF6C5,0xD6C5,0xD6C5,0xD5C5,0xD6C5,0xD6C5,0xF6C5,
0xF6C5,0xF6C5,0xF6C5,0xF6C5,0xF6C5,0x17CE,0x16CE,0xF6C5,0xF6CD,0xD6C5,0x95BD,0x53B5,0xF2AC,0xB19C,0x4F94,0xEE83,
0x6C73,0xEA62,0x885A,0x4752,0x274A,0x4752,0x8762,0x4A7B,0x4DA4,0x10BD,0x71CD,0x91D5,0xB1D5,0xD2DD,0xF2DD,0x12DE,
0x13E6,0x33E6,0x33E6,0x54E6,0x54E6,0x74E6,0x75EE,0x95EE,0x96EE,0xB6EE,0xD6EE,0xF7F6,0xF7F6,0xF7F6,0xF7F6,0xF7F6,
0x18F7,0x18F7,0x18F7,0xF8F6,0xF8F6,0xF8EE,0xF8EE,0xD8EE,0xB7EE,0xB7EE,0x97E6,0x76DE,0x35D6,0x15D6,0x74C5,0xD1AC,
0x0E94,0x6B7B,0xE96A,0x675A,0xA541,0x0229,0xE220,0xC220,0xC120,0xE220,0xC220,0xE320,0xE320,0xE220,0xC220,0xE320,
0xE320,0xE320,0xE320,0xE320,0xE320,0x0329,0x0329,0x0329,0x0329,0x0329,0x0329,0x0329,0x2329,0x4431,0x2329,0x2329,
0x2431,0x6539,0xE751,0x695A,0xCA6A,0xEB72,0x4B7B,0x6B7B,0x8C83,0xAC8B,0xCC8B,0xED8B,0xED93,0x0E94,0x2E94,0x2F9C,
0x6F9C,0xB1AC,0x33B5,0x33BD,0x13B5,0xF2B4,0x2F9C,0xAD8B,0x8C83,0x2B7B,0x0A73,0x4B7B,0x6C83,0x8D83,0x6C7B,0x2C7B,
0x2B7B,0x4C73,0x4C7B,0x4C7B,0x0B73,0xA96A,0x8962,0x6862,0x685A,0x485A,0x2752,0xE649,0xE649,0xE649,0xE649,0x2752,
0xA95A,0x2B6B,0xAE7B,0x0F8C,0x719C,0xB29C,0xF3A4,0xF3A4,0x13A5,0x13A5,0x13A5,0x13A5,0x13A5,0x33AD,0x34AD,0x54AD,
0x34AD,0x34AD,0x34AD,0x34AD,0x34AD,0x34AD,0x33AD,0x33AD,0x33AD,0x33AD,0x33AD,0x33AD,0x33AD,0x33AD,0x33AD,0x33AD,
0x33AD,0x54AD,0x74B5,0x74B5,0x54AD,0x33AD,0x74B5,0x95B5,0x74B5,0x74B5,0xB5BD,0xB5BD,0x95B5,0xB5BD,0xD6BD,0xD5BD,
0xB5BD,0xB5BD,0xD6BD,0x95B5,0x95B5,0x74B5,0x95B5,0xB5BD,0xB5BD,0xB5BD,0x95BD,0xB5BD,0x17CE,0x17CE,0x17CE,0x17CE,
0x37CE,0x58D6,0x58D6,0x37CE,0x17CE,0x17CE,0x37CE,0x37CE,0xD6C5,0xB5BD,0x95BD,0x95BD,0xB5BD,0xB5BD,0xB5BD,0xB5BD,
0xB5BD,0x95BD,0x94B5,0xB5BD,0xF6C5,0xF6C5,0xB5BD,0x94B5,0xB5BD,0xD6C5,0xB5C5,0xB5BD,0xB5C5,0xD6C5,0xD6C5,0x16CE,
0xF6C5,0xD6C5,0xD6C5,0xF6C5,0xF6C5,0xF6C5,0xB5C5,0x54B5,0x54B5,0x53B5,0x12AD,0xD2A4,0x919C,0x909C,0x7094,0x7094,
0x2F8C,0xAD7B,0x0A6B,0xA95A,0x6752,0x675A,0xC862,0x497B,0x0C94,0xAEAC,0x0FBD,0x50CD,0xB1D5,0xB1D5,0xD2DD,0xF2DD,
0x13DE,0x13DE,0x13DE,0x33E6,0x54E6,0x74E6,0x75EE,0xB6EE,0xB6EE,0xD7F6,0xF7F6,0x17F7,0x17F7,0xF7F6,0xF7F6,0xF7F6,
0x17F7,0x18F7,0x18F7,0x18F7,0xF8F6,0xF8EE,0xF8EE,0xD8EE,0xD8EE,0xB7EE,0xB8EE,0xD8EE,0x97E6,0x57DE,0xD5CD,0x32BD,
0x4F9C,0xAD8B,0x2A73,0xA862,0xE649,0x0229,0xE220,0xC120,0xC118,0xE220,0xC320,0xE320,0xE320,0xE320,0xE320,0xE320,
0xE328,0xE328,0xE328,0xE328,0xE328,0x0329,0x0329,0x0329,0x2329,0x2329,0x2329,0x0329,0x2329,0x4431,0x2329,0x2329,
0x0331,0x2439,0x8641,0xE749,0x485A,0x685A,0xEA72,0x2B73,0x6B7B,0x8C83,0xAC83,0xAC83,0xCD8B,0xED8B,0xEE8B,0xEE93,
0x0E94,0x2F9C,0xB1AC,0x33B5,0x33B5,0x13B5,0x2F9C,0x2B7B,0xEA6A,0xE96A,0xC96A,0xCA6A,0xEA6A,0x4C7B,0x0B73,0xA962,
0x4852,0x685A,0x8962,0x685A,0x4852,0x0752,0xE649,0xE649,0x064A,0xE649,0xE649,0xE649,0xC649,0xC649,0xC641,0xE741,
0x2852,0x895A,0x0C6B,0x8E7B,0x308C,0x7194,0xB29C,0xD29C,0xD39C,0xF3A4,0xF2A4,0x13A5,0x33AD,0x54AD,0x34AD,0x34AD,
0x34AD,0x34AD,0x34AD,0x34AD,0x34AD,0x34AD,0x34AD,0x34AD,0x34AD,0x34AD,0x34AD,0x34AD,0x34AD,0x34AD,0x34AD,0x34AD,
0x33AD,0x54AD,0x75B5,0x75B5,0x74B5,0x54B5,0x95B5,0x74B5,0x54AD,0x95B5,0xB5BD,0x95B5,0xB5BD,0xD5BD,0xB5BD,0xB5BD,
0xB5BD,0xB5BD,0xB5BD,0xB5BD,0x95B5,0x95B5,0x95B5,0xB5BD,0xB5BD,0x74B5,0x54AD,0x95B5,0xD6BD,0xF6C5,0xF6C5,0xF6C5,
0xF6C5,0x17C6,0x37CE,0xF6C5,0xD6C5,0xF6C5,0x17CE,0x37CE,0x17CE,0xF6C5,0xD6C5,0xD6C5,0xD6BD,0xB5BD,0xB5BD,0xB5BD,
0xB5BD,0xB5BD,0xB5BD,0xD6BD,0xF6C5,0xF6C5,0xD5BD,0xB5BD,0xB5BD,0xD5BD,0xD5BD,0xD5BD,0xD5BD,0xD5C5,0xD5C5,0xB5BD,
0xB5BD,0xD5BD,0xB5BD,0xB5BD,0x94BD,0x74B5,0x33AD,0xF2A4,0xD1A4,0xB19C,0x919C,0x909C,0x7094,0x7094,0x5094,0x5094,
0x2F8C,0x4F8C,0x0F84,0x8C73,0xE962,0x8752,0x4652,0x665A,0x2973,0x0D9C,0xAFB4,0x30BD,0x50C5,0x70CD,0xD1D5,0x32DE,
0x32DE,0x12DE,0x33DE,0x54E6,0x74E6,0x95EE,0xB6F6,0xF7F6,0xF7F6,0xF7F6,0xF7F6,0xF7F6,0xF7F6,0xF7F6,0xF7F6,0xF8F6,
0xF8F6,0x18F7,0x18F7,0x18EF,0x18EF,0xF8EE,0xF8EE,0xF8EE,0xF9EE,0xD8EE,0xD8EE,0xB8EE,0xB8E6,0x98E6,0x57E6,0xD5CD,
0xD1AC,0xCD8B,0xEA6A,0x885A,0x064A,0x6431,0x0321,0x0321,0x0221,0xE218,0xE320,0x0329,0x0329,0xE320,0xE320,0x0329,
0x0329,0x0329,0x0329,0x2329,0x2329,0x2329,0x2329,0x2429,0x2429,0x4429,0x4429,0x4429,0x4429,0x4431,0x4431,0x4429,
0x2331,0x2431,0x4439,0x8539,0xC641,0xE649,0x685A,0xEA6A,0x2B73,0x4B73,0x6B7B,0x8C7B,0x8C7B,0x8C83,0xAD83,0xAD83,
0xAD83,0xCD8B,0x0E8C,0x4F9C,0x90A4,0xB1A4,0x2F94,0x4B7B,0x885A,0x685A,0xA962,0x685A,0x685A,0xA962,0x895A,0x074A,
0xA539,0xA641,0xC641,0xC641,0xA641,0xA539,0x8539,0xA639,0xC641,0xC641,0xA641,0xA641,0xA641,0xA641,0xC641,0xE741,
0x074A,0x4852,0xCA62,0x4C73,0xCE83,0x308C,0x7194,0xB19C,0xB29C,0xD29C,0xF2A4,0x13A5,0x34AD,0x54AD,0x54AD,0x34AD,
0x34AD,0x34AD,0x34AD,0x34AD,0x34AD,0x34AD,0x34AD,0x54AD,0x54AD,0x54AD,0x34AD,0x34AD,0x34AD,0x54AD,0x34AD,0x34AD,
0x75B5,0x95B5,0x95BD,0x95BD,0x95B5,0x75B5,0x95BD,0x95BD,0x74B5,0x75B5,0x95BD,0x95B5,0x74B5,0xB5BD,0xB5BD,0xB5BD,
0xB5BD,0xB5BD,0xD6BD,0xD6BD,0xD6BD,0xD6BD,0xF6C5,0xB5BD,0xB5BD,0xB5BD,0x95B5,0xB5BD,0xB5BD,0x95B5,0x95B5,0x95B5,
0x95B5,0xD6BD,0xD6BD,0x95BD,0x95BD,0xB5BD,0xF6C5,0xF6C5,0xF6C5,0xD6C5,0xB5BD,0xD6C5,0xD6C5,0xD6C5,0xD6C5,0xD6C5,
0xD6C5,0xD6C5,0xF6C5,0xF6C5,0xD6C5,0xB5BD,0xD6C5,0x17C6,0xD6BD,0xD5BD,0xD5C5,0xD6C5,0xD6C5,0xF6C5,0xF6C5,0xD5BD,
0xB5BD,0x95BD,0x74B5,0x33AD,0x12AD,0xD19C,0x919C,0x7094,0x7094,0x919C,0x919C,0x9094,0x7094,0x7094,0x7094,0x5094,
0x508C,0x2F8C,0x2F8C,0x2F8C,0xAC73,0xE962,0x4652,0x4652,0xC86A,0x6A83,0x0D9C,0x8EAC,0xEFBC,0x71CD,0xF2D5,0x12DE,
0x32DE,0x33DE,0x73E6,0xB5EE,0xB5F6,0xD6F6,0xD6F6,0xF7F6,0xF7F6,0xF7F6,0xF7F6,0xF7F6,0xF7F6,0xF7F6,0x17F7,0x17F7,
0x17F7,0x17F7,0x18F7,0x18F7,0x18F7,0x18F7,0x18EF,0xF8EE,0xF8EE,0xF8EE,0xD8EE,0xB8E6,0x98E6,0x77E6,0x77E6,0x16D6,
0x53BD,0x2F94,0x2B73,0x885A,0x274A,0xE641,0xA539,0x8431,0x4429,0x4429,0x2429,0xE320,0x0321,0x2329,0x2329,0x2329,
0x4429,0x4429,0x4429,0x4429,0x4429,0x4431,0x4431,0x4431,0x4431,0x6431,0x6431,0x6531,0x6431,0x4431,0x4431,0x4431,
0x4431,0x4431,0x4331,0x4431,0x6439,0x8439,0xE641,0x4752,0xA85A,0xC962,0xE962,0x0A6B,0x2B73,0x2B73,0x4B73,0x4B73,
0x6C7B,0x8C7B,0xAD83,0xAD83,0xEE8B,0x0F94,0xCD83,0x0A73,0x0752,0x8541,0xC541,0xC541,0xC641,0x074A,0x274A,0xE641,
0xC641,0xC641,0xC641,0xA641,0xA639,0xA539,0xA639,0xC641,0xE641,0xE749,0xE741,0xE741,0xE741,0xE741,0xE641,0x074A,
0x4852,0xAA5A,0x4C73,0xCE83,0x308C,0x7094,0x9194,0x919C,0xB19C,0xD2A4,0xF3A4,0x13A5,0x33AD,0x34AD,0x34AD,0x34AD,
0x54AD,0x54AD,0x34AD,0x34AD,0x34AD,0x34AD,0x34AD,0x54AD,0x54AD,0x54AD,0x34AD,0x54AD,0x54AD,0x54AD,0x54AD,0x54AD,
0x74B5,0x95B5,0xB5BD,0xB6BD,0xB6BD,0xB5BD,0x95B5,0x95B5,0x75B5,0x54B5,0x75B5,0xB5BD,0xB5BD,0xD5BD,0xD6BD,0xD6BD,
0xB5BD,0xD5BD,0xF6C5,0xF6C5,0xF6C5,0xD6BD,0xD6BD,0xD5BD,0xD6BD,0xF6C5,0xD6BD,0xD6BD,0xD6BD,0xD6BD,0xB5BD,0xB5BD,
0x95B5,0xB5BD,0xB5BD,0x95BD,0x95B5,0x95BD,0x95BD,0x95BD,0x95B5,0x95BD,0x95B5,0x95B5,0x95BD,0xB5BD,0xB5BD,0xB5BD,
0xB5BD,0xB5BD,0xD6C5,0xD6C5,0xD6C5,0xF6C5,0xF6C5,0xF6C5,0xF6C5,0xF6C5,0xD6C5,0xF6C5,0xF6C5,0xF6C5,0xF6C5,0xB5BD,
0xB5BD,0x74B5,0x33AD,0x12A5,0xF2A4,0xF2A4,0xB19C,0x909C,0x9094,0x9094,0x9094,0x7094,0x7094,0x7094,0x7094,0x7094,
0x7094,0x7094,0x4F8C,0x2F8C,0x0E84,0xCD83,0x6B73,0x096B,0xA862,0xC86A,0x4A83,0x2D9C,0xEFB4,0x71C5,0xB2D5,0xD2D5,
0x33DE,0x73E6,0x94EE,0xD5F6,0xF6F6,0xF6F6,0xF6F6,0xF6F6,0xF6F6,0xF6F6,0xF6F6,0xF6F6,0xF6F6,0x16F7,0x16F7,0x16F7,
0x16F7,0x16F7,0x17F7,0x17F7,0x17F7,0x17F7,0x18F7,0x18F7,0xF8F6,0xF8F6,0xD8EE,0xD8EE,0x97E6,0x97E6,0x57DE,0xF5CD,
0x74C5,0xD1AC,0x8C83,0x685A,0x064A,0xC541,0x8531,0x6431,0x6429,0x4429,0x8539,0xC641,0x6431,0x0329,0x4431,0x4431,
0x4431,0x4431,0x6431,0x6431,0x6531,0x6531,0x8531,0x8531,0x8539,0x8539,0x8539,0x8539,0x8539,0x8531,0x6531,0x6531,
0x6431,0x4431,0x4431,0x4431,0x4431,0x6439,0x8439,0xA539,0xC541,0xC541,0x064A,0x4752,0x485A,0x685A,0x885A,0xA962,
0xCA6A,0xEA6A,0xEA6A,0x0B6B,0x6C7B,0x6C7B,0x2B73,0xA962,0xE649,0xA541,0xC641,0x2752,0x4852,0xCA62,0x2B6B,0x2C73,
0x2C6B,0x4C6B,0x2B6B,0x0C6B,0x0B6B,0x0B6B,0x0B6B,0x2C6B,0x4C73,0x4D73,0x4D73,0x4D73,0x4D73,0x4C73,0x4C73,0x4C6B,
0x4C73,0x6D73,0xAE7B,0xEE83,0x5094,0x7094,0x7094,0x7094,0x7194,0xB19C,0xF2A4,0xF3A4,0x13A5,0x34AD,0x34AD,0x34AD,
0x54AD,0x54AD,0x34AD,0x34AD,0x34AD,0x34AD,0x34AD,0x34AD,0x34AD,0x34AD,0x34AD,0x54AD,0x54AD,0x54AD,0x54AD,0x54AD,
0x75B5,0x95B5,0x95BD,0xB6BD,0xD6BD,0xD6BD,0xB5BD,0x95B5,0xB5BD,0x95B5,0x95B5,0xB5BD,0xD5BD,0xB5BD,0xD6BD,0xD5BD,
0x95B5,0x95B5,0xD5BD,0xF6C5,0xF6C5,0xF6C5,0xF6C5,0x16C6,0x17C6,0x17C6,0x37CE,0x17C6,0x17C6,0x17C6,0xD6BD,0x95B5,
0x94B5,0xB5BD,0xD6BD,0xB5BD,0x95BD,0xB5BD,0xB5BD,0x95BD,0x95B5,0xB5BD,0xB5BD,0x74B5,0x54B5,0x54B5,0x74B5,0x74B5,
0x74B5,0x74B5,0x95B5,0x74B5,0x74B5,0x74B5,0x95BD,0xD6C5,0x37CE,0x17CE,0xF6C5,0xF6C5,0xD6C5,0xD6C5,0xD5C5,0x74B5,
0x54B5,0x33AD,0xF2A4,0xD2A4,0xD1A4,0xD1A4,0xD19C,0xB19C,0x919C,0x909C,0x7094,0x7094,0x7094,0x7094,0x7094,0x7094,
0x7094,0x7094,0x9094,0x708C,0x2F8C,0x0E84,0xCD83,0x6B73,0xC96A,0x6762,0xC86A,0xAC8B,0x4EA4,0xF0BC,0x92CD,0xF3DD,
0x54E6,0x74E6,0xB5EE,0xD5F6,0xF6F6,0xF6F6,0xF6F6,0xD5F6,0xF5F6,0xF5F6,0xF5F6,0xF5F6,0xF5F6,0xF5F6,0xF5F6,0xF5F6,
0xF5F6,0xF6F6,0xF6F6,0xF6F6,0xF7F6,0xF7F6,0xF7F6,0xF7F6,0xF7F6,0xF8F6,0xF8F6,0xF8EE,0xD7EE,0xB7E6,0x97E6,0x36D6,
0xF5CD,0x74BD,0x0E94,0xC962,0x0642,0x8539,0x6431,0x6431,0x6429,0x4429,0xA539,0x074A,0x274A,0xC641,0x6531,0x6431,
0x6531,0x8539,0xA539,0xC639,0xC641,0xC641,0xE641,0xE641,0xE641,0xE741,0xE741,0xE741,0x074A,0x274A,0x074A,0xE741,
0xC641,0xC641,0xC641,0xC641,0xA539,0x8539,0x4331,0x4331,0x6431,0x4331,0x4331,0x8439,0xA541,0xA541,0xC641,0xC649,
0x074A,0x2752,0x0752,0x4752,0x8962,0xA962,0xC962,0xEA6A,0x0B6B,0x4B73,0x4C73,0x8D7B,0xCE83,0x0F8C,0x2F8C,0x0F8C,
0xEF83,0x0F8C,0x0F8C,0x0F8C,0xEF83,0xEF83,0xEF83,0xEF83,0x0F8C,0x0F8C,0x108C,0x308C,0x0F8C,0xEF8B,0x0F8C,0xEE83,
0xCE83,0xCE83,0xEF83,0xEE83,0x0F84,0x2F8C,0x308C,0x308C,0x508C,0x7094,0x9194,0x9194,0xB29C,0xD2A4,0xF3A4,0x14AD,
0x34AD,0x34AD,0x34AD,0x14AD,0x14AD,0x13A5,0x13A5,0x14AD,0x34AD,0x34AD,0x14AD,0x34AD,0x34AD,0x34AD,0x34AD,0x34AD,
0x95B5,0x75B5,0x74B5,0x74B5,0x75B5,0x95B5,0x75B5,0x75B5,0x95B5,0x95BD,0x95B5,0x95B5,0xB5BD,0xB5BD,0xB5BD,0xD5BD,
0xD5BD,0x95B5,0xF6C5,0x17C6,0x37CE,0x37CE,0xF6C5,0xD6BD,0xD6BD,0xF6C5,0xF6C5,0xD6BD,0xB5BD,0xD5BD,0xB5BD,0xB5BD,
0xB5BD,0xB5BD,0xB5BD,0x95BD,0x95BD,0xB5BD,0xB5BD,0x95BD,0x95BD,0xB5BD,0x95BD,0x95BD,0x95B5,0x74B5,0x74B5,0x74B5,
0x74B5,0x54B5,0x74B5,0x74B5,0x74B5,0x74B5,0x74B5,0x74B5,0x74B5,0x74B5,0x74B5,0x94BD,0xB5BD,0xB5BD,0x95BD,0x94B5,
0x74B5,0x53AD,0xF2A4,0xB19C,0xB19C,0x909C,0x7094,0x909C,0x919C,0x919C,0x9094,0x7094,0x7094,0x7094,0x7094,0x7094,
0x7194,0x7194,0x7094,0x508C,0x2F8C,0x2F8C,0x2F8C,0xEE83,0x4B73,0xA962,0xC96A,0x2A7B,0xAC93,0xB0B4,0x72CD,0xF4D5,
0x75E6,0xB5EE,0xB6EE,0xD6F6,0xF6F6,0xD6F6,0xD6EE,0xD5EE,0xD5F6,0xD5F6,0xD5F6,0xD5F6,0xD5F6,0xD5F6,0xF5F6,0xD5F6,
0xD5F6,0xD5F6,0xD6F6,0xD6F6,0xF6F6,0xF7F6,0xF7F6,0xF7F6,0xF7F6,0x18F7,0x18F7,0x18EF,0xF8EE,0xD8EE,0xB8E6,0x98DE,
0x77DE,0x16CE,0x12AD,0x8C7B,0x885A,0x274A,0xE641,0x484A,0x8952,0x8952,0x6852,0x895A,0x0B6B,0x6D73,0x6C73,0x4C73,
0x6C73,0x8D7B,0xAE7B,0xCE83,0xCE83,0xCE83,0xEE83,0xEF83,0x0F8C,0x308C,0x5094,0x7194,0x7194,0x7194,0x7194,0x7194,
0x919C,0x919C,0x919C,0x7094,0x5094,0x2F8C,0xAD7B,0x8C7B,0x8C7B,0x4B73,0xEA62,0xA95A,0x2752,0x064A,0xE641,0xE649,
0x074A,0x2752,0x685A,0xA962,0x2B6B,0x6C7B,0xCD83,0xEE83,0x0E8C,0x2F94,0x5094,0x5094,0x5094,0x308C,0x508C,0x308C,
0x308C,0x308C,0x308C,0x308C,0x308C,0x308C,0x308C,0x308C,0x308C,0x308C,0x308C,0x308C,0x308C,0x108C,0x0F8C,0x0F84,
0x0F84,0x0F8C,0x0F8C,0x0F8C,0x0F8C,0x0F8C,0x2F8C,0x308C,0x5094,0x7094,0xD29C,0xF3A4,0xF3A4,0x13A5,0x34AD,0x34AD,
0x34AD,0x34AD,0x34AD,0x14AD,0x34AD,0x14AD,0x14AD,0x14AD,0x13A5,0x13A5,0x13A5,0x34AD,0x34AD,0x34AD,0x34AD,0x34AD,
0x95B5,0x95B5,0x75B5,0x74B5,0x54AD,0x54AD,0x34AD,0x74B5,0x75B5,0x95B5,0x75B5,0x74B5,0x74B5,0x74B5,0x74B5,0x95B5,
0xB5BD,0xD5BD,0xF6C5,0xD6BD,0xF6C5,0xF6C5,0xF6C5,0xF6C5,0xF6C5,0xF6C5,0xF6C5,0xD6BD,0xD5BD,0xB5BD,0x95B5,0x74B5,
0x74B5,0x95B5,0x95B5,0x74B5,0x74B5,0x95B5,0x95BD,0x95BD,0xB5BD,0xB5BD,0xD6BD,0xD6C5,0xB5BD,0x74B5,0x54B5,0x74B5,
0x74B5,0x54B5,0x54B5,0x54B5,0x54B5,0x54B5,0x74B5,0x74B5,0x54B5,0x53AD,0x53B5,0x53B5,0x53B5,0x53B5,0x53B5,0x74B5,
0x74B5,0x54B5,0x12AD,0xB19C,0x919C,0x9094,0x7094,0x7094,0x9094,0x9094,0x7094,0x7094,0x7094,0x7094,0x7094,0x7094,
0x7094,0x7194,0x7194,0x508C,0x508C,0x708C,0x508C,0x909C,0x4F94,0xAD83,0x8C83,0xEE8B,0x90A4,0xB4CD,0x77E6,0xB7E6,
0xB7EE,0xD7EE,0xD7EE,0xD7EE,0xD7EE,0xD7EE,0xD7EE,0xD6EE,0xD6EE,0xD6EE,0xD6EE,0xD6EE,0xD6EE,0xD6EE,0xD6EE,0xD6EE,
0xD6EE,0xD6EE,0xD6EE,0xF7F6,0xF7F6,0xD7F6,0xF7EE,0xD7EE,0xF8EE,0xF8EE,0xD8EE,0xD8E6,0xD8E6,0xB8E6,0x97DE,0x98DE,
0x57D6,0xF5C5,0x74B5,0xF1A4,0x9094,0x9094,0x9094,0xD29C,0x13A5,0x34AD,0x34AD,0x34AD,0x54B5,0x95BD,0xB5BD,0x75B5,
0x75B5,0x95BD,0x95BD,0x95B5,0x75B5,0x95BD,0x95B5,0x95B5,0x95B5,0x95BD,0x95BD,0x95BD,0x95BD,0x95B5,0x95B5,0x95BD,
0x95BD,0x75B5,0x75B5,0x54B5,0x54B5,0x54B5,0x54B5,0x54B5,0x74B5,0x53B5,0x33AD,0xF2A4,0xB19C,0x7094,0x0F8C,0xCE83,
0x8D7B,0xAD7B,0xEE83,0x0F8C,0x2F94,0x5094,0x5094,0x5094,0x4F94,0x5094,0x5094,0x5094,0x5094,0x308C,0x308C,0x308C,
0x308C,0x308C,0x308C,0x308C,0x108C,0x108C,0x108C,0x308C,0x308C,0x108C,0x0F8C,0x0F84,0x108C,0x108C,0x0F84,0x0F84,
0x0F84,0x0F84,0xEF83,0xEF83,0x0F8C,0x0F8C,0x0F8C,0x2F8C,0x308C,0x5094,0xD2A4,0x13AD,0x34AD,0x54B5,0x75B5,0x75B5,
0x54AD,0x54AD,0x34AD,0x34AD,0x34AD,0x34AD,0x34AD,0x34AD,0x34AD,0x34AD,0x34AD,0x34AD,0x34AD,0x34AD,0x34AD,0x34AD,
0x95B5,0x95B5,0x75B5,0x75B5,0x75B5,0x75B5,0x74B5,0x75B5,0x95B5,0x75B5,0x54AD,0x54AD,0x74B5,0x95B5,0xB5BD,0xB5BD,
0xB5BD,0x95B5,0x94B5,0x74B5,0x74B5,0x95B5,0x95B5,0xB5BD,0xB5BD,0xB5BD,0xB5BD,0xB5BD,0xB5BD,0xB5BD,0xB5BD,0xB5BD,
0x95B5,0x95B5,0x95BD,0x95BD,0x95BD,0x95BD,0xB5BD,0xD6BD,0x95BD,0x95BD,0xB5BD,0xB5BD,0x95BD,0x74B5,0x95B5,0x95BD,
0x95B5,0x74B5,0x74B5,0x54B5,0x33AD,0x54AD,0x74B5,0x74B5,0x74B5,0x74B5,0x54B5,0x54B5,0x54B5,0x54B5,0x74B5,0x53AD,
0x53B5,0x33AD,0x12A5,0xF2A4,0xF2A4,0xD19C,0x7094,0x5094,0x5094,0x7094,0x7094,0x7094,0x7094,0x7094,0x9094,0x9094,
0x919C,0x919C,0x919C,0xB19C,0xD29C,0xF29C,0x13A5,0x54AD,0x74B5,0x53B5,0x54B5,0x94BD,0xB5C5,0xB5C5,0xD4C5,0xD4C5,
0xD4C5,0xF4CD,0xF4CD,0xF4CD,0xF5CD,0x15CE,0x36D6,0x14D6,0x34D6,0x34D6,0x55DE,0x75DE,0x75DE,0x75DE,0x75DE,0x76E6,
0x96E6,0x96E6,0x96E6,0x76E6,0x76E6,0x76E6,0x76DE,0x77DE,0x76DE,0x56D6,0x36CE,0xF5C5,0xF5C5,0xF5C5,0xF5C5,0xF5C5,
0xB4BD,0x94BD,0x94BD,0x94B5,0xB5BD,0xD6BD,0xB5BD,0x95B5,0x95B5,0x95BD,0xB5BD,0x75B5,0x74B5,0x75B5,0x95BD,0x95BD,
0x95BD,0x95BD,0x75B5,0x74B5,0x54B5,0x54B5,0x54B5,0x54B5,0x74B5,0x75B5,0x95B5,0x95BD,0x95BD,0x95BD,0x95B5,0x95B5,
0x95B5,0x75B5,0x75B5,0x75B5,0x75B5,0x95BD,0x74B5,0x74B5,0x74B5,0x54B5,0x53B5,0x53AD,0x74B5,0x74B5,0x54B5,0x13AD,
0xF2A4,0xD2A4,0xB19C,0xB19C,0xB19C,0x919C,0x7094,0x5094,0x2F94,0x2F94,0x2F8C,0x308C,0x508C,0x308C,0x308C,0x308C,
0x308C,0x308C,0x308C,0x308C,0x308C,0x308C,0x308C,0x308C,0x308C,0x308C,0x308C,0x1084,0x1084,0x0F84,0xEF83,0x0F84,
0xEF83,0xEF83,0xEF83,0xEF83,0x0F8C,0x0F8C,0x0F84,0x0F84,0x0F8C,0x0F8C,0x508C,0xB19C,0xF3A4,0x34AD,0x75B5,0x75B5,
0x55B5,0x54AD,0x54AD,0x55AD,0x55AD,0x54AD,0x54AD,0x54AD,0x54AD,0x54AD,0x34AD,0x34AD,0x34AD,0x34AD,0x34AD,0x34AD,
0x95B5,0x75B5,0x74B5,0x54B5,0x75B5,0x75B5,0x74B5,0x74B5,0x54B5,0x54B5,0x54B5,0x74B5,0x94B5,0x95B5,0x95B5,0x95B5,
0x95B5,0xB5BD,0x95B5,0xB5BD,0xB5BD,0x74B5,0x74B5,0x94B5,0x95B5,0x94B5,0x54AD,0x53AD,0x54AD,0x74B5,0x94B5,0xB5BD,
0x95B5,0x95B5,0x95B5,0x95BD,0x95BD,0x95BD,0xB5BD,0xF6C5,0xF6C5,0xB5BD,0x74B5,0x74B5,0x74B5,0x74B5,0xB5BD,0xB5BD,
0x95BD,0x74B5,0x74B5,0x74B5,0x54B5,0x54B5,0x74B5,0x95B5,0x74B5,0x53B5,0x53AD,0x54B5,0x54B5,0x54B5,0x53B5,0x74B5,
0x54B5,0x33AD,0x13AD,0x13AD,0x33AD,0x12AD,0xF2A4,0xD2A4,0xD2A4,0xD19C,0xB19C,0xD2A4,0xF2A4,0x13AD,0x33AD,0x33AD,
0x34B5,0x54B5,0x54B5,0x54AD,0x54AD,0x74AD,0x74AD,0x74B5,0x74B5,0x74B5,0x74BD,0x95BD,0x94BD,0x74BD,0x94BD,0xB4BD,
0x93BD,0x93BD,0x94BD,0xB4BD,0x94BD,0x94BD,0x74BD,0x73BD,0x93C5,0x93C5,0xB3C5,0xB4C5,0xD4CD,0xB4C5,0xB4C5,0xD4C5,
0xD4CD,0xD4CD,0xD4CD,0xF5CD,0xF4CD,0xD4CD,0xD4CD,0xD5C5,0xD5C5,0xF5C5,0xF5C5,0xF5C5,0xF5BD,0xF5BD,0x15C6,0xF5C5,
0xD4BD,0xD5C5,0xF5C5,0xD5BD,0xD5BD,0xD5BD,0xD5BD,0xD6BD,0xD6BD,0xB5BD,0xB5BD,0x95BD,0x75B5,0x74B5,0x95BD,0x95BD,
0x95BD,0x95BD,0x75B5,0x75B5,0x75B5,0x75B5,0x74B5,0x74B5,0x74B5,0x74B5,0x74B5,0x75B5,0x95BD,0x95BD,0x95BD,0x95BD,
0xB5BD,0xB6BD,0x95BD,0x95BD,0x95BD,0xB6BD,0xD6BD,0xB5BD,0x94B5,0x74B5,0x74B5,0x74B5,0x74B5,0x75BD,0x54B5,0x13AD,
0x33AD,0x34B5,0x33AD,0x33AD,0x33AD,0x13AD,0x13AD,0xD2A4,0xB2A4,0xB19C,0x7194,0x5094,0x0F8C,0x308C,0x308C,0x308C,
0x308C,0x1084,0x1084,0x308C,0x1084,0x1084,0x1084,0x308C,0x308C,0x308C,0x308C,0x308C,0x1084,0x1084,0x0F8C,0x0F8C,
0x0F8C,0x2F8C,0x308C,0x308C,0x308C,0x308C,0x2F8C,0x308C,0x508C,0x5094,0x7194,0xD29C,0xF3A4,0x34AD,0x54AD,0x54AD,
0x55B5,0x54AD,0x34AD,0x35AD,0x55AD,0x54AD,0x54AD,0x54AD,0x54AD,0x54AD,0x34AD,0x34AD,0x34AD,0x34AD,0x34AD,0x34AD,
0x95B5,0x95B5,0x95B5,0xB5BD,0xB5BD,0xB5BD,0x95B5,0x74B5,0x54AD,0x54AD,0x54B5,0x94B5,0x74B5,0x54AD,0x54AD,0x74B5,
0x94B5,0x95B5,0x95B5,0xB5BD,0xB5BD,0x95B5,0xB5BD,0x95B5,0xD5BD,0xB5BD,0x74B5,0x33AD,0x33AD,0x53AD,0x53AD,0x54AD,
0x54AD,0x74B5,0x74B5,0x74B5,0x74B5,0x74B5,0x95B5,0xB5BD,0xD6C5,0xB5BD,0x74B5,0x74B5,0x95BD,0xB5BD,0x95BD,0x95BD,
0xB5BD,0xB5BD,0x95BD,0x95B5,0x95B5,0x74B5,0x74B5,0x74B5,0x74B5,0x54B5,0x54B5,0x74B5,0x74B5,0x54B5,0x53AD,0x13AD,
0x33AD,0x33AD,0x33AD,0x33AD,0x33AD,0x13AD,0x53AD,0x74B5,0x74B5,0x74B5,0x74B5,0x94B5,0x95BD,0xB5BD,0x95BD,0x74B5,
0x95BD,0xB5BD,0xB6BD,0x95BD,0x95B5,0x95B5,0xB5B5,0xD6BD,0xD6C5,0xB5BD,0x95BD,0xB5BD,0xD5C5,0xB5BD,0xD5BD,0xF5C5,
0xD5C5,0xD5BD,0xF5C5,0xF6C5,0xF6C5,0xF6C5,0xD6C5,0xF6CD,0xF5C5,0xD5C5,0xF5CD,0xF5CD,0xD5C5,0xF5CD,0xF6CD,0xF6CD,
0x16CE,0x16CE,0x16CE,0x16CE,0x16CE,0xF5CD,0xF5CD,0xF6C5,0xF6C5,0x16C6,0x16C6,0x16C6,0x16C6,0xF6C5,0x16CE,0x16C6,
0xD5BD,0xB5BD,0xF5C5,0xF6C5,0xF6C5,0xD5BD,0xB5BD,0xB5BD,0xB5BD,0xB5BD,0xB5BD,0x95BD,0x95B5,0x74B5,0x95B5,0xB5BD,
0xB5BD,0x95B5,0x95B5,0x74B5,0x74B5,0x75B5,0x74B5,0x74B5,0x54B5,0x74B5,0x75B5,0x54B5,0x75B5,0x95B5,0x95BD,0x95BD,
0xB5BD,0xB6BD,0xB6BD,0xB6BD,0xB6BD,0xD6BD,0xD6BD,0xD6BD,0xD5BD,0xB5BD,0xB5BD,0x95BD,0x75B5,0x95BD,0x74B5,0x54B5,
0x54B5,0x54B5,0x54B5,0x54B5,0x54B5,0x33AD,0x13AD,0x33AD,0x33AD,0x33AD,0x33AD,0x13AD,0x13A5,0xD29C,0xB29C,0xB29C,
0x9194,0x9194,0x7194,0x7194,0x7194,0x7194,0x5194,0x7194,0x7194,0x7194,0x9194,0x929C,0xB29C,0xB29C,0xB29C,0xB29C,
0xD29C,0xD2A4,0xD2A4,0xF2A4,0xD2A4,0xD2A4,0xD2A4,0xD2A4,0xF2A4,0xF2A4,0x13A5,0x34AD,0x34AD,0x34AD,0x54AD,0x54AD,
0x54AD,0x54AD,0x34AD,0x34AD,0x34AD,0x54AD,0x54AD,0x54AD,0x34AD,0x34AD,0x34AD,0x34AD,0x34AD,0x34AD,0x34AD,0x34AD,
0x95B5,0x74B5,0x74B5,0x74B5,0x94B5,0x95B5,0x94B5,0x74B5,0x54AD,0x54AD,0x74B5,0x74B5,0x54AD,0x54AD,0x54AD,0x74B5,
0x74B5,0x94B5,0x94B5,0x74B5,0x74B5,0x74B5,0x74B5,0x74B5,0x95B5,0xB5BD,0x95B5,0x74B5,0x54AD,0x54AD,0x54AD,0x53AD,
0x53AD,0x54AD,0x54AD,0x54AD,0x74B5,0x74B5,0x74B5,0x74B5,0x54AD,0x74B5,0x54AD,0x54AD,0x74B5,0x95B5,0x74B5,0x74B5,
0x94B5,0xB5BD,0xB5B5,0x95B5,0xB5BD,0x94B5,0x74B5,0x74B5,0x74B5,0x74B5,0x74B5,0x95B5,0x95BD,0x95BD,0x95BD,0x74B5,
0x74B5,0x74B5,0x74B5,0x95BD,0xB5BD,0xD6C5,0xD6C5,0xD6BD,0xB5BD,0xB6BD,0xD6BD,0xD6C5,0xF6C5,0xF6C5,0xD6C5,0x95BD,
0x95B5,0x95BD,0xB5BD,0x95BD,0xB5BD,0xD5BD,0xD6BD,0xB5BD,0xB5BD,0xB5BD,0xB5BD,0xB5BD,0xD6BD,0xD6BD,0xF6C5,0xD6BD,
0xD6BD,0xD6BD,0xD6BD,0xF6C5,0xF6C5,0xF6C5,0xF6C5,0xF6C5,0xD6C5,0xD5C5,0x16C6,0x16C6,0xF6C5,0x16C6,0x16CE,0x16CE,
0x16C6,0x16CE,0x37CE,0x36CE,0x16C6,0x16C6,0x16C6,0x36C6,0x36CE,0x36CE,0x36CE,0x36C6,0x36C6,0x16C6,0x16CE,0x16C6,
0xF6C5,0xF6C5,0xD6C5,0xF6C5,0xF6C5,0xF6C5,0xD6C5,0xB5BD,0xB5BD,0xB5BD,0xB5BD,0xB5BD,0xB5BD,0xB5BD,0xB5BD,0xB5BD,
0xB5BD,0x95B5,0x95B5,0x94B5,0x74B5,0x54B5,0x74B5,0x75B5,0x74B5,0x74B5,0x54B5,0x34AD,0x54AD,0x74B5,0x75B5,0x95B5,
0x95B5,0x95B5,0xB5BD,0xB6BD,0xB6BD,0xB6BD,0xD6BD,0xD6BD,0xD6C5,0xD6BD,0xB6BD,0x95BD,0x95B5,0x95BD,0x95BD,0x95BD,
0x75B5,0x74B5,0x95B5,0x74B5,0x54B5,0x34AD,0x33AD,0x13AD,0x13AD,0x13AD,0x33AD,0x54AD,0x54B5,0x54AD,0x34AD,0x33AD,
0x13AD,0x13AD,0x13AD,0x14AD,0x13A5,0x13A5,0x13A5,0x13A5,0x13A5,0x13A5,0x14AD,0x34AD,0x34AD,0x34AD,0x34AD,0x34AD,
0x54AD,0x54AD,0x54AD,0x54AD,0x34AD,0x34AD,0x34AD,0x33AD,0x33AD,0x34AD,0x34AD,0x34AD,0x34AD,0x54AD,0x54AD,0x54AD,
0x54AD,0x34AD,0x34AD,0x34AD,0x34AD,0x54AD,0x54AD,0x54AD,0x34AD,0x34AD,0x34AD,0x34AD,0x34AD,0x34AD,0x34AD,0x34AD,
0x74B5,0x94B5,0x94B5,0x74B5,0x74B5,0x74B5,0x74B5,0x54AD,0x33AD,0x33AD,0x33AD,0x33AD,0x33AD,0x33AD,0x33AD,0x53AD,
0x54AD,0x54AD,0x74B5,0x74B5,0x74B5,0x74B5,0x74B5,0x54AD,0x74B5,0x74B5,0x54AD,0x54AD,0x54AD,0x54AD,0x54AD,0x54AD,
0x54AD,0x54AD,0x74B5,0x94B5,0x95B5,0x95B5,0x74B5,0x74B5,0x74B5,0x74B5,0x54AD,0x54AD,0x54AD,0x74B5,0x74B5,0x95B5,
0x94B5,0x74B5,0x94B5,0x95B5,0x94B5,0x74B5,0x74B5,0x74B5,0x74B5,0x95BD,0xB5BD,0xD6C5,0xD6C5,0xD6C5,0xD6C5,0xD6BD,
0xD6BD,0xD6C5,0xD6C5,0xF6C5,0x17C6,0x17CE,0x17CE,0x17CE,0x17CE,0x17C6,0xF6C5,0xF6C5,0xF6C5,0x17C6,0xD6BD,0x74B5,
0x74B5,0x95BD,0x95BD,0x95BD,0xB5BD,0xB5BD,0xB5BD,0xD6BD,0xB5BD,0xB5BD,0xB5BD,0xB5BD,0xB5BD,0xD6BD,0xD6BD,0xD6BD,
0xD6BD,0xD6BD,0xD6BD,0xF6C5,0xF6C5,0xF6C5,0xF6C5,0xD6C5,0xD5C5,0xD6C5,0xF6C5,0xF6C5,0xD6C5,0xF6C5,0x16C6,0xF6C5,
0xF6C5,0x16CE,0x17CE,0x16C6,0x16C6,0x16C6,0x36CE,0x57CE,0x37CE,0x36C6,0x36C6,0x16C6,0x16C6,0x16C6,0xD5C5,0xF6C5,
0x17CE,0x17CE,0xF6C5,0xD6C5,0xB5BD,0xD6C5,0xD6C5,0xD5BD,0xB5BD,0xB5BD,0xB5BD,0xB5BD,0xB5BD,0xD6BD,0xD6BD,0xD5BD,
0xB5BD,0x95B5,0x95B5,0xB5BD,0x95B5,0x95B5,0x74B5,0x75B5,0x95BD,0x95B5,0x54B5,0x34AD,0x54AD,0x54AD,0x54AD,0x54AD,
0x74B5,0x95B5,0x95BD,0xB5BD,0xB5BD,0xB5BD,0xB6BD,0xB6BD,0xD6BD,0xD6BD,0xD6BD,0xB6BD,0xB6BD,0xB6BD,0xB6BD,0xB6BD,
0x95BD,0x95BD,0x95B5,0x75B5,0x54B5,0x54AD,0x33AD,0x33AD,0x33AD,0x33AD,0x33AD,0x34AD,0x54AD,0x33AD,0x33AD,0x33AD,
0x13AD,0x13AD,0x13AD,0x14AD,0x14AD,0x14AD,0x34AD,0x34AD,0x54AD,0x54AD,0x54AD,0x54AD,0x34AD,0x34AD,0x34AD,0x54AD,
0x54AD,0x54AD,0x54AD,0x54AD,0x74B5,0x54B5,0x54B5,0x54AD,0x54AD,0x54AD,0x54AD,0x54AD,0x54AD,0x54AD,0x54AD,0x34AD,
0x34AD,0x34AD,0x34AD,0x34AD,0x34AD,0x34AD,0x54AD,0x34AD,0x34AD,0x34AD,0x34AD,0x34AD,0x34AD,0x34AD,0x34AD,0x34AD,
0x74B5,0x74B5,0x74B5,0x74B5,0x74B5,0x74B5,0x74B5,0x54AD,0x54AD,0x53AD,0x53AD,0x33AD,0x33AD,0x54AD,0x74B5,0x74B5,
0x54AD,0x53AD,0x54AD,0x54AD,0x54AD,0x54AD,0x54AD,0x54AD,0x74B5,0x74B5,0x54AD,0x54AD,0x54AD,0x74B5,0x74B5,0x74B5,
0x74B5,0x74B5,0x95B5,0xB5BD,0xB5BD,0x95B5,0x95B5,0x95B5,0x95B5,0x95B5,0x74B5,0x74B5,0x74B5,0x95B5,0xB5BD,0xD5BD,
0xD6BD,0xD5BD,0xB5BD,0x94B5,0x74B5,0x94B5,0x95B5,0x95B5,0x95B5,0xB5BD,0xD6C5,0xF6C5,0xF6C5,0xD6C5,0xD6BD,0xD6C5,
0xD6BD,0xD6C5,0xF6C5,0xF6C5,0xF6C5,0xF6C5,0xD6C5,0xF6C5,0x17CE,0xF6C5,0xD6C5,0xD6C5,0xD6C5,0xD6C5,0xB5BD,0x54B5,
0x95BD,0x95BD,0x74B5,0x95BD,0xB5BD,0xB5BD,0x95BD,0xD6C5,0xD6C5,0xB5BD,0x95BD,0xB5BD,0xB5BD,0xD5BD,0xD6BD,0xF6C5,
0xF6C5,0xD6BD,0xD6BD,0xD6BD,0xF6C5,0xF6C5,0xD6BD,0xD6C5,0xF6C5,0x16CE,0x16CE,0xF6C5,0xD6C5,0xF6C5,0xF6C5,0xF6C5,
0xF6C5,0xF6C5,0x16C6,0x16C6,0x16C6,0x16C6,0x37CE,0x37CE,0x37CE,0x16C6,0x16C6,0x16C6,0x16C6,0x16C6,0xB5BD,0xD6C5,
0x16C6,0x17CE,0x16C6,0xF6C5,0xD6C5,0xD5C5,0xD5C5,0xD6C5,0xB5BD,0x95BD,0x95B5,0x95B5,0xB5BD,0xD6BD,0xF6C5,0xD6BD,
0xB5BD,0xB5BD,0xB5BD,0xB5BD,0x95B5,0x75B5,0x74B5,0x54AD,0x74B5,0x75B5,0x75B5,0x75B5,0x74B5,0x54B5,0x54AD,0x54AD,
0x54AD,0x75B5,0x95B5,0x95BD,0xB5BD,0xB5BD,0x95BD,0x95BD,0xB5BD,0xB6BD,0xB6BD,0xD6BD,0xB6BD,0xD6BD,0xD6BD,0xD6C5,
0xD6C5,0xD6BD,0xB5BD,0xB5BD,0x95BD,0x95B5,0x54B5,0x75B5,0x75B5,0x54B5,0x54AD,0x33AD,0x33AD,0x33AD,0x33AD,0x33AD,
0x13AD,0x13AD,0x13AD,0x14AD,0x14AD,0x34AD,0x34AD,0x54AD,0x54AD,0x75B5,0x75B5,0x55B5,0x54AD,0x54AD,0x54AD,0x54B5,
0x75B5,0x75B5,0x54B5,0x54AD,0x75B5,0x75B5,0x75B5,0x75B5,0x54B5,0x54AD,0x54AD,0x54AD,0x54AD,0x54AD,0x54AD,0x54AD,
0x34AD,0x34AD,0x34AD,0x34AD,0x34AD,0x34AD,0x34AD,0x34AD,0x34AD,0x34AD,0x34AD,0x34AD,0x34AD,0x34AD,0x34AD,0x34AD,
0x74B5,0x54AD,0x53AD,0x54AD,0x74B5,0x94B5,0x95B5,0x95B5,0x95B5,0x95B5,0x94B5,0x74B5,0x95B5,0xB5BD,0xB5BD,0xB5BD,
0x95B5,0x74B5,0x74B5,0x74B5,0x74B5,0x74B5,0x74B5,0x94B5,0xB5BD,0xB5BD,0x95B5,0x95B5,0xB5BD,0xB5BD,0xD5BD,0xD5BD,
0xB5BD,0x95B5,0xB5BD,0xB5BD,0x95B5,0x95B5,0x95B5,0xB5BD,0xB5BD,0xB5BD,0xB5BD,0x95B5,0xB5BD,0xB5BD,0xB5BD,0x95B5,
0x95B5,0xB5BD,0x94B5,0x74B5,0x74B5,0x95B5,0x95B5,0x95B5,0xB5BD,0x95BD,0xB5BD,0xD6C5,0xF6C5,0xF6C5,0xD6C5,0xD6C5,
0xD6BD,0xB5BD,0xF6C5,0xF6C5,0xF6C5,0xD6C5,0xD6C5,0xF6C5,0x17CE,0x17C6,0xF6C5,0x17C6,0xD6C5,0xB5BD,0x95BD,0x74B5,
0x95BD,0x95B5,0x74B5,0x95BD,0xB5BD,0xB5BD,0x95BD,0xD6BD,0xD6BD,0x95BD,0xB5BD,0xD6C5,0xF6C5,0xF6C5,0xF6C5,0xF6C5,
0xD6BD,0xD5BD,0xD5BD,0xD6BD,0xF6C5,0xD6BD,0xD6BD,0xF6C5,0xF6C5,0x17CE,0xF6C5,0xD6C5,0xD6C5,0xF6C5,0xF6C5,0xF6C5,
0xF6C5,0xF6C5,0x16C6,0x16C6,0x16C6,0xF6C5,0x16C6,0x37CE,0x16C6,0x16C6,0x16C6,0xF6C5,0xF6C5,0xF6C5,0x17CE,0x17CE,
0x16CE,0x16C6,0xF6C5,0xF6C5,0x16C6,0xD6C5,0xD5BD,0xD5C5,0xD5BD,0xB5BD,0xB5BD,0xB5BD,0xB5BD,0xD5BD,0xD6BD,0xF6C5,
0xD6BD,0xB5BD,0xB5BD,0xB5BD,0x95B5,0x75B5,0x95B5,0x95BD,0x75B5,0x75B5,0x95B5,0x95B5,0x95B5,0x95B5,0x95B5,0x95B5,
0x75B5,0x74B5,0x95B5,0x95B5,0x95B5,0x95B5,0x95B5,0x95B5,0x95B5,0x95B5,0x95BD,0xB5BD,0xD6BD,0xB6BD,0xB5BD,0x95BD,
0x95BD,0x95BD,0xB5BD,0xB6BD,0xB6BD,0xB5BD,0x95BD,0x95BD,0x95B5,0x74B5,0x54B5,0x34AD,0x33AD,0x34AD,0x34AD,0x33AD,
0x13AD,0x13AD,0x13AD,0x14AD,0x13A5,0x13A5,0x13A5,0x14AD,0x34AD,0x54AD,0x54AD,0x55B5,0x55B5,0x55B5,0x55B5,0x75B5,
0x75B5,0x75B5,0x55B5,0x54AD,0x54B5,0x54B5,0x54AD,0x54AD,0x54AD,0x54AD,0x34AD,0x34AD,0x34AD,0x54AD,0x34AD,0x54AD,
0x54AD,0x34AD,0x34AD,0x34AD,0x34AD,0x34AD,0x34AD,0x34AD,0x34AD,0x34AD,0x34AD,0x34AD,0x34AD,0x34AD,0x34AD,0x34AD,
0x54AD,0x53AD,0x33AD,0x54AD,0x74B5,0x95B5,0x95B5,0xB5BD,0xB5BD,0xB5BD,0xB5BD,0xB5BD,0xB5BD,0xB5BD,0xB5BD,0xB5BD,
0xB5BD,0xB5BD,0xB5BD,0xB5BD,0xB5BD,0xB5BD,0xD5BD,0xD6BD,0xD6BD,0xB5BD,0xB5BD,0xB5BD,0xD6BD,0xD6BD,0xD6BD,0xD5BD,
0xD5BD,0xB5BD,0xB5BD,0xB5BD,0xD5BD,0xD5BD,0xB5BD,0xB5BD,0xD5BD,0xD6BD,0xD6BD,0xB5BD,0xB5BD,0x95B5,0x74B5,0x95B5,
0x94B5,0x74B5,0x54AD,0x74B5,0x95B5,0x95B5,0x94B5,0x74B5,0x95B5,0xB5BD,0xD6BD,0xD6C5,0xF6C5,0xF6C5,0xD6C5,0xD6C5,
0xD6C5,0xB5BD,0xB5BD,0xB5BD,0xB5BD,0xB5BD,0xD6C5,0x17C6,0x17CE,0xF6C5,0xD6C5,0xF6C5,0xF6C5,0xB5BD,0x95BD,0x95BD,
0xD6BD,0xB5BD,0x95BD,0xB5BD,0xB5BD,0x95BD,0x74B5,0x95BD,0xB5BD,0xB5BD,0xB5BD,0xB5BD,0xD6BD,0x17C6,0x37CE,0xF6C5,
0xD6BD,0xB5BD,0xB5BD,0xB5BD,0xD6BD,0xD6BD,0xD6BD,0xD6C5,0xD6C5,0xF6C5,0xF6C5,0xF6C5,0xF6C5,0xF6C5,0xF6C5,0xF6C5,
0xF6C5,0xF6C5,0xF6C5,0xD6BD,0xD6BD,0xF6C5,0xF6C5,0xF6C5,0xF6C5,0x16C6,0xF6C5,0xF6C5,0xF6C5,0xF6C5,0xF6C5,0xF6C5,
0x16C6,0xF6C5,0xF6C5,0xD5C5,0xD5BD,0xB5BD,0xB5BD,0xB5BD,0xB5BD,0xB5BD,0xD5BD,0xD6BD,0xB5BD,0xB5BD,0xF6C5,0xD6BD,
0xB5BD,0xD5BD,0xD5BD,0xB5BD,0xB5BD,0x95B5,0xB5BD,0xB5BD,0x95B5,0x95B5,0x95B5,0x95BD,0xB5BD,0x95BD,0x75B5,0x75B5,
0x75B5,0x75B5,0x75B5,0x75B5,0x75B5,0x75B5,0x75B5,0x75B5,0x74B5,0x74B5,0x95B5,0xB5BD,0xD6BD,0xB5BD,0x95BD,0x75B5,
0x95BD,0x95BD,0x95BD,0x95BD,0x95BD,0x95BD,0x95BD,0x95BD,0x95BD,0x95BD,0x95BD,0x75B5,0x74B5,0x54B5,0x54AD,0x34AD,
0x33AD,0x13AD,0x13AD,0x14AD,0x14AD,0x14AD,0x13A5,0x13A5,0x14AD,0x34AD,0x34AD,0x34AD,0x54AD,0x54AD,0x54AD,0x54AD,
0x54AD,0x54AD,0x54AD,0x54AD,0x54AD,0x54AD,0x55B5,0x75B5,0x54AD,0x54AD,0x54AD,0x54AD,0x54AD,0x34AD,0x34AD,0x54AD,
0x54AD,0x54AD,0x54AD,0x34AD,0x34AD,0x54AD,0x54AD,0x34AD,0x34AD,0x34AD,0x14AD,0x13A5,0x13A5,0x13A5,0x13A5,0x13A5,
0x74B5,0x94B5,0x95B5,0x95B5,0x95B5,0x95B5,0xB5BD,0xB5BD,0xB5BD,0xB5BD,0xB5BD,0xB5BD,0xD5BD,0xD5BD,0xD5BD,0xD5BD,
0xD5BD,0xB5BD,0xB5BD,0xB5BD,0xD5BD,0xD5BD,0xD5BD,0xF6C5,0xF6C5,0xF6C5,0xD6BD,0xD5BD,0xD6BD,0xB5BD,0xB5BD,0xD6BD,
0xD6BD,0xF6C5,0xF6C5,0xF6C5,0xD6BD,0xD5BD,0xD5BD,0xD6BD,0xD5BD,0xD5BD,0xB5BD,0xB5BD,0x94B5,0x74B5,0x74B5,0x74B5,
0x74B5,0x74B5,0x74B5,0xB5BD,0xB5BD,0xB5BD,0xB5BD,0x95B5,0xB5BD,0xB5BD,0xB5BD,0xB5BD,0xB5BD,0xB5BD,0xB5BD,0xD6C5,
0xD6C5,0xD6BD,0xB5BD,0x95BD,0xB5BD,0xD6C5,0xD6C5,0xF6C5,0xF6C5,0xD6C5,0xB5BD,0xD6BD,0xD6C5,0xD6BD,0xB5BD,0xD6C5,
0xD6C5,0xB5BD,0x95BD,0x95B5,0x74B5,0x74B5,0x74B5,0x74B5,0x74B5,0x54B5,0x74B5,0x74B5,0x95B5,0xD6BD,0xF6C5,0xF6C5,
0xD6BD,0xD5BD,0xB5BD,0xB5BD,0xB5BD,0xB5BD,0x95B5,0x95BD,0xB5BD,0xB6BD,0xB6BD,0xB6BD,0xB6BD,0xD6BD,0xD6BD,0xD6C5,
0xD6C5,0xD6C5,0xD6BD,0xD6BD,0xD6BD,0xF6C5,0xF6C5,0xF6C5,0xF6C5,0xF6C5,0xD6BD,0xD6BD,0xD6BD,0xD6BD,0xD5BD,0xD6C5,
0xF6C5,0xF6C5,0xD6C5,0xD6C5,0xB5BD,0xB5BD,0xB5BD,0xB5BD,0xB5BD,0xB5BD,0xD5BD,0xD6BD,0xD5BD,0xB5BD,0xB5BD,0xB5BD,
0xB5BD,0xB5BD,0xB5BD,0xB5BD,0xB5BD,0xD6BD,0xB6BD,0xB6BD,0xB6BD,0xB5BD,0x95BD,0xB5BD,0xB6BD,0xB5BD,0x95B5,0x75B5,
0x95B5,0x95B5,0x95B5,0x95B5,0x95B5,0x95B5,0x75B5,0x75B5,0x74B5,0x74B5,0x75B5,0x95B5,0xB5BD,0x95BD,0x95B5,0x75B5,
0x95B5,0x95B5,0x75B5,0x75B5,0x95B5,0x95B5,0x95BD,0x95BD,0xB5BD,0xB5BD,0xB5BD,0x95BD,0x95BD,0x75B5,0x74B5,0x54B5,
0x34AD,0x13AD,0x13AD,0x13A5,0x13A5,0x13A5,0x14AD,0x14AD,0x14AD,0x14AD,0x14AD,0x34AD,0x34AD,0x34AD,0x34AD,0x34AD,
0x34AD,0x34AD,0x34AD,0x34AD,0x54AD,0x54AD,0x55B5,0x55B5,0x55B5,0x55AD,0x54AD,0x54AD,0x54AD,0x54AD,0x54AD,0x54AD,
0x54AD,0x54AD,0x54AD,0x54AD,0x54AD,0x54AD,0x54AD,0x54AD,0x34AD,0x34AD,0x34AD,0x34AD,0x34AD,0x34AD,0x34AD,0x34AD,
0x54AD,0x74B5,0x74B5,0x74B5,0x74B5,0x74B5,0x94B5,0x95B5,0x95B5,0x95B5,0x95B5,0x95B5,0x95B5,0x95B5,0x95B5,0x95B5,
0x95B5,0x95B5,0x95B5,0xB5BD,0xB5BD,0xB5BD,0xB5BD,0xB5BD,0xB5BD,0xD5BD,0xB5BD,0xD6BD,0xD6BD,0xD6BD,0xD6BD,0xD6BD,
0xD6BD,0xD6BD,0xD6BD,0xD6BD,0xD5BD,0xB5BD,0xD5BD,0xD6BD,0xD6BD,0xD6BD,0xD5BD,0xB5BD,0x95B5,0x95B5,0x95B5,0x94B5,
0x54AD,0x54AD,0x74B5,0x95B5,0xB5BD,0xB5BD,0xB5BD,0x95B5,0xB5BD,0xB5BD,0xB5BD,0xB5BD,0xB5BD,0xB5BD,0xB5BD,0xB5BD,
0x95BD,0x95B5,0x95BD,0xB5BD,0xD6C5,0xD6C5,0xB5BD,0xD6C5,0xF6C5,0xF6C5,0xD6C5,0xB5BD,0xD6C5,0xB5BD,0x95BD,0xB5BD,
0x95BD,0x95BD,0x95B5,0x74B5,0x74B5,0x95BD,0x95B5,0x74B5,0x74B5,0x74B5,0x95B5,0x95BD,0x95B5,0xB5BD,0xD6BD,0xF6C5,
0xF6C5,0xD6BD,0xB5BD,0x95B5,0x74B5,0x74B5,0x74B5,0x74B5,0x75B5,0x95BD,0x95BD,0x95BD,0x95B5,0x95BD,0x95BD,0x95BD,
0x95BD,0x95BD,0x95BD,0xB5BD,0xB5BD,0xD5BD,0xD5BD,0xD6BD,0xB5BD,0xB5BD,0xB5BD,0xD5BD,0xD6BD,0xD6BD,0xD6C5,0xD6C5,
0xD6C5,0xD6C5,0xD5C5,0xD5C5,0xD5C5,0xD5C5,0xD5C5,0xD5C5,0xD5C5,0xD5BD,0xB5BD,0x95B5,0xB5BD,0xB5BD,0xB5BD,0xB5BD,
0xB5BD,0xB5BD,0xB5BD,0xD5BD,0xD6BD,0xB6BD,0x95B5,0x95B5,0x95BD,0x95B5,0x95B5,0xB6BD,0xD6BD,0xB6BD,0x95B5,0x95B5,
0x95B5,0x95B5,0x95B5,0x95B5,0x95B5,0x95B5,0x75B5,0x75B5,0x74B5,0x75B5,0x75B5,0x75B5,0x95BD,0x95BD,0x95B5,0x75B5,
0x75B5,0x75B5,0x75B5,0x75B5,0x75B5,0x75B5,0x95B5,0x95BD,0x95BD,0x95BD,0x95BD,0x95BD,0x95B5,0x95BD,0x95B5,0x74B5,
0x54B5,0x34AD,0x34AD,0x34AD,0x34AD,0x34AD,0x14AD,0x14AD,0x34AD,0x14AD,0x14AD,0x34AD,0x34AD,0x34AD,0x14AD,0x14AD,
0x14AD,0x14AD,0x14AD,0x14AD,0x14AD,0x14AD,0x14AD,0x14AD,0x34AD,0x34AD,0x34AD,0x34AD,0x34AD,0x34AD,0x34AD,0x14AD,
0x34AD,0x34AD,0x54AD,0x55B5,0x75B5,0x54AD,0x54AD,0x54AD,0x34AD,0x34AD,0x34AD,0x34AD,0x34AD,0x34AD,0x34AD,0x14AD,
0x12A5,0x13A5,0x33AD,0x33AD,0x33AD,0x33AD,0x33AD,0x53AD,0x54AD,0x54AD,0x54AD,0x54AD,0x54AD,0x54AD,0x54AD,0x54AD,
0x54AD,0x74B5,0x74B5,0x74B5,0x74B5,0x74B5,0x74B5,0x74B5,0x74B5,0x74B5,0x74B5,0x95B5,0xB5BD,0xB5BD,0xB5BD,0x95B5,
0x95B5,0x95B5,0x95B5,0x95B5,0xB5BD,0xB5BD,0xB5BD,0xB5BD,0xD5BD,0xD6BD,0xD5BD,0xB5BD,0xB5BD,0x95B5,0x74B5,0x74B5,
0x74B5,0x74B5,0x94B5,0x95B5,0x95B5,0xB5BD,0xB5BD,0xB5BD,0xD6BD,0xB5BD,0xB5BD,0xD6BD,0xD6BD,0xB5BD,0xB5BD,0x95BD,
0x95BD,0xB5BD,0xB5BD,0xD6BD,0xD6C5,0xD6C5,0xB5BD,0x95BD,0xB5BD,0x95BD,0x95BD,0x95BD,0xB5BD,0x74B5,0x74B5,0x95B5,
0x95BD,0x95BD,0x95BD,0x74B5,0x95B5,0xB5BD,0xB5BD,0x95BD,0x95BD,0x95BD,0xB5BD,0xB5BD,0xB5BD,0x74B5,0x95B5,0xD6BD,
0xF6C5,0xD5BD,0x95B5,0x74B5,0x54AD,0x54AD,0x54AD,0x74B5,0x75B5,0x75B5,0x75B5,0x75B5,0x75B5,0x95BD,0x95BD,0x95BD,
0x75B5,0x75B5,0x75B5,0x94B5,0x94B5,0x95B5,0x95B5,0x95B5,0x95B5,0x95B5,0x94B5,0x94B5,0x74B5,0x74B5,0x74B5,0x74B5,
0x74B5,0x94B5,0x94BD,0x95BD,0xB5BD,0xB5BD,0xB5BD,0x95BD,0x95BD,0x95B5,0x74B5,0x74B5,0x95B5,0x95B5,0x74B5,0x74B5,
0x95B5,0x94B5,0x94B5,0x95B5,0xB5BD,0xB5BD,0x74B5,0x54B5,0x75B5,0x75B5,0x54B5,0x74B5,0x95B5,0x95B5,0x75B5,0x75B5,
0x75B5,0x75B5,0x75B5,0x75B5,0x75B5,0x75B5,0x74B5,0x74B5,0x75B5,0x75B5,0x74B5,0x74B5,0x75B5,0x75B5,0x75B5,0x75B5,
0x75B5,0x74B5,0x74B5,0x74B5,0x74B5,0x75B5,0x75B5,0x75B5,0x95B5,0x95BD,0x95BD,0x95BD,0x95B5,0x75B5,0x75B5,0x75B5,
0x75B5,0x75B5,0x75B5,0x55B5,0x54AD,0x54AD,0x34AD,0x34AD,0x34AD,0x34AD,0x34AD,0x34AD,0x34AD,0x34AD,0x14AD,0x14AD,
0x14AD,0x14AD,0x14AD,0x14AD,0x14A5,0xF3A4,0xF3A4,0xF3A4,0x14A5,0x14AD,0x34AD,0x34AD,0x34AD,0x14AD,0x14AD,0x13A5,
0x13A5,0x14AD,0x34AD,0x54AD,0x54AD,0x54AD,0x54AD,0x54AD,0x54AD,0x54AD,0x54AD,0x54AD,0x34AD,0x34AD,0x34AD,0x13A5,
0x54AD,0x54AD,0x53AD,0x33AD,0x33AD,0x33AD,0x33AD,0x33AD,0x33AD,0x53AD,0x33AD,0x33AD,0x54AD,0x54AD,0x54AD,0x53AD,
0x33AD,0x13A5,0x33AD,0x12A5,0x54AD,0x54AD,0x33AD,0x54AD,0x33AD,0x33AD,0x33AD,0x33AD,0x33AD,0x33AD,0x33AD,0x33AD,
0x54AD,0x33AD,0x33AD,0x33AD,0x53AD,0x54AD,0x74B5,0x74B5,0x74B5,0x74B5,0x95B5,0xB5BD,0x95B5,0x74B5,0x54AD,0x54AD,
0x54AD,0x74B5,0x95B5,0xB5BD,0xB5BD,0xB5BD,0xD5BD,0xD6BD,0xB5BD,0xB5BD,0xB5BD,0xB5BD,0xB5BD,0xB5BD,0xB5BD,0xB5BD,
0xB5BD,0xB5BD,0xB5BD,0xB5BD,0xB5BD,0xD6BD,0xB5BD,0x95B5,0x95B5,0x95BD,0x94B5,0x74B5,0x94B5,0x74B5,0x74B5,0x94B5,
0x95B5,0x95B5,0x74B5,0x74B5,0x74B5,0x95B5,0x95B5,0x95B5,0x95B5,0x95B5,0x94B5,0x95B5,0x75B5,0x54AD,0x54AD,0x54B5,
0x95B5,0x95B5,0x74B5,0x54AD,0x34AD,0x54AD,0x74B5,0x74B5,0x74B5,0x74B5,0x74B5,0x54B5,0x54B5,0x74B5,0x75B5,0x75B5,
0x75B5,0x95B5,0x95B5,0x95B5,0x95B5,0x95B5,0x95B5,0x95B5,0x95B5,0x95B5,0x74B5,0x54AD,0x54AD,0x54AD,0x54B5,0x54B5,
0x54B5,0x74B5,0x74B5,0x94B5,0x95B5,0x94B5,0x74B5,0x74B5,0x74B5,0x74B5,0x54AD,0x74B5,0x95B5,0x74B5,0x53AD,0x54AD,
0x74B5,0x74B5,0x74B5,0x74B5,0x74B5,0x75B5,0x74B5,0x54AD,0x54AD,0x54B5,0x54B5,0x54AD,0x54B5,0x54B5,0x54B5,0x54B5,
0x54AD,0x54AD,0x54AD,0x54AD,0x54AD,0x54AD,0x54AD,0x54AD,0x54B5,0x74B5,0x75B5,0x95B5,0x54AD,0x54AD,0x54B5,0x74B5,
0x74B5,0x74B5,0x74B5,0x74B5,0x74B5,0x75B5,0x75B5,0x75B5,0x75B5,0x75B5,0x75B5,0x75B5,0x75B5,0x75B5,0x75B5,0x75B5,
0x75B5,0x75B5,0x75B5,0x54AD,0x54AD,0x34AD,0x34AD,0x34AD,0x34AD,0x34AD,0x34AD,0x34AD,0x34AD,0x34AD,0x34AD,0x34AD,
0x34AD,0x34AD,0x34AD,0x14AD,0x34AD,0x14AD,0x14AD,0x14A5,0x14A5,0x13A5,0x13A5,0x13A5,0x14AD,0x14AD,0x13A5,0x13A5,
0x13A5,0x13A5,0x14AD,0x34AD,0x34AD,0x54AD,0x54AD,0x54AD,0x54AD,0x54AD,0x54AD,0x54AD,0x54AD,0x54AD,0x34AD,0x34AD,
0x94B5,0x74B5,0x74B5,0x74B5,0x54AD,0x54AD,0x54AD,0x74B5,0x74B5,0x74B5,0x74B5,0x74B5,0x74B5,0x95B5,0xB5BD,0x95B5,
0x74B5,0x54AD,0x74B5,0x13A5,0x13A5,0xF2A4,0xF2A4,0x33AD,0x53AD,0x54AD,0x33AD,0x13A5,0x13A5,0x13A5,0x12A5,0x13A5,
0x13A5,0xF2A4,0xF2A4,0xF2A4,0x12A5,0x13A5,0x33AD,0x33AD,0x33AD,0x54AD,0x74B5,0x74B5,0x54AD,0x53AD,0x33AD,0x53AD,
0x54AD,0x74B5,0x74B5,0x74B5,0x54AD,0x54AD,0x74B5,0x74B5,0x74B5,0x54B5,0x54B5,0x54B5,0x74B5,0x74B5,0x54B5,0x74B5,
0x74B5,0x74B5,0x74B5,0x74B5,0x74B5,0x95B5,0x95B5,0x54AD,0x74B5,0x74B5,0x54AD,0x74AD,0x54AD,0x74AD,0x74B5,0x74AD,
0x95B5,0x95B5,0x74B5,0x74B5,0x74B5,0x94B5,0x95B5,0x94B5,0x74B5,0x74B5,0x74AD,0x54AD,0x54B5,0x54AD,0x54AD,0x54AD,
0x54AD,0x54AD,0x54B5,0x54B5,0x54B5,0x54B5,0x54B5,0x54B5,0x54AD,0x54AD,0x34AD,0x34AD,0x34AD,0x54AD,0x54B5,0x54B5,
0x54B5,0x54B5,0x54B5,0x74B5,0x74B5,0x74B5,0x74B5,0x74B5,0x74B5,0x74B5,0x54AD,0x54AD,0x54AD,0x54AD,0x54AD,0x54AD,
0x53AD,0x53AD,0x54AD,0x54AD,0x54AD,0x54AD,0x54AD,0x54AD,0x54AD,0x33AD,0x33AD,0x74B5,0x94B5,0x95B5,0x95B5,0x74B5,
0x54AD,0x54AD,0x54AD,0x54AD,0x54AD,0x54AD,0x54AD,0x54AD,0x54AD,0x54AD,0x34AD,0x54AD,0x54AD,0x54AD,0x54AD,0x54AD,
0x34AD,0x34AD,0x34AD,0x34AD,0x34AD,0x34AD,0x34AD,0x54AD,0x54AD,0x54AD,0x54AD,0x54AD,0x34AD,0x34AD,0x33AD,0x34AD,
0x54AD,0x54B5,0x74B5,0x74B5,0x74B5,0x75B5,0x75B5,0x75B5,0x75B5,0x75B5,0x75B5,0x75B5,0x75B5,0x54AD,0x54AD,0x54AD,
0x54AD,0x54AD,0x54AD,0x54AD,0x34AD,0x34AD,0x34AD,0x34AD,0x34AD,0x54AD,0x54AD,0x54AD,0x54AD,0x54AD,0x34AD,0x34AD,
0x54AD,0x54AD,0x34AD,0x34AD,0x34AD,0x34AD,0x34AD,0x34AD,0x34AD,0x14AD,0x13A5,0x34AD,0x54AD,0x54AD,0x34AD,0x34AD,
0x34AD,0x34AD,0x34AD,0x34AD,0x34AD,0x34AD,0x34AD,0x34AD,0x34AD,0x34AD,0x34AD,0x13A5,0x34AD,0x34AD,0x54AD,0x55B5,
0x95B5,0x95B5,0x95B5,0x95B5,0x74B5,0x74B5,0x95B5,0xB5BD,0x95B5,0x95B5,0xB5BD,0xD6BD,0xD6BD,0xB5BD,0xB5BD,0xB5BD,
0xB5BD,0xB5BD,0xD6BD,0x95B5,0x33AD,0x508C,0xEE83,0xD29C,0x95B5,0xD6BD,0xB5BD,0x74B5,0x53AD,0x74B5,0x54AD,0x54AD,
0x54AD,0x33AD,0x33AD,0x33AD,0x33AD,0x33AD,0x53AD,0x54AD,0x53AD,0x54AD,0x54AD,0x54AD,0x33AD,0x33AD,0x33AD,0x33AD,
0x53AD,0x53AD,0x33AD,0x33AD,0x33AD,0x33AD,0x33AD,0x54AD,0x54AD,0x54AD,0x33AD,0x33AD,0x54B5,0x54B5,0x54B5,0x33AD,
0x33AD,0x33AD,0x33AD,0x33AD,0x33AD,0x54AD,0x53AD,0x13A5,0x13A5,0x33AD,0x13A5,0x13A5,0x13A5,0x13A5,0x13A5,0x13A5,
0x33AD,0x33AD,0x33AD,0x33AD,0x33AD,0x33AD,0x54AD,0x54AD,0x54AD,0x54AD,0x54AD,0x54AD,0x54B5,0x54B5,0x74B5,0x54AD,
0x54AD,0x54AD,0x74B5,0x75B5,0x75B5,0x75B5,0x54B5,0x54B5,0x54B5,0x54AD,0x54AD,0x34AD,0x34AD,0x54AD,0x54AD,0x54B5,
0x54B5,0x54B5,0x54B5,0x54AD,0x54AD,0x54AD,0x54AD,0x54AD,0x54AD,0x54AD,0x34AD,0x34AD,0x54AD,0x54B5,0x54AD,0x54AD,
0x33AD,0x33AD,0x33AD,0x33AD,0x33AD,0x33AD,0x33AD,0x33AD,0x33AD,0x13A5,0x13A5,0x33AD,0x54AD,0x54AD,0x54AD,0x53AD,
0x33AD,0x33AD,0x33AD,0x33AD,0x33AD,0x34AD,0x54AD,0x54AD,0x54AD,0x34AD,0x33AD,0x34AD,0x34AD,0x34AD,0x34AD,0x34AD,
0x34AD,0x34AD,0x34AD,0x34AD,0x34AD,0x34AD,0x33AD,0x34AD,0x54AD,0x34AD,0x33AD,0x33AD,0x54AD,0x34AD,0x33AD,0x34AD,
0x54AD,0x54B5,0x54B5,0x54B5,0x54B5,0x74B5,0x74B5,0x54B5,0x54AD,0x54AD,0x54AD,0x54AD,0x54AD,0x54AD,0x54AD,0x54AD,
0x54AD,0x54AD,0x54AD,0x34AD,0x34AD,0x34AD,0x34AD,0x34AD,0x34AD,0x34AD,0x34AD,0x34AD,0x34AD,0x34AD,0x34AD,0x34AD,
0x54AD,0x54AD,0x54AD,0x54AD,0x54AD,0x54AD,0x54AD,0x54AD,0x34AD,0x34AD,0x54AD,0x75B5,0x75B5,0x95B5,0x75B5,0x75B5,
0x75B5,0x75B5,0x75B5,0x75B5,0x75B5,0x54AD,0x34AD,0x34AD,0x34AD,0x14AD,0x13A5,0x13A5,0x13A5,0x13A5,0x13A5,0x14AD,
0x95B5,0xB5BD,0xB5BD,0xB5BD,0x95B5,0x95B5,0xB5BD,0xB5BD,0x95B5,0x74B5,0x95B5,0xD6BD,0xD6BD,0xB5BD,0x95B5,0xB5BD,
0xD6BD,0xB5BD,0xB5BD,0x95B5,0x94B5,0x9194,0x2F8C,0x13A5,0x17C6,0x37CE,0xF6C5,0xD5BD,0x95B5,0x95B5,0x94B5,0x95B5,
0xB5BD,0x95B5,0x74B5,0x74B5,0x74B5,0x74B5,0x54AD,0x54AD,0x54AD,0x54AD,0x74B5,0x74B5,0x74B5,0x74B5,0x74B5,0x74B5,
0x54AD,0x54AD,0x54AD,0x54AD,0x54AD,0x53AD,0x54AD,0x74B5,0x74B5,0x54B5,0x54B5,0x33AD,0x54B5,0x54B5,0x33AD,0x54AD,
0x54AD,0x54AD,0x54AD,0x54AD,0x54AD,0x54AD,0x53AD,0x13A5,0x13A5,0x33AD,0x13A5,0x13A5,0x13A5,0x13A5,0x13A5,0x13A5,
0x33AD,0x33AD,0x13A5,0x13A5,0x13A5,0x13A5,0x33AD,0x33AD,0x33AD,0x33AD,0x33AD,0x54AD,0x54AD,0x54AD,0x54AD,0x54AD,
0x54AD,0x54AD,0x54AD,0x54AD,0x54B5,0x54AD,0x54AD,0x54B5,0x54B5,0x54B5,0x54AD,0x54AD,0x34AD,0x34AD,0x54AD,0x54AD,
0x54B5,0x54B5,0x54B5,0x54AD,0x54AD,0x54AD,0x54AD,0x54AD,0x54AD,0x54AD,0x34AD,0x54AD,0x54B5,0x74B5,0x74B5,0x54AD,
0x53AD,0x53AD,0x53AD,0x53AD,0x53AD,0x54AD,0x54AD,0x54AD,0x33AD,0x33AD,0x33AD,0x33AD,0x53AD,0x53AD,0x53AD,0x33AD,
0x53AD,0x33AD,0x33AD,0x33AD,0x13A5,0x33AD,0x33AD,0x13AD,0x13AD,0x13AD,0x33AD,0x34AD,0x34AD,0x34AD,0x34AD,0x34AD,
0x33AD,0x33AD,0x33AD,0x33AD,0x33AD,0x33AD,0x33AD,0x33AD,0x33AD,0x33AD,0x33AD,0x34AD,0x34AD,0x34AD,0x34AD,0x33AD,
0x34AD,0x34AD,0x34AD,0x34AD,0x34AD,0x54AD,0x54AD,0x54AD,0x54AD,0x54AD,0x54AD,0x54AD,0x54AD,0x34AD,0x34AD,0x34AD,
0x34AD,0x34AD,0x34AD,0x34AD,0x34AD,0x34AD,0x34AD,0x54AD,0x34AD,0x34AD,0x34AD,0x34AD,0x34AD,0x34AD,0x14AD,0x14AD,
0x34AD,0x34AD,0x54AD,0x34AD,0x54AD,0x54AD,0x54AD,0x54AD,0x34AD,0x34AD,0x34AD,0x54AD,0x75B5,0x75B5,0x55B5,0x54AD,
0x54AD,0x54AD,0x54AD,0x55B5,0x75B5,0x54AD,0x54AD,0x34AD,0x34AD,0x14AD,0x13A5,0x14AD,0x13A5,0x13A5,0x13A5,0x13A5,
0x95B5,0xB5BD,0xB5BD,0xB5BD,0x95B5,0x95B5,0xB5BD,0xD5BD,0x95B5,0x74B5,0x95B5,0x95B5,0x95B5,0xB5BD,0xB5BD,0xB5BD,
0xD5BD,0xB5BD,0x95B5,0x94B5,0xB5BD,0x74B5,0x54AD,0x74B5,0xF6C5,0xF6C5,0xD6BD,0xF6C5,0xD6BD,0xB5BD,0xB5BD,0xD5BD,
0xF6C5,0xD6BD,0xD6BD,0xB5BD,0xB5BD,0xB5BD,0xB5BD,0x95B5,0x95B5,0x95B5,0x95B5,0x95B5,0x95B5,0x95B5,0x95B5,0x94B5,
0x74B5,0x74B5,0x74B5,0x74B5,0x74B5,0x74B5,0x74B5,0x95B5,0x95B5,0x74B5,0x74B5,0x74B5,0x74B5,0x74B5,0x54B5,0x74B5,
0x54B5,0x54B5,0x54B5,0x54B5,0x54B5,0x54AD,0x54AD,0x54AD,0x54AD,0x54AD,0x33AD,0x33AD,0x33AD,0x33AD,0x33AD,0x33AD,
0x53AD,0x33AD,0x33AD,0x54AD,0x53AD,0x33AD,0x33AD,0x33AD,0x33AD,0x33AD,0x33AD,0x33AD,0x34AD,0x33AD,0x33AD,0x34AD,
0x54AD,0x54AD,0x54AD,0x54AD,0x54AD,0x54AD,0x54AD,0x34AD,0x34AD,0x34AD,0x34AD,0x34AD,0x33AD,0x34AD,0x34AD,0x34AD,
0x54AD,0x54AD,0x54B5,0x54AD,0x54AD,0x54AD,0x54AD,0x54AD,0x54AD,0x54AD,0x34AD,0x54AD,0x74B5,0x95B5,0x74B5,0x54AD,
0x54AD,0x54AD,0x54AD,0x54AD,0x54AD,0x74B5,0x74B5,0x74B5,0x54AD,0x53AD,0x33AD,0x33AD,0x33AD,0x33AD,0x33AD,0x54AD,
0x54AD,0x53AD,0x53AD,0x53AD,0x53AD,0x54AD,0x34AD,0x33AD,0x33AD,0x34AD,0x34AD,0x54AD,0x54AD,0x34AD,0x34AD,0x33AD,
0x33AD,0x34AD,0x34AD,0x33AD,0x33AD,0x33AD,0x33AD,0x33AD,0x13AD,0x13AD,0x33AD,0x34AD,0x33AD,0x33AD,0x33AD,0x33AD,
0x13AD,0x13AD,0x33AD,0x34AD,0x34AD,0x34AD,0x34AD,0x54AD,0x54AD,0x54AD,0x54AD,0x54AD,0x54AD,0x34AD,0x34AD,0x34AD,
0x34AD,0x34AD,0x34AD,0x34AD,0x34AD,0x34AD,0x34AD,0x54AD,0x34AD,0x34AD,0x34AD,0x34AD,0x34AD,0x34AD,0x14AD,0x34AD,
0x34AD,0x34AD,0x54AD,0x54AD,0x34AD,0x34AD,0x34AD,0x34AD,0x34AD,0x34AD,0x14AD,0x34AD,0x34AD,0x34AD,0x34AD,0x34AD,
0x54AD,0x34AD,0x34AD,0x54AD,0x75B5,0x54AD,0x54AD,0x34AD,0x34AD,0x34AD,0x34AD,0x34AD,0x34AD,0x34AD,0x34AD,0x34AD,
0xB5BD,0xD5BD,0xD6BD,0xD5BD,0xB5BD,0xB5BD,0xB5BD,0xB5BD,0xB5BD,0x94B5,0x95B5,0x74B5,0x74B5,0x95B5,0xB5BD,0xB5BD,
0xB5BD,0x95B5,0x74B5,0x74B5,0x95B5,0xB5BD,0xB5BD,0x95B5,0x95B5,0xB5BD,0xB5BD,0xB5BD,0xB5BD,0x95B5,0x95B5,0xB5BD,
0xD6BD,0xD6BD,0xD6BD,0xB5BD,0xB5BD,0xB5BD,0xB5BD,0x95B5,0x95B5,0x95B5,0x74B5,0x74B5,0x95B5,0x95B5,0x95B5,0x95B5,
0xB5BD,0xB5BD,0xB5BD,0xB5BD,0xB5BD,0xB5BD,0xB5BD,0xB5BD,0xB5BD,0xB5BD,0x95BD,0x95BD,0x95BD,0x95B5,0x74B5,0x95BD,
0x74B5,0x74B5,0x74B5,0x74B5,0x74B5,0x74B5,0x74B5,0x95B5,0x95B5,0x74B5,0x74B5,0x54AD,0x33AD,0x33AD,0x33AD,0x54AD,
0x54AD,0x54AD,0x54AD,0x74B5,0x74B5,0x54AD,0x33AD,0x33AD,0x33AD,0x33AD,0x33AD,0x33AD,0x34AD,0x33AD,0x33AD,0x34AD,
0x54AD,0x54AD,0x54AD,0x54AD,0x54AD,0x54AD,0x54AD,0x34AD,0x33AD,0x33AD,0x33AD,0x33AD,0x33AD,0x34AD,0x34AD,0x34AD,
0x54AD,0x54AD,0x54B5,0x54AD,0x54AD,0x54AD,0x54AD,0x54AD,0x54B5,0x54AD,0x34AD,0x54AD,0x74B5,0x95B5,0x74B5,0x54AD,
0x54AD,0x54AD,0x54AD,0x54AD,0x54AD,0x74B5,0x74B5,0x74B5,0x74B5,0x74B5,0x74B5,0x74B5,0x74B5,0x74B5,0x74B5,0x74B5,
0x74B5,0x54AD,0x54AD,0x54AD,0x54AD,0x74B5,0x54B5,0x54AD,0x54AD,0x54AD,0x54AD,0x74B5,0x54B5,0x54AD,0x54AD,0x34AD,
0x33AD,0x33AD,0x33AD,0x33AD,0x33AD,0x33AD,0x33AD,0x33AD,0x33AD,0x33AD,0x33AD,0x33AD,0x33AD,0x33AD,0x33AD,0x33AD,
0x13AD,0x33AD,0x33AD,0x34AD,0x34AD,0x34AD,0x34AD,0x54AD,0x54AD,0x54AD,0x34AD,0x34AD,0x34AD,0x34AD,0x34AD,0x34AD,
0x34AD,0x34AD,0x34AD,0x34AD,0x34AD,0x34AD,0x34AD,0x34AD,0x34AD,0x34AD,0x34AD,0x34AD,0x34AD,0x34AD,0x34AD,0x34AD,
0x34AD,0x34AD,0x54AD,0x54AD,0x34AD,0x34AD,0x34AD,0x34AD,0x34AD,0x34AD,0x34AD,0x34AD,0x14AD,0x14AD,0x14AD,0x13A5,
0x14AD,0x14AD,0x13A5,0x13A5,0x34AD,0x54AD,0x54AD,0x54AD,0x34AD,0x34AD,0x34AD,0x34AD,0x34AD,0x34AD,0x34AD,0x34AD,
0x74B5,0x95B5,0x95B5,0x95B5,0x95B5,0x95B5,0x95B5,0xB5BD,0x95B5,0x74B5,0x74B5,0x74B5,0x74B5,0x95B5,0x95B5,0x95B5,
0x95B5,0x95B5,0x74B5,0x74B5,0x95B5,0x95B5,0x95B5,0xD5BD,0x95B5,0x94B5,0xB5BD,0x95B5,0x74B5,0x74B5,0x74B5,0x95B5,
0x95B5,0xB5BD,0xB5BD,0xB5BD,0x95B5,0x94B5,0x95B5,0x95B5,0x74B5,0x54AD,0x33AD,0x33AD,0x54AD,0x74B5,0xB5BD,0xB5BD,
0xD5BD,0xD6BD,0xF6C5,0xF6C5,0xF6C5,0xF6C5,0xF6C5,0xF6C5,0xF6C5,0xD6C5,0xD6C5,0xD6BD,0xB5BD,0xB5BD,0xB5BD,0xB5BD,
0xB5BD,0x95BD,0x95BD,0x74B5,0x74B5,0x94B5,0x95B5,0xB5BD,0xB5BD,0x95B5,0x95B5,0x74B5,0x54AD,0x33AD,0x53AD,0x74B5,
0x74B5,0x74B5,0x74B5,0x94B5,0x94B5,0x74B5,0x54AD,0x54AD,0x54AD,0x54AD,0x54AD,0x54AD,0x34AD,0x33AD,0x33AD,0x34AD,
0x34AD,0x34AD,0x54AD,0x54AD,0x54AD,0x54AD,0x54AD,0x34AD,0x34AD,0x34AD,0x34AD,0x34AD,0x34AD,0x34AD,0x34AD,0x34AD,
0x54AD,0x54AD,0x54B5,0x54AD,0x54AD,0x54AD,0x54AD,0x54AD,0x54B5,0x54AD,0x54AD,0x54AD,0x74B5,0x75B5,0x74B5,0x74B5,
0x54AD,0x54AD,0x54AD,0x54AD,0x54AD,0x54AD,0x74B5,0x74B5,0x74B5,0x94B5,0x95B5,0x95B5,0x95B5,0x95B5,0x95B5,0x95B5,
0x94B5,0x74B5,0x74B5,0x74B5,0x74B5,0x95B5,0x75B5,0x54B5,0x54AD,0x54AD,0x54B5,0x75B5,0x74B5,0x74B5,0x54AD,0x54AD,
0x34AD,0x33AD,0x33AD,0x34AD,0x34AD,0x34AD,0x34AD,0x34AD,0x54AD,0x54AD,0x54AD,0x34AD,0x34AD,0x34AD,0x33AD,0x33AD,
0x33AD,0x33AD,0x33AD,0x34AD,0x34AD,0x34AD,0x34AD,0x54AD,0x54AD,0x34AD,0x34AD,0x34AD,0x34AD,0x34AD,0x34AD,0x34AD,
0x34AD,0x34AD,0x34AD,0x34AD,0x34AD,0x34AD,0x34AD,0x34AD,0x34AD,0x34AD,0x34AD,0x34AD,0x34AD,0x34AD,0x34AD,0x34AD,
0x34AD,0x34AD,0x54AD,0x54AD,0x34AD,0x34AD,0x34AD,0x34AD,0x34AD,0x34AD,0x34AD,0x34AD,0x34AD,0x34AD,0x34AD,0x13A5,
0x13A5,0x13A5,0x13A5,0x13A5,0x34AD,0x55B5,0x55B5,0x54AD,0x54AD,0x54AD,0x34AD,0x34AD,0x34AD,0x34AD,0x34AD,0x34AD,
0x33AD,0x33AD,0x33AD,0x53AD,0x54AD,0x54AD,0x54AD,0x74B5,0x74B5,0x54AD,0x74B5,0x74B5,0x94B5,0x95B5,0x95B5,0x95B5,
0x95B5,0x95B5,0x74B5,0x74B5,0x74B5,0x74B5,0x74B5,0x94B5,0x94B5,0x74B5,0x74B5,0x54AD,0x33AD,0x54AD,0x74B5,0x54AD,
0x54AD,0x74B5,0x74B5,0x74B5,0x74B5,0x54AD,0x74B5,0x95B5,0x95B5,0x54AD,0x33AD,0x33AD,0x74B5,0x95B5,0xB5BD,0xB5BD,
0xB5BD,0xD5BD,0xD6BD,0xD6BD,0xF6C5,0xF6C5,0xF6C5,0xF6C5,0xF6C5,0xD6C5,0xD6C5,0xD6BD,0xB5BD,0xB5BD,0xB5BD,0xD6C5,
0xD6C5,0xD6C5,0xD6BD,0xB5BD,0xB5BD,0x95B5,0x95B5,0x95B5,0xB5BD,0xB5BD,0xB5BD,0x95B5,0x95B5,0x94B5,0x94B5,0x95B5,
0x94B5,0x95B5,0x95B5,0x94B5,0x74B5,0x94B5,0x74B5,0x94B5,0x94B5,0x94B5,0x74B5,0x74B5,0x54AD,0x54AD,0x34AD,0x34AD,
0x54AD,0x54AD,0x54AD,0x54AD,0x54AD,0x54AD,0x54AD,0x34AD,0x34AD,0x34AD,0x34AD,0x34AD,0x34AD,0x34AD,0x34AD,0x34AD,
0x54AD,0x54AD,0x54B5,0x54AD,0x54AD,0x54AD,0x54AD,0x54AD,0x54B5,0x54AD,0x54AD,0x54AD,0x54B5,0x74B5,0x74B5,0x74B5,
0x54AD,0x54AD,0x53AD,0x53AD,0x53AD,0x53AD,0x54AD,0x74B5,0x74B5,0x94B5,0x74B5,0x94B5,0x95B5,0x95B5,0x95B5,0x95B5,
0x94B5,0x74B5,0x74B5,0x74B5,0x74B5,0x74B5,0x74B5,0x74B5,0x74B5,0x74B5,0x75B5,0x95B5,0x75B5,0x74B5,0x54B5,0x54AD,
0x54AD,0x54AD,0x54AD,0x54AD,0x54B5,0x74B5,0x54AD,0x54AD,0x74B5,0x74B5,0x54AD,0x54AD,0x34AD,0x34AD,0x34AD,0x34AD,
0x33AD,0x33AD,0x33AD,0x34AD,0x34AD,0x34AD,0x34AD,0x34AD,0x34AD,0x34AD,0x34AD,0x34AD,0x34AD,0x34AD,0x34AD,0x34AD,
0x34AD,0x34AD,0x34AD,0x34AD,0x34AD,0x14AD,0x34AD,0x34AD,0x34AD,0x34AD,0x34AD,0x34AD,0x34AD,0x34AD,0x34AD,0x34AD,
0x34AD,0x34AD,0x54AD,0x54AD,0x34AD,0x34AD,0x34AD,0x34AD,0x34AD,0x34AD,0x34AD,0x34AD,0x34AD,0x34AD,0x54AD,0x34AD,
0x54AD,0x34AD,0x34AD,0x34AD,0x54AD,0x54AD,0x54AD,0x54AD,0x54AD,0x34AD,0x34AD,0x34AD,0x34AD,0x34AD,0x34AD,0x34AD,
0x74B5,0x54AD,0x54AD,0x33AD,0x33AD,0x33AD,0x33AD,0x53AD,0x54AD,0x54AD,0x54AD,0x74B5,0x74B5,0x74B5,0x74B5,0x74B5,
0x54AD,0x54AD,0x53AD,0x53AD,0x54AD,0x54AD,0x54AD,0x54AD,0x95B5,0x95B5,0x54AD,0x33AD,0x33AD,0x33AD,0x53AD,0x33AD,
0x33AD,0x54AD,0x54AD,0x54AD,0x54AD,0x54AD,0x74B5,0xB5BD,0x95B5,0x54AD,0x33AD,0x33AD,0x74B5,0xB5BD,0x95B5,0x95B5,
0x95B5,0x95B5,0x95B5,0x95BD,0x95B5,0x95B5,0xB5BD,0xB5BD,0xB5BD,0xB5BD,0x95BD,0x95BD,0x95BD,0x95BD,0x95BD,0xD6C5,
0xD6C5,0xF6C5,0xF6C5,0xD6C5,0xD5BD,0xB5BD,0xB5BD,0xB5BD,0xB5BD,0xB5BD,0xB5BD,0xB5BD,0xB5BD,0xB5BD,0xB5BD,0x95BD,
0xB5BD,0xB5BD,0xB5BD,0xB5BD,0x95B5,0x95B5,0xB5BD,0xB5BD,0xB5BD,0xB5BD,0xB5BD,0x95B5,0x95B5,0x75B5,0x75B5,0x74B5,
0x74B5,0x54B5,0x54AD,0x54AD,0x54AD,0x54AD,0x34AD,0x54AD,0x54AD,0x54AD,0x54AD,0x54AD,0x54AD,0x34AD,0x34AD,0x34AD,
0x54AD,0x54AD,0x54AD,0x54AD,0x54AD,0x54AD,0x54AD,0x54AD,0x74B5,0x54B5,0x54B5,0x54B5,0x54B5,0x74B5,0x74B5,0x74B5,
0x54AD,0x54AD,0x54AD,0x54AD,0x54AD,0x54AD,0x54AD,0x74B5,0x95B5,0x95B5,0x94B5,0x95B5,0x95B5,0x95B5,0xB5BD,0x94B5,
0x74B5,0x74B5,0x74B5,0x94B5,0x95B5,0x74B5,0x54B5,0x74B5,0x74B5,0x75B5,0x75B5,0x75B5,0x74B5,0x74B5,0x54AD,0x54AD,
0x54AD,0x54AD,0x54AD,0x74B5,0x74B5,0x75B5,0x54AD,0x54AD,0x54B5,0x74B5,0x54B5,0x54AD,0x54AD,0x34AD,0x34AD,0x34AD,
0x34AD,0x33AD,0x33AD,0x34AD,0x34AD,0x34AD,0x34AD,0x34AD,0x34AD,0x34AD,0x34AD,0x34AD,0x14AD,0x34AD,0x34AD,0x34AD,
0x34AD,0x34AD,0x34AD,0x34AD,0x34AD,0x14AD,0x34AD,0x34AD,0x34AD,0x34AD,0x34AD,0x34AD,0x34AD,0x34AD,0x34AD,0x34AD,
0x34AD,0x34AD,0x34AD,0x54AD,0x54AD,0x54AD,0x54AD,0x54AD,0x54AD,0x54AD,0x34AD,0x34AD,0x34AD,0x54AD,0x54AD,0x54AD,
0x54AD,0x54AD,0x34AD,0x34AD,0x54AD,0x54AD,0x54AD,0x34AD,0x34AD,0x34AD,0x34AD,0x14AD,0x14AD,0x14AD,0x14AD,0x14AD,
0xB5BD,0x95B5,0x95B5,0x94B5,0x74B5,0x74B5,0x94B5,0x94B5,0x74B5,0x74B5,0x74B5,0x54AD,0x53AD,0x33AD,0x54AD,0x54AD,
0x33AD,0x33AD,0x33AD,0x33AD,0x33AD,0x33AD,0x33AD,0x33AD,0x54AD,0x54AD,0x33AD,0x13A5,0xF2A4,0x13A5,0x13A5,0x33AD,
0x33AD,0x33AD,0x54AD,0x54AD,0x54AD,0x74B5,0x74B5,0x74B5,0x74B5,0x54AD,0x53AD,0x54AD,0x95B5,0x95BD,0x95BD,0x95BD,
0x95B5,0x95B5,0x74B5,0x74B5,0x74B5,0x74B5,0x74B5,0x95B5,0x95BD,0xB5BD,0xB5BD,0x95B5,0x95B5,0x95B5,0x95BD,0xB6BD,
0xD6BD,0xD6BD,0xD6BD,0xD5BD,0xB5BD,0xB5BD,0xB5BD,0xB5BD,0xB5BD,0xB5BD,0x95BD,0x95BD,0xB5BD,0xB5BD,0x95BD,0x95BD,
0x95BD,0xB5BD,0xB5BD,0xB5BD,0xD5BD,0xD5BD,0xD6BD,0xD6BD,0xB5BD,0xB5BD,0xD5BD,0xD6BD,0xD6BD,0xB6BD,0xB6BD,0xB5BD,
0x95B5,0x95B5,0x95B5,0x95B5,0x75B5,0x54B5,0x54AD,0x54AD,0x54AD,0x54AD,0x34AD,0x34AD,0x34AD,0x34AD,0x34AD,0x34AD,
0x54AD,0x54AD,0x54AD,0x54AD,0x54AD,0x54AD,0x54AD,0x54AD,0x74B5,0x74B5,0x54AD,0x54AD,0x54AD,0x74B5,0x74B5,0x74B5,
0x54AD,0x54AD,0x54AD,0x54AD,0x54AD,0x54B5,0x74B5,0x75B5,0x95B5,0x95B5,0x95B5,0x95B5,0x95B5,0x95B5,0x95B5,0x95B5,
0x95B5,0x95B5,0xB5BD,0xB5BD,0xB5BD,0x95B5,0x95B5,0x95B5,0x95B5,0x95B5,0x95B5,0x74B5,0x74B5,0x74B5,0x54AD,0x54AD,
0x54AD,0x54AD,0x54AD,0x54AD,0x54AD,0x54AD,0x54AD,0x34AD,0x54AD,0x54AD,0x54AD,0x54AD,0x34AD,0x34AD,0x34AD,0x34AD,
0x33AD,0x33AD,0x33AD,0x33AD,0x33AD,0x33AD,0x33AD,0x34AD,0x34AD,0x34AD,0x14AD,0x13A5,0x13A5,0x34AD,0x34AD,0x34AD,
0x34AD,0x34AD,0x34AD,0x34AD,0x34AD,0x34AD,0x34AD,0x34AD,0x34AD,0x34AD,0x34AD,0x34AD,0x34AD,0x34AD,0x34AD,0x34AD,
0x34AD,0x34AD,0x34AD,0x34AD,0x34AD,0x54AD,0x54AD,0x54AD,0x54AD,0x34AD,0x34AD,0x34AD,0x34AD,0x34AD,0x34AD,0x34AD,
0x34AD,0x34AD,0x54AD,0x54AD,0x54AD,0x54AD,0x34AD,0x34AD,0x34AD,0x34AD,0x34AD,0x34AD,0x34AD,0x34AD,0x34AD,0x34AD,
0x95B5,0x95B5,0x95B5,0x95B5,0x95B5,0xB5BD,0xD6BD,0xB5BD,0xB5BD,0x95B5,0x94B5,0x94B5,0x94B5,0x95B5,0xB5BD,0xB5BD,
0xB5BD,0x74B5,0x54AD,0x33AD,0x33AD,0x33AD,0x54AD,0x33AD,0x53AD,0x53AD,0x33AD,0x12A5,0xF2A4,0x12A5,0x13A5,0x13A5,
0x33AD,0x33AD,0x53AD,0x54AD,0x54AD,0x74B5,0x74B5,0x74B5,0x94B5,0x74B5,0x54AD,0x74B5,0x74B5,0x95B5,0x74B5,0x74B5,
0x74B5,0x74B5,0x74B5,0x54B5,0x54B5,0x54B5,0x54B5,0x74B5,0x74B5,0x95BD,0x95BD,0x95BD,0x95BD,0x95BD,0x95BD,0x95BD,
0x95BD,0xB5BD,0xB5BD,0xB5BD,0xB5BD,0xB5BD,0xB5BD,0xB5BD,0xB5BD,0xB5BD,0x95BD,0x95BD,0x95BD,0x95BD,0x95BD,0x95B5,
0x95B5,0x95B5,0x95B5,0xB5BD,0xB5BD,0xB5BD,0xB5BD,0xB5BD,0x95B5,0x74B5,0x74B5,0x74B5,0x95B5,0x95B5,0x95B5,0x95B5,
0x95B5,0x95B5,0x95B5,0x95B5,0x75B5,0x74B5,0x54B5,0x54AD,0x54AD,0x34AD,0x34AD,0x34AD,0x34AD,0x34AD,0x34AD,0x34AD,
0x54AD,0x54AD,0x54AD,0x53AD,0x33AD,0x33AD,0x53AD,0x54AD,0x54AD,0x54AD,0x54AD,0x54AD,0x54AD,0x54AD,0x54B5,0x54AD,
0x34AD,0x34AD,0x34AD,0x54AD,0x74B5,0x74B5,0x74B5,0x74B5,0x74B5,0x74B5,0x94B5,0x94B5,0x94B5,0x94B5,0x94B5,0x74B5,
0x74B5,0x95B5,0x95B5,0xB5BD,0xB5BD,0xB5BD,0xB5BD,0x95BD,0x95BD,0x95B5,0x95B5,0x75B5,0x75B5,0x75B5,0x74B5,0x74B5,
0x54AD,0x54AD,0x54B5,0x54B5,0x74B5,0x74B5,0x74B5,0x74B5,0x54AD,0x54AD,0x54AD,0x54AD,0x34AD,0x34AD,0x34AD,0x33AD,
0x33AD,0x33AD,0x33AD,0x33AD,0x33AD,0x33AD,0x33AD,0x34AD,0x34AD,0x34AD,0x14AD,0x13A5,0x13A5,0x13A5,0x13A5,0x13A5,
0x13A5,0x13A5,0x13A5,0x13A5,0x13A5,0x13A5,0x34AD,0x34AD,0x34AD,0x14AD,0x14AD,0x14AD,0x14AD,0x14AD,0x34AD,0x34AD,
0x34AD,0x34AD,0x34AD,0x34AD,0x34AD,0x34AD,0x34AD,0x34AD,0x34AD,0x34AD,0x34AD,0x34AD,0x34AD,0x34AD,0x34AD,0x34AD,
0x34AD,0x34AD,0x34AD,0x34AD,0x54AD,0x34AD,0x34AD,0x54AD,0x54AD,0x54AD,0x54AD,0x54AD,0x54AD,0x54AD,0x54AD,0x54AD,
0x54AD,0x54AD,0x54AD,0x74B5,0x74B5,0x74B5,0x94B5,0x74B5,0x74B5,0x74B5,0x74B5,0x94B5,0x95B5,0xB5BD,0xB5BD,0xB5BD,
0xD5BD,0xB5BD,0xB5BD,0x95B5,0x94B5,0x95B5,0x95B5,0x94B5,0x74B5,0x74B5,0x74B5,0x54AD,0x33AD,0x13A5,0x13A5,0x13A5,
0x33AD,0x33AD,0x13A5,0x13A5,0x33AD,0x33AD,0x53AD,0x54AD,0x54AD,0x54AD,0x54AD,0x54AD,0x54AD,0x74B5,0x74B5,0x74B5,
0x74B5,0x54B5,0x54B5,0x54B5,0x54B5,0x54B5,0x74B5,0x74B5,0x95B5,0x74BD,0x74B5,0x74B5,0x74B5,0x74BD,0x74BD,0x94BD,
0x94BD,0x94BD,0x94BD,0x74BD,0x74B5,0x95BD,0x95BD,0x95BD,0x95BD,0x95BD,0x95BD,0x95BD,0x95BD,0x95BD,0x95BD,0x74B5,
0x74B5,0x74B5,0x74B5,0x94B5,0x94B5,0x95B5,0x94B5,0x74B5,0x54AD,0x54AD,0x54AD,0x54AD,0x54AD,0x54AD,0x54B5,0x74B5,
0x74B5,0x75B5,0x74B5,0x54B5,0x54AD,0x54AD,0x54AD,0x34AD,0x34AD,0x34AD,0x33AD,0x33AD,0x33AD,0x34AD,0x34AD,0x34AD,
0x54AD,0x54AD,0x54AD,0x54AD,0x53AD,0x53AD,0x54AD,0x54AD,0x54AD,0x54AD,0x33AD,0x33AD,0x53AD,0x54AD,0x54AD,0x34AD,
0x33AD,0x33AD,0x34AD,0x54AD,0x54B5,0x54B5,0x54B5,0x74B5,0x74B5,0x74B5,0x74B5,0x74B5,0x74B5,0x74B5,0x74B5,0x74B5,
0x54AD,0x74B5,0x74B5,0x94B5,0x95B5,0x95B5,0x95B5,0x95B5,0x75B5,0x75B5,0x75B5,0x75B5,0x75B5,0x74B5,0x54B5,0x54B5,
0x54B5,0x74B5,0x74B5,0x75B5,0x75B5,0x75B5,0x74B5,0x54B5,0x54AD,0x54AD,0x34AD,0x34AD,0x34AD,0x33AD,0x33AD,0x33AD,
0x33AD,0x33AD,0x33AD,0x33AD,0x33AD,0x33AD,0x33AD,0x34AD,0x34AD,0x34AD,0x14AD,0x13A5,0x13A5,0x13A5,0x13A5,0x13A5,
0x13A5,0x13A5,0x13A5,0xF3A4,0xF3A4,0x13A5,0x13A5,0x13A5,0x13A5,0x13A5,0x13A5,0x13A5,0x13A5,0x13A5,0x14AD,0x34AD,
0x34AD,0x34AD,0x34AD,0x14AD,0x13A5,0x13A5,0x14AD,0x14AD,0x13A5,0x13A5,0x13A5,0x13A5,0x13A5,0x34AD,0x34AD,0x34AD,
0x34AD,0x34AD,0x34AD,0x34AD,0x34AD,0x34AD,0x34AD,0x34AD,0x34AD,0x34AD,0x54AD,0x54AD,0x54AD,0x54AD,0x54AD,0x54AD,
0x13A5,0x33AD,0x33AD,0x33AD,0x33AD,0x33AD,0x33AD,0x13A5,0x12A5,0x13A5,0x33AD,0x54AD,0x74B5,0x95B5,0x95B5,0x74B5,
0x95B5,0xB5BD,0xB5BD,0xB5BD,0xB5BD,0x95B5,0x95B5,0xD5BD,0xB5BD,0xB5BD,0x95B5,0x95B5,0x74B5,0x74B5,0x74B5,0x54AD,
0x53AD,0x53AD,0x33AD,0x33AD,0x33AD,0x13A5,0x13A5,0x13A5,0x33AD,0x33AD,0x33AD,0x33AD,0x33AD,0x53AD,0x54B5,0x54B5,
0x54B5,0x54AD,0x54B5,0x54B5,0x54B5,0x54B5,0x74B5,0x74B5,0x95B5,0x94BD,0x94BD,0x74BD,0x73BD,0x53B5,0x53B5,0x53B5,
0x53B5,0x73BD,0x74BD,0x53B5,0x54B5,0x74B5,0x74B5,0x74B5,0x74B5,0x74B5,0x74B5,0x74B5,0x74B5,0x74B5,0x54B5,0x54B5,
0x74B5,0x74B5,0x54AD,0x54AD,0x54AD,0x54AD,0x74B5,0x54AD,0x54AD,0x53AD,0x54AD,0x54AD,0x54AD,0x54AD,0x54AD,0x74B5,
0x74B5,0x74B5,0x54B5,0x54AD,0x34AD,0x54AD,0x54AD,0x34AD,0x34AD,0x34AD,0x33AD,0x33AD,0x33AD,0x34AD,0x34AD,0x34AD,
0x54AD,0x54AD,0x54AD,0x54AD,0x54AD,0x54AD,0x54AD,0x74B5,0x54AD,0x53AD,0x33AD,0x33AD,0x33AD,0x53AD,0x33AD,0x33AD,
0x33AD,0x33AD,0x34AD,0x34AD,0x54AD,0x54AD,0x54B5,0x74B5,0x74B5,0x74B5,0x54B5,0x54B5,0x54B5,0x54B5,0x54B5,0x54AD,
0x54AD,0x54B5,0x75B5,0x75B5,0x75B5,0x75B5,0x75B5,0x75B5,0x75B5,0x95B5,0x75B5,0x74B5,0x74B5,0x54B5,0x54AD,0x54AD,
0x54AD,0x54AD,0x54AD,0x54B5,0x54B5,0x74B5,0x54AD,0x54AD,0x54AD,0x54AD,0x34AD,0x34AD,0x33AD,0x33AD,0x33AD,0x33AD,
0x13AD,0x33AD,0x33AD,0x33AD,0x33AD,0x33AD,0x33AD,0x34AD,0x34AD,0x34AD,0x14AD,0x13A5,0x13A5,0x14AD,0x14AD,0x14AD,
0x14AD,0x14AD,0x14AD,0x34AD,0x34AD,0x14AD,0x14AD,0x14AD,0x14AD,0x13A5,0x13A5,0x13A5,0x13A5,0x13A5,0x13A5,0x13A5,
0x13A5,0x13A5,0x13A5,0xF3A4,0xF3A4,0x13A5,0x13A5,0x13A5,0x13A5,0xF3A4,0x13A5,0x13A5,0x13A5,0x14AD,0x34AD,0x34AD,
0x34AD,0x34AD,0x34AD,0x34AD,0x34AD,0x34AD,0x34AD,0x34AD,0x34AD,0x14AD,0x14AD,0x34AD,0x34AD,0x34AD,0x34AD,0x34AD,
0x33AD,0x13A5,0x13A5,0x13A5,0x13A5,0x13A5,0x13A5,0x13A5,0x13A5,0x12A5,0x12A5,0x13A5,0x33AD,0x33AD,0x53AD,0x54AD,
0x54AD,0x54AD,0x74B5,0x74B5,0x74B5,0x74B5,0x94B5,0xB5BD,0xB5BD,0xB5BD,0xB5BD,0xB5BD,0x95B5,0x94B5,0x94B5,0x74B5,
0x74B5,0x94B5,0x95B5,0x94B5,0x74B5,0x74B5,0x54AD,0x54AD,0x74B5,0x74B5,0x74B5,0x74B5,0x74B5,0x74B5,0x54B5,0x54B5,
0x33AD,0x54B5,0x74B5,0x74B5,0x54B5,0x54B5,0x74B5,0x74B5,0x74B5,0x94BD,0xB4C5,0xD4C5,0xD5C5,0xB4C5,0x94BD,0x73BD,
0x73BD,0x74BD,0x53B5,0x53B5,0x54B5,0x94BD,0x95B5,0x74B5,0x74B5,0x74B5,0x54AD,0x33AD,0x33AD,0x33AD,0x33AD,0x33AD,
0x33AD,0x53AD,0x54AD,0x54AD,0x54AD,0x54AD,0x54AD,0x74B5,0x74B5,0x54AD,0x53AD,0x33AD,0x34AD,0x34AD,0x34AD,0x34AD,
0x34AD,0x34AD,0x34AD,0x34AD,0x34AD,0x34AD,0x34AD,0x34AD,0x34AD,0x34AD,0x34AD,0x34AD,0x34AD,0x54AD,0x54AD,0x54AD,
0x54AD,0x54AD,0x54AD,0x54AD,0x54AD,0x54AD,0x54AD,0x54AD,0x74B5,0x54AD,0x54AD,0x54AD,0x53AD,0x33AD,0x33AD,0x33AD,
0x34AD,0x34AD,0x34AD,0x54AD,0x54AD,0x54AD,0x54AD,0x54AD,0x54B5,0x74B5,0x54B5,0x54AD,0x54AD,0x54AD,0x54AD,0x54AD,
0x54AD,0x75B5,0x75B5,0x75B5,0x75B5,0x75B5,0x75B5,0x74B5,0x74B5,0x54B5,0x54AD,0x33AD,0x34AD,0x54AD,0x54AD,0x54B5,
0x54B5,0x54AD,0x54AD,0x34AD,0x54AD,0x54AD,0x54AD,0x54AD,0x54AD,0x54AD,0x54AD,0x54AD,0x34AD,0x34AD,0x34AD,0x33AD,
0x33AD,0x13AD,0x13A5,0x13A5,0x13AD,0x13AD,0x33AD,0x34AD,0x34AD,0x34AD,0x14AD,0x13A5,0x13A5,0x34AD,0x34AD,0x34AD,
0x34AD,0x34AD,0x34AD,0x54AD,0x34AD,0x34AD,0x34AD,0x14AD,0x14AD,0x34AD,0x34AD,0x34AD,0x34AD,0x34AD,0x14AD,0x13A5,
0x13A5,0x13A5,0x13A5,0xF3A4,0x13A5,0x13A5,0x13A5,0x13A5,0x13A5,0x13A5,0x13A5,0x34AD,0x34AD,0x34AD,0x34AD,0x34AD,
0x34AD,0x34AD,0x34AD,0x34AD,0x34AD,0x34AD,0x34AD,0x14AD,0x14AD,0x14AD,0x34AD,0x14AD,0x14AD,0x14AD,0x14AD,0x14AD,
0x33AD,0x33AD,0x13A5,0x13A5,0x13A5,0x13A5,0x13A5,0x13A5,0x13A5,0x13A5,0x13A5,0x13A5,0x33AD,0x33AD,0x33AD,0x13A5,
0x33AD,0x33AD,0x33AD,0x33AD,0x54AD,0x54AD,0x74B5,0x74B5,0x94B5,0x94B5,0x74B5,0x74B5,0x74B5,0x74B5,0x74B5,0x74B5,
0x74B5,0x94B5,0x95B5,0x95B5,0x95B5,0xB5BD,0xB5BD,0xB5BD,0xB5BD,0xB5BD,0xB5BD,0xB5BD,0xD5BD,0xB5BD,0x95BD,0x95BD,
0xB5BD,0xB5BD,0xB5BD,0xB5BD,0x95B5,0x74B5,0x54B5,0x54B5,0x54B5,0x73B5,0xB3BD,0xD4C5,0xF5C5,0xF5C5,0xF5C5,0xF5C5,
0xB5BD,0x94BD,0x94BD,0xB5C5,0xD6C5,0xD6BD,0xD6BD,0xB5BD,0xB5BD,0x95BD,0x74B5,0x74B5,0x54B5,0x54B5,0x54B5,0x54B5,
0x33AD,0x33AD,0x53AD,0x54AD,0x54AD,0x54AD,0x54AD,0x54AD,0x54AD,0x54AD,0x53AD,0x33AD,0x34AD,0x34AD,0x34AD,0x34AD,
0x34AD,0x34AD,0x33AD,0x33AD,0x33AD,0x33AD,0x33AD,0x33AD,0x33AD,0x33AD,0x33AD,0x33AD,0x33AD,0x34AD,0x34AD,0x34AD,
0x54AD,0x54AD,0x54AD,0x54AD,0x54AD,0x54AD,0x54AD,0x54AD,0x54AD,0x54AD,0x54AD,0x54AD,0x53AD,0x33AD,0x34AD,0x34AD,
0x34AD,0x54AD,0x54AD,0x54AD,0x34AD,0x34AD,0x34AD,0x54AD,0x54AD,0x54AD,0x54B5,0x54AD,0x54AD,0x54AD,0x54AD,0x54AD,
0x54B5,0x75B5,0x75B5,0x75B5,0x75B5,0x74B5,0x54B5,0x54AD,0x54AD,0x54AD,0x34AD,0x13A5,0x33AD,0x34AD,0x54AD,0x54AD,
0x54AD,0x54B5,0x54AD,0x54AD,0x54AD,0x54AD,0x54AD,0x34AD,0x34AD,0x34AD,0x34AD,0x34AD,0x34AD,0x34AD,0x33AD,0x33AD,
0x33AD,0x13AD,0x13A5,0x13A5,0x13A5,0x13AD,0x33AD,0x34AD,0x34AD,0x34AD,0x14AD,0x14AD,0x13A5,0x34AD,0x34AD,0x34AD,
0x34AD,0x34AD,0x34AD,0x34AD,0x34AD,0x34AD,0x14AD,0x14AD,0x14AD,0x34AD,0x34AD,0x34AD,0x34AD,0x34AD,0x14AD,0x14AD,
0x14AD,0x13A5,0x13A5,0x13A5,0x13A5,0x13A5,0x13A5,0x13A5,0x13A5,0x13A5,0x13A5,0x34AD,0x34AD,0x34AD,0x34AD,0x34AD,
0x34AD,0x34AD,0x34AD,0x34AD,0x34AD,0x34AD,0x34AD,0x14AD,0x14AD,0x14AD,0x34AD,0x14AD,0x14AD,0x14AD,0x14AD,0x14AD,
0x33AD,0x33AD,0x13A5,0x13A5,0x33AD,0x33AD,0x33AD,0x33AD,0x33AD,0x13A5,0x13A5,0x13A5,0x13A5,0x13A5,0x13A5,0x12A5,
0xF2A4,0x12A5,0x13A5,0x13A5,0x33AD,0x33AD,0x33AD,0x33AD,0x53AD,0x53AD,0x53AD,0x33AD,0x33AD,0x33AD,0x33AD,0x53AD,
0x54AD,0x54AD,0x74B5,0x74B5,0x74B5,0x74B5,0x74B5,0x74B5,0x94B5,0x94B5,0x94B5,0x94B5,0x95B5,0x95B5,0x74B5,0x95B5,
0x95BD,0xB5BD,0x95BD,0x74B5,0x54B5,0x54B5,0x33AD,0x54B5,0x74B5,0x73B5,0x73B5,0x93B5,0x93BD,0xB4BD,0xB4BD,0xB4BD,
0xB5BD,0xB5BD,0xB5BD,0xB5BD,0xB6BD,0xB5BD,0xB5BD,0xB5BD,0xB5BD,0x95BD,0x74B5,0x74B5,0x74B5,0x74B5,0x54B5,0x54B5,
0x54AD,0x54AD,0x54AD,0x54AD,0x74B5,0x74B5,0x74B5,0x74B5,0x54AD,0x54AD,0x54AD,0x54B5,0x74B5,0x74B5,0x74B5,0x74B5,
0x74B5,0x54AD,0x54AD,0x54AD,0x54AD,0x54AD,0x54AD,0x34AD,0x34AD,0x34AD,0x34AD,0x34AD,0x34AD,0x34AD,0x34AD,0x54AD,
0x54AD,0x54AD,0x54AD,0x54AD,0x54AD,0x54AD,0x54AD,0x54AD,0x54AD,0x54AD,0x54AD,0x53AD,0x33AD,0x33AD,0x34AD,0x34AD,
0x34AD,0x34AD,0x54AD,0x54AD,0x54AD,0x54B5,0x54B5,0x74B5,0x74B5,0x74B5,0x55B5,0x54AD,0x54AD,0x54AD,0x54AD,0x54AD,
0x54AD,0x54AD,0x54AD,0x54AD,0x54AD,0x54AD,0x54AD,0x34AD,0x34AD,0x33AD,0x33AD,0x33AD,0x34AD,0x54AD,0x54AD,0x54AD,
0x54AD,0x34AD,0x34AD,0x33AD,0x33AD,0x34AD,0x33AD,0x33AD,0x33AD,0x33AD,0x33AD,0x33AD,0x33AD,0x33AD,0x33AD,0x33AD,
0x34AD,0x33AD,0x33AD,0x33AD,0x33AD,0x33AD,0x34AD,0x34AD,0x34AD,0x34AD,0x34AD,0x34AD,0x14AD,0x34AD,0x34AD,0x34AD,
0x34AD,0x34AD,0x34AD,0x14AD,0x14AD,0x14AD,0x13A5,0x13A5,0x13A5,0x14AD,0x14AD,0x14AD,0x14AD,0x14AD,0x14AD,0x14AD,
0x14AD,0x14AD,0x14AD,0x34AD,0x13A5,0x13A5,0x13A5,0x13A5,0x13A5,0x13A5,0x14AD,0x14AD,0x13A5,0x13A5,0x14AD,0x14AD,
0x14AD,0x14AD,0x14AD,0x14AD,0x14AD,0x13A5,0x13A5,0x13A5,0x13A5,0x14AD,0x34AD,0x34AD,0x34AD,0x34AD,0x34AD,0x34AD,
0x33AD,0x33AD,0x33AD,0x33AD,0x33AD,0x33AD,0x33AD,0x33AD,0x33AD,0x33AD,0x33AD,0x33AD,0x33AD,0x13A5,0x13A5,0x13A5,
0x13A5,0x13A5,0x13A5,0x13A5,0x13A5,0x13A5,0x13A5,0x13A5,0x33AD,0x33AD,0x33AD,0x13A5,0x13A5,0x13A5,0x13A5,0x13A5,
0x13A5,0x33AD,0x33AD,0x33AD,0x33AD,0x33AD,0x33AD,0x33AD,0x33AD,0x33AD,0x33AD,0x33AD,0x53AD,0x33AD,0x13AD,0x13AD,
0x33AD,0x33AD,0x33AD,0x33AD,0x33AD,0x33AD,0x33AD,0x33AD,0x33AD,0x53AD,0x52AD,0x52AD,0x32AD,0x52AD,0x53AD,0x53AD,
0x74B5,0x74B5,0x75B5,0x75B5,0x54B5,0x54B5,0x54B5,0x54B5,0x54B5,0x54B5,0x54AD,0x54B5,0x54AD,0x53AD,0x54AD,0x54AD,
0x33AD,0x33AD,0x33AD,0x53AD,0x54AD,0x54AD,0x54AD,0x53AD,0x33AD,0x33AD,0x54AD,0x54AD,0x54B5,0x54B5,0x54B5,0x54B5,
0x54B5,0x74B5,0x74B5,0x74B5,0x74B5,0x74B5,0x74B5,0x74B5,0x74B5,0x74B5,0x74B5,0x74B5,0x74B5,0x74B5,0x54B5,0x54B5,
0x54AD,0x54AD,0x54AD,0x54AD,0x54AD,0x54AD,0x54AD,0x54AD,0x54AD,0x54AD,0x54AD,0x33AD,0x33AD,0x33AD,0x33AD,0x33AD,
0x33AD,0x33AD,0x34AD,0x34AD,0x34AD,0x34AD,0x34AD,0x54AD,0x54AD,0x54AD,0x54AD,0x34AD,0x34AD,0x34AD,0x34AD,0x34AD,
0x34AD,0x34AD,0x34AD,0x34AD,0x34AD,0x34AD,0x33AD,0x33AD,0x13AD,0x13A5,0x13A5,0x33AD,0x34AD,0x34AD,0x34AD,0x34AD,
0x33AD,0x33AD,0x13AD,0x13A5,0x13A5,0x13A5,0x13A5,0x13A5,0x13A5,0x13A5,0x13A5,0x13A5,0x33AD,0x33AD,0x33AD,0x34AD,
0x34AD,0x34AD,0x54AD,0x54AD,0x54AD,0x54AD,0x54AD,0x54AD,0x34AD,0x34AD,0x34AD,0x34AD,0x34AD,0x14AD,0x14AD,0x14AD,
0x14AD,0x14AD,0x14AD,0x13A5,0x13A5,0x13A5,0x13A5,0x13A5,0x13A5,0x13A5,0x13A5,0x13A5,0x13A5,0x13A5,0x13A5,0x13A5,
0x13A5,0x13A5,0x13A5,0x14AD,0x14AD,0x14AD,0x14AD,0x14AD,0x14AD,0x14AD,0x34AD,0x13A5,0x13A5,0x13A5,0x13A5,0x13A5,
0x13A5,0x13A5,0x13A5,0x13A5,0x13A5,0x13A5,0x13A5,0x13A5,0x13A5,0x14AD,0x34AD,0x34AD,0x34AD,0x34AD,0x34AD,0x34AD,
0x34AD,0x33AD,0x33AD,0x33AD,0x33AD,0x33AD,0x33AD,0x33AD,0x33AD,0x13AD,0x13AD,0x13A5,0x13A5,0x13A5,0x13A5,0x13A5,
0xF3A4,0x13A5,0x13A5,0x13A5,0xF3A4,0xF3A4,0xF3A4,0x13A5,0x13A5,0x13A5,0x13A5,0x13A5,0x13A5,0x13A5,0xF3A4,0xF3A4,
0xF3A4,0xF3A4,0xF3A4,0xF3A4,0xF3A4,0x13A5,0x13A5,0x13A5,0x13A5,0x13A5,0x13A5,0x13A5,0x13A5,0x13A5,0xF3A4,0xF3A4,
0x13A5,0x13A5,0x13AD,0x13AD,0x13AD,0x13AD,0x34AD,0x34AD,0x13AD,0x33AD,0x33AD,0x12A5,0x12A5,0x13A5,0x33AD,0x54AD,
0x34AD,0x34AD,0x34AD,0x33AD,0x33AD,0x13A5,0x13AD,0x33AD,0x33AD,0x33AD,0x33AD,0x33AD,0x33AD,0x13AD,0x13AD,0x13AD,
0x13AD,0x13A5,0x33AD,0x33AD,0x33AD,0x33AD,0x33AD,0x33AD,0x33AD,0x33AD,0x33AD,0x33AD,0x33AD,0x33AD,0x33AD,0x33AD,
0x33AD,0x33AD,0x54AD,0x54AD,0x74B5,0x74B5,0x74B5,0x74B5,0x74B5,0x74B5,0x74B5,0x74B5,0x54B5,0x74B5,0x54AD,0x54AD,
0x54B5,0x54B5,0x74B5,0x54AD,0x54AD,0x54AD,0x54AD,0x54AD,0x54AD,0x54AD,0x54AD,0x33AD,0x33AD,0x33AD,0x34AD,0x34AD,
0x34AD,0x34AD,0x13AD,0x13A5,0x13AD,0x13A5,0x13A5,0x13A5,0x13A5,0x13A5,0x13AD,0x13AD,0x13A5,0x13A5,0x13A5,0x33AD,
0x33AD,0x33AD,0x13AD,0x13AD,0x13AD,0x13AD,0x13AD,0x13AD,0x13AD,0x13AD,0x13AD,0x33AD,0x33AD,0x34AD,0x34AD,0x33AD,
0x33AD,0x33AD,0x33AD,0x33AD,0x34AD,0x33AD,0x33AD,0x33AD,0x33AD,0x33AD,0x33AD,0x33AD,0x34AD,0x34AD,0x34AD,0x54AD,
0x54AD,0x54AD,0x54AD,0x54AD,0x54B5,0x54B5,0x54B5,0x54AD,0x34AD,0x34AD,0x34AD,0x34AD,0x34AD,0x14AD,0x14AD,0x13A5,
0x13A5,0x13A5,0x13A5,0x13A5,0x13A5,0x13A5,0x13A5,0x13A5,0x13A5,0x13A5,0x13A5,0x13A5,0x13A5,0x13A5,0x13A5,0x13A5,
0x13A5,0x13A5,0x13A5,0x13A5,0x13A5,0x13A5,0x14AD,0x14AD,0x34AD,0x34AD,0x14AD,0x13A5,0x13A5,0x13A5,0x13A5,0x13A5,
0x13A5,0x13A5,0x13A5,0x13A5,0xF3A4,0xF3A4,0xF3A4,0xF3A4,0xF3A4,0x14A5,0x14AD,0x14AD,0x14AD,0x14AD,0x14AD,0x14AD,
0x33AD,0x33AD,0x33AD,0x13AD,0x13AD,0x13A5,0x13A5,0x13A5,0x13A5,0x13A5,0x13A5,0x13A5,0xF3A4,0xF3A4,0xF3A4,0xF3A4,
0xF3A4,0x13A5,0x13A5,0x13A5,0xF3A4,0xF3A4,0xF3A4,0xF3A4,0xF3A4,0xF3A4,0xF3A4,0xF3A4,0xF3A4,0xF3A4,0xF3A4,0xF3A4,
0xF3A4,0xF3A4,0xF3A4,0xF3A4,0xF3A4,0x13A5,0x13A5,0x13A5,0x13A5,0x13A5,0x13A5,0x13A5,0x13A5,0x13A5,0x13A5,0x13A5,
0x13A5,0x13A5,0x13A5,0x13A5,0x13A5,0x13A5,0x13A5,0x13A5,0x13A5,0x13A5,0x13A5,0x13A5,0x13A5,0x13A5,0x13A5,0x13AD,
0x13A5,0x13A5,0x13A5,0xF3A4,0xF3A4,0x13A5,0x13AD,0x33AD,0x33AD,0x34AD,0x34AD,0x33AD,0x33AD,0x33AD,0x33AD,0x13AD,
0x13A5,0x13A5,0x13A5,0x13A5,0x13A5,0x13A5,0x13A5,0x13A5,0x13A5,0x13A5,0x13A5,0x13A5,0x13A5,0x13A5,0x13A5,0x13A5,
0x13A5,0x13A5,0x33AD,0x33AD,0x33AD,0x53AD,0x33AD,0x33AD,0x33AD,0x33AD,0x33AD,0x33AD,0x33AD,0x33AD,0x33AD,0x33AD,
0x53AD,0x54AD,0x74B5,0x74B5,0x74B5,0x74B5,0x74B5,0x74B5,0x74B5,0x74B5,0x54AD,0x54AD,0x54AD,0x54AD,0x54AD,0x54AD,
0x34AD,0x34AD,0x34AD,0x34AD,0x34AD,0x34AD,0x14AD,0x34AD,0x34AD,0x34AD,0x34AD,0x34AD,0x34AD,0x34AD,0x34AD,0x34AD,
0x33AD,0x33AD,0x33AD,0x33AD,0x33AD,0x33AD,0x33AD,0x33AD,0x33AD,0x34AD,0x34AD,0x54AD,0x54AD,0x54AD,0x54AD,0x54AD,
0x54AD,0x54AD,0x54B5,0x74B5,0x54B5,0x54AD,0x54AD,0x54AD,0x54AD,0x54AD,0x54AD,0x54AD,0x54B5,0x54AD,0x54B5,0x54AD,
0x54AD,0x54AD,0x33AD,0x34AD,0x54AD,0x54AD,0x34AD,0x34AD,0x34AD,0x34AD,0x34AD,0x34AD,0x34AD,0x14AD,0x14AD,0x13A5,
0x13A5,0x13A5,0x13A5,0x13A5,0x13A5,0x13A5,0x13A5,0x13A5,0x13A5,0x13A5,0x13A5,0x13A5,0x13A5,0x13A5,0x13A5,0x13A5,
0x13A5,0x13A5,0x13A5,0x13A5,0x13A5,0x13A5,0x14AD,0x14AD,0x34AD,0x34AD,0x13A5,0x13A5,0x13A5,0x13A5,0x13A5,0x13A5,
0x13A5,0xF3A4,0xF3A4,0xF3A4,0xF3A4,0xF3A4,0xF3A4,0xF3A4,0xF3A4,0xF3A4,0xF3A4,0x14AD,0x14AD,0x14AD,0x14AD,0x14AD,
0x33AD,0x13AD,0x13AD,0x13AD,0x13A5,0x13A5,0x13A5,0x13A5,0x13A5,0x13A5,0x13A5,0x13A5,0x13A5,0x13A5,0x13A5,0xF3A4,
0xF3A4,0x13A5,0x13A5,0x13A5,0xF3A4,0xF3A4,0xF3A4,0xF3A4,0xF3A4,0xF3A4,0xF3A4,0xF3A4,0xF3A4,0xF3A4,0xF3A4,0xF3A4,
0xF3A4,0xF3A4,0xF3A4,0xF3A4,0xF3A4,0x13A5,0x13A5,0x13A5,0x13A5,0x13A5,0x13A5,0x13A5,0x13A5,0x13A5,0x13A5,0x13A5,
0x13A5,0xF3A4,0xF3A4,0xF3A4,0xF3A4,0xF3A4,0xF3A4,0xF3A4,0xF3A4,0xF3A4,0xF3A4,0xF2A4,0xF2A4,0xF2A4,0xF3A4,0x13A5,
0x13A5,0x13A5,0xF3A4,0xF3A4,0xF3A4,0x13A5,0x13AD,0x33AD,0x33AD,0x34AD,0x34AD,0x33AD,0x33AD,0x33AD,0x33AD,0x13AD,
0x13A5,0x13A5,0x13A5,0x13A5,0x13A5,0x13A5,0x13A5,0x13A5,0x13A5,0x13A5,0x13A5,0x13A5,0x13A5,0x13A5,0x13A5,0x13A5,
0x13A5,0x12A5,0x12A5,0x13A5,0x13A5,0x13A5,0x13A5,0x13A5,0x13A5,0x13A5,0x13A5,0x12A5,0x12A5,0x12A5,0x13A5,0x13A5,
0x33AD,0x53AD,0x54AD,0x54AD,0x54AD,0x54AD,0x53AD,0x53AD,0x54AD,0x53AD,0x33AD,0x33AD,0x33AD,0x33AD,0x34AD,0x34AD,
0x34AD,0x34AD,0x34AD,0x34AD,0x34AD,0x34AD,0x34AD,0x54AD,0x54AD,0x54AD,0x54B5,0x54B5,0x54B5,0x54B5,0x54B5,0x34AD,
0x34AD,0x34AD,0x33AD,0x33AD,0x33AD,0x34AD,0x34AD,0x34AD,0x34AD,0x54AD,0x54AD,0x74B5,0x74B5,0x75B5,0x74B5,0x74B5,
0x74B5,0x74B5,0x75B5,0x74B5,0x74B5,0x54AD,0x54AD,0x54AD,0x54AD,0x54AD,0x54AD,0x54AD,0x34AD,0x33AD,0x33AD,0x13AD,
0x13A5,0x13A5,0x13A5,0x13AD,0x33AD,0x33AD,0x33AD,0x34AD,0x34AD,0x34AD,0x34AD,0x14AD,0x14AD,0x14AD,0x14AD,0x13A5,
0x13A5,0x13A5,0x13A5,0x13A5,0x13A5,0x13A5,0x13A5,0x13A5,0x13A5,0x13A5,0x13A5,0x13A5,0x13A5,0x13A5,0x13A5,0x13A5,
0x13A5,0x13A5,0x13A5,0x13A5,0x13A5,0x13A5,0x14AD,0x14AD,0x34AD,0x34AD,0x34AD,0x13A5,0x13A5,0x13A5,0x13A5,0x13A5,
0x13A5,0x13A5,0x13A5,0xF3A4,0xF3A4,0xF3A4,0xF3A4,0xF3A4,0xF3A4,0xF3A4,0xF3A4,0x14A5,0x14A5,0x14A5,0x14A5,0x14A5,
0x33AD,0x33AD,0x33AD,0x13AD,0x13AD,0x13A5,0x13A5,0x13A5,0x13A5,0x13A5,0x13A5,0x13A5,0x13A5,0x13A5,0x13A5,0x13A5,
0xF3A4,0x13A5,0x13A5,0x13A5,0xF3A4,0xF3A4,0xF3A4,0xF3A4,0xF3A4,0xF3A4,0xF3A4,0xF3A4,0xF3A4,0xF3A4,0xF3A4,0xF3A4,
0xF3A4,0xF3A4,0xF3A4,0xF3A4,0xF3A4,0x13A5,0x13A5,0x13A5,0x13A5,0x13A5,0x13A5,0x13A5,0x13A5,0x13A5,0x13A5,0xF3A4,
0xF3A4,0xF3A4,0xF3A4,0xF3A4,0xF3A4,0xF3A4,0xF3A4,0xF3A4,0xF3A4,0xF3A4,0xF3A4,0xF2A4,0xF2A4,0xF2A4,0xF3A4,0xF3A4,
0xF3A4,0xF3A4,0x13A5,0x13A5,0x13A5,0x13A5,0x13AD,0x33AD,0x33AD,0x34AD,0x34AD,0x33AD,0x33AD,0x33AD,0x33AD,0x13AD,
0x13AD,0x13AD,0x13AD,0x13AD,0x13AD,0x13AD,0x13A5,0x13A5,0x13A5,0x13A5,0x13A5,0x13A5,0x13AD,0x13AD,0x13AD,0x13AD,
0x13AD,0x13A5,0x13A5,0x13A5,0x13A5,0x13A5,0x13A5,0x13A5,0x13A5,0x13A5,0x13A5,0x13A5,0x13A5,0xF2A4,0xF2A4,0xF3A4,
0x13A5,0x33AD,0x33AD,0x33AD,0x33AD,0x13AD,0x13A5,0x13A5,0x33AD,0x33AD,0x13AD,0x33AD,0x33AD,0x33AD,0x13A5,0x13A5,
0x14AD,0x13A5,0x13A5,0x13A5,0x14AD,0x34AD,0x34AD,0x34AD,0x34AD,0x54AD,0x54AD,0x54AD,0x54AD,0x54AD,0x54AD,0x34AD,
0x33AD,0x33AD,0x33AD,0x33AD,0x13AD,0x33AD,0x34AD,0x34AD,0x34AD,0x34AD,0x54AD,0x54AD,0x54AD,0x54B5,0x54AD,0x54AD,
0x54AD,0x54AD,0x54AD,0x54AD,0x34AD,0x33AD,0x13AD,0x13AD,0x13AD,0x13AD,0x13AD,0x13AD,0x33AD,0x13AD,0x13A5,0x13A5,
0x13A5,0x13A5,0x13A5,0x13AD,0x33AD,0x33AD,0x13AD,0x33AD,0x34AD,0x34AD,0x14AD,0x14AD,0x13A5,0x14AD,0x14AD,0x13A5,
0x13A5,0x13A5,0x13A5,0xF3A4,0xF3A4,0xF3A4,0xF3A4,0xF3A4,0xF3A4,0xF3A4,0xF3A4,0xF3A4,0xF3A4,0xF3A4,0xF3A4,0xF3A4,
0xF3A4,0xF3A4,0xF3A4,0xF3A4,0x13A5,0x13A5,0x14AD,0x14AD,0x34AD,0x34AD,0x34AD,0x14AD,0x13A5,0x13A5,0x13A5,0x34AD,
0x14AD,0x14AD,0x13A5,0x13A5,0x13A5,0xF3A4,0xF3A4,0xF3A4,0xF3A4,0xF3A4,0xF3A4,0x13A5,0x13A5,0x13A5,0x13A5,0x13A5,
0x34AD,0x34AD,0x34AD,0x33AD,0x33AD,0x33AD,0x33AD,0x33AD,0x33AD,0x33AD,0x13AD,0x13A5,0x13A5,0x13A5,0x13A5,0x13A5,
0x13A5,0x13A5,0x13A5,0x13A5,0x13A5,0x13A5,0x13A5,0x13A5,0xF3A4,0xF3A4,0xF3A4,0xF3A4,0xF3A4,0xF3A4,0xF3A4,0xF3A4,
0xF3A4,0xF3A4,0xF3A4,0xF3A4,0xF3A4,0x13A5,0x13A5,0x13A5,0x13A5,0x13A5,0x13A5,0x13A5,0x13A5,0x13A5,0xF3A4,0xF3A4,
0xF3A4,0xF3A4,0xF3A4,0xF3A4,0xF3A4,0xF3A4,0xF3A4,0xF3A4,0xF3A4,0xF3A4,0xF3A4,0xF3A4,0xF3A4,0xF3A4,0xF3A4,0xF3A4,
0xF3A4,0xF3A4,0xF3A4,0xF3A4,0x13A5,0x13A5,0x13A5,0x13A5,0x13AD,0x13AD,0x33AD,0x33AD,0x33AD,0x13AD,0x13AD,0x13A5,
0x13A5,0x13A5,0x13A5,0x13A5,0x13A5,0x13A5,0x13A5,0x13A5,0x13A5,0x13A5,0x13AD,0x13A5,0x13A5,0x13A5,0x13A5,0x13A5,
0x13A5,0x13A5,0x13A5,0x13A5,0x13A5,0x13A5,0x13A5,0x13A5,0x13A5,0x13A5,0x13A5,0x13A5,0x13A5,0x13A5,0xF3A4,0xF3A4,
0x13A5,0x13A5,0x13A5,0x13A5,0x13AD,0x13A5,0x13AD,0x13A5,0x33AD,0x33AD,0x13AD,0x13AD,0x33AD,0x34AD,0x13A5,0x13A5,
0x13A5,0x13A5,0x13A5,0x13A5,0x13A5,0x13A5,0x13A5,0x14AD,0x34AD,0x34AD,0x34AD,0x34AD,0x34AD,0x34AD,0x34AD,0x33AD,
0x13AD,0x13AD,0x13AD,0x13A5,0x13A5,0x13AD,0x33AD,0x33AD,0x33AD,0x33AD,0x13AD,0x13AD,0x13AD,0x13AD,0x13A5,0x13A5,
0x13A5,0x13AD,0x13AD,0x13AD,0x13A5,0x13A5,0x13A5,0x13A5,0x13A5,0x13A5,0x13AD,0x13AD,0x13A5,0x13A5,0x13A5,0x13A5,
0x13A5,0x13A5,0x13A5,0x13A5,0x13AD,0x13AD,0x13AD,0x13AD,0x14AD,0x14AD,0x14AD,0x13A5,0x13A5,0x13A5,0x13A5,0x13A5,
0x13A5,0x13A5,0x13A5,0xF3A4,0xF3A4,0xF3A4,0xF3A4,0xF3A4,0xF3A4,0xF3A4,0xF3A4,0xF3A4,0xF3A4,0xF3A4,0xF3A4,0xF3A4,
0xF3A4,0xF3A4,0xF3A4,0xF3A4,0xF3A4,0x13A5,0x13A5,0x13A5,0x14AD,0x34AD,0x34AD,0x14AD,0x13A5,0x13A5,0x13A5,0x14AD,
0x34AD,0x34AD,0x34AD,0x34AD,0x34AD,0x34AD,0x13A5,0x13A5,0xF3A4,0xF3A4,0xF3A4,0x13A5,0x13A5,0x13A5,0x13A5,0x13A5,
0x54AD,0x54AD,0x54AD,0x54AD,0x34AD,0x34AD,0x34AD,0x34AD,0x34AD,0x33AD,0x33AD,0x13AD,0x13AD,0x33AD,0x33AD,0x33AD,
0x33AD,0x33AD,0x33AD,0x34AD,0x34AD,0x33AD,0x33AD,0x34AD,0x34AD,0x13AD,0x13A5,0x13A5,0x13A5,0x13A5,0x13A5,0x13A5,
0x13A5,0x13A5,0x13A5,0x13A5,0x13A5,0x13A5,0x13A5,0x13A5,0x13A5,0x13A5,0x13A5,0x13A5,0x13A5,0x13A5,0x13A5,0x13A5,
0x13A5,0xF3A4,0xF3A4,0xF3A4,0x13A5,0x13A5,0x13A5,0x13A5,0x13A5,0x13A5,0x13A5,0x13A5,0x13A5,0xF3A4,0xF3A4,0xF3A4,
0xF3A4,0xF3A4,0xF3A4,0xF3A4,0xF3A4,0x13A5,0x13A5,0x13A5,0x13A5,0x13A5,0x13A5,0x13A5,0x13A5,0x13A5,0x13A5,0xF3A4,
0xF3A4,0xF3A4,0xF3A4,0xF3A4,0xF3A4,0xF3A4,0xF3A4,0xF3A4,0xF3A4,0x13A5,0x13A5,0x13A5,0x13A5,0x13A5,0x13A5,0x13A5,
0x13A5,0xF3A4,0xF3A4,0xF3A4,0xF3A4,0x13A5,0x13A5,0x13A5,0x13A5,0x13A5,0x13A5,0x13A5,0x13A5,0x13A5,0x13A5,0x13A5,
0x13A5,0x13A5,0x13A5,0x13A5,0x13A5,0x13AD,0x13AD,0x34AD,0x13AD,0x13AD,0x13AD,0x13AD,0x13AD,0x13AD,0x13A5,0x13A5,
0x13A5,0x13A5,0x13A5,0x13A5,0xF3A4,0xF3A4,0x13A5,0x13A5,0x13A5,0x13A5,0x33AD,0x33AD,0x13AD,0x13AD,0x13AD,0x13A5,
0xF3A4,0xF3A4,0xF3A4,0x13A5,0x13A5,0x13A5,0x13A5,0x13AD,0x13AD,0x13A5,0x13A5,0x13A5,0x13A5,0x13A5,0x13A5,0x13A5,
0xF3A4,0xF3A4,0x13A5,0x13A5,0x13A5,0x13A5,0x13AD,0x13AD,0x33AD,0x33AD,0x33AD,0x33AD,0x13AD,0x13A5,0x13A5,0x13A5,
0x13A5,0x13A5,0x13A5,0x13A5,0x13A5,0x13A5,0x13AD,0x13A5,0x13A5,0x13A5,0x13A5,0x13A5,0x13A5,0x13A5,0x13A5,0x13A5,
0x13A5,0x13A5,0x13A5,0x13A5,0xF3A4,0xF3A4,0xF3A4,0xF3A4,0xF3A4,0xF3A4,0xF3A4,0xF3A4,0xF3A4,0xD3A4,0xF3A4,0xF3A4,
0xF3A4,0xF3A4,0xF3A4,0xF3A4,0xF3A4,0xF3A4,0xF3A4,0xF3A4,0x13A5,0x13A5,0x14AD,0x13A5,0xF3A4,0xF3A4,0x13A5,0x13A5,
0x13A5,0x13A5,0x34AD,0x34AD,0x34AD,0x34AD,0x34AD,0x13AD,0x13A5,0x13A5,0x13A5,0x13A5,0x13A5,0x13A5,0x13A5,0x13A5,
0x54AD,0x54AD,0x54AD,0x54AD,0x54AD,0x54AD,0x34AD,0x34AD,0x34AD,0x34AD,0x33AD,0x33AD,0x33AD,0x34AD,0x34AD,0x34AD,
0x34AD,0x34AD,0x54AD,0x54AD,0x54AD,0x54AD,0x34AD,0x34AD,0x34AD,0x34AD,0x13A5,0x13A5,0x13A5,0x13A5,0x13A5,0x13A5,
0x13A5,0x13A5,0x13A5,0x13A5,0x13A5,0x13A5,0x13A5,0x13A5,0x13AD,0x13AD,0x13AD,0x13AD,0x13AD,0x13AD,0x13A5,0x13A5,
0x13A5,0x13A5,0x13A5,0x13A5,0x13A5,0x13A5,0x13A5,0x14AD,0x14AD,0x13A5,0x13A5,0x13A5,0x13A5,0x13A5,0xF3A4,0xF3A4,
0xF3A4,0xF3A4,0xF3A4,0xF3A4,0xF3A4,0x13A5,0x13A5,0x13A5,0x13A5,0x13A5,0x13A5,0xF3A4,0xF3A4,0xF2A4,0xF2A4,0xF2A4,
0xF3A4,0xF3A4,0xF3A4,0xF3A4,0xF3A4,0xF3A4,0xF3A4,0xF3A4,0xF3A4,0xF3A4,0xF3A4,0xF3A4,0x13A5,0x13A5,0x13A5,0x13A5,
0x13A5,0xF3A4,0xF3A4,0xF3A4,0xF3A4,0xF3A4,0x13A5,0x13A5,0x13A5,0x13A5,0x13A5,0x13A5,0x13A5,0x13A5,0x13A5,0x13A5,
0x13A5,0x13A5,0x13A5,0x13A5,0x13A5,0x13A5,0x13AD,0x13AD,0x13AD,0x13AD,0x13AD,0x13AD,0x13AD,0x13AD,0x13A5,0x13A5,
0x13A5,0x13A5,0x13A5,0x13A5,0x13A5,0x13A5,0x13A5,0x13A5,0x13A5,0x13A5,0x13AD,0x13AD,0x13A5,0x13A5,0x13A5,0xF3A4,
0xF3A4,0xF3A4,0xF3A4,0xF3A4,0xF3A4,0x13A5,0x13AD,0x33AD,0x33AD,0x13A5,0x13A5,0x13AD,0x13A5,0x13A5,0x13A5,0x13A5,
0x13A5,0x13A5,0x13A5,0x13A5,0x13A5,0x13A5,0x13A5,0x13A5,0x13AD,0x13AD,0x33AD,0x33AD,0x13AD,0x13A5,0x13A5,0x13A5,
0x13A5,0x13A5,0x13A5,0x13A5,0x13A5,0x13A5,0x13AD,0x13AD,0x14AD,0x14AD,0x14AD,0x14AD,0x14AD,0x13A5,0x13A5,0x13A5,
0x13A5,0x13A5,0x13A5,0x13A5,0x13A5,0x13A5,0xF3A4,0xF3A4,0xF3A4,0xF3A4,0xF3A4,0xF3A4,0xF3A4,0xF3A4,0xF3A4,0xF3A4,
0xF3A4,0xF3A4,0xF3A4,0xF3A4,0xF3A4,0xF3A4,0xF3A4,0xF3A4,0xF3A4,0xF3A4,0x13A5,0xF3A4,0xF3A4,0xF3A4,0x13A5,0x13A5,
0x13A5,0x13A5,0x13A5,0xF3A4,0xF3A4,0x13A5,0x13A5,0x33AD,0x34AD,0x13AD,0x13A5,0x13A5,0x13A5,0x13A5,0x13A5,0x13A5,
0x33AD,0x34AD,0x34AD,0x34AD,0x34AD,0x34AD,0x54AD,0x54AD,0x34AD,0x34AD,0x34AD,0x33AD,0x34AD,0x34AD,0x34AD,0x34AD,
0x54AD,0x54AD,0x54AD,0x54AD,0x54AD,0x54AD,0x54AD,0x54AD,0x34AD,0x34AD,0x33AD,0x33AD,0x33AD,0x33AD,0x33AD,0x33AD,
0x13A5,0x13A5,0x13A5,0x13A5,0x13A5,0x13A5,0x13A5,0x13A5,0x33AD,0x33AD,0x33AD,0x33AD,0x33AD,0x33AD,0x13A5,0x13A5,
0x13A5,0x13A5,0x13A5,0x13A5,0x14AD,0x34AD,0x34AD,0x34AD,0x34AD,0x33AD,0x13A5,0x13A5,0x13A5,0x13A5,0x13A5,0x13A5,
0x13A5,0x13A5,0x13A5,0x13A5,0x13A5,0x13A5,0x13A5,0x13A5,0x13A5,0x13A5,0xF3A4,0xF2A4,0xF2A4,0xF2A4,0xF2A4,0xF2A4,
0xF3A4,0xF3A4,0xF3A4,0xF3A4,0xF3A4,0xF3A4,0xF3A4,0xF3A4,0xF3A4,0xF3A4,0xF3A4,0xF3A4,0x13A5,0x13A5,0x13A5,0x13A5,
0x13A5,0x13A5,0xF3A4,0xF3A4,0xF3A4,0xF3A4,0xF3A4,0x13A5,0x13A5,0x13A5,0x13A5,0x13A5,0x13A5,0x13A5,0x13A5,0x13A5,
0x13A5,0x13A5,0x13A5,0x13A5,0x13A5,0x13A5,0x13A5,0x13A5,0x14AD,0x14AD,0x14AD,0x14AD,0x14AD,0x14AD,0x34AD,0x34AD,
0x14AD,0x14AD,0x34AD,0x34AD,0x34AD,0x34AD,0x34AD,0x34AD,0x34AD,0x34AD,0x34AD,0x33AD,0x13A5,0x13A5,0xF3A4,0x13A5,
0x13A5,0x13A5,0x13A5,0x13A5,0x13A5,0x13AD,0x33AD,0x33AD,0x33AD,0x13AD,0x13AD,0x33AD,0x13AD,0x13AD,0x13A5,0x13A5,
0x13A5,0x13A5,0x13A5,0x13A5,0x13A5,0x13A5,0x13A5,0x13A5,0x13A5,0x13AD,0x13AD,0x13AD,0x13AD,0x13A5,0x13A5,0x13A5,
0x13A5,0x13A5,0x13A5,0x13A5,0x13A5,0x13A5,0x13AD,0x33AD,0x34AD,0x34AD,0x34AD,0x34AD,0x34AD,0x13A5,0x13A5,0x13A5,
0x13A5,0x13A5,0x13A5,0x13A5,0x13A5,0x13A5,0x13A5,0xF3A4,0xF3A4,0xF3A4,0xF3A4,0xF3A4,0xF3A4,0xF3A4,0xF3A4,0xF3A4,
0xF3A4,0xF3A4,0xF3A4,0xF3A4,0xF3A4,0xF3A4,0xF3A4,0xF3A4,0xF3A4,0xF3A4,0x13A5,0xF3A4,0xF3A4,0x13A5,0x13A5,0x13A5,
0x13A5,0x13A5,0xF3A4,0xF3A4,0xF3A4,0xF3A4,0x13A5,0x13A5,0x13A5,0x13A5,0xF3A4,0x13A5,0x13A5,0x13A5,0x13A5,0x13A5,
0x34AD,0x34AD,0x54AD,0x54AD,0x54AD,0x54AD,0x54AD,0x54AD,0x54AD,0x34AD,0x34AD,0x33AD,0x33AD,0x33AD,0x33AD,0x34AD,
0x34AD,0x54AD,0x54AD,0x54AD,0x54AD,0x54AD,0x54AD,0x54AD,0x54AD,0x34AD,0x33AD,0x33AD,0x33AD,0x34AD,0x34AD,0x33AD,
0x13AD,0x13A5,0x13A5,0x13A5,0x13A5,0x13A5,0x13A5,0x13A5,0x33AD,0x33AD,0x33AD,0x33AD,0x33AD,0x33AD,0x14AD,0x14AD,
0x13A5,0x13A5,0x13A5,0x13A5,0x34AD,0x34AD,0x34AD,0x54AD,0x54AD,0x34AD,0x13AD,0x13A5,0x13A5,0x13A5,0x13A5,0x13A5,
0x13A5,0x13A5,0x13A5,0x13A5,0x13A5,0x13A5,0x13A5,0x13A5,0x13A5,0x13A5,0xF3A4,0xF3A4,0xF3A4,0xF3A4,0xF2A4,0xF3A4,
0xF3A4,0xF3A4,0xF3A4,0xF3A4,0xF3A4,0xF3A4,0xF3A4,0xF3A4,0xF3A4,0xF3A4,0xF3A4,0x13A5,0x13A5,0x13A5,0x13A5,0x13A5,
0x13A5,0x13A5,0xF3A4,0xF3A4,0xF3A4,0xF3A4,0xF3A4,0x13A5,0x13A5,0x13A5,0x13A5,0x13A5,0x13A5,0xF3A4,0x13A5,0x13A5,
0x13A5,0x13A5,0x13A5,0x13A5,0x13A5,0x13A5,0x13A5,0x13A5,0x14AD,0x14AD,0x14AD,0x14AD,0x14AD,0x14AD,0x14AD,0x14AD,
0x13A5,0x13A5,0x14AD,0x34AD,0x34AD,0x34AD,0x34AD,0x54AD,0x54AD,0x54AD,0x54AD,0x33AD,0x33AD,0x13A5,0x13A5,0x13AD,
0x13AD,0x13AD,0x13AD,0x13AD,0x13AD,0x13AD,0x33AD,0x33AD,0x33AD,0x33AD,0x13AD,0x33AD,0x33AD,0x13AD,0x13AD,0x13A5,
0x13A5,0x13A5,0x13A5,0x13A5,0x13A5,0xF3A4,0x13A5,0x13A5,0x13A5,0x13A5,0x13AD,0x13AD,0x13AD,0x13A5,0x13A5,0x13A5,
0x13A5,0x13A5,0x13A5,0x13A5,0x13A5,0x13A5,0x13AD,0x33AD,0x34AD,0x34AD,0x34AD,0x34AD,0x34AD,0x13A5,0x13A5,0x13A5,
0x13A5,0x13A5,0x13A5,0x13A5,0x13A5,0x13A5,0x13A5,0x13A5,0x13A5,0xF3A4,0xF3A4,0xF3A4,0xF3A4,0xF3A4,0xF3A4,0xF3A4,
0xF3A4,0xF3A4,0xF3A4,0xF3A4,0xF3A4,0xF3A4,0xF3A4,0xF3A4,0xF3A4,0xF3A4,0xF3A4,0xF3A4,0xF3A4,0xF3A4,0x13A5,0x13A5,
0x13A5,0x13A5,0x13A5,0x13A5,0x13A5,0x13A5,0x13A5,0xF2A4,0xF2A4,0xF2A4,0xF2A4,0x13A5,0x13A5,0x13A5,0x13A5,0x13A5,
0x33AD,0x33AD,0x33AD,0x53AD,0x53AD,0x54AD,0x54AD,0x54AD,0x54AD,0x54AD,0x54AD,0x34AD,0x34AD,0x34AD,0x34AD,0x34AD,
0x34AD,0x54AD,0x54AD,0x54AD,0x54AD,0x54AD,0x54AD,0x54AD,0x54AD,0x54AD,0x34AD,0x34AD,0x34AD,0x34AD,0x34AD,0x34AD,
0x33AD,0x33AD,0x13AD,0x13A5,0x13A5,0x13A5,0x13A5,0x13A5,0x33AD,0x33AD,0x33AD,0x33AD,0x33AD,0x33AD,0x13A5,0x13A5,
0x13A5,0x13A5,0x13A5,0x13A5,0x14AD,0x34AD,0x34AD,0x54AD,0x54AD,0x34AD,0x33AD,0x33AD,0x13AD,0x13A5,0x13A5,0x13A5,
0x13A5,0x13A5,0x13A5,0x13A5,0x13A5,0x13A5,0x13A5,0x13A5,0xF3A4,0xF3A4,0xF3A4,0xF3A4,0xF3A4,0xF3A4,0xF3A4,0xF3A4,
0xF3A4,0xF3A4,0xF3A4,0xF3A4,0xF3A4,0xF3A4,0xF3A4,0xF3A4,0xF3A4,0x13A5,0x13A5,0x13A5,0x13A5,0x13A5,0x13A5,0x13A5,
0x13A5,0x13A5,0x13A5,0x13A5,0xF3A4,0xF3A4,0xF3A4,0xF3A4,0xF3A4,0xF3A4,0xF3A4,0xF3A4,0xF3A4,0xF3A4,0xF3A4,0xF3A4,
0xF3A4,0xF3A4,0x13A5,0x13A5,0x13A5,0x13A5,0x13A5,0x13A5,0x13A5,0x13A5,0x13A5,0x13A5,0x14AD,0x34AD,0x13A5,0x13A5,
0x14AD,0x14AD,0x34AD,0x34AD,0x34AD,0x34AD,0x34AD,0x34AD,0x34AD,0x34AD,0x33AD,0x33AD,0x33AD,0x33AD,0x33AD,0x33AD,
0x33AD,0x33AD,0x33AD,0x33AD,0x33AD,0x34AD,0x34AD,0x34AD,0x34AD,0x34AD,0x34AD,0x33AD,0x33AD,0x33AD,0x33AD,0x33AD,
0x13AD,0x13AD,0x13AD,0x13AD,0x13AD,0x13AD,0x13A5,0x13A5,0x13A5,0x13AD,0x33AD,0x33AD,0x33AD,0x13AD,0x13A5,0x13A5,
0x13AD,0x13AD,0x13A5,0x13A5,0x13AD,0x33AD,0x33AD,0x34AD,0x34AD,0x34AD,0x14AD,0x13A5,0x13A5,0x34AD,0x34AD,0x14AD,
0x14AD,0x13A5,0x13A5,0x13A5,0x13A5,0x13A5,0xF3A4,0xF3A4,0xF3A4,0x13A5,0x13A5,0x13A5,0x13A5,0x13A5,0xF3A4,0xF3A4,
0xF3A4,0xF3A4,0xF3A4,0xF3A4,0xF3A4,0xF3A4,0xD3A4,0xD3A4,0xD29C,0xD29C,0xD3A4,0xF3A4,0xF3A4,0xF3A4,0xF3A4,0x13A5,
0x13A5,0x13A5,0x13A5,0x13A5,0x14AD,0x13AD,0x13A5,0x13A5,0x13A5,0x13A5,0x13A5,0xF2A4,0xF2A4,0xF2A4,0x12A5,0x12A5,
0x33AD,0x33AD,0x53AD,0x53AD,0x54AD,0x54AD,0x54AD,0x54AD,0x54AD,0x54AD,0x54AD,0x34AD,0x34AD,0x54AD,0x54AD,0x54AD,
0x54AD,0x54AD,0x54AD,0x54AD,0x54AD,0x54AD,0x54AD,0x54AD,0x54AD,0x54AD,0x54AD,0x54AD,0x54AD,0x54AD,0x54AD,0x34AD,
0x34AD,0x34AD,0x33AD,0x33AD,0x33AD,0x33AD,0x33AD,0x33AD,0x33AD,0x33AD,0x33AD,0x33AD,0x33AD,0x33AD,0x34AD,0x34AD,
0x34AD,0x34AD,0x34AD,0x34AD,0x34AD,0x34AD,0x34AD,0x54AD,0x54AD,0x54AD,0x54AD,0x34AD,0x34AD,0x33AD,0x33AD,0x13A5,
0x13A5,0x13A5,0x13A5,0x13A5,0x13A5,0x13A5,0x13A5,0x13A5,0xF3A4,0xF3A4,0xF3A4,0xF3A4,0xF3A4,0xF3A4,0xF3A4,0xF3A4,
0xF3A4,0xF3A4,0xF3A4,0xF3A4,0xF3A4,0xF3A4,0xF3A4,0xF3A4,0xF3A4,0x13A5,0x13A5,0x13A5,0x13A5,0x13A5,0x13A5,0x13A5,
0x13A5,0x13A5,0x13A5,0x13A5,0xF3A4,0xF3A4,0xF3A4,0xF3A4,0xF3A4,0xF3A4,0xF3A4,0xF3A4,0xF3A4,0xF3A4,0xF3A4,0xF3A4,
0xF3A4,0xF3A4,0x13A5,0x13A5,0x13A5,0x13A5,0x13A5,0xF3A4,0xF3A4,0xF3A4,0x13A5,0x13A5,0x13A5,0x13A5,0x13A5,0x13A5,
0x13A5,0x14AD,0x14AD,0x14AD,0x34AD,0x34AD,0x34AD,0x34AD,0x34AD,0x34AD,0x33AD,0x33AD,0x33AD,0x33AD,0x33AD,0x33AD,
0x33AD,0x33AD,0x33AD,0x53AD,0x54AD,0x54AD,0x54AD,0x54AD,0x54AD,0x54AD,0x34AD,0x33AD,0x33AD,0x33AD,0x33AD,0x33AD,
0x13AD,0x13AD,0x13AD,0x33AD,0x33AD,0x33AD,0x13A5,0x13AD,0x13AD,0x13AD,0x13AD,0x33AD,0x33AD,0x33AD,0x13AD,0x13A5,
0x13AD,0x33AD,0x33AD,0x33AD,0x13AD,0x33AD,0x33AD,0x34AD,0x34AD,0x34AD,0x14AD,0x13A5,0x13A5,0x34AD,0x14AD,0x14AD,
0x13A5,0x13A5,0x13A5,0x13A5,0x13A5,0x13A5,0xF3A4,0xF3A4,0x13A5,0x13A5,0x13A5,0x13A5,0x13A5,0x13A5,0x13A5,0x13A5,
0xF3A4,0xF3A4,0xF3A4,0xF3A4,0xF3A4,0xF3A4,0xF3A4,0xD3A4,0xD3A4,0xD3A4,0xD3A4,0xF3A4,0xF3A4,0xF3A4,0xF3A4,0xF3A4,
0xF3A4,0xF3A4,0x13A5,0x13A5,0x34AD,0x34AD,0x54AD,0x54AD,0x53AD,0x33AD,0x13A5,0xF2A4,0xF2A4,0xF2A4,0x12A5,0x12A5,
0x53AD,0x54AD,0x54AD,0x54AD,0x54AD,0x54AD,0x54AD,0x54AD,0x54AD,0x54AD,0x54AD,0x54AD,0x54AD,0x54AD,0x54AD,0x54AD,
0x54AD,0x54AD,0x54AD,0x54AD,0x54AD,0x54AD,0x54AD,0x54AD,0x54AD,0x54AD,0x54B5,0x74B5,0x54B5,0x54AD,0x54AD,0x54AD,
0x34AD,0x34AD,0x54AD,0x54AD,0x54AD,0x54AD,0x54AD,0x54AD,0x34AD,0x34AD,0x34AD,0x34AD,0x34AD,0x34AD,0x34AD,0x34AD,
0x34AD,0x34AD,0x34AD,0x34AD,0x54AD,0x54AD,0x54B5,0x54B5,0x75B5,0x54B5,0x54AD,0x54AD,0x54AD,0x34AD,0x34AD,0x33AD,
0x13AD,0x13A5,0x13A5,0x13A5,0x13A5,0x13A5,0x13A5,0x13A5,0xF3A4,0xF3A4,0xF3A4,0xF3A4,0xF3A4,0xF3A4,0xF3A4,0xF3A4,
0xF3A4,0xF3A4,0xF3A4,0xF3A4,0xF3A4,0xF3A4,0xF3A4,0xF3A4,0xF3A4,0x13A5,0x13A5,0x13A5,0x13A5,0x13A5,0x13A5,0x13A5,
0x13A5,0x13A5,0x13A5,0x13A5,0xF3A4,0xF3A4,0xF3A4,0xF3A4,0xF3A4,0xF3A4,0xF3A4,0xF3A4,0xF3A4,0xF3A4,0xF3A4,0xF3A4,
0xF3A4,0xF3A4,0x13A5,0x13A5,0x13A5,0xF3A4,0xF3A4,0xF3A4,0xF3A4,0xF3A4,0xF3A4,0x13A5,0x13A5,0x13A5,0x13A5,0x13A5,
0x13A5,0x13A5,0x14AD,0x14AD,0x34AD,0x34AD,0x34AD,0x34AD,0x34AD,0x13AD,0x33AD,0x33AD,0x33AD,0x33AD,0x33AD,0x33AD,
0x33AD,0x33AD,0x33AD,0x53AD,0x54AD,0x54AD,0x54AD,0x54AD,0x54AD,0x54AD,0x34AD,0x33AD,0x33AD,0x33AD,0x33AD,0x33AD,
0x13AD,0x13AD,0x33AD,0x33AD,0x33AD,0x34AD,0x34AD,0x34AD,0x34AD,0x34AD,0x33AD,0x33AD,0x34AD,0x33AD,0x33AD,0x13AD,
0x33AD,0x33AD,0x33AD,0x33AD,0x33AD,0x33AD,0x33AD,0x34AD,0x34AD,0x34AD,0x14AD,0x13A5,0x13A5,0x14AD,0x14AD,0x13A5,
0x13A5,0x13A5,0x13A5,0x13A5,0x13A5,0x13A5,0x13A5,0x13A5,0x13A5,0x13A5,0x13A5,0x13A5,0x13A5,0x13A5,0x13A5,0x13A5,
0xF3A4,0xF3A4,0xF3A4,0xF3A4,0xF3A4,0xF3A4,0xF3A4,0xF3A4,0xF3A4,0xD3A4,0xD3A4,0xF3A4,0xF3A4,0xF3A4,0xF3A4,0xF3A4,
0xF3A4,0xF3A4,0xF3A4,0x13A5,0x13A5,0x13AD,0x33AD,0x33AD,0x33AD,0x13A5,0xF2A4,0xF2A4,0xF2A4,0xF2A4,0x12A5,0x12A5,
0x53AD,0x54AD,0x54AD,0x54AD,0x54AD,0x54AD,0x54AD,0x54AD,0x54AD,0x54AD,0x54AD,0x54AD,0x54AD,0x54AD,0x54B5,0x54B5,
0x74B5,0x54AD,0x54AD,0x54AD,0x54AD,0x54AD,0x54AD,0x54B5,0x54B5,0x74B5,0x74B5,0x74B5,0x74B5,0x54AD,0x54AD,0x54AD,
0x54AD,0x54AD,0x54AD,0x54B5,0x54B5,0x54B5,0x54B5,0x54B5,0x54AD,0x54AD,0x54AD,0x54AD,0x54AD,0x54AD,0x54AD,0x54AD,
0x54AD,0x54AD,0x54AD,0x54AD,0x54AD,0x54B5,0x54B5,0x54B5,0x54B5,0x54B5,0x54AD,0x54AD,0x34AD,0x34AD,0x34AD,0x33AD,
0x13AD,0x13AD,0x13AD,0x13A5,0x13A5,0x13A5,0x13A5,0x13A5,0xF3A4,0xF3A4,0xF3A4,0xF3A4,0xF3A4,0xF3A4,0xF3A4,0xF3A4,
0xF3A4,0xF3A4,0xF3A4,0xF3A4,0xF3A4,0xF3A4,0xF3A4,0xF3A4,0xF3A4,0x13A5,0x13A5,0x13A5,0x13A5,0x13A5,0x13A5,0x13A5,
0x13A5,0x13A5,0x13A5,0x13A5,0xF3A4,0xF3A4,0xF3A4,0x13A5,0x13A5,0x13A5,0x13A5,0x13A5,0x13A5,0xF3A4,0xF3A4,0xF3A4,
0xF3A4,0xF3A4,0x13A5,0xF3A4,0xF3A4,0xF3A4,0xF3A4,0xF3A4,0xF3A4,0xF3A4,0xF3A4,0xF3A4,0xF3A4,0x13A5,0x13A5,0x13A5,
0x13A5,0x13A5,0x13A5,0x13A5,0x13A5,0x13A5,0x13A5,0x13A5,0x13A5,0x13A5,0x13A5,0x13A5,0x13AD,0x33AD,0x33AD,0x33AD,
0x33AD,0x33AD,0x33AD,0x33AD,0x33AD,0x34AD,0x34AD,0x34AD,0x34AD,0x34AD,0x34AD,0x33AD,0x33AD,0x33AD,0x33AD,0x33AD,
0x13AD,0x13AD,0x33AD,0x34AD,0x34AD,0x34AD,0x54AD,0x54B5,0x54AD,0x54AD,0x54AD,0x34AD,0x34AD,0x33AD,0x33AD,0x33AD,
0x33AD,0x34AD,0x34AD,0x34AD,0x33AD,0x33AD,0x33AD,0x34AD,0x34AD,0x34AD,0x14AD,0x13A5,0x13A5,0x13A5,0x13A5,0x13A5,
0x13A5,0x13A5,0x13A5,0x14AD,0x13A5,0x13A5,0x13A5,0x13A5,0x13A5,0x13A5,0x13A5,0x13A5,0x13A5,0x13A5,0x13A5,0x13A5,
0xF3A4,0xF3A4,0xF3A4,0xF3A4,0xF3A4,0xF3A4,0xF3A4,0xF3A4,0xF3A4,0xF3A4,0xF3A4,0xD3A4,0xD3A4,0xD3A4,0xD3A4,0xD3A4,
0xD29C,0xD29C,0xD29C,0xD29C,0xF3A4,0x13A5,0x13A5,0x13A5,0xF3A4,0xF3A4,0xF3A4,0xF2A4,0xF3A4,0xF3A4,0xF3A4,0xF3A4,
0x53AD,0x53AD,0x54AD,0x54AD,0x54AD,0x54AD,0x54AD,0x54AD,0x54AD,0x54AD,0x54AD,0x54AD,0x54AD,0x54AD,0x54B5,0x54B5,
0x54B5,0x54AD,0x54AD,0x54B5,0x54B5,0x74B5,0x74B5,0x74B5,0x74B5,0x74B5,0x74B5,0x54B5,0x54AD,0x54B5,0x54B5,0x54B5,
0x54B5,0x54B5,0x54B5,0x54B5,0x54B5,0x54B5,0x54B5,0x54B5,0x54AD,0x54AD,0x54AD,0x54AD,0x54B5,0x54B5,0x54AD,0x54AD,
0x54AD,0x54AD,0x54B5,0x54AD,0x54AD,0x54AD,0x54AD,0x54B5,0x54B5,0x54AD,0x54AD,0x54AD,0x34AD,0x33AD,0x33AD,0x13A5,
0x13AD,0x13AD,0x13AD,0x33AD,0x33AD,0x14AD,0x13A5,0x13A5,0x13A5,0x13A5,0x13A5,0xF3A4,0xF3A4,0xF3A4,0xF3A4,0xF3A4,
0xF3A4,0xF3A4,0xF3A4,0x13A5,0x13A5,0x13A5,0x13A5,0x13A5,0x13A5,0x13A5,0x13A5,0x13A5,0x13A5,0x13A5,0x13A5,0x13A5,
0x13A5,0xF3A4,0xF3A4,0x13A5,0x13A5,0x13A5,0xF3A4,0xF3A4,0xF3A4,0x13A5,0x13A5,0x13AD,0x13AD,0x13A5,0x13A5,0x13A5,
0x13A5,0x13A5,0x13A5,0xF3A4,0xF3A4,0xF3A4,0xF3A4,0xF3A4,0xD3A4,0xD29C,0xD3A4,0xF3A4,0xF3A4,0x13A5,0x13A5,0x13A5,
0x13A5,0x13A5,0xF3A4,0x13A5,0x13A5,0x13A5,0x13A5,0x13A5,0x13A5,0x13A5,0x13A5,0x13A5,0x13A5,0x13A5,0x13A5,0x33AD,
0x33AD,0x13AD,0x13AD,0x13AD,0x13AD,0x13AD,0x13AD,0x13AD,0x13AD,0x13AD,0x13AD,0x13AD,0x33AD,0x33AD,0x33AD,0x33AD,
0x33AD,0x33AD,0x33AD,0x34AD,0x54AD,0x54AD,0x54B5,0x74B5,0x54B5,0x54B5,0x54AD,0x54AD,0x34AD,0x34AD,0x33AD,0x33AD,
0x33AD,0x33AD,0x33AD,0x33AD,0x33AD,0x33AD,0x13AD,0x34AD,0x34AD,0x34AD,0x14AD,0x13A5,0x13A5,0x13A5,0xF3A4,0x13A5,
0x13A5,0x13A5,0x13A5,0x13A5,0x13A5,0x14AD,0x13A5,0x13A5,0x13A5,0x13A5,0x13A5,0x13A5,0x13A5,0x13A5,0x13A5,0x13A5,
0x13A5,0x13A5,0x13A5,0x13A5,0x13A5,0x13A5,0x13A5,0x13A5,0x13A5,0xF3A4,0xF3A4,0xF3A4,0xF3A4,0xD29C,0xD29C,0xD29C,
0xD29C,0xD29C,0xD29C,0xD29C,0xD29C,0xF3A4,0xF3A4,0xF3A4,0xF3A4,0xF3A4,0xF3A4,0xF3A4,0xF3A4,0xF3A4,0xF3A4,0x13A5,
0x33AD,0x33AD,0x33AD,0x33AD,0x53AD,0x53AD,0x54AD,0x54AD,0x54AD,0x54AD,0x54AD,0x54B5,0x54AD,0x54AD,0x54AD,0x54AD,
0x54AD,0x54AD,0x54AD,0x54AD,0x54B5,0x54B5,0x54B5,0x74B5,0x74B5,0x74B5,0x74B5,0x54B5,0x54AD,0x54B5,0x54B5,0x54B5,
0x54B5,0x54B5,0x54B5,0x54B5,0x54B5,0x54AD,0x54AD,0x54AD,0x54AD,0x54AD,0x54AD,0x54AD,0x54AD,0x54AD,0x54AD,0x54AD,
0x54AD,0x54AD,0x74B5,0x54AD,0x54AD,0x54AD,0x54AD,0x74B5,0x74B5,0x54AD,0x54AD,0x54AD,0x34AD,0x33AD,0x33AD,0x13A5,
0x13AD,0x13AD,0x33AD,0x33AD,0x33AD,0x34AD,0x14AD,0x14AD,0x13A5,0x13A5,0x13A5,0xF3A4,0xF3A4,0xF3A4,0xF3A4,0xF3A4,
0x13A5,0x13A5,0x13A5,0x13A5,0x13A5,0x13A5,0x13A5,0x13A5,0x13A5,0x13A5,0x13A5,0x13A5,0x13A5,0x13A5,0x13A5,0x13A5,
0x13A5,0xF3A4,0xF3A4,0x13A5,0x13A5,0x13A5,0xF3A4,0xF3A4,0xF3A4,0x13A5,0x13A5,0x13AD,0x13AD,0x13A5,0x13A5,0x13A5,
0x13A5,0x13A5,0x13A5,0x13A5,0x13A5,0xF3A4,0xF3A4,0xF3A4,0xF3A4,0xF3A4,0xF3A4,0xF3A4,0x13A5,0x13A5,0x13A5,0x13A5,
0x13A5,0x13A5,0xF3A4,0xF3A4,0x13A5,0x13A5,0x13A5,0x13A5,0x13A5,0x13A5,0x13A5,0x13A5,0x13A5,0x13A5,0x13A5,0x13A5,
0x13AD,0x13AD,0x13AD,0x13AD,0x13AD,0x13AD,0x13AD,0x13AD,0x13AD,0x13AD,0x13AD,0x13AD,0x33AD,0x33AD,0x33AD,0x33AD,
0x33AD,0x33AD,0x33AD,0x34AD,0x54AD,0x54AD,0x54AD,0x54B5,0x54AD,0x54AD,0x54AD,0x54AD,0x34AD,0x34AD,0x33AD,0x33AD,
0x33AD,0x33AD,0x33AD,0x33AD,0x33AD,0x33AD,0x13AD,0x34AD,0x34AD,0x34AD,0x14AD,0x13A5,0x13A5,0xF3A4,0xF3A4,0x13A5,
0x13A5,0x13A5,0x13A5,0x13A5,0x13A5,0x14AD,0x13A5,0x13A5,0x13A5,0x13A5,0x13A5,0x13A5,0x13A5,0x13A5,0x13A5,0x13A5,
0x13A5,0x13A5,0x13A5,0x13A5,0x13A5,0x13A5,0x13A5,0x13A5,0xF3A4,0xF3A4,0xF3A4,0xF3A4,0xF3A4,0xD29C,0xD29C,0xD29C,
0xD29C,0xD29C,0xD29C,0xD29C,0xD29C,0xD29C,0xD29C,0xD2A4,0xD2A4,0xD2A4,0xF3A4,0xD2A4,0xF3A4,0xF3A4,0xF3A4,0xF3A4,
0x13A5,0x33AD,0x33AD,0x33AD,0x33AD,0x33AD,0x33AD,0x33AD,0x33AD,0x54AD,0x54AD,0x54AD,0x54AD,0x54AD,0x54AD,0x54AD,
0x54AD,0x54AD,0x54AD,0x54AD,0x54AD,0x54AD,0x54B5,0x74B5,0x74B5,0x74B5,0x74B5,0x54B5,0x54AD,0x54B5,0x54B5,0x54B5,
0x54B5,0x54B5,0x54B5,0x54AD,0x54AD,0x54AD,0x34AD,0x34AD,0x34AD,0x34AD,0x34AD,0x34AD,0x54AD,0x54AD,0x54AD,0x54AD,
0x54AD,0x54AD,0x74B5,0x74B5,0x74B5,0x74B5,0x74B5,0x74B5,0x74B5,0x54AD,0x54AD,0x54AD,0x34AD,0x33AD,0x33AD,0x13AD,
0x13AD,0x33AD,0x33AD,0x33AD,0x34AD,0x34AD,0x34AD,0x34AD,0x34AD,0x34AD,0x14AD,0x13A5,0x13A5,0x13A5,0x13A5,0x13A5,
0x13A5,0x13A5,0x13A5,0x13A5,0x13A5,0x13A5,0x13A5,0x13A5,0x13A5,0x13A5,0x13A5,0x13A5,0x13A5,0x13A5,0x13A5,0x13A5,
0x13A5,0xF3A4,0xF3A4,0x13A5,0x13A5,0x13A5,0xF3A4,0xF3A4,0xF3A4,0x13A5,0x13A5,0x13AD,0x13AD,0x13A5,0x13A5,0x13A5,
0x13A5,0x13A5,0x13A5,0x13A5,0x13A5,0x13A5,0xF3A4,0xF3A4,0x13A5,0x13A5,0x13A5,0x13A5,0x13A5,0x14AD,0x13A5,0x13A5,
0x13A5,0x13A5,0x13A5,0x13A5,0x13A5,0x13A5,0x13A5,0x13A5,0x13A5,0x13A5,0x13A5,0x13A5,0x13A5,0x13A5,0x13A5,0x13A5,
0x13A5,0x13A5,0x13A5,0x13A5,0x13A5,0x13AD,0x13AD,0x13AD,0x13AD,0x13AD,0x13AD,0x13AD,0x33AD,0x33AD,0x33AD,0x33AD,
0x33AD,0x33AD,0x33AD,0x34AD,0x54AD,0x54AD,0x54AD,0x54AD,0x54AD,0x54AD,0x54AD,0x34AD,0x34AD,0x34AD,0x33AD,0x33AD,
0x33AD,0x33AD,0x33AD,0x33AD,0x33AD,0x33AD,0x13AD,0x34AD,0x34AD,0x34AD,0x14AD,0x13A5,0x13A5,0x13A5,0x13A5,0x13A5,
0x13A5,0x13A5,0x13A5,0x13A5,0x13A5,0x14AD,0x13A5,0x13A5,0x13A5,0x13A5,0x13A5,0x13A5,0x13A5,0x13A5,0x13A5,0x13A5,
0x13A5,0x13A5,0x13A5,0x13A5,0x13A5,0x13A5,0x13A5,0xF3A4,0xF3A4,0xF3A4,0xF3A4,0xF3A4,0xF3A4,0xD29C,0xD29C,0xD29C,
0xD29C,0xD29C,0xD29C,0xD29C,0xD29C,0xD29C,0xD29C,0xD29C,0xD29C,0xD29C,0xD29C,0xD29C,0xD29C,0xD29C,0xD3A4,0xF3A4,
0x13A5,0x13A5,0x13A5,0x13A5,0x13A5,0x13A5,0x13A5,0x33AD,0x33AD,0x33AD,0x33AD,0x33AD,0x33AD,0x34AD,0x34AD,0x54AD,
0x54AD,0x54AD,0x54AD,0x54AD,0x54AD,0x54AD,0x54AD,0x74B5,0x74B5,0x74B5,0x74B5,0x54B5,0x54AD,0x54B5,0x54B5,0x54B5,
0x54B5,0x54B5,0x54AD,0x54AD,0x54AD,0x34AD,0x33AD,0x13AD,0x33AD,0x33AD,0x33AD,0x34AD,0x34AD,0x34AD,0x54AD,0x54AD,
0x54AD,0x54AD,0x74B5,0x74B5,0x74B5,0x74B5,0x74B5,0x74B5,0x74B5,0x54AD,0x54AD,0x54AD,0x34AD,0x33AD,0x33AD,0x33AD,
0x33AD,0x33AD,0x33AD,0x34AD,0x34AD,0x34AD,0x34AD,0x34AD,0x34AD,0x34AD,0x34AD,0x14AD,0x14AD,0x14AD,0x14AD,0x14AD,
0x13A5,0x13A5,0x13A5,0x13A5,0x13A5,0x13A5,0x13A5,0x13A5,0x13A5,0x13A5,0x13A5,0x13A5,0x13A5,0x13A5,0x13A5,0x13A5,
0x13A5,0xF3A4,0xF3A4,0x13A5,0x13A5,0x13A5,0xF3A4,0xF3A4,0xF3A4,0x13A5,0x13A5,0x13AD,0x13AD,0x13AD,0x13AD,0x13AD,
0x13AD,0x13AD,0x13AD,0x13A5,0x13A5,0x13A5,0x13A5,0x13A5,0x13A5,0x14AD,0x14AD,0x34AD,0x34AD,0x34AD,0x14AD,0x14AD,
0x13A5,0x13A5,0x13A5,0x13A5,0x13A5,0x13A5,0x13A5,0x13A5,0x13A5,0x13A5,0x13A5,0x13A5,0x13A5,0x13A5,0x13A5,0x13A5,
0x13A5,0x13A5,0x13A5,0x13A5,0x13A5,0x13AD,0x13AD,0x13AD,0x13AD,0x13AD,0x13AD,0x13AD,0x33AD,0x33AD,0x33AD,0x33AD,
0x33AD,0x33AD,0x33AD,0x34AD,0x54AD,0x54AD,0x54AD,0x34AD,0x34AD,0x34AD,0x34AD,0x34AD,0x34AD,0x34AD,0x33AD,0x33AD,
0x33AD,0x33AD,0x33AD,0x33AD,0x33AD,0x33AD,0x13AD,0x34AD,0x34AD,0x34AD,0x14AD,0x13A5,0x13A5,0x13A5,0x13A5,0x13A5,
0x13A5,0x14AD,0x14AD,0x13A5,0x13A5,0x14AD,0x13A5,0x13A5,0x13A5,0x13A5,0x13A5,0x13A5,0x13A5,0x13A5,0x13A5,0x13A5,
0x13A5,0x13A5,0x13A5,0x13A5,0x13A5,0xF3A4,0xF3A4,0xF3A4,0xF3A4,0xF3A4,0xF3A4,0xF3A4,0xF3A4,0xD29C,0xD29C,0xD29C,
0xD29C,0xD29C,0xD29C,0xD29C,0xD29C,0xB29C,0xB29C,0xB29C,0xB29C,0xB29C,0xB29C,0xB29C,0xB29C,0xD29C,0xD29C,0xD29C,
0xF3A4,0xF3A4,0xF3A4,0x13A5,0x13A5,0x13A5,0x13A5,0x13AD,0x13A5,0x13A5,0x13A5,0x13A5,0x13A5,0x13A5,0x13AD,0x33AD,
0x34AD,0x34AD,0x34AD,0x34AD,0x54AD,0x54AD,0x54B5,0x74B5,0x74B5,0x74B5,0x74B5,0x54AD,0x54AD,0x54AD,0x54AD,0x54AD,
0x74B5,0x74B5,0x54AD,0x54AD,0x34AD,0x33AD,0x13AD,0x13A5,0x13AD,0x13AD,0x33AD,0x33AD,0x33AD,0x33AD,0x54AD,0x54AD,
0x54AD,0x54AD,0x54AD,0x74B5,0x74B5,0x74B5,0x74B5,0x54AD,0x54AD,0x54AD,0x34AD,0x34AD,0x34AD,0x34AD,0x33AD,0x33AD,
0x34AD,0x34AD,0x34AD,0x34AD,0x34AD,0x34AD,0x34AD,0x34AD,0x34AD,0x34AD,0x34AD,0x34AD,0x34AD,0x34AD,0x34AD,0x34AD,
0x34AD,0x33AD,0x13AD,0x13A5,0x13A5,0x13A5,0x13A5,0x13A5,0x13A5,0x13A5,0x13A5,0x13A5,0xF3A4,0xF3A4,0xF3A4,0xF3A4,
0xF3A4,0xF3A4,0xF3A4,0xF3A4,0xF3A4,0xF3A4,0xF3A4,0xF3A4,0xF3A4,0xF3A4,0x13A5,0x13A5,0x13A5,0x13AD,0x13A5,0x13A5,
0x13A5,0x13A5,0x13A5,0x13A5,0x13A5,0x13A5,0x13A5,0x13A5,0x14AD,0x14AD,0x14AD,0x14AD,0x34AD,0x34AD,0x13A5,0x13A5,
0x13A5,0x13A5,0x13A5,0x13A5,0x13A5,0x13A5,0x13A5,0x13A5,0x13A5,0x13A5,0x13A5,0x13A5,0x13A5,0x13A5,0x13A5,0x13A5,
0x13A5,0x13A5,0x13A5,0x13A5,0x13A5,0x13AD,0x13AD,0x13AD,0x13AD,0x13AD,0x13AD,0x13AD,0x34AD,0x34AD,0x34AD,0x34AD,
0x33AD,0x34AD,0x34AD,0x34AD,0x34AD,0x34AD,0x34AD,0x34AD,0x34AD,0x34AD,0x34AD,0x34AD,0x33AD,0x33AD,0x33AD,0x33AD,
0x33AD,0x33AD,0x33AD,0x33AD,0x13AD,0x13AD,0x13A5,0x13AD,0x34AD,0x14AD,0x14AD,0x14AD,0x13A5,0x13A5,0x13A5,0x13A5,
0x13A5,0x13A5,0x13A5,0x13A5,0x14AD,0x14AD,0x14AD,0x13A5,0x13A5,0x14AD,0x14AD,0x14AD,0x14AD,0x14AD,0x13A5,0x13A5,
0x13A5,0x13A5,0x13A5,0x13A5,0x13A5,0x13A5,0x13A5,0xF3A4,0xF3A4,0xF3A4,0xF3A4,0xF3A4,0xF3A4,0xF3A4,0xD3A4,0xD3A4,
0xD3A4,0xD29C,0xD29C,0xD29C,0xB29C,0xB29C,0xB29C,0xB29C,0xB29C,0xB29C,0xB29C,0xB29C,0xB29C,0xB29C,0xD29C,0xD29C,
0x13A5,0x13A5,0x13A5,0x13A5,0x13A5,0x13A5,0x13A5,0x13A5,0x13A5,0x13A5,0x13A5,0xF3A4,0xF3A4,0x13A5,0x13A5,0x13A5,
0x13AD,0x13AD,0x33AD,0x33AD,0x34AD,0x54AD,0x54AD,0x54AD,0x54AD,0x54AD,0x54AD,0x53AD,0x53AD,0x53AD,0x53AD,0x54AD,
0x54AD,0x54AD,0x54AD,0x34AD,0x34AD,0x33AD,0x13AD,0x13A5,0x13AD,0x13AD,0x13AD,0x33AD,0x33AD,0x33AD,0x53AD,0x53AD,
0x54AD,0x54AD,0x54AD,0x54AD,0x54AD,0x54AD,0x54AD,0x54AD,0x54AD,0x34AD,0x34AD,0x34AD,0x34AD,0x34AD,0x34AD,0x33AD,
0x34AD,0x54AD,0x54AD,0x54AD,0x34AD,0x34AD,0x34AD,0x34AD,0x34AD,0x34AD,0x34AD,0x34AD,0x34AD,0x34AD,0x34AD,0x34AD,
0x34AD,0x33AD,0x33AD,0x13AD,0x13A5,0x13A5,0x13A5,0x13A5,0x13A5,0x13A5,0x13A5,0x13A5,0xF3A4,0xF3A4,0xF3A4,0xF3A4,
0xF3A4,0xF3A4,0xF3A4,0xF3A4,0xF3A4,0xF3A4,0xF3A4,0xF3A4,0xF3A4,0xF3A4,0x13A5,0x13A5,0x13A5,0x13AD,0x13A5,0x13A5,
0x13A5,0x13A5,0x13A5,0x13A5,0x13A5,0x13A5,0x13A5,0x13A5,0x14AD,0x14AD,0x14AD,0x14AD,0x14AD,0x14AD,0x13A5,0x13A5,
0x13A5,0x13A5,0x13A5,0x13A5,0x13A5,0x13A5,0x13A5,0x13A5,0x13A5,0x13A5,0x13A5,0x13A5,0x13A5,0x13A5,0x13A5,0x13A5,
0x13A5,0x13A5,0x14AD,0x14AD,0x14AD,0x14AD,0x14AD,0x14AD,0x14AD,0x14AD,0x34AD,0x14AD,0x34AD,0x34AD,0x34AD,0x34AD,
0x34AD,0x34AD,0x34AD,0x34AD,0x34AD,0x34AD,0x34AD,0x34AD,0x34AD,0x34AD,0x34AD,0x34AD,0x33AD,0x33AD,0x33AD,0x33AD,
0x33AD,0x33AD,0x33AD,0x33AD,0x13AD,0x13A5,0x13A5,0x13AD,0x14AD,0x14AD,0x14AD,0x14AD,0x14AD,0x13A5,0x13A5,0x13A5,
0x13A5,0x13A5,0x13A5,0x14AD,0x14AD,0x14AD,0x14AD,0x14AD,0x14AD,0x14AD,0x14AD,0x14AD,0x14AD,0x14AD,0x13A5,0x13A5,
0x13A5,0x13A5,0x13A5,0x13A5,0x13A5,0x13A5,0x13A5,0x13A5,0x13A5,0x13A5,0xF3A4,0xF3A4,0xF3A4,0xF3A4,0xF3A4,0xF3A4,
0xD3A4,0xD29C,0xD29C,0xD29C,0xB29C,0xB29C,0xB29C,0xB29C,0xB29C,0xB29C,0xB29C,0xB29C,0xB29C,0xB29C,0xD29C,0xD29C,
0xF3A4,0xF3A4,0xF3A4,0xF3A4,0xF3A4,0x13A5,0x13A5,0x13A5,0x13A5,0x13A5,0xF3A4,0xF3A4,0xF3A4,0xF3A4,0x13A5,0x13A5,
0x13A5,0x13A5,0x13A5,0x13AD,0x13AD,0x33AD,0x33AD,0x33AD,0x33AD,0x33AD,0x33AD,0x33AD,0x33AD,0x33AD,0x33AD,0x33AD,
0x33AD,0x33AD,0x33AD,0x33AD,0x33AD,0x33AD,0x33AD,0x33AD,0x13A5,0x13A5,0x13AD,0x13AD,0x33AD,0x33AD,0x33AD,0x33AD,
0x53AD,0x53AD,0x54AD,0x54AD,0x54AD,0x53AD,0x33AD,0x33AD,0x33AD,0x33AD,0x34AD,0x34AD,0x34AD,0x34AD,0x34AD,0x34AD,
0x34AD,0x54AD,0x54AD,0x54AD,0x54AD,0x34AD,0x34AD,0x34AD,0x34AD,0x34AD,0x34AD,0x54AD,0x54AD,0x54AD,0x54AD,0x54AD,
0x34AD,0x33AD,0x33AD,0x33AD,0x13AD,0x13AD,0x13AD,0x13A5,0x13A5,0x13A5,0x13A5,0x13A5,0xF3A4,0xF3A4,0xF3A4,0xF3A4,
0xF3A4,0xF3A4,0xF3A4,0xF3A4,0xF3A4,0xF3A4,0xF3A4,0xF3A4,0xF3A4,0xF3A4,0x13A5,0x13A5,0x13A5,0x13AD,0x13A5,0x13A5,
0x13A5,0x13A5,0x13A5,0x13A5,0x13A5,0x13A5,0x13A5,0x13A5,0x13A5,0x13A5,0x13A5,0x13A5,0x13A5,0x13A5,0x13A5,0x13A5,
0x13A5,0x13A5,0x13A5,0x13A5,0x13A5,0x13A5,0x13A5,0x13A5,0x13A5,0x13A5,0x13A5,0x13A5,0x14AD,0x13A5,0x13A5,0x13A5,
0x13A5,0x14AD,0x14AD,0x14AD,0x34AD,0x34AD,0x34AD,0x34AD,0x34AD,0x34AD,0x34AD,0x34AD,0x34AD,0x34AD,0x34AD,0x34AD,
0x34AD,0x34AD,0x34AD,0x34AD,0x34AD,0x34AD,0x34AD,0x34AD,0x34AD,0x34AD,0x34AD,0x34AD,0x33AD,0x33AD,0x33AD,0x33AD,
0x33AD,0x33AD,0x33AD,0x33AD,0x13AD,0x13A5,0x13A5,0x13AD,0x14AD,0x14AD,0x14AD,0x14AD,0x14AD,0x13A5,0x13A5,0x13A5,
0x13A5,0x13A5,0x13A5,0x14AD,0x14AD,0x14AD,0x14AD,0x14AD,0x14AD,0x14AD,0x14AD,0x14AD,0x14AD,0x14AD,0x14AD,0x14AD,
0x13A5,0x13A5,0x13A5,0x13A5,0x13A5,0x13A5,0x13A5,0x13A5,0x13A5,0x13A5,0xF3A4,0xF3A4,0xF3A4,0xF3A4,0xF3A4,0xF3A4,
0xF3A4,0xD3A4,0xD29C,0xD29C,0xD29C,0xB29C,0xB29C,0xB29C,0xB29C,0xB29C,0xB29C,0xB29C,0xB29C,0xB29C,0xB29C,0xD29C,
0x13A5,0x13A5,0x13A5,0x13A5,0x13A5,0x13A5,0x13AD,0x13AD,0x13A5,0x13A5,0x13A5,0x13A5,0x13A5,0x13A5,0x13A5,0x13A5,
0x13A5,0x13A5,0x13A5,0x13A5,0x13A5,0x13A5,0x13A5,0x33AD,0x33AD,0x33AD,0x13A5,0x13A5,0x13A5,0x13A5,0x13A5,0x13A5,
0x33AD,0x33AD,0x33AD,0x13AD,0x13AD,0x33AD,0x33AD,0x33AD,0x13A5,0x13A5,0x13A5,0x13AD,0x13AD,0x13AD,0x33AD,0x33AD,
0x33AD,0x33AD,0x33AD,0x33AD,0x33AD,0x33AD,0x33AD,0x33AD,0x33AD,0x33AD,0x33AD,0x33AD,0x33AD,0x33AD,0x33AD,0x33AD,
0x34AD,0x34AD,0x34AD,0x34AD,0x34AD,0x34AD,0x34AD,0x34AD,0x34AD,0x34AD,0x34AD,0x34AD,0x34AD,0x34AD,0x34AD,0x34AD,
0x33AD,0x33AD,0x33AD,0x33AD,0x33AD,0x33AD,0x33AD,0x13AD,0x13AD,0x13A5,0x13A5,0x13A5,0x13A5,0x13A5,0xF3A4,0xF3A4,
0xF3A4,0xF3A4,0xF3A4,0xF3A4,0xF3A4,0xF3A4,0xF3A4,0xF3A4,0xF3A4,0xF3A4,0x13A5,0x13A5,0x13A5,0x13AD,0x13A5,0x13A5,
0x13A5,0x13A5,0x13A5,0x13A5,0x13A5,0x13A5,0x13A5,0x13A5,0x13A5,0x13A5,0x13A5,0x13A5,0x13A5,0x13A5,0x13A5,0x13A5,
0x13A5,0x13A5,0x13A5,0x13A5,0x13A5,0x13A5,0x13A5,0x13A5,0x13A5,0x13A5,0x13A5,0x14AD,0x34AD,0x14AD,0x13A5,0x14AD,
0x14AD,0x14AD,0x34AD,0x34AD,0x34AD,0x34AD,0x34AD,0x34AD,0x34AD,0x34AD,0x34AD,0x34AD,0x34AD,0x34AD,0x34AD,0x34AD,
0x34AD,0x34AD,0x34AD,0x34AD,0x34AD,0x34AD,0x34AD,0x34AD,0x34AD,0x34AD,0x34AD,0x34AD,0x33AD,0x33AD,0x33AD,0x33AD,
0x33AD,0x33AD,0x33AD,0x33AD,0x13AD,0x13A5,0x13A5,0x13AD,0x14AD,0x14AD,0x14AD,0x14AD,0x14AD,0x13A5,0x13A5,0x13A5,
0x13A5,0x13A5,0x13A5,0x14AD,0x14AD,0x14AD,0x14AD,0x14AD,0x14AD,0x14AD,0x14AD,0x14AD,0x14AD,0x14AD,0x34AD,0x14AD,
0x14AD,0x13A5,0x13A5,0x13A5,0x13A5,0x13A5,0x13A5,0x13A5,0x13A5,0x13A5,0x13A5,0x13A5,0xF3A4,0xF3A4,0xF3A4,0xF3A4,
0xF3A4,0xF3A4,0xD29C,0xD29C,0xD29C,0xD29C,0xD29C,0xB29C,0xB29C,0xB29C,0xB29C,0xB29C,0xB29C,0xB29C,0xB29C,0xB29C,
0x34AD,0x34AD,0x34AD,0x34AD,0x34AD,0x34AD,0x33AD,0x33AD,0x33AD,0x33AD,0x33AD,0x13AD,0x13AD,0x13AD,0x13AD,0x13AD,
0x13A5,0x33AD,0x33AD,0x33AD,0x33AD,0x13AD,0x13AD,0x33AD,0x33AD,0x33AD,0x33AD,0x33AD,0x33AD,0x13A5,0x13A5,0x33AD,
0x33AD,0x33AD,0x33AD,0x33AD,0x33AD,0x13AD,0x13A5,0x13A5,0x13A5,0x13A5,0x13A5,0x13AD,0x33AD,0x33AD,0x33AD,0x33AD,
0x33AD,0x33AD,0x33AD,0x33AD,0x33AD,0x33AD,0x33AD,0x13A5,0x13A5,0x33AD,0x33AD,0x33AD,0x13AD,0x13AD,0x13AD,0x13A5,
0x33AD,0x33AD,0x33AD,0x33AD,0x33AD,0x33AD,0x33AD,0x33AD,0x33AD,0x33AD,0x33AD,0x33AD,0x33AD,0x33AD,0x33AD,0x33AD,
0x33AD,0x33AD,0x33AD,0x33AD,0x33AD,0x33AD,0x33AD,0x33AD,0x13AD,0x13AD,0x13A5,0x13A5,0x13A5,0x13A5,0x13A5,0x13A5,
0xF3A4,0xF3A4,0xF3A4,0xF3A4,0xF3A4,0xF3A4,0xF3A4,0xF3A4,0xF3A4,0xF3A4,0x13A5,0x13A5,0x13A5,0x13AD,0x13A5,0x13A5,
0x13A5,0x13A5,0x13A5,0x13A5,0x13A5,0x13A5,0x13A5,0x13A5,0x13A5,0x13A5,0x13A5,0x13A5,0x13A5,0x13A5,0x13A5,0x13A5,
0x13A5,0x13A5,0x13A5,0x13A5,0x13A5,0x13A5,0x13A5,0x13A5,0x13A5,0x13A5,0x13A5,0x13A5,0x14AD,0x13A5,0x14AD,0x14AD,
0x14AD,0x34AD,0x34AD,0x34AD,0x34AD,0x34AD,0x34AD,0x34AD,0x34AD,0x34AD,0x34AD,0x34AD,0x34AD,0x34AD,0x34AD,0x34AD,
0x34AD,0x34AD,0x34AD,0x34AD,0x34AD,0x34AD,0x34AD,0x34AD,0x34AD,0x34AD,0x34AD,0x34AD,0x33AD,0x33AD,0x33AD,0x33AD,
0x33AD,0x33AD,0x33AD,0x33AD,0x33AD,0x13AD,0x13AD,0x13AD,0x14AD,0x14AD,0x14AD,0x14AD,0x14AD,0x13A5,0x13A5,0x13A5,
0x13A5,0x13A5,0x13A5,0x14AD,0x14AD,0x14AD,0x34AD,0x34AD,0x14AD,0x14AD,0x14AD,0x14AD,0x14AD,0x14AD,0x14AD,0x14AD,
0x14AD,0x14AD,0x14AD,0x13A5,0x13A5,0x13A5,0x13A5,0x13A5,0x13A5,0x13A5,0x13A5,0x13A5,0x13A5,0xF3A4,0xF3A4,0xF3A4,
0xF3A4,0xF3A4,0xD3A4,0xD29C,0xD29C,0xD29C,0xD29C,0xB29C,0xB29C,0xB29C,0xB29C,0xB29C,0xB29C,0xB29C,0xB29C,0xB29C,
0x54B5,0x54B5,0x54AD,0x54AD,0x54AD,0x54AD,0x54AD,0x54AD,0x54AD,0x54AD,0x54AD,0x34AD,0x34AD,0x34AD,0x34AD,0x34AD,
0x34AD,0x34AD,0x34AD,0x34AD,0x34AD,0x34AD,0x34AD,0x33AD,0x33AD,0x33AD,0x33AD,0x33AD,0x33AD,0x33AD,0x33AD,0x33AD,
0x33AD,0x33AD,0x33AD,0x34AD,0x33AD,0x33AD,0x13AD,0x13A5,0x13AD,0x13AD,0x33AD,0x34AD,0x34AD,0x54AD,0x53AD,0x53AD,
0x53AD,0x53AD,0x53AD,0x53AD,0x33AD,0x33AD,0x33AD,0x33AD,0x33AD,0x54AD,0x34AD,0x34AD,0x34AD,0x33AD,0x33AD,0x34AD,
0x34AD,0x34AD,0x34AD,0x34AD,0x34AD,0x33AD,0x33AD,0x33AD,0x33AD,0x33AD,0x33AD,0x13AD,0x13AD,0x13A5,0x13A5,0x13A5,
0x33AD,0x33AD,0x33AD,0x33AD,0x33AD,0x13AD,0x33AD,0x13AD,0x13AD,0x13AD,0x13A5,0x13A5,0x13A5,0x13A5,0x13A5,0x13A5,
0xF3A4,0xF3A4,0xF3A4,0xF3A4,0xF3A4,0xF3A4,0xF3A4,0xF3A4,0xF3A4,0x13A5,0x13A5,0x13A5,0x13A5,0x13A5,0x13A5,0x13A5,
0x13A5,0x13A5,0x13A5,0x13A5,0x13A5,0x13A5,0x13A5,0x13A5,0x13A5,0x13A5,0x13A5,0x13A5,0x13A5,0x13A5,0x13A5,0x13A5,
0x13A5,0x13A5,0x13A5,0x13A5,0x13A5,0x13A5,0x13A5,0x13A5,0x13A5,0x13A5,0x13A5,0x13A5,0x13A5,0x13A5,0x13A5,0x13A5,
0x13A5,0x14AD,0x14AD,0x34AD,0x34AD,0x34AD,0x34AD,0x34AD,0x34AD,0x34AD,0x34AD,0x13A5,0x14AD,0x34AD,0x34AD,0x34AD,
0x34AD,0x54AD,0x54AD,0x54AD,0x54AD,0x54AD,0x54AD,0x54AD,0x54AD,0x34AD,0x34AD,0x34AD,0x34AD,0x34AD,0x34AD,0x34AD,
0x34AD,0x34AD,0x33AD,0x33AD,0x33AD,0x33AD,0x33AD,0x34AD,0x34AD,0x34AD,0x14AD,0x14AD,0x13A5,0x14AD,0x14AD,0x14AD,
0x14AD,0x14AD,0x14AD,0x34AD,0x34AD,0x34AD,0x34AD,0x34AD,0x14AD,0x13A5,0x13A5,0x13A5,0x13A5,0x13A5,0x13A5,0x13A5,
0x14AD,0x14AD,0x13A5,0x13A5,0x13A5,0x13A5,0x13A5,0x13A5,0x13A5,0x13A5,0x13A5,0x13A5,0x13A5,0x13A5,0x13A5,0xF3A4,
0xF3A4,0xF3A4,0xF3A4,0xF3A4,0xF3A4,0xF39C,0xD29C,0xD29C,0xD29C,0xB29C,0xB294,0xB294,0xB294,0xB294,0xB294,0xB294,
0x74B5,0x74B5,0x74B5,0x54B5,0x54AD,0x54AD,0x54B5,0x54B5,0x54B5,0x54B5,0x54B5,0x54AD,0x54AD,0x54AD,0x54AD,0x54AD,
0x54AD,0x54AD,0x54AD,0x54AD,0x54AD,0x54AD,0x54AD,0x33AD,0x33AD,0x33AD,0x33AD,0x33AD,0x33AD,0x33AD,0x53AD,0x53AD,
0x54AD,0x54AD,0x54AD,0x54AD,0x54AD,0x54AD,0x54AD,0x54AD,0x54AD,0x54AD,0x54AD,0x54AD,0x54B5,0x54B5,0x74B5,0x74B5,
0x74B5,0x74B5,0x74B5,0x74B5,0x74B5,0x74B5,0x74B5,0x74B5,0x74B5,0x74B5,0x75B5,0x75B5,0x75B5,0x75B5,0x75B5,0x75B5,
0x75B5,0x74B5,0x54B5,0x54AD,0x54AD,0x34AD,0x34AD,0x34AD,0x34AD,0x34AD,0x34AD,0x33AD,0x33AD,0x13AD,0x13A5,0x13A5,
0x13AD,0x13AD,0x13AD,0x33AD,0x33AD,0x33AD,0x13A5,0x13A5,0x13AD,0x13AD,0x33AD,0x34AD,0x34AD,0x14AD,0x14AD,0x13A5,
0x13A5,0x13A5,0xF3A4,0xF3A4,0xF3A4,0xF3A4,0xF3A4,0xF3A4,0xF3A4,0x13A5,0x13A5,0x13A5,0x13A5,0x13A5,0x13A5,0x13A5,
0x13A5,0x13A5,0x13A5,0x13A5,0x13A5,0x13A5,0x13A5,0x13A5,0x13A5,0x13A5,0x13A5,0x13A5,0x13A5,0x13A5,0x13A5,0x13A5,
0x13A5,0x13A5,0x13A5,0x13A5,0x13A5,0x13A5,0x13A5,0x13A5,0x13A5,0x13A5,0x13A5,0x13A5,0x13A5,0x13A5,0x13A5,0x13A5,
0x13A5,0x14AD,0x14AD,0x34AD,0x34AD,0x34AD,0x34AD,0x34AD,0x34AD,0x34AD,0x34AD,0x34AD,0x34AD,0x34AD,0x34AD,0x54AD,
0x54AD,0x54AD,0x54AD,0x54AD,0x54AD,0x54AD,0x54AD,0x54AD,0x54AD,0x54AD,0x54AD,0x54AD,0x54AD,0x54AD,0x54AD,0x54AD,
0x54AD,0x54AD,0x34AD,0x34AD,0x34AD,0x34AD,0x34AD,0x34AD,0x34AD,0x34AD,0x34AD,0x34AD,0x34AD,0x34AD,0x34AD,0x34AD,
0x34AD,0x34AD,0x34AD,0x34AD,0x34AD,0x14AD,0x14AD,0x14AD,0x14AD,0x13A5,0x13A5,0x13A5,0x13A5,0x13A5,0x13A5,0x13A5,
0x14AD,0x14AD,0x13A5,0x13A5,0x13A5,0x13A5,0x13A5,0x13A5,0x13A5,0x13A5,0x13A5,0x13A5,0x13A5,0x13A5,0x13A5,0x13A5,
0xF3A4,0xF3A4,0xF3A4,0xF3A4,0xF3A4,0xF39C,0xF39C,0xD29C,0xD29C,0xD294,0xD294,0xB294,0xB294,0xB294,0xB294,0xB194,
0x54B5,0x54AD,0x54AD,0x54AD,0x54AD,0x54AD,0x54AD,0x54AD,0x54AD,0x54AD,0x54AD,0x54AD,0x54AD,0x54AD,0x54AD,0x54AD,
0x54AD,0x54AD,0x54AD,0x54AD,0x54AD,0x54AD,0x54AD,0x54AD,0x54AD,0x54AD,0x54AD,0x54AD,0x54AD,0x53AD,0x53AD,0x53AD,
0x54AD,0x54AD,0x54AD,0x74B5,0x74B5,0x74B5,0x75B5,0x75B5,0x74B5,0x74B5,0x74B5,0x74B5,0x74B5,0x74B5,0x94B5,0x94B5,
0x94B5,0x94B5,0x94B5,0x74B5,0x74B5,0x74B5,0x74B5,0x74B5,0x74B5,0x75B5,0x95B5,0x95B5,0x95B5,0x95B5,0x95B5,0x95B5,
0x95B5,0x95B5,0x75B5,0x75B5,0x74B5,0x74B5,0x74B5,0x74B5,0x74B5,0x74B5,0x74B5,0x54B5,0x54B5,0x54AD,0x54AD,0x34AD,
0x34AD,0x34AD,0x33AD,0x33AD,0x33AD,0x33AD,0x13A5,0x13A5,0x13AD,0x13AD,0x33AD,0x33AD,0x34AD,0x34AD,0x14AD,0x14AD,
0x13A5,0x13A5,0x13A5,0x13A5,0x13A5,0x13A5,0x13A5,0x13A5,0x14A5,0x14A5,0x14A5,0x14A5,0x14A5,0xF4A4,0xF4A4,0xF4A4,
0xF4A4,0xF4A4,0xF3A4,0x13A5,0x13A5,0x13A5,0x13A5,0x13A5,0x13A5,0x13A5,0x13A5,0x13A5,0x13A5,0x13A5,0x13A5,0x13A5,
0x13A5,0x13A5,0x13A5,0x13A5,0x13A5,0x13A5,0x13A5,0x13A5,0x13A5,0x13A5,0x13A5,0x13A5,0x13A5,0x13A5,0x13A5,0x13A5,
0x13A5,0x14AD,0x14AD,0x34AD,0x34AD,0x34AD,0x34AD,0x34AD,0x34AD,0x34AD,0x34AD,0x34AD,0x34AD,0x34AD,0x54AD,0x54AD,
0x54AD,0x54AD,0x54AD,0x54AD,0x54AD,0x54AD,0x54B5,0x74B5,0x54B5,0x54B5,0x54B5,0x54AD,0x54AD,0x54AD,0x54AD,0x54AD,
0x54AD,0x54AD,0x54AD,0x54AD,0x54AD,0x54AD,0x54AD,0x54AD,0x54AD,0x34AD,0x34AD,0x34AD,0x34AD,0x34AD,0x34AD,0x34AD,
0x34AD,0x34AD,0x34AD,0x34AD,0x14AD,0x14AD,0x13A5,0x13A5,0x13A5,0x13A5,0x13A5,0x13A5,0x13A5,0x13A5,0x13A5,0x13A5,
0x14AD,0x14AD,0x13A5,0x13A5,0x13A5,0x13A5,0x13A5,0x13A5,0x13A5,0x13A5,0x13A5,0x13A5,0x13A5,0x13A5,0x13A5,0x13A5,
0x13A5,0x13A5,0x13A5,0xF3A4,0xF3A4,0xF3A4,0xF39C,0xF29C,0xD29C,0xD29C,0xD294,0xB294,0xB294,0xB294,0xB294,0xB294,
0x54AD,0x54AD,0x34AD,0x34AD,0x34AD,0x34AD,0x34AD,0x34AD,0x34AD,0x34AD,0x34AD,0x34AD,0x34AD,0x34AD,0x54AD,0x54AD,
0x34AD,0x54AD,0x54AD,0x54AD,0x34AD,0x34AD,0x34AD,0x33AD,0x33AD,0x33AD,0x33AD,0x33AD,0x33AD,0x33AD,0x33AD,0x33AD,
0x53AD,0x54AD,0x54AD,0x54AD,0x54AD,0x54AD,0x54AD,0x54B5,0x54AD,0x54AD,0x54AD,0x54AD,0x54AD,0x54AD,0x74B5,0x74B5,
0x74B5,0x74B5,0x74B5,0x54AD,0x54AD,0x54AD,0x54AD,0x54AD,0x54AD,0x54B5,0x74B5,0x74B5,0x75B5,0x75B5,0x95B5,0x95B5,
0x95B5,0x95B5,0x95B5,0x95B5,0x95B5,0x95B5,0x95B5,0x95B5,0x95B5,0x95B5,0x95B5,0xB5BD,0x95B5,0x95B5,0x75B5,0x74B5,
0x74B5,0x54B5,0x54AD,0x54AD,0x34AD,0x33AD,0x33AD,0x33AD,0x13AD,0x13AD,0x13A5,0x13A5,0x13AD,0x13A5,0x13A5,0x13A5,
0x13A5,0x13A5,0x14AD,0x14AD,0x14AD,0x13AD,0x14AD,0x13A5,0x13A5,0x14A5,0x14A5,0x14AD,0x14AD,0xF3A4,0xF3A4,0xF3A4,
0xF3A4,0xF3A4,0xF3A4,0x13A5,0x13A5,0x13A5,0x13A5,0x13A5,0x13A5,0x13A5,0x13A5,0x13A5,0x13A5,0x13A5,0x13A5,0x13A5,
0x13A5,0x13A5,0x13A5,0x13A5,0x13A5,0x13A5,0x13A5,0x13A5,0x13A5,0x13A5,0x13A5,0x13A5,0x13A5,0x13A5,0x13A5,0x13A5,
0x13A5,0x14AD,0x14AD,0x34AD,0x34AD,0x34AD,0x34AD,0x34AD,0x34AD,0x34AD,0x34AD,0x34AD,0x54AD,0x54AD,0x54AD,0x55B5,
0x54AD,0x54AD,0x54AD,0x54AD,0x54AD,0x54AD,0x74B5,0x74B5,0x74B5,0x74B5,0x74B5,0x54B5,0x54B5,0x54B5,0x54B5,0x54B5,
0x54B5,0x54B5,0x54AD,0x54AD,0x54AD,0x54AD,0x54AD,0x54AD,0x54AD,0x54AD,0x34AD,0x34AD,0x34AD,0x34AD,0x34AD,0x34AD,
0x34AD,0x34AD,0x34AD,0x34AD,0x14AD,0x13A5,0x13A5,0x13A5,0x13A5,0x13A5,0x13A5,0x13A5,0x13A5,0x13A5,0x13A5,0x13A5,
0x14AD,0x14AD,0x13A5,0x13A5,0x13A5,0x13A5,0x13A5,0x13A5,0x13A5,0x13A5,0x13A5,0x13A5,0x13A5,0x13A5,0x13A5,0x13A5,
0x13A5,0x13A5,0x13A5,0x13A5,0x13A5,0xF3A4,0xF39C,0xF39C,0xD29C,0xD29C,0xD29C,0xD29C,0xD29C,0xD29C,0xD29C,0xB294,
0x13AD,0x13AD,0x13AD,0x13AD,0x13AD,0x13AD,0x13AD,0x13AD,0x13AD,0x13AD,0x13AD,0x33AD,0x33AD,0x33AD,0x34AD,0x34AD,
0x34AD,0x34AD,0x34AD,0x34AD,0x33AD,0x33AD,0x33AD,0x33AD,0x33AD,0x33AD,0x33AD,0x13AD,0x13AD,0x33AD,0x33AD,0x33AD,
0x33AD,0x34AD,0x34AD,0x34AD,0x34AD,0x34AD,0x54AD,0x34AD,0x34AD,0x34AD,0x34AD,0x34AD,0x34AD,0x34AD,0x34AD,0x34AD,
0x34AD,0x34AD,0x34AD,0x33AD,0x33AD,0x33AD,0x33AD,0x33AD,0x33AD,0x34AD,0x54AD,0x54B5,0x74B5,0x74B5,0x75B5,0x75B5,
0x75B5,0x75B5,0x75B5,0x75B5,0x75B5,0x95B5,0x95B5,0x95B5,0xB5BD,0xB5BD,0xB5BD,0xB5BD,0xB5BD,0xB5BD,0xB5BD,0xB5BD,
0xB5BD,0x95B5,0x95B5,0x95B5,0x95B5,0x95B5,0x74B5,0x74B5,0x74B5,0x54AD,0x33AD,0x33AD,0x13AD,0x33AD,0x34AD,0x33AD,
0x33AD,0x33AD,0x33AD,0x13AD,0x13AD,0x13AD,0x33AD,0x13AD,0x13AD,0x13A5,0x13A5,0x13A5,0x13A5,0x13A5,0x13A5,0x13A5,
0x13A5,0x13A5,0x13A5,0xF3A4,0x13A5,0x13A5,0x13A5,0xF3A4,0xF3A4,0xF3A4,0xF3A4,0xF3A4,0xF3A4,0xF3A4,0x13A5,0x13A5,
0x13A5,0x13A5,0x13A5,0x13A5,0x13A5,0x13A5,0x13A5,0x13A5,0x13A5,0x13A5,0xF3A4,0x13A5,0x13A5,0x13A5,0x14AD,0x13A5,
0x13A5,0x14AD,0x14AD,0x34AD,0x34AD,0x13AD,0x33AD,0x33AD,0x34AD,0x34AD,0x54AD,0x54AD,0x54AD,0x54AD,0x54AD,0x54AD,
0x54AD,0x54AD,0x54AD,0x54AD,0x54AD,0x54AD,0x54AD,0x54AD,0x54B5,0x55B5,0x75B5,0x75B5,0x54B5,0x55B5,0x55B5,0x75B5,
0x75B5,0x75B5,0x54B5,0x54AD,0x54AD,0x54AD,0x54AD,0x54AD,0x54AD,0x54AD,0x54AD,0x54AD,0x54AD,0x54AD,0x54AD,0x54AD,
0x34AD,0x34AD,0x34AD,0x34AD,0x13A5,0x13A5,0x13A5,0x13A5,0x13A5,0x13A5,0x13A5,0x13A5,0x13A5,0x13A5,0x13A5,0x13A5,
0x13A5,0x13A5,0x13A5,0x13A5,0x14AD,0x14AD,0x14AD,0x14AD,0x14AD,0x14AD,0x13A5,0x13A5,0x13A5,0x13A5,0x13A5,0x13A5,
0x13A5,0x13A5,0x13A5,0x13A5,0x13A5,0x13A5,0x13A5,0xF3A4,0xF3A4,0xD29C,0xD29C,0xD29C,0xD29C,0xD29C,0xD29C,0xB29C,
0x13A5,0x13A5,0x13A5,0x13A5,0x13A5,0x13A5,0x13AD,0x13AD,0x13AD,0x13AD,0x13AD,0x13AD,0x13AD,0x13AD,0x33AD,0x33AD,
0x33AD,0x33AD,0x33AD,0x33AD,0x33AD,0x13AD,0x13AD,0x33AD,0x13AD,0x13AD,0x13AD,0x13A5,0x13A5,0x13AD,0x13AD,0x13AD,
0x33AD,0x33AD,0x33AD,0x33AD,0x33AD,0x33AD,0x33AD,0x33AD,0x33AD,0x33AD,0x33AD,0x33AD,0x33AD,0x33AD,0x33AD,0x33AD,
0x33AD,0x33AD,0x33AD,0x33AD,0x33AD,0x33AD,0x33AD,0x33AD,0x33AD,0x34AD,0x34AD,0x54AD,0x54AD,0x54AD,0x54B5,0x54AD,
0x54AD,0x54AD,0x54AD,0x54AD,0x54B5,0x74B5,0x74B5,0x74B5,0x95B5,0x95B5,0xB5BD,0xB5BD,0xB5BD,0xB5BD,0xB5BD,0xB5BD,
0xB5BD,0xB5BD,0xB5BD,0xB5BD,0xB5BD,0xB5BD,0x95B5,0x95B5,0x95B5,0x95B5,0x74B5,0x74B5,0x75B5,0x75B5,0x74B5,0x54AD,
0x54AD,0x33AD,0x13AD,0x13A5,0x13A5,0x13AD,0x33AD,0x13AD,0x13A5,0x13A5,0x13A5,0x13A5,0x13A5,0x13A5,0x13A5,0x13A5,
0x13A5,0x13A5,0x13A5,0xF3A4,0x13A5,0x13A5,0x13A5,0xF3A4,0xF3A4,0xF3A4,0xF3A4,0xF3A4,0xF3A4,0xF3A4,0xF3A4,0xF3A4,
0xF3A4,0xF3A4,0xF3A4,0xF3A4,0x13A5,0x13A5,0x13A5,0x13A5,0x13A5,0x13A5,0xF3A4,0x13A5,0x13A5,0x13A5,0x14AD,0x13A5,
0x13A5,0x14AD,0x14AD,0x34AD,0x34AD,0x33AD,0x33AD,0x33AD,0x34AD,0x34AD,0x54AD,0x54AD,0x54AD,0x54AD,0x54AD,0x54AD,
0x54AD,0x54AD,0x54AD,0x54AD,0x54AD,0x54AD,0x54AD,0x54AD,0x55B5,0x75B5,0x75B5,0x75B5,0x75B5,0x75B5,0x75B5,0x75B5,
0x75B5,0x75B5,0x75B5,0x55B5,0x54AD,0x54AD,0x54AD,0x54AD,0x54AD,0x54AD,0x54AD,0x54AD,0x34AD,0x54AD,0x54AD,0x34AD,
0x34AD,0x34AD,0x34AD,0x34AD,0x13A5,0x13A5,0x13A5,0x13A5,0x13A5,0x13A5,0x13A5,0x13A5,0x13A5,0x13A5,0x13A5,0x13A5,
0x13A5,0x13A5,0x13A5,0x13A5,0x14AD,0x14AD,0x14AD,0x14AD,0x14AD,0x14AD,0x13A5,0x13A5,0x13A5,0x13A5,0x13A5,0x13A5,
0x13A5,0x13A5,0x13A5,0x13A5,0x13A5,0x13A5,0x13A5,0xF3A4,0xF3A4,0xF3A4,0xD3A4,0xD29C,0xD29C,0xD29C,0xD29C,0xD29C,
0x13A5,0x13A5,0x13A5,0x13A5,0x13A5,0x13A5,0x13AD,0x13AD,0x13AD,0x13AD,0x13AD,0x13A5,0x13A5,0x13A5,0x13AD,0x13AD,
0x33AD,0x33AD,0x33AD,0x33AD,0x33AD,0x33AD,0x33AD,0x33AD,0x33AD,0x13AD,0x13A5,0x13A5,0x13A5,0x13A5,0x13A5,0x13AD,
0x13AD,0x33AD,0x33AD,0x33AD,0x33AD,0x33AD,0x33AD,0x33AD,0x33AD,0x33AD,0x33AD,0x33AD,0x33AD,0x33AD,0x33AD,0x33AD,
0x33AD,0x34AD,0x34AD,0x34AD,0x34AD,0x34AD,0x34AD,0x34AD,0x34AD,0x34AD,0x54AD,0x54AD,0x54AD,0x54AD,0x54AD,0x54AD,
0x54AD,0x54AD,0x54AD,0x54AD,0x54AD,0x54AD,0x54AD,0x74B5,0x74B5,0x94B5,0x95B5,0x95B5,0x95B5,0x95B5,0x95B5,0x95B5,
0x95B5,0x95B5,0x95B5,0xB5BD,0xB5BD,0xB5BD,0xB5BD,0xB5BD,0xB5BD,0xB5BD,0xB5BD,0xB5BD,0xB6BD,0xB6BD,0xB5BD,0x95B5,
0x75B5,0x54B5,0x54AD,0x33AD,0x13A5,0xF3A4,0xF3A4,0x13A5,0x13A5,0x13A5,0x13A5,0x13A5,0xF3A4,0x13A5,0x13A5,0x13A5,
0x13A5,0x13A5,0x13A5,0xF3A4,0x13A5,0x13A5,0x13A5,0xF3A4,0xF3A4,0xF3A4,0xF3A4,0xF3A4,0xF3A4,0xF3A4,0xF3A4,0xF3A4,
0xF3A4,0xF3A4,0xF3A4,0xF3A4,0xF3A4,0xF3A4,0xF3A4,0xF3A4,0xF3A4,0xF3A4,0xF3A4,0x13A5,0x13A5,0x13A5,0x14AD,0x13A5,
0x13A5,0x14AD,0x14AD,0x34AD,0x34AD,0x34AD,0x33AD,0x34AD,0x34AD,0x54AD,0x54AD,0x54AD,0x54AD,0x54AD,0x54AD,0x54AD,
0x54B5,0x55B5,0x55B5,0x55B5,0x55B5,0x55B5,0x55B5,0x55B5,0x75B5,0x75B5,0x75B5,0x75B5,0x75B5,0x75B5,0x75B5,0x75B5,
0x75B5,0x75B5,0x75B5,0x55B5,0x54AD,0x34AD,0x34AD,0x54AD,0x54AD,0x54AD,0x34AD,0x34AD,0x34AD,0x34AD,0x34AD,0x34AD,
0x34AD,0x34AD,0x34AD,0x34AD,0x13A5,0x13A5,0x13A5,0x13A5,0x13A5,0x13A5,0x13A5,0x13A5,0x13A5,0x13A5,0x13A5,0x13A5,
0x13A5,0x13A5,0x13A5,0x13A5,0x13A5,0x13A5,0x13A5,0x13A5,0x13A5,0x13A5,0x13A5,0x13A5,0x13A5,0x13A5,0x13A5,0x13A5,
0x13A5,0x13A5,0x13A5,0x13A5,0x13A5,0x13A5,0x13A5,0xF3A4,0xF3A4,0xF3A4,0xF3A4,0xF3A4,0xF3A4,0xF3A4,0xF3A4,0xD3A4,
0x33AD,0x33AD,0x33AD,0x33AD,0x33AD,0x33AD,0x13AD,0x13AD,0x13AD,0x13AD,0x13AD,0x33AD,0x33AD,0x33AD,0x33AD,0x33AD,
0x34AD,0x33AD,0x34AD,0x34AD,0x34AD,0x54AD,0x54AD,0x34AD,0x34AD,0x34AD,0x33AD,0x33AD,0x33AD,0x33AD,0x33AD,0x33AD,
0x33AD,0x34AD,0x33AD,0x33AD,0x33AD,0x33AD,0x33AD,0x33AD,0x34AD,0x34AD,0x34AD,0x34AD,0x34AD,0x34AD,0x33AD,0x34AD,
0x34AD,0x54AD,0x54AD,0x54AD,0x54AD,0x54AD,0x54AD,0x54AD,0x54AD,0x54AD,0x54B5,0x54AD,0x54AD,0x54AD,0x54AD,0x54AD,
0x54AD,0x54AD,0x54AD,0x54AD,0x54AD,0x53AD,0x53AD,0x54AD,0x54AD,0x74B5,0x74B5,0x74B5,0x74B5,0x74B5,0x74B5,0x74B5,
0x74B5,0x74B5,0x75B5,0x95B5,0x95B5,0x95B5,0x95B5,0x95BD,0xB5BD,0xB5BD,0xB5BD,0xB5BD,0xB5BD,0xB5BD,0xB6BD,0xB5BD,
0x95BD,0x95B5,0x75B5,0x54B5,0x34AD,0x33AD,0x13AD,0x13A5,0x13A5,0x13A5,0x13A5,0xF3A4,0xF3A4,0x13A5,0x13A5,0x13A5,
0x13A5,0x13A5,0x13A5,0xF3A4,0x13A5,0x13A5,0x13A5,0xF3A4,0xF3A4,0xF3A4,0xF3A4,0xF3A4,0xF3A4,0xF3A4,0xF3A4,0xF3A4,
0xF3A4,0xF3A4,0xF3A4,0xF3A4,0xF3A4,0xF3A4,0xF3A4,0xF3A4,0xF3A4,0xF3A4,0xF3A4,0x13A5,0x13A5,0x13A5,0x14AD,0x13A5,
0x13A5,0x14AD,0x14AD,0x34AD,0x34AD,0x34AD,0x34AD,0x34AD,0x54AD,0x54AD,0x54AD,0x54AD,0x54AD,0x54AD,0x54AD,0x54AD,
0x54B5,0x75B5,0x75B5,0x75B5,0x75B5,0x75B5,0x75B5,0x75B5,0x75B5,0x75B5,0x75B5,0x75B5,0x75B5,0x75B5,0x75B5,0x75B5,
0x55B5,0x55B5,0x55B5,0x54AD,0x54AD,0x54AD,0x54AD,0x54AD,0x34AD,0x34AD,0x34AD,0x34AD,0x34AD,0x34AD,0x34AD,0x34AD,
0x34AD,0x34AD,0x34AD,0x34AD,0x13A5,0x13A5,0x13A5,0x13A5,0x13A5,0x13A5,0x13A5,0x13A5,0x13A5,0x13A5,0x13A5,0x13A5,
0x13A5,0x13A5,0x13A5,0x13A5,0x13A5,0x13A5,0x13A5,0x13A5,0x13A5,0x13A5,0x13A5,0x13A5,0x13A5,0x13A5,0x13A5,0x13A5,
0x13A5,0x13A5,0x13A5,0x13A5,0x13A5,0x13A5,0x13A5,0x13A5,0xF3A4,0xF3A4,0xF3A4,0xF3A4,0xF3A4,0xF3A4,0xF3A4,0xF3A4,
0x33AD,0x33AD,0x33AD,0x33AD,0x33AD,0x33AD,0x33AD,0x33AD,0x33AD,0x33AD,0x33AD,0x13AD,0x13AD,0x33AD,0x33AD,0x33AD,
0x34AD,0x34AD,0x54AD,0x54AD,0x54AD,0x54AD,0x54AD,0x54AD,0x54AD,0x54AD,0x34AD,0x34AD,0x34AD,0x33AD,0x33AD,0x33AD,
0x33AD,0x33AD,0x33AD,0x33AD,0x33AD,0x33AD,0x34AD,0x34AD,0x34AD,0x34AD,0x34AD,0x54AD,0x54AD,0x54AD,0x54AD,0x54AD,
0x54AD,0x54AD,0x54B5,0x54B5,0x74B5,0x54B5,0x54B5,0x54AD,0x54AD,0x54AD,0x54AD,0x54B5,0x54B5,0x54B5,0x54AD,0x54AD,
0x54AD,0x54AD,0x54AD,0x54AD,0x54AD,0x33AD,0x53AD,0x53AD,0x54AD,0x54AD,0x54AD,0x54AD,0x74B5,0x54AD,0x54AD,0x54AD,
0x54AD,0x54AD,0x54AD,0x54AD,0x54AD,0x54AD,0x54AD,0x75B5,0x95B5,0x95B5,0x95B5,0x95B5,0x95B5,0x95BD,0x95BD,0x95BD,
0x95BD,0x95BD,0x95B5,0x95B5,0x75B5,0x74B5,0x74B5,0x34AD,0x13AD,0x13A5,0x13A5,0x13A5,0x13A5,0xF3A4,0xF3A4,0x13A5,
0x13A5,0x13A5,0x13A5,0x13A5,0x13A5,0x13A5,0xF3A4,0xF3A4,0xF3A4,0xF3A4,0xF3A4,0xF3A4,0xF3A4,0xF3A4,0xF3A4,0xF3A4,
0xF3A4,0xF3A4,0xF3A4,0xF3A4,0xF3A4,0xF3A4,0xF3A4,0xF3A4,0xF3A4,0xF3A4,0xF3A4,0xF3A4,0xF3A4,0x13A5,0x13A5,0x13A5,
0x13A5,0x34AD,0x34AD,0x34AD,0x34AD,0x34AD,0x33AD,0x34AD,0x54AD,0x54AD,0x54AD,0x54AD,0x54AD,0x54AD,0x54AD,0x54AD,
0x54AD,0x54AD,0x54AD,0x54AD,0x54AD,0x54AD,0x55B5,0x55B5,0x75B5,0x75B5,0x75B5,0x75B5,0x75B5,0x55B5,0x55B5,0x54AD,
0x54AD,0x54AD,0x54AD,0x54AD,0x54AD,0x54AD,0x54AD,0x34AD,0x34AD,0x34AD,0x34AD,0x34AD,0x34AD,0x34AD,0x34AD,0x34AD,
0x34AD,0x14AD,0x14AD,0x34AD,0x14AD,0x13A5,0x13A5,0x13A5,0x13A5,0x13A5,0x13A5,0x13A5,0x13A5,0x13A5,0x13A5,0x13A5,
0x13A5,0x13A5,0x13A5,0x13A5,0x13A5,0x13A5,0x13A5,0x13A5,0x13A5,0x13A5,0x14AD,0x14AD,0x14AD,0x14AD,0x14AD,0x13A5,
0x13A5,0x13A5,0x13A5,0x13A5,0x13A5,0x13A5,0x13A5,0x13A5,0x13A5,0x13A5,0x13A5,0xF3A4,0xF3A4,0xF3A4,0xF3A4,0xF3A4,
0x33AD,0x33AD,0x33AD,0x33AD,0x33AD,0x33AD,0x33AD,0x33AD,0x33AD,0x33AD,0x33AD,0x13AD,0x13A5,0x13AD,0x33AD,0x34AD,
0x34AD,0x54AD,0x54AD,0x54AD,0x54AD,0x54AD,0x54AD,0x54AD,0x54AD,0x54AD,0x54AD,0x54AD,0x34AD,0x34AD,0x34AD,0x34AD,
0x33AD,0x33AD,0x33AD,0x33AD,0x34AD,0x34AD,0x34AD,0x34AD,0x34AD,0x34AD,0x54AD,0x54AD,0x54AD,0x54AD,0x54AD,0x54AD,
0x54AD,0x54B5,0x54B5,0x54B5,0x74B5,0x54B5,0x54B5,0x54AD,0x54AD,0x54AD,0x54AD,0x54AD,0x54AD,0x54AD,0x54AD,0x34AD,
0x34AD,0x34AD,0x34AD,0x34AD,0x34AD,0x53AD,0x53AD,0x53AD,0x54AD,0x54AD,0x54AD,0x54AD,0x54AD,0x54AD,0x54AD,0x53AD,
0x34AD,0x34AD,0x34AD,0x34AD,0x34AD,0x34AD,0x13AD,0x34AD,0x54AD,0x54AD,0x54AD,0x54B5,0x95B5,0x75B5,0x75B5,0x75B5,
0x75B5,0x95B5,0x95B5,0x95B5,0x75B5,0x75B5,0x75B5,0x54B5,0x54AD,0x34AD,0x33AD,0x33AD,0x33AD,0x33AD,0x33AD,0x33AD,
0x13AD,0x13AD,0x13AD,0x13A5,0x13A5,0xF3A4,0xF3A4,0xF3A4,0xF3A4,0xF3A4,0xF3A4,0xF3A4,0xF3A4,0xF3A4,0xF3A4,0xF3A4,
0xF3A4,0xF3A4,0xD3A4,0xD3A4,0xD3A4,0xD3A4,0xD3A4,0xD3A4,0xD3A4,0xD3A4,0xD3A4,0xF3A4,0xF3A4,0xF3A4,0xF3A4,0x13A5,
0x13A5,0x14AD,0x34AD,0x34AD,0x34AD,0x34AD,0x33AD,0x34AD,0x34AD,0x54AD,0x54AD,0x54AD,0x54AD,0x54AD,0x54AD,0x54AD,
0x54AD,0x54AD,0x54AD,0x54AD,0x54AD,0x54AD,0x54AD,0x54AD,0x54AD,0x54AD,0x54AD,0x55B5,0x54AD,0x54AD,0x54AD,0x54AD,
0x54AD,0x54AD,0x34AD,0x34AD,0x34AD,0x34AD,0x34AD,0x34AD,0x34AD,0x34AD,0x34AD,0x34AD,0x34AD,0x34AD,0x34AD,0x34AD,
0x34AD,0x14AD,0x14AD,0x34AD,0x34AD,0x14AD,0x13A5,0x13A5,0x13A5,0x13A5,0x13A5,0x13A5,0x13A5,0x13A5,0x13A5,0x13A5,
0x13A5,0x13A5,0x13A5,0x13A5,0xF3A4,0xF3A4,0xF3A4,0x13A5,0x13A5,0x13A5,0x14AD,0x14AD,0x34AD,0x14AD,0x14AD,0x13A5,
0x13A5,0x13A5,0x13A5,0x13A5,0x13A5,0x13A5,0x13A5,0x13A5,0x13A5,0x13A5,0x13A5,0xF3A4,0xF3A4,0xF3A4,0xF3A4,0xF3A4,
0x33AD,0x33AD,0x33AD,0x33AD,0x33AD,0x33AD,0x33AD,0x33AD,0x33AD,0x33AD,0x33AD,0x13AD,0x33AD,0x33AD,0x34AD,0x34AD,
0x34AD,0x54AD,0x54AD,0x54AD,0x54AD,0x54AD,0x54AD,0x54B5,0x54B5,0x54B5,0x54B5,0x54B5,0x54AD,0x54AD,0x54AD,0x54AD,
0x34AD,0x34AD,0x34AD,0x34AD,0x34AD,0x54AD,0x54AD,0x54AD,0x54AD,0x54AD,0x54AD,0x54AD,0x54B5,0x54B5,0x54AD,0x54B5,
0x54B5,0x74B5,0x74B5,0x74B5,0x74B5,0x54B5,0x54B5,0x54AD,0x54AD,0x54AD,0x54AD,0x54AD,0x54AD,0x54AD,0x34AD,0x33AD,
0x33AD,0x33AD,0x33AD,0x33AD,0x33AD,0x53AD,0x53AD,0x53AD,0x54AD,0x54AD,0x54AD,0x54AD,0x54AD,0x54AD,0x54AD,0x54AD,
0x34AD,0x34AD,0x34AD,0x34AD,0x34AD,0x34AD,0x34AD,0x34AD,0x34AD,0x34AD,0x54AD,0x54AD,0x54AD,0x54AD,0x54AD,0x54AD,
0x54AD,0x54AD,0x54AD,0x54B5,0x74B5,0x74B5,0x75B5,0x54B5,0x54B5,0x54B5,0x54AD,0x54AD,0x54AD,0x54AD,0x54AD,0x54AD,
0x34AD,0x34AD,0x33AD,0x13AD,0x13A5,0x13A5,0x13A5,0xF3A4,0xF3A4,0xF3A4,0xF3A4,0xF3A4,0xF3A4,0xD3A4,0xF3A4,0xF3A4,
0xF3A4,0xF3A4,0xD3A4,0xD3A4,0xD3A4,0xD3A4,0xD3A4,0xD3A4,0xD3A4,0xD3A4,0xD29C,0xD3A4,0xF3A4,0xF3A4,0xF3A4,0x13A5,
0x13A5,0x13A5,0x14AD,0x34AD,0x34AD,0x34AD,0x33AD,0x33AD,0x33AD,0x34AD,0x34AD,0x34AD,0x34AD,0x34AD,0x34AD,0x34AD,
0x34AD,0x34AD,0x34AD,0x34AD,0x34AD,0x34AD,0x34AD,0x34AD,0x34AD,0x34AD,0x54AD,0x54AD,0x54AD,0x54AD,0x34AD,0x34AD,
0x34AD,0x34AD,0x34AD,0x34AD,0x34AD,0x34AD,0x34AD,0x34AD,0x34AD,0x34AD,0x34AD,0x34AD,0x34AD,0x34AD,0x34AD,0x34AD,
0x34AD,0x14AD,0x14AD,0x34AD,0x34AD,0x14AD,0x13A5,0x13A5,0x13A5,0x13A5,0x13A5,0x13A5,0x13A5,0x13A5,0x13A5,0x13A5,
0x13A5,0x13A5,0x13A5,0x13A5,0xF3A4,0xF3A4,0xF3A4,0x13A5,0x13A5,0x13A5,0x14AD,0x14AD,0x34AD,0x14AD,0x14AD,0x13A5,
0x13A5,0x13A5,0x13A5,0x13A5,0x13A5,0x13A5,0x13A5,0x13A5,0x13A5,0x13A5,0x13A5,0x13A5,0x13A5,0x13A5,0x13A5,0x13A5,
0x33AD,0x33AD,0x33AD,0x33AD,0x33AD,0x33AD,0x33AD,0x33AD,0x33AD,0x33AD,0x33AD,0x33AD,0x33AD,0x33AD,0x34AD,0x34AD,
0x54AD,0x54AD,0x54AD,0x54AD,0x54AD,0x54AD,0x54AD,0x54B5,0x74B5,0x74B5,0x74B5,0x75B5,0x74B5,0x54AD,0x54B5,0x54AD,
0x54AD,0x54AD,0x54AD,0x54AD,0x54AD,0x54AD,0x54AD,0x54B5,0x54AD,0x54AD,0x74B5,0x74B5,0x74B5,0x74B5,0x54B5,0x54B5,
0x74B5,0x74B5,0x74B5,0x74B5,0x74B5,0x54B5,0x54B5,0x54AD,0x54AD,0x54AD,0x54AD,0x54AD,0x54AD,0x34AD,0x33AD,0x13AD,
0x33AD,0x33AD,0x33AD,0x13AD,0x33AD,0x53AD,0x53AD,0x53AD,0x54AD,0x54AD,0x54AD,0x54AD,0x54AD,0x54AD,0x54AD,0x54AD,
0x34AD,0x34AD,0x34AD,0x34AD,0x34AD,0x34AD,0x34AD,0x34AD,0x14AD,0x34AD,0x34AD,0x34AD,0x34AD,0x34AD,0x34AD,0x34AD,
0x34AD,0x33AD,0x34AD,0x34AD,0x34AD,0x54AD,0x54AD,0x54AD,0x54AD,0x54B5,0x54B5,0x54AD,0x54AD,0x54AD,0x54AD,0x54AD,
0x54AD,0x54AD,0x54AD,0x34AD,0x34AD,0x34AD,0x13AD,0x13AD,0x13A5,0x13A5,0x13A5,0xF3A4,0xF3A4,0xF3A4,0xF3A4,0xF3A4,
0xF3A4,0xF3A4,0xD3A4,0xD3A4,0xD3A4,0xD3A4,0xD3A4,0xD3A4,0xD3A4,0xD29C,0xD29C,0xD29C,0xF3A4,0xF3A4,0xF3A4,0x13A5,
0x13A5,0x13A5,0x14AD,0x14AD,0x34AD,0x33AD,0x33AD,0x33AD,0x33AD,0x13AD,0x13AD,0x33AD,0x33AD,0x33AD,0x33AD,0x33AD,
0x34AD,0x34AD,0x34AD,0x34AD,0x34AD,0x34AD,0x34AD,0x34AD,0x34AD,0x34AD,0x34AD,0x34AD,0x34AD,0x34AD,0x34AD,0x34AD,
0x34AD,0x34AD,0x34AD,0x34AD,0x34AD,0x34AD,0x34AD,0x34AD,0x34AD,0x34AD,0x34AD,0x34AD,0x34AD,0x34AD,0x34AD,0x34AD,
0x34AD,0x14AD,0x14AD,0x34AD,0x34AD,0x14AD,0x13A5,0x13A5,0x13A5,0x13A5,0x13A5,0x13A5,0x13A5,0x13A5,0x13A5,0x13A5,
0x13A5,0x13A5,0x13A5,0x13A5,0xF3A4,0xF3A4,0xF3A4,0x13A5,0x13A5,0x13A5,0x14AD,0x14AD,0x34AD,0x14AD,0x14AD,0x13A5,
0x13A5,0x13A5,0x13A5,0x13A5,0x13A5,0x13A5,0x13A5,0x13A5,0x13A5,0x13A5,0x13A5,0x13A5,0x13A5,0x13A5,0x13A5,0x13A5,
0x34AD,0x34AD,0x34AD,0x34AD,0x34AD,0x34AD,0x33AD,0x33AD,0x33AD,0x33AD,0x33AD,0x33AD,0x34AD,0x34AD,0x54AD,0x54AD,
0x54AD,0x54B5,0x54B5,0x54B5,0x54B5,0x74B5,0x74B5,0x74B5,0x74B5,0x74B5,0x75B5,0x75B5,0x75B5,0x74B5,0x74B5,0x54B5,
0x54B5,0x54AD,0x54AD,0x54AD,0x54AD,0x54AD,0x54AD,0x54AD,0x54B5,0x54B5,0x74B5,0x74B5,0x75B5,0x74B5,0x54AD,0x54B5,
0x54B5,0x54B5,0x54B5,0x54B5,0x54B5,0x54AD,0x54AD,0x54AD,0x54AD,0x54AD,0x54AD,0x54AD,0x34AD,0x34AD,0x33AD,0x13AD,
0x13AD,0x13AD,0x13AD,0x33AD,0x33AD,0x33AD,0x33AD,0x33AD,0x54AD,0x54AD,0x54AD,0x54AD,0x54AD,0x54AD,0x54AD,0x54AD,
0x34AD,0x34AD,0x34AD,0x34AD,0x34AD,0x34AD,0x34AD,0x34AD,0x14AD,0x34AD,0x34AD,0x34AD,0x33AD,0x33AD,0x33AD,0x33AD,
0x33AD,0x13AD,0x13AD,0x13AD,0x13AD,0x13AD,0x13AD,0x33AD,0x33AD,0x34AD,0x34AD,0x34AD,0x34AD,0x54AD,0x54AD,0x54AD,
0x54AD,0x54AD,0x54AD,0x54AD,0x54AD,0x34AD,0x34AD,0x34AD,0x34AD,0x34AD,0x34AD,0x13A5,0x13A5,0x13A5,0xF3A4,0xF3A4,
0xF3A4,0xF3A4,0xF3A4,0xD3A4,0xD3A4,0xD29C,0xD29C,0xD3A4,0xD3A4,0xD29C,0xD29C,0xD29C,0xF3A4,0xF3A4,0xF3A4,0xF3A4,
0x13A5,0x13A5,0x13A5,0x13A5,0x14AD,0x13AD,0x13AD,0x13AD,0x13AD,0x13A5,0x13A5,0x13A5,0x13A5,0x13AD,0x13AD,0x13AD,
0x14AD,0x14AD,0x14AD,0x14AD,0x14AD,0x14AD,0x14AD,0x14AD,0x34AD,0x34AD,0x34AD,0x34AD,0x34AD,0x34AD,0x34AD,0x34AD,
0x34AD,0x34AD,0x34AD,0x34AD,0x34AD,0x34AD,0x34AD,0x34AD,0x34AD,0x34AD,0x34AD,0x34AD,0x34AD,0x34AD,0x34AD,0x34AD,
0x34AD,0x14AD,0x14AD,0x34AD,0x34AD,0x14AD,0x13A5,0x13A5,0x13A5,0x13A5,0x13A5,0x13A5,0x13A5,0x13A5,0x13A5,0x13A5,
0x13A5,0x13A5,0x13A5,0x13A5,0xF3A4,0xF3A4,0xF3A4,0x13A5,0x13A5,0x13A5,0x13A5,0x13A5,0x14AD,0x14AD,0x14AD,0x13A5,
0x13A5,0x13A5,0x13A5,0x13A5,0x13A5,0x13A5,0x13A5,0x13A5,0x13A5,0x13A5,0x13A5,0x14AD,0x14AD,0x14AD,0x14AD,0x14AD,
0x54AD,0x54AD,0x54AD,0x54AD,0x54AD,0x54AD,0x54AD,0x54AD,0x54AD,0x54AD,0x54AD,0x54AD,0x54AD,0x54AD,0x54AD,0x54AD,
0x54AD,0x54B5,0x54B5,0x74B5,0x74B5,0x74B5,0x74B5,0x74B5,0x74B5,0x74B5,0x74B5,0x74B5,0x74B5,0x74B5,0x74B5,0x74B5,
0x54B5,0x54B5,0x54AD,0x54AD,0x54AD,0x54AD,0x54AD,0x54AD,0x54AD,0x54AD,0x54AD,0x54AD,0x54AD,0x54AD,0x54AD,0x54AD,
0x54AD,0x54AD,0x54AD,0x54AD,0x54AD,0x54AD,0x54AD,0x54AD,0x54AD,0x54AD,0x54AD,0x34AD,0x34AD,0x33AD,0x33AD,0x33AD,
0x13AD,0x13AD,0x13AD,0x33AD,0x34AD,0x33AD,0x34AD,0x34AD,0x34AD,0x34AD,0x54AD,0x54AD,0x54AD,0x54AD,0x54AD,0x54AD,
0x34AD,0x34AD,0x34AD,0x34AD,0x34AD,0x34AD,0x34AD,0x34AD,0x34AD,0x34AD,0x34AD,0x34AD,0x33AD,0x33AD,0x33AD,0x33AD,
0x33AD,0x13AD,0x13AD,0x13A5,0x13A5,0x13A5,0x13A5,0x13AD,0x13A5,0x13AD,0x33AD,0x33AD,0x33AD,0x34AD,0x34AD,0x34AD,
0x34AD,0x34AD,0x34AD,0x34AD,0x34AD,0x34AD,0x34AD,0x34AD,0x34AD,0x34AD,0x34AD,0x33AD,0x13AD,0x13A5,0x13A5,0x13A5,
0x13A5,0x13A5,0xF3A4,0xF3A4,0xF3A4,0xD29C,0xD29C,0xD29C,0xD29C,0xD3A4,0xF3A4,0xF3A4,0xF3A4,0xF3A4,0xF3A4,0xF3A4,
0xF3A4,0xF3A4,0x13A5,0x13A5,0x13A5,0x13A5,0x13A5,0x13A5,0x13A5,0x13A5,0x13A5,0x13A5,0x13A5,0x13A5,0x13A5,0x14AD,
0x14AD,0x14AD,0x14AD,0x14AD,0x14AD,0x14AD,0x14AD,0x14AD,0x34AD,0x34AD,0x34AD,0x34AD,0x34AD,0x34AD,0x34AD,0x34AD,
0x34AD,0x34AD,0x34AD,0x34AD,0x34AD,0x34AD,0x34AD,0x34AD,0x34AD,0x34AD,0x34AD,0x34AD,0x34AD,0x34AD,0x34AD,0x14AD,
0x14AD,0x13A5,0x13A5,0x14AD,0x14AD,0x14AD,0x14AD,0x14AD,0x13A5,0x13A5,0x13A5,0x13A5,0x13A5,0x13A5,0x13A5,0x13A5,
0x13A5,0xF3A4,0xF3A4,0xF3A4,0xF3A4,0xF3A4,0xF3A4,0x13A5,0x13A5,0x13A5,0x13A5,0x13A5,0x13A5,0x13A5,0x14AD,0x14AD,
0x14AD,0x14AD,0x14AD,0x14AD,0x14AD,0x14AD,0x14AD,0x14AD,0x14AD,0x14AD,0x14AD,0x14AD,0x14AD,0x14AD,0x14AD,0x14AD,
0x54B5,0x54B5,0x54AD,0x54AD,0x54AD,0x54AD,0x54B5,0x54B5,0x54B5,0x54B5,0x54B5,0x54AD,0x54AD,0x54AD,0x54AD,0x54AD,
0x54B5,0x54B5,0x54B5,0x74B5,0x74B5,0x74B5,0x74B5,0x74B5,0x74B5,0x74B5,0x74B5,0x74B5,0x74B5,0x74B5,0x74B5,0x54B5,
0x54B5,0x54AD,0x54AD,0x54AD,0x54AD,0x54AD,0x54AD,0x54AD,0x54AD,0x54AD,0x54AD,0x54AD,0x54AD,0x54AD,0x54AD,0x54AD,
0x54AD,0x54AD,0x54AD,0x54AD,0x54AD,0x54AD,0x54AD,0x54AD,0x54AD,0x54AD,0x54AD,0x34AD,0x34AD,0x34AD,0x33AD,0x33AD,
0x33AD,0x33AD,0x33AD,0x34AD,0x34AD,0x34AD,0x34AD,0x34AD,0x54AD,0x54AD,0x54AD,0x54AD,0x54AD,0x54AD,0x54AD,0x54AD,
0x34AD,0x34AD,0x34AD,0x34AD,0x34AD,0x34AD,0x34AD,0x34AD,0x34AD,0x34AD,0x34AD,0x34AD,0x13AD,0x13AD,0x13AD,0x13AD,
0x13AD,0x13A5,0x13A5,0x13A5,0x13A5,0x13A5,0x13A5,0x13A5,0x13A5,0x13A5,0x13AD,0x13AD,0x13AD,0x33AD,0x33AD,0x33AD,
0x33AD,0x33AD,0x33AD,0x33AD,0x33AD,0x33AD,0x33AD,0x33AD,0x34AD,0x34AD,0x34AD,0x33AD,0x33AD,0x33AD,0x14AD,0x14AD,
0x14AD,0x14AD,0x13A5,0x13A5,0x13A5,0xF3A4,0xF3A4,0xF3A4,0xF3A4,0xF3A4,0xF3A4,0xF3A4,0xF3A4,0xF3A4,0xF3A4,0xF3A4,
0xF3A4,0xF3A4,0xF3A4,0x13A5,0x13A5,0x13A5,0x13A5,0x13A5,0x13A5,0x13A5,0x13A5,0x13A5,0x13A5,0x13A5,0x13A5,0x14AD,
0x34AD,0x34AD,0x34AD,0x34AD,0x34AD,0x34AD,0x14AD,0x14AD,0x34AD,0x34AD,0x34AD,0x34AD,0x34AD,0x34AD,0x34AD,0x34AD,
0x34AD,0x34AD,0x34AD,0x34AD,0x34AD,0x34AD,0x34AD,0x34AD,0x34AD,0x34AD,0x34AD,0x34AD,0x34AD,0x34AD,0x34AD,0x14AD,
0x14AD,0x13A5,0x13A5,0x13A5,0x13A5,0x13A5,0x13A5,0x13A5,0x13A5,0x13A5,0x13A5,0x13A5,0x13A5,0x13A5,0x13A5,0x13A5,
0x13A5,0xF3A4,0xF3A4,0xF3A4,0xF3A4,0xF3A4,0xF3A4,0x13A5,0x13A5,0x13A5,0x13A5,0x13A5,0x13A5,0x13A5,0x14AD,0x14AD,
0x14AD,0x14AD,0x14AD,0x14AD,0x14AD,0x14AD,0x14AD,0x14AD,0x14AD,0x14AD,0x14AD,0x14AD,0x14AD,0x14AD,0x14AD,0x14AD,
0x75B5,0x75B5,0x74B5,0x74B5,0x54B5,0x54B5,0x74B5,0x74B5,0x74B5,0x74B5,0x74B5,0x54AD,0x54AD,0x54AD,0x54B5,0x54B5,
0x54B5,0x54B5,0x54B5,0x74B5,0x74B5,0x74B5,0x74B5,0x54B5,0x54B5,0x54B5,0x54B5,0x54B5,0x54B5,0x54B5,0x54B5,0x54AD,
0x54AD,0x54AD,0x54AD,0x34AD,0x34AD,0x34AD,0x34AD,0x34AD,0x34AD,0x34AD,0x34AD,0x34AD,0x34AD,0x34AD,0x34AD,0x34AD,
0x34AD,0x34AD,0x34AD,0x34AD,0x34AD,0x34AD,0x34AD,0x34AD,0x34AD,0x34AD,0x34AD,0x34AD,0x34AD,0x34AD,0x34AD,0x34AD,
0x33AD,0x33AD,0x33AD,0x34AD,0x54AD,0x34AD,0x54AD,0x54AD,0x54AD,0x54AD,0x54AD,0x54AD,0x54AD,0x54AD,0x54AD,0x54AD,
0x34AD,0x34AD,0x34AD,0x34AD,0x34AD,0x34AD,0x34AD,0x34AD,0x34AD,0x34AD,0x34AD,0x14AD,0x13A5,0x13A5,0x13A5,0x13A5,
0x13A5,0x13A5,0x13A5,0x13A5,0x13A5,0xF3A4,0xF3A4,0xF3A4,0x13A5,0x13A5,0x13A5,0x13A5,0x13A5,0x13A5,0x13A5,0x13A5,
0x13A5,0x13A5,0x13A5,0x13A5,0x13A5,0x13A5,0x13A5,0x13A5,0x13AD,0x33AD,0x33AD,0x33AD,0x33AD,0x33AD,0x14AD,0x14AD,
0x34AD,0x34AD,0x34AD,0x34AD,0x34AD,0x13A5,0x13A5,0x13A5,0x13A5,0x13A5,0xF3A4,0xF3A4,0xF3A4,0xF3A4,0xF3A4,0xF3A4,
0xF3A4,0xF3A4,0xF3A4,0xF3A4,0xF3A4,0x13A5,0x13A5,0x13A5,0x13A5,0x13A5,0x13A5,0x13A5,0x13A5,0x13A5,0x13A5,0x14AD,
0x34AD,0x34AD,0x34AD,0x34AD,0x34AD,0x34AD,0x14AD,0x14AD,0x34AD,0x34AD,0x34AD,0x34AD,0x34AD,0x34AD,0x34AD,0x34AD,
0x34AD,0x34AD,0x34AD,0x34AD,0x34AD,0x34AD,0x34AD,0x34AD,0x34AD,0x34AD,0x34AD,0x34AD,0x34AD,0x34AD,0x34AD,0x14AD,
0x14AD,0x13A5,0x13A5,0x13A5,0x13A5,0x13A5,0x13A5,0x13A5,0x13A5,0x13A5,0x13A5,0x13A5,0x13A5,0x13A5,0x13A5,0x13A5,
0x13A5,0xF3A4,0xF3A4,0xF3A4,0xF3A4,0xF3A4,0xF3A4,0x13A5,0x13A5,0x13A5,0x13A5,0x13A5,0x13A5,0x13A5,0x14AD,0x14AD,
0x14AD,0x14AD,0x14AD,0x14AD,0x14AD,0x14AD,0x14AD,0x14AD,0x14AD,0x14AD,0x14AD,0x14AD,0x14AD,0x14AD,0x14AD,0x14AD,
0x95B5,0x95B5,0x75B5,0x75B5,0x74B5,0x54B5,0x54B5,0x54B5,0x54B5,0x54B5,0x54B5,0x54AD,0x54AD,0x54AD,0x54B5,0x54B5,
0x74B5,0x54B5,0x54B5,0x74B5,0x74B5,0x74B5,0x74B5,0x54B5,0x54B5,0x54B5,0x54B5,0x54B5,0x54B5,0x54B5,0x54AD,0x54AD,
0x54AD,0x54AD,0x34AD,0x34AD,0x34AD,0x34AD,0x34AD,0x34AD,0x54AD,0x54AD,0x54AD,0x54AD,0x54AD,0x54AD,0x34AD,0x34AD,
0x34AD,0x34AD,0x34AD,0x34AD,0x34AD,0x34AD,0x34AD,0x34AD,0x34AD,0x34AD,0x34AD,0x34AD,0x34AD,0x34AD,0x34AD,0x34AD,
0x33AD,0x33AD,0x34AD,0x54AD,0x54AD,0x54AD,0x54AD,0x54AD,0x54AD,0x54AD,0x54AD,0x54AD,0x54AD,0x54AD,0x54AD,0x54AD,
0x34AD,0x34AD,0x34AD,0x34AD,0x34AD,0x34AD,0x34AD,0x34AD,0x34AD,0x34AD,0x34AD,0x14AD,0x13A5,0x13A5,0x13A5,0x13A5,
0x13A5,0x13A5,0x13A5,0x13A5,0x13A5,0xF3A4,0xF3A4,0xF3A4,0xF3A4,0xF3A4,0x13A5,0x13A5,0x13A5,0x13A5,0x13A5,0x13A5,
0x13A5,0x13A5,0x13A5,0x13A5,0x13A5,0x13A5,0x13A5,0x13A5,0x13A5,0x13A5,0x13A5,0x13A5,0x13A5,0x13A5,0x13A5,0x13A5,
0x14AD,0x14AD,0x34AD,0x34AD,0x34AD,0x14AD,0x13A5,0x14AD,0x34AD,0x34AD,0x34AD,0x34AD,0x14AD,0x13A5,0x13A5,0x13A5,
0xF3A4,0xF3A4,0xF3A4,0xF3A4,0xD3A4,0x13A5,0x13A5,0x13A5,0x13A5,0x13A5,0x13A5,0x13A5,0x13A5,0x13A5,0x13A5,0x14AD,
0x34AD,0x34AD,0x34AD,0x34AD,0x34AD,0x34AD,0x14AD,0x14AD,0x34AD,0x34AD,0x34AD,0x34AD,0x34AD,0x34AD,0x34AD,0x34AD,
0x34AD,0x34AD,0x34AD,0x34AD,0x34AD,0x34AD,0x34AD,0x34AD,0x34AD,0x34AD,0x34AD,0x34AD,0x34AD,0x14AD,0x14AD,0x14AD,
0x14AD,0x13A5,0x13A5,0x13A5,0x13A5,0x13A5,0x13A5,0x13A5,0x13A5,0x13A5,0x13A5,0x13A5,0x13A5,0x13A5,0x13A5,0x13A5,
0x13A5,0xF3A4,0xF3A4,0xF3A4,0xF3A4,0xF3A4,0xF3A4,0x13A5,0x13A5,0x13A5,0x13A5,0x13A5,0x13A5,0x13A5,0x14AD,0x14AD,
0x14AD,0x14AD,0x14AD,0x14AD,0x14AD,0x14AD,0x14AD,0x14AD,0x14AD,0x14AD,0x14AD,0x14AD,0x14AD,0x14AD,0x14AD,0x14AD,
0x95B5,0x95B5,0x95B5,0x75B5,0x74B5,0x54AD,0x54AD,0x54AD,0x54AD,0x54AD,0x54AD,0x54AD,0x54AD,0x54AD,0x54AD,0x54AD,
0x54AD,0x54AD,0x54AD,0x54AD,0x54AD,0x54AD,0x54AD,0x54AD,0x54AD,0x54AD,0x54AD,0x54AD,0x54AD,0x54AD,0x54AD,0x54AD,
0x34AD,0x34AD,0x34AD,0x34AD,0x34AD,0x34AD,0x34AD,0x34AD,0x34AD,0x34AD,0x34AD,0x34AD,0x34AD,0x34AD,0x34AD,0x34AD,
0x34AD,0x34AD,0x33AD,0x33AD,0x34AD,0x34AD,0x34AD,0x34AD,0x34AD,0x33AD,0x33AD,0x33AD,0x33AD,0x33AD,0x33AD,0x33AD,
0x34AD,0x34AD,0x34AD,0x34AD,0x34AD,0x54AD,0x54AD,0x54AD,0x54AD,0x54B5,0x54AD,0x54AD,0x54AD,0x54AD,0x54AD,0x54AD,
0x54AD,0x54AD,0x34AD,0x34AD,0x34AD,0x34AD,0x34AD,0x34AD,0x14AD,0x14AD,0x13A5,0x13A5,0x13A5,0x13A5,0x13A5,0x13A5,
0x13A5,0x13A5,0x13A5,0x13A5,0x13A5,0x13A5,0x13A5,0x13A5,0x13A5,0x13A5,0x13A5,0x13A5,0x13A5,0x13A5,0x13A5,0x13A5,
0x13A5,0x13A5,0x13A5,0xF3A4,0xF3A4,0xF3A4,0xF3A4,0xF3A4,0xF3A4,0xF3A4,0xF3A4,0xF3A4,0xF3A4,0xF3A4,0xF3A4,0xF3A4,
0x13A5,0x13A5,0x34AD,0x34AD,0x14AD,0x14AD,0x34AD,0x34AD,0x34AD,0x34AD,0x34AD,0x34AD,0x34AD,0x34AD,0x14AD,0x13A5,
0x13A5,0x13A5,0x13A5,0xF3A4,0xF3A4,0xF3A4,0xF3A4,0xF3A4,0xF3A4,0xF3A4,0xF3A4,0x13A5,0x13A5,0x13A5,0x13A5,0x13A5,
0x13A5,0x13A5,0x13A5,0x13A5,0x13A5,0x13A5,0x34AD,0x34AD,0x14AD,0x14AD,0x13A5,0x13A5,0x13A5,0x13A5,0x13A5,0x13A5,
0x13A5,0x13A5,0x14AD,0x14AD,0x14AD,0x14AD,0x14AD,0x14AD,0x14AD,0x13A5,0x13A5,0x13A5,0x13A5,0x13A5,0x13A5,0x13A5,
0x13A5,0x13A5,0x13A5,0x13A5,0x13A5,0x13A5,0x13A5,0x13A5,0x13A5,0x13A5,0x13A5,0x13A5,0x13A5,0x13A5,0x13A5,0x13A5,
0x13A5,0x13A5,0x13A5,0x13A5,0xF3A4,0xF3A4,0xF3A4,0x13A5,0x13A5,0x13A5,0x13A5,0x13A5,0x14AD,0x34AD,0x34AD,0x34AD,
0x14AD,0x14AD,0x14AD,0x14AD,0x14AD,0x14AD,0x14AD,0x14AD,0x14AD,0x14AD,0x14AD,0x34AD,0x34AD,0x34AD,0x34AD,0x34AD,
0x95B5,0x95B5,0x95B5,0x75B5,0x74B5,0x54AD,0x54AD,0x54AD,0x54AD,0x54AD,0x54AD,0x54AD,0x54AD,0x54AD,0x54AD,0x54AD,
0x54AD,0x54AD,0x54AD,0x54AD,0x54AD,0x54AD,0x54AD,0x54AD,0x54AD,0x54AD,0x54AD,0x54AD,0x54AD,0x54AD,0x54AD,0x54AD,
0x34AD,0x34AD,0x34AD,0x34AD,0x34AD,0x34AD,0x34AD,0x34AD,0x34AD,0x34AD,0x34AD,0x34AD,0x34AD,0x34AD,0x34AD,0x34AD,
0x34AD,0x34AD,0x33AD,0x33AD,0x34AD,0x34AD,0x34AD,0x34AD,0x34AD,0x33AD,0x33AD,0x33AD,0x33AD,0x33AD,0x33AD,0x33AD,
0x33AD,0x34AD,0x34AD,0x34AD,0x34AD,0x54AD,0x54AD,0x54AD,0x54AD,0x54AD,0x54AD,0x54AD,0x54AD,0x54AD,0x54AD,0x54AD,
0x54AD,0x54AD,0x34AD,0x34AD,0x34AD,0x34AD,0x34AD,0x34AD,0x14AD,0x14AD,0x13A5,0x13A5,0x13A5,0x13A5,0x13A5,0x13A5,
0x13A5,0x13A5,0x13A5,0x13A5,0x13A5,0x13A5,0x13A5,0x13A5,0x13A5,0x13A5,0x13A5,0x13A5,0x13A5,0x13A5,0x13A5,0x13A5,
0x13A5,0x13A5,0x13A5,0xF3A4,0xF3A4,0xF3A4,0xF3A4,0xF3A4,0xF2A4,0xF2A4,0xF2A4,0xF2A4,0xF2A4,0xF2A4,0xF3A4,0xF3A4,
0xF3A4,0x13A5,0x14AD,0x13A5,0x13A5,0x13A5,0x14AD,0x34AD,0x34AD,0x34AD,0x34AD,0x34AD,0x34AD,0x34AD,0x34AD,0x34AD,
0x34AD,0x34AD,0x34AD,0x13A5,0x13A5,0x13A5,0x13A5,0x13A5,0x13A5,0x13A5,0x13A5,0x13A5,0x13A5,0x13A5,0x13A5,0x13A5,
0x13A5,0x13A5,0x13A5,0x13A5,0x13A5,0x13A5,0x14AD,0x14AD,0x14AD,0x13A5,0x13A5,0x13A5,0x13A5,0x13A5,0x13A5,0x13A5,
0x13A5,0x13A5,0x13A5,0x13A5,0x13A5,0x13A5,0x13A5,0x13A5,0x13A5,0x13A5,0x13A5,0x13A5,0x13A5,0x13A5,0x13A5,0x13A5,
0x13A5,0x13A5,0x13A5,0x13A5,0x13A5,0x13A5,0x13A5,0x13A5,0x13A5,0x13A5,0x13A5,0x13A5,0x13A5,0x13A5,0x13A5,0x13A5,
0x13A5,0x13A5,0x13A5,0x13A5,0xF3A4,0xF3A4,0xF3A4,0x13A5,0x13A5,0x13A5,0x13A5,0x13A5,0x14AD,0x34AD,0x34AD,0x34AD,
0x14AD,0x14AD,0x14AD,0x14AD,0x14AD,0x14AD,0x14AD,0x14AD,0x14AD,0x14AD,0x14AD,0x34AD,0x34AD,0x34AD,0x34AD,0x34AD,
0x75B5,0x75B5,0x75B5,0x74B5,0x54B5,0x54AD,0x34AD,0x34AD,0x34AD,0x34AD,0x34AD,0x54AD,0x54AD,0x54AD,0x54AD,0x54AD,
0x54AD,0x34AD,0x34AD,0x34AD,0x34AD,0x34AD,0x34AD,0x54AD,0x54AD,0x54AD,0x54AD,0x54AD,0x54AD,0x54AD,0x54AD,0x54AD,
0x34AD,0x34AD,0x34AD,0x34AD,0x34AD,0x34AD,0x34AD,0x34AD,0x34AD,0x34AD,0x34AD,0x34AD,0x34AD,0x34AD,0x34AD,0x34AD,
0x34AD,0x34AD,0x33AD,0x33AD,0x33AD,0x33AD,0x33AD,0x33AD,0x33AD,0x33AD,0x33AD,0x33AD,0x33AD,0x33AD,0x33AD,0x33AD,
0x33AD,0x33AD,0x33AD,0x33AD,0x34AD,0x34AD,0x54AD,0x54AD,0x54AD,0x54AD,0x54AD,0x54AD,0x54AD,0x54AD,0x54AD,0x54AD,
0x54AD,0x54AD,0x34AD,0x34AD,0x34AD,0x34AD,0x34AD,0x34AD,0x14AD,0x14AD,0x13A5,0x13A5,0x13A5,0x13A5,0x13A5,0x13A5,
0x13A5,0x13A5,0x13A5,0x13A5,0x13A5,0x13A5,0x13A5,0x13A5,0x13A5,0x13A5,0x13A5,0x13A5,0x13A5,0x13A5,0x13A5,0x13A5,
0x13A5,0x13A5,0x13A5,0xF3A4,0xF3A4,0xF3A4,0xF3A4,0xF3A4,0xF2A4,0xF2A4,0xF2A4,0xF2A4,0xF2A4,0xF2A4,0xF3A4,0xF3A4,
0xF3A4,0x13A5,0x13A5,0x13A5,0x13A5,0x13A5,0x13A5,0x13A5,0x13A5,0x14AD,0x34AD,0x34AD,0x34AD,0x34AD,0x34AD,0x34AD,
0x34AD,0x34AD,0x34AD,0x34AD,0x14AD,0x13A5,0x13A5,0x13A5,0x13A5,0x13A5,0x13A5,0x13A5,0x13A5,0x13A5,0x13A5,0x13A5,
0x13A5,0x13A5,0x13A5,0x13A5,0x13A5,0x13A5,0x14AD,0x14AD,0x13A5,0x13A5,0x13A5,0x13A5,0xF3A4,0xF3A4,0xF3A4,0xF3A4,
0xF3A4,0xF3A4,0x13A5,0x13A5,0x13A5,0x13A5,0x13A5,0x13A5,0x13A5,0x13A5,0x13A5,0x13A5,0xF3A4,0x13A5,0x13A5,0x13A5,
0x13A5,0x13A5,0x13A5,0x13A5,0x13A5,0x13A5,0x13A5,0x13A5,0x13A5,0x13A5,0x13A5,0x13A5,0x13A5,0x13A5,0x13A5,0x13A5,
0x13A5,0x13A5,0x13A5,0x13A5,0xF3A4,0xF3A4,0xF3A4,0x13A5,0x13A5,0x13A5,0x13A5,0x13A5,0x14AD,0x34AD,0x34AD,0x34AD,
0x14AD,0x14AD,0x14AD,0x14AD,0x14AD,0x14AD,0x14AD,0x14AD,0x14AD,0x14AD,0x14AD,0x34AD,0x34AD,0x34AD,0x34AD,0x34AD,
0x74B5,0x74B5,0x74B5,0x54AD,0x34AD,0x34AD,0x34AD,0x34AD,0x34AD,0x34AD,0x34AD,0x34AD,0x54AD,0x54AD,0x54AD,0x54AD,
0x54AD,0x54AD,0x54AD,0x54AD,0x54AD,0x54AD,0x54AD,0x54AD,0x54AD,0x54AD,0x54AD,0x54AD,0x54AD,0x54AD,0x54AD,0x54AD,
0x34AD,0x34AD,0x34AD,0x34AD,0x34AD,0x34AD,0x34AD,0x34AD,0x34AD,0x34AD,0x34AD,0x34AD,0x34AD,0x34AD,0x34AD,0x34AD,
0x34AD,0x34AD,0x33AD,0x33AD,0x33AD,0x33AD,0x33AD,0x33AD,0x33AD,0x13AD,0x13AD,0x13AD,0x13AD,0x13AD,0x13AD,0x13AD,
0x33AD,0x33AD,0x33AD,0x33AD,0x33AD,0x34AD,0x34AD,0x34AD,0x54AD,0x54AD,0x54AD,0x54AD,0x54AD,0x54AD,0x54AD,0x54AD,
0x54AD,0x54AD,0x34AD,0x34AD,0x34AD,0x34AD,0x34AD,0x34AD,0x14AD,0x14AD,0x13A5,0x13A5,0x13A5,0x13A5,0x13A5,0x13A5,
0x13A5,0x13A5,0x13A5,0x13A5,0x13A5,0x13A5,0x13A5,0x13A5,0x13A5,0x13A5,0x13A5,0x13A5,0x13A5,0x13A5,0x13A5,0x13A5,
0x13A5,0x13A5,0x13A5,0xF3A4,0xF3A4,0xF3A4,0xF3A4,0xF3A4,0xF3A4,0xF3A4,0xF3A4,0xF3A4,0xF3A4,0xF3A4,0xF3A4,0xF3A4,
0xF3A4,0xF3A4,0xF3A4,0xF3A4,0xF3A4,0xF3A4,0x13A5,0x13A5,0x13A5,0x13A5,0x13A5,0x13A5,0x14AD,0x14AD,0x34AD,0x14AD,
0x34AD,0x34AD,0x34AD,0x34AD,0x34AD,0x14AD,0x14AD,0x14AD,0x14AD,0x14AD,0x13A5,0x13A5,0x13A5,0x13A5,0x13A5,0x13A5,
0x13A5,0x13A5,0x13A5,0x13A5,0x13A5,0x13A5,0x13A5,0x13A5,0x13A5,0x13A5,0x13A5,0x13A5,0xF3A4,0xF3A4,0xF3A4,0xF3A4,
0xF3A4,0xF3A4,0xF3A4,0xF3A4,0xF3A4,0xF3A4,0xF3A4,0x13A5,0x13A5,0x13A5,0x13A5,0xF3A4,0xF3A4,0x13A5,0x13A5,0x13A5,
0x13A5,0x13A5,0x13A5,0x13A5,0x13A5,0x13A5,0x13A5,0x13A5,0x13A5,0x13A5,0x13A5,0x13A5,0x13A5,0x13A5,0x13A5,0x13A5,
0x13A5,0x13A5,0x13A5,0x13A5,0xF3A4,0xF3A4,0xF3A4,0x13A5,0x13A5,0x13A5,0x13A5,0x13A5,0x14AD,0x34AD,0x34AD,0x34AD,
0x14AD,0x14AD,0x14AD,0x14AD,0x14AD,0x14AD,0x14AD,0x14AD,0x14AD,0x14AD,0x14AD,0x34AD,0x34AD,0x34AD,0x34AD,0x34AD,
0x55B5,0x54AD,0x54AD,0x54AD,0x34AD,0x34AD,0x34AD,0x34AD,0x34AD,0x34AD,0x34AD,0x34AD,0x34AD,0x34AD,0x54AD,0x54AD,
0x54AD,0x34AD,0x34AD,0x34AD,0x54AD,0x54AD,0x54AD,0x54AD,0x54AD,0x54AD,0x54AD,0x54AD,0x54AD,0x54AD,0x54AD,0x54AD,
0x54AD,0x54AD,0x33AD,0x33AD,0x33AD,0x33AD,0x33AD,0x33AD,0x34AD,0x34AD,0x34AD,0x34AD,0x34AD,0x34AD,0x34AD,0x33AD,
0x33AD,0x13AD,0x13AD,0x13AD,0x33AD,0x33AD,0x33AD,0x34AD,0x34AD,0x34AD,0x34AD,0x34AD,0x34AD,0x34AD,0x34AD,0x34AD,
0x34AD,0x34AD,0x34AD,0x13AD,0x14AD,0x34AD,0x34AD,0x34AD,0x54AD,0x54AD,0x54AD,0x54AD,0x54AD,0x54AD,0x54AD,0x54AD,
0x54AD,0x54AD,0x34AD,0x34AD,0x34AD,0x34AD,0x34AD,0x14AD,0x13A5,0x13A5,0x13A5,0x13A5,0x13A5,0x13A5,0x13A5,0x13A5,
0x13A5,0x13A5,0x13A5,0x13A5,0x13A5,0x13A5,0x13A5,0x13A5,0x13A5,0x13A5,0x13A5,0x13A5,0x13A5,0x13A5,0x13A5,0x13A5,
0x13A5,0x13A5,0x13A5,0xF3A4,0xF3A4,0xF3A4,0xF3A4,0xF3A4,0xF3A4,0xF3A4,0xF3A4,0x13A5,0x13A5,0x13A5,0x13A5,0x13A5,
0x13A5,0x13A5,0x13A5,0x13A5,0xF3A4,0xF3A4,0xF3A4,0xF3A4,0xF3A4,0xF3A4,0xF3A4,0xF3A4,0xF3A4,0xF3A4,0xF3A4,0x13A5,
0x13A5,0x14AD,0x14AD,0x14AD,0x14AD,0x14AD,0x14AD,0x34AD,0x34AD,0x34AD,0x34AD,0x14AD,0x13A5,0x13A5,0x13A5,0x13A5,
0x13A5,0x13A5,0x13A5,0x13A5,0x13A5,0x13A5,0x13A5,0x13A5,0x13A5,0xF3A4,0xF3A4,0xF3A4,0x13A5,0x13A5,0x13A5,0x13A5,
0x13A5,0xF3A4,0xF3A4,0xF3A4,0xF3A4,0xF3A4,0xF3A4,0xF3A4,0xF3A4,0xF3A4,0xF3A4,0xF3A4,0xF3A4,0xF3A4,0xF3A4,0xF3A4,
0x13A5,0x13A5,0x13A5,0x13A5,0x13A5,0x13A5,0x13A5,0x13A5,0x13A5,0xF3A4,0xF3A4,0x13A5,0x13A5,0x13A5,0x13A5,0x13A5,
0x13A5,0x13A5,0x13A5,0x13A5,0x13A5,0x13A5,0x13A5,0x13A5,0x13A5,0x13A5,0x34AD,0x34AD,0x34AD,0x34AD,0x34AD,0x34AD,
0x34AD,0x34AD,0x34AD,0x34AD,0x34AD,0x34AD,0x34AD,0x34AD,0x34AD,0x34AD,0x34AD,0x34AD,0x34AD,0x34AD,0x34AD,0x34AD,
0x54AD,0x54AD,0x34AD,0x34AD,0x34AD,0x34AD,0x34AD,0x34AD,0x34AD,0x34AD,0x34AD,0x34AD,0x35B5,0x35B5,0x54B5,0x54B5,
0x54B5,0x34AD,0x34AD,0x34AD,0x54AD,0x54AD,0x54AD,0x54AD,0x54AD,0x54AD,0x54AD,0x54AD,0x54AD,0x54AD,0x54AD,0x54AD,
0x54AD,0x54AD,0x34AD,0x34AD,0x33AD,0x33AD,0x33AD,0x13AD,0x33AD,0x33AD,0x33AD,0x33AD,0x33AD,0x33AD,0x34AD,0x33AD,
0x33AD,0x33AD,0x33AD,0x33AD,0x33AD,0x33AD,0x34AD,0x34AD,0x34AD,0x34AD,0x34AD,0x34AD,0x34AD,0x34AD,0x34AD,0x34AD,
0x34AD,0x34AD,0x34AD,0x34AD,0x34AD,0x34AD,0x34AD,0x34AD,0x54AD,0x54AD,0x54AD,0x54AD,0x54AD,0x54AD,0x54AD,0x54AD,
0x54AD,0x54AD,0x34AD,0x34AD,0x34AD,0x34AD,0x34AD,0x14AD,0x13A5,0x13A5,0x13A5,0x13A5,0x13A5,0x13A5,0x13A5,0x13A5,
0x13A5,0x13A5,0x13A5,0x13A5,0x13A5,0x13A5,0x13A5,0x13A5,0x13A5,0x13A5,0x13A5,0x13A5,0x13A5,0x13A5,0x13A5,0x13A5,
0x13A5,0x13A5,0x13A5,0xF3A4,0xF3A4,0xF3A4,0xF3A4,0xF3A4,0xF3A4,0xF3A4,0xF3A4,0x13A5,0x13A5,0x13A5,0x13A5,0x13A5,
0x13A5,0x13A5,0x13A5,0x13A5,0xF3A4,0xF3A4,0xF3A4,0xF3A4,0xF3A4,0xF3A4,0xF3A4,0xF3A4,0xF3A4,0xF3A4,0xF3A4,0x13A5,
0x13A5,0x13A5,0x13A5,0x13A5,0x13A5,0x13A5,0x14AD,0x14AD,0x14AD,0x34AD,0x34AD,0x34AD,0x34AD,0x14AD,0x14AD,0x13A5,
0x13A5,0x13A5,0x13A5,0x13A5,0x13A5,0x13A5,0x13A5,0x13A5,0x13A5,0xF3A4,0xF3A4,0xF3A4,0x13A5,0x13A5,0x13A5,0x13A5,
0x13A5,0x13A5,0xF3A4,0xF3A4,0xF3A4,0xF3A4,0xF3A4,0xF3A4,0xF3A4,0xF3A4,0xF3A4,0xF3A4,0xF3A4,0xF3A4,0xF3A4,0x13A5,
0x13A5,0x13A5,0x13A5,0x13A5,0x13A5,0x13A5,0x13A5,0x13A5,0x13A5,0xF3A4,0xF3A4,0x13A5,0x13A5,0x13A5,0x13A5,0x13A5,
0x13A5,0x13A5,0x13A5,0x13A5,0x13A5,0x13A5,0x13A5,0x13A5,0x13A5,0x13A5,0x34AD,0x34AD,0x34AD,0x34AD,0x34AD,0x34AD,
0x34AD,0x34AD,0x34AD,0x34AD,0x34AD,0x34AD,0x34AD,0x34AD,0x34AD,0x34AD,0x34AD,0x34AD,0x34AD,0x34AD,0x34AD,0x34AD,
0x34AD,0x34AD,0x34AD,0x34AD,0x34AD,0x34AD,0x34AD,0x34AD,0x34AD,0x34AD,0x34AD,0x34AD,0x35B5,0x35B5,0x54B5,0x54B5,
0x54B5,0x34AD,0x34AD,0x34AD,0x54AD,0x54AD,0x54AD,0x54AD,0x54AD,0x54AD,0x54AD,0x54AD,0x54AD,0x54AD,0x54AD,0x54AD,
0x54AD,0x54AD,0x54AD,0x54AD,0x34AD,0x33AD,0x33AD,0x13AD,0x33AD,0x33AD,0x33AD,0x33AD,0x33AD,0x33AD,0x33AD,0x33AD,
0x33AD,0x34AD,0x34AD,0x34AD,0x34AD,0x34AD,0x34AD,0x34AD,0x54AD,0x54AD,0x54AD,0x54AD,0x54AD,0x54AD,0x54AD,0x54AD,
0x34AD,0x34AD,0x34AD,0x34AD,0x34AD,0x34AD,0x34AD,0x34AD,0x34AD,0x34AD,0x34AD,0x34AD,0x54AD,0x54AD,0x54AD,0x54AD,
0x54AD,0x54AD,0x34AD,0x34AD,0x34AD,0x34AD,0x34AD,0x14AD,0x13A5,0x13A5,0x13A5,0x13A5,0x13A5,0x13A5,0x13A5,0x13A5,
0x13A5,0x13A5,0x13A5,0x13A5,0x13A5,0x13A5,0x13A5,0x13A5,0x13A5,0x13A5,0x13A5,0x13A5,0x13A5,0x13A5,0x13A5,0x13A5,
0x13A5,0x13A5,0x13A5,0xF3A4,0xF3A4,0xF3A4,0xF3A4,0xF3A4,0xF3A4,0xF3A4,0xF3A4,0x13A5,0x13A5,0x13A5,0x13A5,0x13A5,
0x13A5,0x13A5,0x13A5,0x13A5,0x13A5,0x13A5,0x13A5,0x13A5,0x13A5,0x13A5,0x13A5,0x13A5,0x13A5,0x13A5,0x13A5,0xF3A4,
0x13A5,0x13A5,0x13A5,0x13A5,0x13A5,0x13A5,0x13A5,0x13A5,0x13A5,0x13A5,0x13A5,0x14AD,0x14AD,0x14AD,0x14AD,0x14AD,
0x14AD,0x14AD,0x14AD,0x14AD,0x14AD,0x14AD,0x13A5,0x13A5,0x13A5,0xF3A4,0xF3A4,0xF3A4,0x13A5,0x13A5,0x13A5,0x13A5,
0x13A5,0x13A5,0x13A5,0x13A5,0x13A5,0x13A5,0x13A5,0xF3A4,0xF3A4,0xF3A4,0xF3A4,0xF3A4,0xF3A4,0x13A5,0x13A5,0x13A5,
0x13A5,0x13A5,0x13A5,0x13A5,0x13A5,0x13A5,0x13A5,0x13A5,0x13A5,0x13A5,0x13A5,0x13A5,0x13A5,0x13A5,0x14AD,0x14AD,
0x14AD,0x14AD,0x14AD,0x14AD,0x14AD,0x14AD,0x14AD,0x14AD,0x14AD,0x14AD,0x14AD,0x14AD,0x14AD,0x14AD,0x14AD,0x14AD,
0x14AD,0x14AD,0x14AD,0x14AD,0x14AD,0x34AD,0x34AD,0x34AD,0x34AD,0x34AD,0x34AD,0x34AD,0x34AD,0x34AD,0x34AD,0x34AD,
0x34AD,0x34AD,0x34AD,0x34AD,0x34AD,0x34AD,0x34AD,0x34AD,0x34AD,0x34AD,0x34AD,0x34AD,0x35B5,0x35B5,0x54B5,0x54B5,
0x54B5,0x34AD,0x34AD,0x34AD,0x54AD,0x54AD,0x54AD,0x54AD,0x54AD,0x54AD,0x54AD,0x54AD,0x54AD,0x54AD,0x54AD,0x54AD,
0x54AD,0x54AD,0x34AD,0x34AD,0x34AD,0x34AD,0x34AD,0x33AD,0x34AD,0x34AD,0x34AD,0x34AD,0x34AD,0x34AD,0x33AD,0x33AD,
0x34AD,0x34AD,0x34AD,0x34AD,0x34AD,0x34AD,0x54AD,0x54AD,0x54AD,0x54AD,0x54AD,0x54AD,0x54AD,0x54AD,0x54AD,0x54AD,
0x54AD,0x54AD,0x54AD,0x54AD,0x34AD,0x34AD,0x34AD,0x34AD,0x34AD,0x34AD,0x34AD,0x34AD,0x34AD,0x54AD,0x54AD,0x55B5,
0x54AD,0x54AD,0x34AD,0x34AD,0x34AD,0x34AD,0x34AD,0x14AD,0x13A5,0x13A5,0x13A5,0x13A5,0x13A5,0x13A5,0x13A5,0x13A5,
0x13A5,0x13A5,0x13A5,0x13A5,0x13A5,0x13A5,0x13A5,0x13A5,0x13A5,0x13A5,0x13A5,0x13A5,0x13A5,0x13A5,0x13A5,0x13A5,
0x13A5,0x13A5,0x13A5,0xF3A4,0xF3A4,0xF3A4,0xF3A4,0xF3A4,0xF3A4,0xF3A4,0xF3A4,0x13A5,0x13A5,0x13A5,0x13A5,0x13A5,
0x13A5,0x13A5,0x13A5,0x13A5,0x13A5,0x13A5,0x13A5,0x13A5,0x13A5,0x13A5,0x13A5,0x13A5,0x13A5,0x13A5,0x13A5,0xF3A4,
0xF3A4,0x13A5,0x13A5,0x13A5,0x13A5,0x13A5,0x13A5,0x13A5,0x13A5,0xF3A4,0xF3A4,0x13A5,0x13A5,0x13A5,0x13A5,0x13A5,
0x13A5,0x13A5,0x13A5,0x13A5,0x13A5,0x13A5,0x13A5,0x13A5,0x13A5,0xF3A4,0xF3A4,0xF3A4,0x13A5,0x13A5,0x13A5,0x13A5,
0x13A5,0x13A5,0x13A5,0x13A5,0x13A5,0x13A5,0x13A5,0x13A5,0x13A5,0x13A5,0x13A5,0x13A5,0x13A5,0x14AD,0x14AD,0x13A5,
0x13A5,0x13A5,0x13A5,0x13A5,0x13A5,0x13A5,0x13A5,0x13A5,0x13A5,0x13A5,0x13A5,0x13A5,0x13A5,0x14AD,0x34AD,0x34AD,
0x34AD,0x34AD,0x34AD,0x34AD,0x34AD,0x34AD,0x34AD,0x34AD,0x34AD,0x34AD,0x13A5,0x13A5,0x13A5,0x13A5,0x13A5,0x13A5,
0x13A5,0x13A5,0x13A5,0x13A5,0x13A5,0x34AD,0x34AD,0x34AD,0x34AD,0x34AD,0x34AD,0x34AD,0x34AD,0x34AD,0x34AD,0x34AD,
0x34AD,0x34AD,0x34AD,0x34AD,0x34AD,0x34AD,0x34AD,0x34AD,0x34AD,0x34AD,0x34AD,0x34AD,0x34AD,0x34AD,0x34AD,0x34AD,
0x34AD,0x34AD,0x34AD,0x34AD,0x34AD,0x34AD,0x34AD,0x34AD,0x34AD,0x34AD,0x54AD,0x54AD,0x54B5,0x54AD,0x54AD,0x54AD,
0x54AD,0x54AD,0x54AD,0x34AD,0x34AD,0x54AD,0x54AD,0x54AD,0x34AD,0x34AD,0x34AD,0x34AD,0x34AD,0x34AD,0x34AD,0x34AD,
0x34AD,0x54AD,0x54AD,0x54AD,0x54AD,0x54AD,0x54AD,0x54AD,0x54AD,0x54AD,0x54AD,0x54AD,0x54AD,0x54AD,0x54AD,0x54AD,
0x54AD,0x54AD,0x54AD,0x54AD,0x54AD,0x54AD,0x54AD,0x54AD,0x34AD,0x34AD,0x34AD,0x34AD,0x34AD,0x54AD,0x54AD,0x55B5,
0x54AD,0x54AD,0x54AD,0x34AD,0x34AD,0x34AD,0x34AD,0x34AD,0x14AD,0x13A5,0x13A5,0x13A5,0x13A5,0x13A5,0x13A5,0x13A5,
0x13A5,0x13A5,0x13A5,0x13A5,0x13A5,0x13A5,0x13A5,0x13A5,0x13A5,0x13A5,0x13A5,0x13A5,0x13A5,0xF3A4,0x13A5,0x13A5,
0x13A5,0xF3A4,0xF3A4,0xF3A4,0xF3A4,0xF3A4,0xF3A4,0xF3A4,0xF3A4,0xF3A4,0xF3A4,0x13A5,0x13A5,0x13A5,0x13A5,0x13A5,
0x13A5,0x13A5,0x14AD,0x14AD,0x13A5,0x13A5,0x13A5,0x14AD,0x14AD,0x14AD,0x13A5,0x13A5,0x13A5,0x13A5,0x13A5,0x13A5,
0x13A5,0x13A5,0x13A5,0x13A5,0x13A5,0x13A5,0xF3A4,0xF3A4,0xF3A4,0xF3A4,0xF3A4,0xF3A4,0xF3A4,0xF3A4,0xF3A4,0xF3A4,
0xF3A4,0x13A5,0x13A5,0x13A5,0xF3A4,0xF3A4,0xF3A4,0xF3A4,0xF3A4,0xF3A4,0xF3A4,0xF3A4,0x13A5,0x13A5,0x13A5,0x13A5,
0x13A5,0x13A5,0x13A5,0x13A5,0x13A5,0x13A5,0x13A5,0x13A5,0x13A5,0x13A5,0x13A5,0x13A5,0x13A5,0x34AD,0x34AD,0x14AD,
0x14AD,0x14AD,0x13A5,0x13A5,0x13A5,0x13A5,0x13A5,0x13A5,0x13A5,0x13A5,0x13A5,0x14AD,0x34AD,0x34AD,0x34AD,0x34AD,
0x34AD,0x34AD,0x34AD,0x34AD,0x14AD,0x14AD,0x14AD,0x14AD,0x14AD,0x14AD,0x14AD,0x13A5,0x13A5,0x13A5,0x13A5,0x14AD,
0x13A5,0x13A5,0x13A5,0x13A5,0x13A5,0x14AD,0x14AD,0x14AD,0x14AD,0x34AD,0x34AD,0x34AD,0x34AD,0x34AD,0x34AD,0x34AD,
0x34AD,0x34AD,0x34AD,0x34AD,0x34AD,0x34AD,0x34AD,0x34AD,0x34AD,0x34AD,0x34AD,0x34AD,0x34AD,0x34AD,0x34AD,0x34AD,
0x34AD,0x14AD,0x14AD,0x34AD,0x33AD,0x34AD,0x34AD,0x34AD,0x34AD,0x34AD,0x54AD,0x54AD,0x54B5,0x54AD,0x54AD,0x54AD,
0x54AD,0x54AD,0x54AD,0x54AD,0x54AD,0x54AD,0x54AD,0x54AD,0x34AD,0x34AD,0x34AD,0x34AD,0x34AD,0x34AD,0x54AD,0x54AD,
0x54AD,0x54AD,0x54AD,0x54AD,0x54AD,0x54AD,0x54AD,0x54AD,0x54AD,0x54AD,0x54AD,0x54AD,0x54AD,0x54AD,0x54AD,0x54AD,
0x54AD,0x54AD,0x54AD,0x54AD,0x54AD,0x54AD,0x54AD,0x54AD,0x34AD,0x34AD,0x34AD,0x34AD,0x34AD,0x54AD,0x54AD,0x55B5,
0x54AD,0x54AD,0x54AD,0x54AD,0x54AD,0x34AD,0x34AD,0x34AD,0x34AD,0x14AD,0x13A5,0x13A5,0x13A5,0x13A5,0x13A5,0x13A5,
0x13A5,0x13A5,0x13A5,0x13A5,0x13A5,0x13A5,0x13A5,0x13A5,0x13A5,0x13A5,0x13A5,0x13A5,0x13A5,0xF3A4,0x13A5,0x13A5,
0x13A5,0xF3A4,0xF3A4,0xF3A4,0xF3A4,0xF3A4,0xF3A4,0xF3A4,0xF3A4,0xF3A4,0xF3A4,0x13A5,0x13A5,0x13A5,0x13A5,0x13A5,
0x13A5,0x13A5,0x14AD,0x14AD,0x13A5,0x13A5,0x14AD,0x34AD,0x34AD,0x34AD,0x14AD,0x13A5,0xF3A4,0xF3A4,0xF3A4,0x13A5,
0x13A5,0x13A5,0x13A5,0x13A5,0x13A5,0x13A5,0xF3A4,0xF3A4,0xF3A4,0xF3A4,0xF3A4,0xF3A4,0xF3A4,0xF3A4,0xF3A4,0xF3A4,
0xF3A4,0xF3A4,0xF3A4,0xF3A4,0xF3A4,0xF3A4,0xF3A4,0xF3A4,0xF3A4,0xF3A4,0xF3A4,0xF3A4,0x13A5,0x13A5,0x13A5,0x13A5,
0x13A5,0x13A5,0x13A5,0x13A5,0x13A5,0x13A5,0x14AD,0x13A5,0x13A5,0x13A5,0x13A5,0x13A5,0x14AD,0x34AD,0x34AD,0x34AD,
0x34AD,0x34AD,0x34AD,0x14AD,0x14AD,0x14AD,0x14AD,0x14AD,0x13A5,0x13A5,0x13A5,0x14AD,0x34AD,0x34AD,0x34AD,0x14AD,
0x14AD,0x14AD,0x14AD,0x14AD,0x14AD,0x14AD,0x14AD,0x14AD,0x14AD,0x14AD,0x14AD,0x13A5,0x13A5,0x13A5,0x13A5,0x14AD,
0x13A5,0x13A5,0x13A5,0x13A5,0x13A5,0x13A5,0x13A5,0x14AD,0x14AD,0x34AD,0x34AD,0x34AD,0x34AD,0x34AD,0x34AD,0x34AD,
0x34AD,0x34AD,0x34AD,0x34AD,0x34AD,0x34AD,0x34AD,0x34AD,0x34AD,0x34AD,0x34AD,0x34AD,0x34AD,0x34AD,0x34AD,0x34AD,
0x34AD,0x14AD,0x14AD,0x34AD,0x33AD,0x34AD,0x34AD,0x34AD,0x34AD,0x34AD,0x54AD,0x54AD,0x54B5,0x54AD,0x54AD,0x54AD,
0x54AD,0x54AD,0x54AD,0x54AD,0x54AD,0x54AD,0x54AD,0x54AD,0x34AD,0x34AD,0x34AD,0x34AD,0x34AD,0x34AD,0x54AD,0x54AD,
0x54AD,0x54AD,0x54AD,0x54AD,0x54AD,0x54AD,0x54AD,0x54AD,0x54AD,0x54AD,0x54AD,0x54AD,0x54AD,0x54AD,0x54AD,0x54AD,
0x54AD,0x54AD,0x54AD,0x54AD,0x54AD,0x54AD,0x54AD,0x54AD,0x34AD,0x34AD,0x34AD,0x34AD,0x34AD,0x54AD,0x54AD,0x54AD,
0x55B5,0x55B5,0x75B5,0x75B5,0x55B5,0x54AD,0x34AD,0x34AD,0x34AD,0x14AD,0x13A5,0x13A5,0x13A5,0x13A5,0x13A5,0x13A5,
0x13A5,0x13A5,0x13A5,0x13A5,0x13A5,0x13A5,0x13A5,0x13A5,0x13A5,0x13A5,0x13A5,0x13A5,0x13A5,0xF3A4,0x13A5,0x13A5,
0x13A5,0xF3A4,0xF3A4,0xF3A4,0xF3A4,0xF3A4,0xF3A4,0xF3A4,0xF3A4,0xF3A4,0xF3A4,0x13A5,0x13A5,0x13A5,0x13A5,0x13A5,
0x13A5,0x13A5,0x14AD,0x14AD,0x13A5,0x13A5,0x14AD,0x34AD,0x34AD,0x34AD,0x14AD,0x13A5,0xF3A4,0xF3A4,0xF3A4,0x13A5,
0x13A5,0x13A5,0x13A5,0x13A5,0x13A5,0x13A5,0xF3A4,0xF3A4,0xF3A4,0xF3A4,0xF3A4,0xF3A4,0xF3A4,0xF3A4,0xF3A4,0xF3A4,
0xF3A4,0xF3A4,0xF3A4,0xF3A4,0xF3A4,0xF3A4,0xF3A4,0xF3A4,0xF3A4,0xF3A4,0xF3A4,0xF3A4,0xF3A4,0xF3A4,0xF3A4,0xF3A4,
0xF3A4,0xF3A4,0x13A5,0x13A5,0x13A5,0x13A5,0x13A5,0x13A5,0x13A5,0x13A5,0x13A5,0x13A5,0x14AD,0x14AD,0x14AD,0x14AD,
0x14AD,0x14AD,0x14AD,0x13A5,0x13A5,0x13A5,0x13A5,0x13A5,0x13A5,0x13A5,0x13A5,0x13A5,0x14AD,0x14AD,0x13A5,0x13A5,
0x13A5,0x13A5,0x13A5,0x13A5,0x13A5,0x13A5,0x13A5,0x13A5,0x13A5,0x13A5,0x13A5,0x13A5,0x13A5,0x13A5,0x13A5,0x13A5,
0x13A5,0x13A5,0x13A5,0x13A5,0x13A5,0x13A5,0x13A5,0x14AD,0x14AD,0x34AD,0x34AD,0x34AD,0x34AD,0x34AD,0x34AD,0x34AD,
0x34AD,0x34AD,0x34AD,0x34AD,0x34AD,0x34AD,0x34AD,0x34AD,0x34AD,0x34AD,0x34AD,0x34AD,0x34AD,0x34AD,0x34AD,0x34AD,
0x34AD,0x14AD,0x14AD,0x34AD,0x33AD,0x34AD,0x34AD,0x34AD,0x34AD,0x34AD,0x54AD,0x54AD,0x54B5,0x54AD,0x54AD,0x54AD,
0x54AD,0x54AD,0x54AD,0x54AD,0x54AD,0x54AD,0x54AD,0x54AD,0x54AD,0x54AD,0x54AD,0x54AD,0x54AD,0x54AD,0x54AD,0x54AD,
0x54AD,0x54AD,0x54AD,0x54AD,0x54AD,0x54AD,0x54AD,0x54AD,0x54AD,0x54AD,0x54AD,0x54AD,0x54AD,0x54AD,0x54AD,0x54AD,
0x54AD,0x54AD,0x54AD,0x54AD,0x54AD,0x54AD,0x54AD,0x54AD,0x34AD,0x34AD,0x34AD,0x34AD,0x34AD,0x54AD,0x54AD,0x54AD,
0x55B5,0x55B5,0x75B5,0x75B5,0x55B5,0x54AD,0x34AD,0x34AD,0x34AD,0x34AD,0x14AD,0x14AD,0x13A5,0x13A5,0x13A5,0x13A5,
0x13A5,0x13A5,0x13A5,0x13A5,0x13A5,0x13A5,0x13A5,0x13A5,0x13A5,0x13A5,0x13A5,0x13A5,0x13A5,0xF3A4,0x13A5,0x13A5,
0x13A5,0xF3A4,0xF3A4,0xF3A4,0xF3A4,0xF3A4,0xF3A4,0xF3A4,0xF3A4,0xF3A4,0xF3A4,0x13A5,0x13A5,0x13A5,0x13A5,0x13A5,
0x13A5,0x13A5,0x14AD,0x14AD,0x13A5,0x13A5,0x14AD,0x34AD,0x34AD,0x34AD,0x14AD,0x13A5,0xF3A4,0xF3A4,0xF3A4,0x13A5,
0x13A5,0x13A5,0x13A5,0x13A5,0x13A5,0x13A5,0xF3A4,0xF3A4,0xF3A4,0xF3A4,0xF3A4,0xF3A4,0xF3A4,0xF3A4,0xF3A4,0xF3A4,
0xF3A4,0xF3A4,0xF3A4,0xF3A4,0xF3A4,0xD3A4,0xF3A4,0xF3A4,0xF3A4,0xF3A4,0xF3A4,0xF3A4,0xF3A4,0xF3A4,0xF3A4,0xF3A4,
0xF3A4,0xF3A4,0xF3A4,0xF3A4,0x13A5,0x13A5,0x13A5,0x13A5,0x13A5,0x13A5,0x13A5,0x13A5,0x14AD,0x13A5,0x13A5,0x13A5,
0x13A5,0x13A5,0x13A5,0x13A5,0x13A5,0x13A5,0x13A5,0x13A5,0x13A5,0x13A5,0x13A5,0x13A5,0x13A5,0x13A5,0x13A5,0x13A5,
0x13A5,0x13A5,0x13A5,0x13A5,0x13A5,0x13A5,0x13A5,0x13A5,0x13A5,0x13A5,0x13A5,0x13A5,0xF3A4,0x13A5,0x13A5,0x13A5,
0x13A5,0x13A5,0x13A5,0x13A5,0x13A5,0x13A5,0x13A5,0x14AD,0x14AD,0x34AD,0x34AD,0x34AD,0x34AD,0x34AD,0x34AD,0x34AD,
0x34AD,0x34AD,0x34AD,0x34AD,0x34AD,0x34AD,0x34AD,0x34AD,0x34AD,0x34AD,0x34AD,0x34AD,0x34AD,0x34AD,0x34AD,0x34AD,
0x34AD,0x14AD,0x14AD,0x34AD,0x34AD,0x34AD,0x34AD,0x34AD,0x34AD,0x34AD,0x54AD,0x54AD,0x54B5,0x54AD,0x54AD,0x54AD,
0x54AD,0x54AD,0x54AD,0x54AD,0x54AD,0x54AD,0x54AD,0x54AD,0x54AD,0x54AD,0x54AD,0x54AD,0x54AD,0x54AD,0x54AD,0x54AD,
0x34AD,0x34AD,0x34AD,0x34AD,0x54AD,0x54AD,0x54AD,0x54AD,0x54AD,0x54AD,0x54AD,0x54AD,0x54AD,0x54AD,0x54AD,0x54AD,
0x54AD,0x54AD,0x54AD,0x54AD,0x54AD,0x54AD,0x54AD,0x54AD,0x34AD,0x34AD,0x34AD,0x54AD,0x54AD,0x54AD,0x54AD,0x55B5,
0x54AD,0x54AD,0x55B5,0x54AD,0x54AD,0x54AD,0x34AD,0x34AD,0x34AD,0x34AD,0x34AD,0x14AD,0x14AD,0x13A5,0x13A5,0x13A5,
0x13A5,0x13A5,0x13A5,0x13A5,0x13A5,0x13A5,0x13A5,0x13A5,0x13A5,0x13A5,0x13A5,0x13A5,0x13A5,0x13A5,0x13A5,0x13A5,
0x13A5,0xF3A4,0xF3A4,0xF3A4,0xF3A4,0xF3A4,0xF3A4,0xF3A4,0xF3A4,0xF3A4,0xF3A4,0x13A5,0x13A5,0x13A5,0x13A5,0x13A5,
0x13A5,0x13A5,0x13A5,0x13A5,0x13A5,0x13A5,0x14AD,0x34AD,0x34AD,0x34AD,0x13A5,0x13A5,0x13A5,0x13A5,0x13A5,0x13A5,
0x13A5,0x13A5,0x13A5,0x13A5,0x13A5,0x13A5,0xF3A4,0xF3A4,0xF3A4,0xF3A4,0xF3A4,0xF3A4,0xF3A4,0xF3A4,0xF3A4,0xF3A4,
0xF3A4,0xF3A4,0xF3A4,0xF3A4,0xF3A4,0xD3A4,0xD3A4,0xD3A4,0xF3A4,0xF3A4,0xF3A4,0xF3A4,0xF3A4,0xF3A4,0xF3A4,0xF3A4,
0xF3A4,0xF3A4,0xF3A4,0xF3A4,0x13A5,0x13A5,0x13A5,0x13A5,0x13A5,0x13A5,0x13A5,0x13A5,0x13A5,0x13A5,0x13A5,0x13A5,
0x13A5,0x13A5,0x13A5,0x13A5,0x13A5,0x13A5,0x13A5,0x13A5,0x13A5,0x13A5,0x13A5,0x13A5,0xF3A4,0xF3A4,0xF3A4,0xF3A4,
0xF3A4,0xF3A4,0xF3A4,0xF3A4,0x13A5,0x13A5,0x13A5,0x13A5,0x13A5,0x13A5,0x13A5,0xF3A4,0xF3A4,0xF3A4,0x13A5,0x13A5,
0x13A5,0x13A5,0x13A5,0x13A5,0x13A5,0x14AD,0x14AD,0x14AD,0x14AD,0x34AD,0x34AD,0x34AD,0x34AD,0x34AD,0x34AD,0x34AD,
0x14AD,0x14AD,0x14AD,0x14AD,0x14AD,0x14AD,0x34AD,0x34AD,0x34AD,0x34AD,0x34AD,0x34A5,0x33A5,0x33A5,0x33A5,0x33A5,
0x33A5,0x13A5,0x33AD,0x34AD,0x34AD,0x34AD,0x34AD,0x54AD,0x54AD,0x54B5,0x54B5,0x54B5,0x54AD,0x33AD,0x33AD,0x33AD,
0x33AD,0x33AD,0x33AD,0x33AD,0x33AD,0x33AD,0x33AD,0x33AD,0x33AD,0x33AD,0x54AD,0x54B5,0x54AD,0x54AD,0x54AD,0x33AD,
0x33AD,0x33AD,0x33AD,0x34AD,0x34AD,0x34AD,0x34AD,0x34AD,0x34AD,0x54AD,0x54AD,0x54AD,0x54AD,0x54AD,0x54AD,0x54AD,
0x54AD,0x54AD,0x54AD,0x54AD,0x54AD,0x54AD,0x54AD,0x54AD,0x34AD,0x34AD,0x34AD,0x54AD,0x54AD,0x54AD,0x54AD,0x55B5,
0x54AD,0x54AD,0x54AD,0x54AD,0x54AD,0x54AD,0x34AD,0x34AD,0x34AD,0x34AD,0x34AD,0x34AD,0x34AD,0x34AD,0x14AD,0x13A5,
0x13A5,0x13A5,0x13A5,0x13A5,0x13A5,0x13A5,0x13A5,0x13A5,0x13A5,0x13A5,0x13A5,0x13A5,0x13A5,0x13A5,0x13A5,0x13A5,
0xF3A4,0xF3A4,0xF3A4,0xF3A4,0xF3A4,0xF3A4,0xF3A4,0xF3A4,0xF3A4,0xF3A4,0xF3A4,0xF3A4,0xF3A4,0x13A5,0x13A5,0x13A5,
0x13A5,0x13A5,0x13A5,0x13A5,0x13A5,0x13A5,0x13A5,0x13A5,0x13A5,0x13A5,0x13A5,0x13A5,0x13A5,0x13A5,0x13A5,0x13A5,
0x13A5,0x13A5,0x13A5,0x13A5,0x13A5,0x13A5,0x13A5,0x13A5,0xF3A4,0xF3A4,0xF3A4,0xF3A4,0xF3A4,0xF3A4,0xF3A4,0xF3A4,
0xF3A4,0xF3A4,0xF3A4,0xF3A4,0xF3A4,0xF3A4,0xF3A4,0xF3A4,0xF3A4,0xF3A4,0xF3A4,0xF3A4,0x13A5,0x13A5,0x13A5,0x13A5,
0x13A5,0x13A5,0x13A5,0x13A5,0x13A5,0x13A5,0x13A5,0x13A5,0x13A5,0x13A5,0x13A5,0x13A5,0x13A5,0x13A5,0x13A5,0x13A5,
0x13A5,0x13A5,0x13A5,0x13A5,0x13A5,0x13A5,0x13A5,0x13A5,0xF3A4,0xF3A4,0xF3A4,0xF3A4,0xF3A4,0xF3A4,0xF3A4,0xF3A4,
0xF3A4,0xF3A4,0xF3A4,0xF3A4,0xF3A4,0xF3A4,0xF3A4,0x13A5,0x13A5,0x13A5,0x13A5,0x13A5,0x13A5,0x13A5,0x13A5,0x13A5,
0x13A5,0x13A5,0x13A5,0x13A5,0x13A5,0x34AD,0x34AD,0x34AD,0x34AD,0x34AD,0x34AD,0x34AD,0x34AD,0x34AD,0x34AD,0x34AD,
0x14AD,0x14AD,0x14AD,0x14AD,0x14AD,0x14AD,0x34AD,0x34AD,0x34AD,0x34AD,0x34AD,0x34A5,0x33A5,0x33A5,0x33A5,0x33A5,
0x33A5,0x13AD,0x13AD,0x33AD,0x33AD,0x34AD,0x34AD,0x54B5,0x54B5,0x54B5,0x54AD,0x54AD,0x54AD,0x33AD,0x33AD,0x33AD,
0x33AD,0x33AD,0x33AD,0x33AD,0x33AD,0x33AD,0x33AD,0x33AD,0x33AD,0x33AD,0x54AD,0x54B5,0x54AD,0x54AD,0x54AD,0x54AD,
0x33AD,0x33AD,0x34AD,0x34AD,0x34AD,0x34AD,0x34AD,0x34AD,0x34AD,0x54AD,0x54AD,0x54AD,0x54AD,0x54AD,0x54AD,0x54AD,
0x54AD,0x54AD,0x54AD,0x54AD,0x54AD,0x54AD,0x54AD,0x54AD,0x54AD,0x34AD,0x34AD,0x54AD,0x54AD,0x54AD,0x54AD,0x54AD,
0x54AD,0x54AD,0x54AD,0x54AD,0x54AD,0x54AD,0x34AD,0x34AD,0x34AD,0x34AD,0x34AD,0x34AD,0x34AD,0x34AD,0x14AD,0x13A5,
0x13A5,0x14AD,0x14AD,0x14AD,0x14AD,0x14AD,0x14AD,0x14AD,0x14AD,0x14AD,0x14AD,0x14AD,0x14AD,0x14AD,0x13A5,0x13A5,
0xF3A4,0xF3A4,0xF3A4,0xF3A4,0xF3A4,0xF3A4,0xF3A4,0xF3A4,0xF3A4,0xF3A4,0xF3A4,0xF3A4,0xF3A4,0xF3A4,0xF3A4,0xF3A4,
0xF3A4,0xF3A4,0xF3A4,0xF3A4,0x13A5,0x13A5,0x13A5,0x13A5,0x13A5,0x13A5,0x13A5,0x13A5,0x13A5,0x13A5,0x13A5,0x13A5,
0x13A5,0x13A5,0x13A5,0x13A5,0x13A5,0x13A5,0x13A5,0x13A5,0xF3A4,0xF3A4,0xF3A4,0xF3A4,0xF3A4,0xF3A4,0xF3A4,0xF3A4,
0xF3A4,0xF3A4,0xF3A4,0xF3A4,0xF3A4,0xF3A4,0xF3A4,0xF3A4,0xF3A4,0xF3A4,0xF3A4,0xF3A4,0x13A5,0x13A5,0x13A5,0x13A5,
0x13A5,0x13A5,0x13A5,0x13A5,0x13A5,0x13A5,0x13A5,0x13A5,0x13A5,0x13A5,0x13A5,0x13A5,0x13A5,0x13A5,0x13A5,0x13A5,
0x13A5,0x13A5,0x13A5,0x13A5,0x13A5,0x13A5,0x13A5,0x13A5,0xF3A4,0xF3A4,0xF3A4,0xF3A4,0xF3A4,0xF3A4,0xF3A4,0xF3A4,
0xF3A4,0xF3A4,0xF3A4,0xF3A4,0xF3A4,0xF3A4,0xF3A4,0x13A5,0x13A5,0x13A5,0x13A5,0x13A5,0x13A5,0x13A5,0x13A5,0x13A5,
0x14AD,0x14AD,0x14AD,0x14AD,0x14AD,0x34AD,0x34AD,0x34AD,0x34AD,0x34AD,0x34AD,0x34AD,0x34AD,0x34AD,0x34AD,0x34AD,
0x14AD,0x14AD,0x14AD,0x14AD,0x14AD,0x14AD,0x14AD,0x14AD,0x14AD,0x14AD,0x14AD,0x33A5,0x33A5,0x33A5,0x33A5,0x33A5,
0x33A5,0x33AD,0x33AD,0x34AD,0x34AD,0x34B5,0x54B5,0x54B5,0x54B5,0x54B5,0x33AD,0x33AD,0x33AD,0x33AD,0x33AD,0x33AD,
0x33AD,0x33AD,0x33AD,0x33AD,0x33AD,0x33AD,0x33AD,0x33AD,0x33AD,0x33AD,0x54AD,0x54B5,0x54AD,0x54AD,0x54B5,0x54B5,
0x54AD,0x54AD,0x34AD,0x34AD,0x34AD,0x34AD,0x34AD,0x54B5,0x54B5,0x54AD,0x54AD,0x54AD,0x54AD,0x54AD,0x54AD,0x54AD,
0x54AD,0x54AD,0x54AD,0x54AD,0x54AD,0x54AD,0x54AD,0x54AD,0x54AD,0x54AD,0x34AD,0x34AD,0x34AD,0x34AD,0x34AD,0x34AD,
0x34AD,0x34AD,0x34AD,0x34AD,0x34AD,0x34AD,0x34AD,0x34AD,0x34AD,0x34AD,0x34AD,0x34AD,0x34AD,0x34AD,0x14AD,0x13A5,
0x13A5,0x14AD,0x34AD,0x34AD,0x34AD,0x34AD,0x34AD,0x34AD,0x34AD,0x34AD,0x34AD,0x34AD,0x34AD,0x34AD,0x14AD,0x13A5,
0x13A5,0x13A5,0x13A5,0x13A5,0x13A5,0x13A5,0xF3A4,0xF3A4,0xF3A4,0xF3A4,0xF3A4,0xF3A4,0xF3A4,0xF3A4,0xF3A4,0xF3A4,
0xF3A4,0xF3A4,0xF3A4,0xF3A4,0xF3A4,0xF3A4,0xF3A4,0xF3A4,0xF3A4,0xF3A4,0x13A5,0x13A5,0x13A5,0x13A5,0x13A5,0x13A5,
0x13A5,0x13A5,0x13A5,0x13A5,0x13A5,0x13A5,0x13A5,0x13A5,0xF3A4,0xF3A4,0xF3A4,0xF3A4,0xF3A4,0xF3A4,0xF3A4,0xF3A4,
0xF3A4,0xF3A4,0xF3A4,0xF3A4,0xF3A4,0xF3A4,0xF3A4,0xF3A4,0xF3A4,0xF3A4,0x13A5,0x13A5,0x13A5,0x13A5,0x13A5,0x13A5,
0x13A5,0x13A5,0x13A5,0x13A5,0x13A5,0x13A5,0x13A5,0x13A5,0x13A5,0x13A5,0x13A5,0x13A5,0x13A5,0x13A5,0x13A5,0x13A5,
0x13A5,0x13A5,0x13A5,0x13A5,0x13A5,0x13A5,0x13A5,0x13A5,0xF3A4,0xF3A4,0xF3A4,0xF3A4,0xF3A4,0xF3A4,0xF3A4,0xF3A4,
0xF3A4,0xF3A4,0xF3A4,0xF3A4,0xF3A4,0xF3A4,0xF3A4,0x13A5,0x13A5,0x13A5,0x14AD,0x14AD,0x14AD,0x14AD,0x14AD,0x14AD,
0x34AD,0x34AD,0x34AD,0x34AD,0x34AD,0x34AD,0x34AD,0x34AD,0x34AD,0x34AD,0x34AD,0x34AD,0x34AD,0x34AD,0x34AD,0x34AD,
0x14AD,0x14AD,0x14AD,0x14AD,0x14AD,0x14AD,0x14AD,0x14AD,0x14AD,0x14AD,0x14AD,0x33A5,0x33A5,0x33A5,0x33A5,0x33A5,
0x33AD,0x33AD,0x54AD,0x54B5,0x54B5,0x54B5,0x54B5,0x54B5,0x54B5,0x54B5,0x33AD,0x33AD,0x33AD,0x33AD,0x33AD,0x33AD,
0x33AD,0x33AD,0x33AD,0x33AD,0x33AD,0x33AD,0x33AD,0x33AD,0x33AD,0x33AD,0x54AD,0x54B5,0x54AD,0x54AD,0x54B5,0x54B5,
0x54B5,0x54AD,0x54AD,0x54AD,0x34AD,0x34AD,0x54B5,0x54B5,0x54B5,0x54B5,0x54AD,0x54AD,0x54AD,0x54AD,0x54AD,0x54AD,
0x54AD,0x54AD,0x54AD,0x54AD,0x54AD,0x55B5,0x54AD,0x54AD,0x54AD,0x54AD,0x54AD,0x34AD,0x34AD,0x34AD,0x34AD,0x14AD,
0x34AD,0x34AD,0x34AD,0x34AD,0x34AD,0x34AD,0x34AD,0x34AD,0x34AD,0x34AD,0x34AD,0x34AD,0x34AD,0x34AD,0x14AD,0x13A5,
0x13A5,0x14AD,0x34AD,0x34AD,0x34AD,0x34AD,0x34AD,0x34AD,0x34AD,0x34AD,0x34AD,0x34AD,0x34AD,0x34AD,0x14AD,0x13A5,
0x13A5,0x13A5,0x13A5,0x13A5,0x13A5,0x13A5,0x13A5,0x13A5,0x13A5,0x13A5,0x13A5,0x13A5,0x13A5,0x13A5,0xF3A4,0xF3A4,
0xF3A4,0xF3A4,0xF3A4,0xF3A4,0xF3A4,0xF3A4,0xF3A4,0xF3A4,0xF3A4,0xF3A4,0x13A5,0x13A5,0x13A5,0x13A5,0x13A5,0x13A5,
0x13A5,0x13A5,0x13A5,0x13A5,0x13A5,0x13A5,0x13A5,0x13A5,0xF3A4,0xF3A4,0xF3A4,0x13A5,0x13A5,0x13A5,0x13A5,0x13A5,
0x13A5,0x13A5,0x13A5,0x13A5,0x13A5,0x13A5,0xF3A4,0xF3A4,0xF3A4,0x13A5,0x13A5,0x13A5,0x13A5,0x13A5,0x13A5,0x13A5,
0x13A5,0x13A5,0x13A5,0x13A5,0x13A5,0x13A5,0x13A5,0x13A5,0x13A5,0x13A5,0x13A5,0x13A5,0x13A5,0x13A5,0x13A5,0x13A5,
0x13A5,0x13A5,0x13A5,0x13A5,0x13A5,0x13A5,0x13A5,0x13A5,0xF3A4,0xF3A4,0xF3A4,0xF3A4,0xF3A4,0xF3A4,0xF3A4,0xF3A4,
0xF3A4,0xF3A4,0xF3A4,0xF3A4,0xF3A4,0xF3A4,0xF3A4,0x13A5,0x13A5,0x13A5,0x14AD,0x14AD,0x14AD,0x14AD,0x14AD,0x14AD,
0x34AD,0x34AD,0x34AD,0x34AD,0x34AD,0x34AD,0x34AD,0x34AD,0x34AD,0x34AD,0x34AD,0x34AD,0x34AD,0x34AD,0x34AD,0x34AD,
0x34AD,0x34AD,0x34AD,0x34AD,0x34AD,0x34AD,0x34AD,0x34AD,0x34AD,0x34AD,0x34AD,0x33AD,0x33AD,0x33AD,0x53AD,0x54AD,
0x54B5,0x54B5,0x54B5,0x74B5,0x74B5,0x74B5,0x74B5,0x74B5,0x54B5,0x54B5,0x54AD,0x33AD,0x33AD,0x33AD,0x33AD,0x33AD,
0x33AD,0x33AD,0x33AD,0x33AD,0x33AD,0x33AD,0x33AD,0x33AD,0x54B5,0x54B5,0x54B5,0x54B5,0x54B5,0x54B5,0x54B5,0x54B5,
0x54B5,0x54B5,0x54B5,0x54B5,0x54B5,0x54B5,0x54B5,0x54B5,0x55B5,0x54B5,0x54AD,0x54AD,0x54AD,0x54AD,0x54AD,0x54AD,
0x54AD,0x54AD,0x54AD,0x54AD,0x54AD,0x55B5,0x55B5,0x55B5,0x55B5,0x55B5,0x54AD,0x34AD,0x34AD,0x34AD,0x34AD,0x14AD,
0x34AD,0x34AD,0x34AD,0x34AD,0x34AD,0x34AD,0x34AD,0x34AD,0x34AD,0x34AD,0x34AD,0x34AD,0x34AD,0x34AD,0x34AD,0x34AD,
0x34AD,0x34AD,0x34AD,0x34AD,0x34AD,0x34AD,0x34AD,0x54AD,0x54AD,0x54AD,0x34AD,0x34AD,0x34AD,0x34AD,0x34AD,0x34AD,
0x34AD,0x14AD,0x14AD,0x13A5,0x13A5,0x13A5,0x13A5,0x13A5,0x14AD,0x14AD,0x13A5,0x13A5,0x13A5,0x13A5,0x13A5,0x13A5,
0x13A5,0xF3A4,0xF3A4,0xF3A4,0xF3A4,0xF3A4,0xF3A4,0xF3A4,0xF3A4,0xF3A4,0x13A5,0x13A5,0x13A5,0x13A5,0x13A5,0x13A5,
0x13A5,0x13A5,0x13A5,0x13A5,0x13A5,0x13A5,0x13A5,0x13A5,0x13A5,0x13A5,0x13A5,0x13A5,0x13A5,0x13A5,0x13A5,0x13A5,
0x13A5,0x13A5,0x13A5,0x13A5,0x13A5,0x13A5,0xF3A4,0xF3A4,0xF3A4,0x13A5,0x13A5,0x13A5,0x13A5,0x13A5,0x13A5,0x13A5,
0x13A5,0x13A5,0x13A5,0x13A5,0x13A5,0x13A5,0x13A5,0x13A5,0x13A5,0x13A5,0x13A5,0x13A5,0x13A5,0x13A5,0x13A5,0x13A5,
0x13A5,0x13A5,0x13A5,0x13A5,0x13A5,0x13A5,0x13A5,0x13A5,0x13A5,0xF3A4,0xF3A4,0xF3A4,0xF3A4,0xF3A4,0xF3A4,0xF3A4,
0xF3A4,0xF3A4,0xF3A4,0xF3A4,0x13A5,0x13A5,0x13A5,0x13A5,0x13A5,0x13A5,0x13A5,0x13A5,0x14AD,0x34AD,0x34AD,0x34AD,
0x34AD,0x34AD,0x34AD,0x34AD,0x34AD,0x34AD,0x34AD,0x34AD,0x34AD,0x34AD,0x34AD,0x34AD,0x34AD,0x34AD,0x34AD,0x34AD,
0x34AD,0x34AD,0x34AD,0x34AD,0x34AD,0x34AD,0x34AD,0x34AD,0x34AD,0x34AD,0x34AD,0x33AD,0x33AD,0x53AD,0x74B5,0x74B5,
0x94B5,0x74BD,0x74BD,0x95BD,0x95BD,0x95BD,0x94BD,0x74B5,0x74B5,0x74B5,0x54B5,0x54AD,0x54AD,0x54AD,0x54AD,0x54AD,
0x54AD,0x54AD,0x54B5,0x54B5,0x54B5,0x54B5,0x54B5,0x54B5,0x54B5,0x54B5,0x54B5,0x54B5,0x54B5,0x54B5,0x54B5,0x54B5,
0x54B5,0x54B5,0x54B5,0x54B5,0x34AD,0x54B5,0x54B5,0x54B5,0x54B5,0x54B5,0x54AD,0x54AD,0x54AD,0x54AD,0x54AD,0x54AD,
0x54AD,0x54AD,0x54AD,0x54AD,0x54AD,0x55B5,0x55B5,0x55B5,0x55B5,0x55B5,0x54AD,0x54AD,0x34AD,0x34AD,0x34AD,0x34AD,
0x34AD,0x34AD,0x34AD,0x34AD,0x34AD,0x34AD,0x54AD,0x34AD,0x34AD,0x34AD,0x34AD,0x34AD,0x34AD,0x34AD,0x34AD,0x34AD,
0x34AD,0x34AD,0x34AD,0x34AD,0x54AD,0x54AD,0x54AD,0x54AD,0x54AD,0x54AD,0x54AD,0x34AD,0x34AD,0x54AD,0x34AD,0x34AD,
0x34AD,0x34AD,0x34AD,0x14AD,0x14AD,0x14AD,0x14AD,0x14AD,0x34AD,0x34AD,0x14AD,0x14AD,0x13A5,0x13A5,0x13A5,0x13A5,
0x13A5,0x13A5,0x13A5,0xF3A4,0xF3A4,0xF3A4,0xF3A4,0xF3A4,0xF3A4,0xF3A4,0x13A5,0x13A5,0x13A5,0x13A5,0x13A5,0x13A5,
0x13A5,0x13A5,0x13A5,0x13A5,0x13A5,0x13A5,0x13A5,0x13A5,0x13A5,0x13A5,0x13A5,0x13A5,0x13A5,0x13A5,0x13A5,0x13A5,
0x13A5,0x13A5,0x13A5,0x13A5,0x13A5,0x13A5,0xF3A4,0xF3A4,0xF3A4,0x13A5,0x13A5,0x13A5,0x13A5,0x13A5,0x13A5,0x13A5,
0x13A5,0x13A5,0x13A5,0x13A5,0x13A5,0x13A5,0x13A5,0x13A5,0x13A5,0x13A5,0x13A5,0x13A5,0x13A5,0x13A5,0x13A5,0x13A5,
0x13A5,0x13A5,0x13A5,0x13A5,0x13A5,0x13A5,0x13A5,0xF3A4,0xF3A4,0xF3A4,0xF3A4,0xF3A4,0xF3A4,0xF3A4,0xF3A4,0xF3A4,
0xF3A4,0xF3A4,0xF3A4,0xF3A4,0x13A5,0x13A5,0x13A5,0x13A5,0x13A5,0x13A5,0x13A5,0x13A5,0x14AD,0x34AD,0x34AD,0x34AD,
0x34AD,0x34AD,0x34AD,0x34AD,0x34AD,0x34AD,0x34AD,0x34AD,0x34AD,0x34AD,0x34AD,0x34AD,0x34AD,0x34AD,0x34AD,0x34AD,
0x34AD,0x34AD,0x34AD,0x34AD,0x34AD,0x34AD,0x54AD,0x54AD,0x54AD,0x54AD,0x54B5,0x74B5,0x74B5,0x74B5,0x94B5,0x95BD,
0xB5BD,0x95BD,0xB5BD,0xB5BD,0xB5C5,0x95C5,0x95BD,0x95BD,0x95B5,0x74B5,0x74B5,0x54B5,0x54B5,0x54B5,0x54B5,0x54B5,
0x54B5,0x54B5,0x54B5,0x54B5,0x54B5,0x54B5,0x54B5,0x54B5,0x54B5,0x54B5,0x54B5,0x54B5,0x54B5,0x54B5,0x54B5,0x54B5,
0x54B5,0x54B5,0x54B5,0x54AD,0x34AD,0x34AD,0x54B5,0x54B5,0x54B5,0x54AD,0x54AD,0x54AD,0x54AD,0x54AD,0x54AD,0x54AD,
0x54AD,0x54AD,0x54AD,0x54AD,0x54AD,0x55B5,0x55B5,0x55B5,0x55B5,0x55B5,0x55B5,0x54AD,0x54AD,0x54AD,0x34AD,0x34AD,
0x54AD,0x54AD,0x54AD,0x54AD,0x54AD,0x54AD,0x54AD,0x54AD,0x54AD,0x54AD,0x34AD,0x34AD,0x34AD,0x34AD,0x34AD,0x34AD,
0x34AD,0x54AD,0x54AD,0x54AD,0x55B5,0x55B5,0x55B5,0x55B5,0x55B5,0x54AD,0x54AD,0x54AD,0x54AD,0x54AD,0x54AD,0x34AD,
0x34AD,0x34AD,0x34AD,0x34AD,0x34AD,0x34AD,0x34AD,0x34AD,0x34AD,0x34AD,0x34AD,0x34AD,0x34AD,0x34AD,0x14AD,0x14AD,
0x14AD,0x13A5,0x13A5,0x13A5,0xF3A4,0xF3A4,0xF3A4,0xF3A4,0xF3A4,0x13A5,0x13A5,0x13A5,0x13A5,0x13A5,0x13A5,0x13A5,
0x13A5,0x13A5,0x13A5,0x13A5,0x13A5,0x13A5,0x13A5,0x13A5,0x13A5,0x13A5,0x13A5,0x13A5,0x13A5,0x13A5,0x13A5,0x13A5,
0x13A5,0x13A5,0x13A5,0x13A5,0x13A5,0x13A5,0xF3A4,0xF3A4,0xF3A4,0x13A5,0x13A5,0x13A5,0x13A5,0x13A5,0x13A5,0x13A5,
0x13A5,0x13A5,0x13A5,0x13A5,0x13A5,0x13A5,0x13A5,0x13A5,0x13A5,0x13A5,0x13A5,0x13A5,0x13A5,0x13A5,0x13A5,0x13A5,
0x13A5,0x13A5,0x13A5,0x13A5,0x13A5,0x13A5,0xF3A4,0xF3A4,0xF3A4,0xF3A4,0xF3A4,0xF3A4,0xF3A4,0xF3A4,0xF3A4,0xF3A4,
0xF3A4,0xF3A4,0xF3A4,0x13A5,0x13A5,0x13A5,0x13A5,0x13A5,0x13A5,0x13A5,0x13A5,0x13A5,0x14AD,0x34AD,0x34AD,0x34AD,
0x34AD,0x34AD,0x34AD,0x34AD,0x34AD,0x34AD,0x34AD,0x34AD,0x34AD,0x34AD,0x34AD,0x34AD,0x34AD,0x34AD,0x34AD,0x34AD,
0x34AD,0x34AD,0x34AD,0x34AD,0x34AD,0x54AD,0x54AD,0x54AD,0x54B5,0x74B5,0x74B5,0x94B5,0x94B5,0x95BD,0xB5BD,0xB5BD,
0xD5C5,0xB5C5,0xB5C5,0xB5C5,0xB5C5,0x95C5,0x95BD,0x95BD,0x95BD,0x95BD,0x74B5,0x74B5,0x74B5,0x54B5,0x54B5,0x54B5,
0x54B5,0x54B5,0x54B5,0x54B5,0x54B5,0x54B5,0x54B5,0x54B5,0x54B5,0x54B5,0x54B5,0x54B5,0x54B5,0x54B5,0x54B5,0x54B5,
0x54B5,0x54B5,0x54B5,0x54AD,0x34AD,0x34AD,0x34AD,0x34AD,0x34AD,0x54AD,0x54AD,0x54AD,0x54AD,0x54AD,0x54AD,0x54AD,
0x54AD,0x54AD,0x54AD,0x54AD,0x54AD,0x55B5,0x55B5,0x55B5,0x55B5,0x55B5,0x75B5,0x55B5,0x55B5,0x54AD,0x54AD,0x34AD,
0x54AD,0x54AD,0x54AD,0x54AD,0x54AD,0x54AD,0x54AD,0x54AD,0x54AD,0x54AD,0x54AD,0x34AD,0x34AD,0x34AD,0x34AD,0x34AD,
0x34AD,0x54AD,0x54AD,0x54AD,0x54AD,0x55B5,0x55B5,0x75B5,0x75B5,0x75B5,0x75B5,0x55B5,0x55B5,0x54AD,0x54AD,0x54AD,
0x34AD,0x34AD,0x34AD,0x34AD,0x34AD,0x34AD,0x34AD,0x34AD,0x34AD,0x34AD,0x34AD,0x34AD,0x34AD,0x34AD,0x34AD,0x34AD,
0x34AD,0x34AD,0x14AD,0x14AD,0x13A5,0x13A5,0x13A5,0x13A5,0x13A5,0x13A5,0x14AD,0x14AD,0x14AD,0x14AD,0x14AD,0x14AD,
0x14AD,0x14AD,0x14AD,0x14AD,0x14AD,0x13A5,0x13A5,0x13A5,0x13A5,0x13A5,0x13A5,0x13A5,0x13A5,0x13A5,0x13A5,0x13A5,
0x13A5,0x13A5,0x13A5,0x13A5,0x13A5,0x13A5,0xF3A4,0xF3A4,0xF3A4,0x13A5,0x13A5,0x13A5,0x13A5,0x13A5,0x13A5,0x13A5,
0x13A5,0x13A5,0x13A5,0x13A5,0x13A5,0x13A5,0x13A5,0x13A5,0x13A5,0x13A5,0x13A5,0x13A5,0x13A5,0x13A5,0x13A5,0x13A5,
0x13A5,0x13A5,0x13A5,0x13A5,0xF3A4,0xF3A4,0xF3A4,0xF3A4,0xF3A4,0xF3A4,0xF3A4,0xF3A4,0xF3A4,0xF3A4,0xF3A4,0xF3A4,
0xF3A4,0x13A5,0x13A5,0x13A5,0x13A5,0x13A5,0x13A5,0x13A5,0x13A5,0x13A5,0x13A5,0x13A5,0x14AD,0x34AD,0x34AD,0x34AD,
0x34AD,0x34AD,0x34AD,0x34AD,0x34AD,0x34AD,0x34AD,0x34AD,0x34AD,0x34AD,0x34AD,0x34AD,0x34AD,0x34AD,0x34AD,0x34AD,
0x54AD,0x54AD,0x54AD,0x54AD,0x54B5,0x54B5,0x54B5,0x74B5,0x74B5,0x75B5,0x95B5,0x95BD,0x95BD,0xB5BD,0xB5BD,0xB5C5,
0xD5C5,0xD5C5,0xD5C5,0xD5C5,0xB5C5,0xB5C5,0xB5BD,0x95BD,0x95BD,0x95B5,0x74B5,0x74B5,0x74B5,0x54B5,0x54B5,0x54B5,
0x54B5,0x54B5,0x54B5,0x54B5,0x54B5,0x54B5,0x54B5,0x54B5,0x54B5,0x54B5,0x54B5,0x54B5,0x54B5,0x54B5,0x54B5,0x54B5,
0x54B5,0x54AD,0x54AD,0x34AD,0x34AD,0x34AD,0x34AD,0x34AD,0x54B5,0x55B5,0x55B5,0x55B5,0x55B5,0x55B5,0x55B5,0x54B5,
0x54B5,0x55B5,0x54B5,0x75B5,0x75B5,0x74B5,0x74B5,0x75B5,0x75B5,0x75B5,0x75B5,0x75B5,0x55B5,0x55B5,0x55AD,0x54AD,
0x54AD,0x54AD,0x54AD,0x54AD,0x54AD,0x54AD,0x54AD,0x54AD,0x54AD,0x54AD,0x54AD,0x54AD,0x34AD,0x34AD,0x34AD,0x54AD,
0x54AD,0x54AD,0x54AD,0x54AD,0x55B5,0x55B5,0x75B5,0x75B5,0x75B5,0x55B5,0x55B5,0x54AD,0x54AD,0x54AD,0x54AD,0x54AD,
0x34AD,0x34AD,0x34AD,0x34AD,0x34AD,0x34AD,0x34AD,0x34AD,0x34AD,0x34AD,0x34AD,0x34AD,0x34AD,0x34AD,0x34AD,0x34AD,
0x34AD,0x34AD,0x34AD,0x34AD,0x34AD,0x34AD,0x34AD,0x34AD,0x34AD,0x34AD,0x34AD,0x34AD,0x34AD,0x34AD,0x34AD,0x34AD,
0x34AD,0x14AD,0x14AD,0x13A5,0x13A5,0x13A5,0x13A5,0x13A5,0x13A5,0x13A5,0x13A5,0x13A5,0x13A5,0x13A5,0x13A5,0x13A5,
0x13A5,0x13A5,0x13A5,0x13A5,0x13A5,0x13A5,0x13A5,0x13A5,0x13A5,0x13A5,0x13A5,0x13A5,0x14AD,0x14AD,0x14AD,0x14AD,
0x13A5,0x13A5,0x13A5,0x13A5,0x13A5,0x13A5,0x13A5,0x13A5,0x13A5,0x13A5,0x13A5,0x13A5,0x13A5,0x13A5,0x13A5,0x13A5,
0x13A5,0x13A5,0x13A5,0x13A5,0x13A5,0x13A5,0x13A5,0x13A5,0x13A5,0x13A5,0x13A5,0x13A5,0x13A5,0x13A5,0x13A5,0x13A5,
0x13A5,0x13A5,0x13A5,0x13A5,0x13A5,0x13A5,0x13A5,0x13A5,0x13A5,0x13A5,0x13A5,0x13A5,0x13A5,0x14AD,0x14AD,0x14AD,
0x14AD,0x34AD,0x34AD,0x34AD,0x34AD,0x34AD,0x34AD,0x34AD,0x34AD,0x34AD,0x34AD,0x34AD,0x34AD,0x34AD,0x34AD,0x34AD,
0x54AD,0x54AD,0x54AD,0x54B5,0x54B5,0x54B5,0x74B5,0x74B5,0x74B5,0x95B5,0x95BD,0x95BD,0x95BD,0x95BD,0xB5BD,0xB5C5,
0xD5C5,0xD5C5,0xD5C5,0xD5C5,0xD5C5,0xB5C5,0xB5BD,0x95BD,0x95BD,0x95B5,0x74B5,0x74B5,0x74B5,0x74B5,0x54B5,0x54B5,
0x54B5,0x54B5,0x54B5,0x54B5,0x54B5,0x54B5,0x54B5,0x54B5,0x54B5,0x54B5,0x54B5,0x54B5,0x54B5,0x54B5,0x54B5,0x54B5,
0x54B5,0x54AD,0x54AD,0x34AD,0x34AD,0x34AD,0x34AD,0x34AD,0x54B5,0x55B5,0x55B5,0x55B5,0x55B5,0x55B5,0x55B5,0x54B5,
0x54B5,0x75B5,0x74B5,0x74B5,0x74B5,0x74B5,0x74B5,0x74B5,0x75B5,0x75B5,0x75B5,0x75B5,0x75B5,0x55B5,0x55B5,0x55AD,
0x54AD,0x54AD,0x54AD,0x54AD,0x54AD,0x54AD,0x54AD,0x54AD,0x54AD,0x54AD,0x54AD,0x54AD,0x54AD,0x54AD,0x54AD,0x54AD,
0x54AD,0x54AD,0x54AD,0x54AD,0x55B5,0x55B5,0x75B5,0x75B5,0x75B5,0x55B5,0x55B5,0x54AD,0x54AD,0x54AD,0x54AD,0x54AD,
0x54AD,0x54AD,0x54AD,0x34AD,0x34AD,0x34AD,0x34AD,0x34AD,0x34AD,0x34AD,0x34AD,0x34AD,0x34AD,0x34AD,0x34AD,0x34AD,
0x34AD,0x34AD,0x34AD,0x34AD,0x34AD,0x34AD,0x34AD,0x34AD,0x34AD,0x34AD,0x34AD,0x34AD,0x34AD,0x34AD,0x34AD,0x34AD,
0x34AD,0x14AD,0x14AD,0x13A5,0x13A5,0x13A5,0x13A5,0x13A5,0x13A5,0x13A5,0x13A5,0x13A5,0x13A5,0x13A5,0x13A5,0x13A5,
0x13A5,0x13A5,0x13A5,0x13A5,0x13A5,0x13A5,0x13A5,0x13A5,0x13A5,0x13A5,0x13A5,0x14AD,0x34AD,0x34AD,0x14AD,0x14AD,
0x13A5,0x13A5,0x13A5,0x13A5,0x13A5,0x13A5,0x13A5,0x13A5,0x13A5,0x13A5,0x13A5,0x13A5,0x13A5,0x14AD,0x14AD,0x13A5,
0x13A5,0x13A5,0x13A5,0x13A5,0x13A5,0x13A5,0x13A5,0x13A5,0x13A5,0x13A5,0x13A5,0x13A5,0x13A5,0x13A5,0x13A5,0x13A5,
0x13A5,0x13A5,0x13A5,0x13A5,0x13A5,0x13A5,0x13A5,0x13A5,0x13A5,0x13A5,0x13A5,0x13A5,0x13A5,0x13A5,0x14AD,0x14AD,
0x14AD,0x34AD,0x34AD,0x34AD,0x34AD,0x34AD,0x34AD,0x34AD,0x34AD,0x34AD,0x34AD,0x34AD,0x34AD,0x34AD,0x34AD,0x34AD,
0x54AD,0x54AD,0x54AD,0x54B5,0x54B5,0x54B5,0x74B5,0x74B5,0x74B5,0x95B5,0x95BD,0x94BD,0x94BD,0x95BD,0xB5BD,0xB5C5,
0xB5C5,0xB5C5,0xB5C5,0xB5C5,0xB5C5,0xB5BD,0xB5BD,0x95BD,0x95BD,0x95B5,0x74B5,0x74B5,0x74B5,0x54B5,0x54B5,0x54AD,
0x54B5,0x54B5,0x54B5,0x54B5,0x54B5,0x54B5,0x54B5,0x54B5,0x54B5,0x54B5,0x54B5,0x54B5,0x54B5,0x54B5,0x54B5,0x54B5,
0x54B5,0x54AD,0x54AD,0x34AD,0x34AD,0x34AD,0x34AD,0x34AD,0x54B5,0x55B5,0x55B5,0x55B5,0x55B5,0x55B5,0x55B5,0x54B5,
0x54B5,0x75B5,0x74B5,0x74B5,0x74B5,0x74B5,0x74B5,0x75B5,0x75B5,0x75B5,0x75B5,0x75B5,0x75B5,0x55B5,0x55B5,0x55B5,
0x54AD,0x54AD,0x54AD,0x54AD,0x54AD,0x54AD,0x54AD,0x54AD,0x54AD,0x54AD,0x54AD,0x54AD,0x54AD,0x54AD,0x54AD,0x54AD,
0x54AD,0x54AD,0x54AD,0x54AD,0x55B5,0x55B5,0x75B5,0x75B5,0x75B5,0x55B5,0x55B5,0x54AD,0x54AD,0x54AD,0x54AD,0x54AD,
0x54AD,0x54AD,0x54AD,0x54AD,0x54AD,0x54AD,0x54AD,0x54AD,0x34AD,0x34AD,0x34AD,0x34AD,0x34AD,0x34AD,0x34AD,0x34AD,
0x34AD,0x34AD,0x34AD,0x34AD,0x34AD,0x34AD,0x34AD,0x34AD,0x34AD,0x34AD,0x34AD,0x34AD,0x34AD,0x34AD,0x34AD,0x34AD,
0x34AD,0x14AD,0x14AD,0x13A5,0x13A5,0x13A5,0x13A5,0x13A5,0x13A5,0x13A5,0x13A5,0x13A5,0x13A5,0x13A5,0x13A5,0x13A5,
0x13A5,0x13A5,0x13A5,0x13A5,0x13A5,0x13A5,0x13A5,0x13A5,0x13A5,0x13A5,0x13A5,0x14AD,0x34AD,0x34AD,0x14AD,0x14AD,
0x13A5,0x13A5,0x13A5,0x13A5,0x13A5,0x13A5,0x13A5,0x13A5,0x13A5,0x13A5,0x13A5,0x13A5,0x13A5,0x14AD,0x14AD,0x13A5,
0x13A5,0x13A5,0x13A5,0x13A5,0x13A5,0x13A5,0x13A5,0x13A5,0x13A5,0x13A5,0x13A5,0x13A5,0x13A5,0x13A5,0x34AD,0x14AD,
0x14AD,0x14AD,0x13A5,0x13A5,0x13A5,0x13A5,0x13A5,0x13A5,0x13A5,0x13A5,0x13A5,0x13A5,0x13A5,0x13A5,0x14AD,0x14AD,
0x14AD,0x34AD,0x34AD,0x34AD,0x34AD,0x34AD,0x34AD,0x34AD,0x34AD,0x34AD,0x34AD,0x54AD,0x54AD,0x54AD,0x54AD,0x54AD,
};
